-- MySQL or MariaDB dump via php
--
-- Host: db641903185.db.1and1.com via TCP/IP    Database: db641903185
-- ------------------------------------------------------
-- Server version	5.5.55-0+deb7u1-log

/*!40101 SET @OLD_CHARACTER_SET_CLIENT=@@CHARACTER_SET_CLIENT */;
/*!40101 SET @OLD_CHARACTER_SET_RESULTS=@@CHARACTER_SET_RESULTS */;
/*!40101 SET @OLD_COLLATION_CONNECTION=@@COLLATION_CONNECTION */;
/*!40101 SET NAMES utf8 */;

SET FOREIGN_KEY_CHECKS=0;
SET SQL_MODE="NO_AUTO_VALUE_ON_ZERO";

--
-- Table structure for table `llx_accounting_account`
--
DROP TABLE IF EXISTS `llx_accounting_account`;
CREATE TABLE `llx_accounting_account` (
  `rowid` int(11) NOT NULL AUTO_INCREMENT,
  `entity` int(11) NOT NULL DEFAULT '1',
  `datec` datetime DEFAULT NULL,
  `tms` timestamp NOT NULL DEFAULT CURRENT_TIMESTAMP ON UPDATE CURRENT_TIMESTAMP,
  `fk_pcg_version` varchar(32) COLLATE latin1_general_ci NOT NULL,
  `pcg_type` varchar(20) COLLATE latin1_general_ci NOT NULL,
  `pcg_subtype` varchar(20) COLLATE latin1_general_ci NOT NULL,
  `account_number` varchar(32) COLLATE latin1_general_ci NOT NULL,
  `account_parent` varchar(32) COLLATE latin1_general_ci DEFAULT NULL,
  `label` varchar(255) COLLATE latin1_general_ci NOT NULL,
  `fk_user_author` int(11) DEFAULT NULL,
  `fk_user_modif` int(11) DEFAULT NULL,
  `active` tinyint(4) NOT NULL DEFAULT '1',
  PRIMARY KEY (`rowid`),
  KEY `idx_accounting_account_fk_pcg_version` (`fk_pcg_version`),
  KEY `idx_accounting_account_account_number` (`account_number`),
  CONSTRAINT `fk_accounting_account_fk_pcg_version` FOREIGN KEY (`fk_pcg_version`) REFERENCES `llx_accounting_system` (`pcg_version`)
) ENGINE=InnoDB AUTO_INCREMENT=4785 DEFAULT CHARSET=latin1 COLLATE=latin1_general_ci;

--
-- Dumping data for table `llx_accounting_account`
--
LOCK TABLES `llx_accounting_account` WRITE;
ALTER TABLE `llx_accounting_account` DISABLE KEYS;
INSERT INTO `llx_accounting_account` VALUES (1,1,NULL,'2016-08-10 17:40:34','PCG99-ABREGE','CAPIT','CAPITAL',101,1401,'Capital',NULL,NULL,1);
INSERT INTO `llx_accounting_account` VALUES (2,1,NULL,'2016-08-10 17:40:34','PCG99-ABREGE','CAPIT','XXXXXX',105,1401,'Ecarts de réévaluation',NULL,NULL,1);
INSERT INTO `llx_accounting_account` VALUES (3,1,NULL,'2016-08-10 17:40:34','PCG99-ABREGE','CAPIT','XXXXXX',1061,1401,'Réserve légale',NULL,NULL,1);
INSERT INTO `llx_accounting_account` VALUES (4,1,NULL,'2016-08-10 17:40:34','PCG99-ABREGE','CAPIT','XXXXXX',1063,1401,'Réserves statutaires ou contractuelles',NULL,NULL,1);
INSERT INTO `llx_accounting_account` VALUES (5,1,NULL,'2016-08-10 17:40:34','PCG99-ABREGE','CAPIT','XXXXXX',1064,1401,'Réserves réglementées',NULL,NULL,1);
INSERT INTO `llx_accounting_account` VALUES (6,1,NULL,'2016-08-10 17:40:34','PCG99-ABREGE','CAPIT','XXXXXX',1068,1401,'Autres réserves',NULL,NULL,1);
INSERT INTO `llx_accounting_account` VALUES (7,1,NULL,'2016-08-10 17:40:34','PCG99-ABREGE','CAPIT','XXXXXX',108,1401,'Compte de l\'exploitant',NULL,NULL,1);
INSERT INTO `llx_accounting_account` VALUES (8,1,NULL,'2016-08-10 17:40:34','PCG99-ABREGE','CAPIT','XXXXXX',12,1401,'Résultat de l\'exercice',NULL,NULL,1);
INSERT INTO `llx_accounting_account` VALUES (9,1,NULL,'2016-08-10 17:40:34','PCG99-ABREGE','CAPIT','XXXXXX',145,1401,'Amortissements dérogatoires',NULL,NULL,1);
INSERT INTO `llx_accounting_account` VALUES (10,1,NULL,'2016-08-10 17:40:34','PCG99-ABREGE','CAPIT','XXXXXX',146,1401,'Provision spéciale de réévaluation',NULL,NULL,1);
INSERT INTO `llx_accounting_account` VALUES (11,1,NULL,'2016-08-10 17:40:34','PCG99-ABREGE','CAPIT','XXXXXX',147,1401,'Plus-values réinvesties',NULL,NULL,1);
INSERT INTO `llx_accounting_account` VALUES (12,1,NULL,'2016-08-10 17:40:34','PCG99-ABREGE','CAPIT','XXXXXX',148,1401,'Autres provisions réglementées',NULL,NULL,1);
INSERT INTO `llx_accounting_account` VALUES (13,1,NULL,'2016-08-10 17:40:34','PCG99-ABREGE','CAPIT','XXXXXX',15,1401,'Provisions pour risques et charges',NULL,NULL,1);
INSERT INTO `llx_accounting_account` VALUES (14,1,NULL,'2016-08-10 17:40:34','PCG99-ABREGE','CAPIT','XXXXXX',16,1401,'Emprunts et dettes assimilees',NULL,NULL,1);
INSERT INTO `llx_accounting_account` VALUES (15,1,NULL,'2016-08-10 17:40:34','PCG99-ABREGE','IMMO','XXXXXX',20,1402,'Immobilisations incorporelles',NULL,NULL,1);
INSERT INTO `llx_accounting_account` VALUES (16,1,NULL,'2016-08-10 17:40:34','PCG99-ABREGE','IMMO','XXXXXX',201,15,'Frais d\'établissement',NULL,NULL,1);
INSERT INTO `llx_accounting_account` VALUES (17,1,NULL,'2016-08-10 17:40:34','PCG99-ABREGE','IMMO','XXXXXX',206,15,'Droit au bail',NULL,NULL,1);
INSERT INTO `llx_accounting_account` VALUES (18,1,NULL,'2016-08-10 17:40:34','PCG99-ABREGE','IMMO','XXXXXX',207,15,'Fonds commercial',NULL,NULL,1);
INSERT INTO `llx_accounting_account` VALUES (19,1,NULL,'2016-08-10 17:40:34','PCG99-ABREGE','IMMO','XXXXXX',208,15,'Autres immobilisations incorporelles',NULL,NULL,1);
INSERT INTO `llx_accounting_account` VALUES (20,1,NULL,'2016-08-10 17:40:34','PCG99-ABREGE','IMMO','XXXXXX',21,1402,'Immobilisations corporelles',NULL,NULL,1);
INSERT INTO `llx_accounting_account` VALUES (21,1,NULL,'2016-08-10 17:40:34','PCG99-ABREGE','IMMO','XXXXXX',23,1402,'Immobilisations en cours',NULL,NULL,1);
INSERT INTO `llx_accounting_account` VALUES (22,1,NULL,'2016-08-10 17:40:34','PCG99-ABREGE','IMMO','XXXXXX',27,1402,'Autres immobilisations financieres',NULL,NULL,1);
INSERT INTO `llx_accounting_account` VALUES (23,1,NULL,'2016-08-10 17:40:34','PCG99-ABREGE','IMMO','XXXXXX',280,1402,'Amortissements des immobilisations incorporelles',NULL,NULL,1);
INSERT INTO `llx_accounting_account` VALUES (24,1,NULL,'2016-08-10 17:40:34','PCG99-ABREGE','IMMO','XXXXXX',281,1402,'Amortissements des immobilisations corporelles',NULL,NULL,1);
INSERT INTO `llx_accounting_account` VALUES (25,1,NULL,'2016-08-10 17:40:34','PCG99-ABREGE','IMMO','XXXXXX',290,1402,'Provisions pour dépréciation des immobilisations incorporelles',NULL,NULL,1);
INSERT INTO `llx_accounting_account` VALUES (26,1,NULL,'2016-08-10 17:40:34','PCG99-ABREGE','IMMO','XXXXXX',291,1402,'Provisions pour dépréciation des immobilisations corporelles',NULL,NULL,1);
INSERT INTO `llx_accounting_account` VALUES (27,1,NULL,'2016-08-10 17:40:34','PCG99-ABREGE','IMMO','XXXXXX',297,1402,'Provisions pour dépréciation des autres immobilisations financières',NULL,NULL,1);
INSERT INTO `llx_accounting_account` VALUES (28,1,NULL,'2016-08-10 17:40:34','PCG99-ABREGE','STOCK','XXXXXX',31,1403,'Matieres premières',NULL,NULL,1);
INSERT INTO `llx_accounting_account` VALUES (29,1,NULL,'2016-08-10 17:40:34','PCG99-ABREGE','STOCK','XXXXXX',32,1403,'Autres approvisionnements',NULL,NULL,1);
INSERT INTO `llx_accounting_account` VALUES (30,1,NULL,'2016-08-10 17:40:34','PCG99-ABREGE','STOCK','XXXXXX',33,1403,'En-cours de production de biens',NULL,NULL,1);
INSERT INTO `llx_accounting_account` VALUES (31,1,NULL,'2016-08-10 17:40:34','PCG99-ABREGE','STOCK','XXXXXX',34,1403,'En-cours de production de services',NULL,NULL,1);
INSERT INTO `llx_accounting_account` VALUES (32,1,NULL,'2016-08-10 17:40:34','PCG99-ABREGE','STOCK','XXXXXX',35,1403,'Stocks de produits',NULL,NULL,1);
INSERT INTO `llx_accounting_account` VALUES (33,1,NULL,'2016-08-10 17:40:34','PCG99-ABREGE','STOCK','XXXXXX',37,1403,'Stocks de marchandises',NULL,NULL,1);
INSERT INTO `llx_accounting_account` VALUES (34,1,NULL,'2016-08-10 17:40:34','PCG99-ABREGE','STOCK','XXXXXX',391,1403,'Provisions pour dépréciation des matières premières',NULL,NULL,1);
INSERT INTO `llx_accounting_account` VALUES (35,1,NULL,'2016-08-10 17:40:34','PCG99-ABREGE','STOCK','XXXXXX',392,1403,'Provisions pour dépréciation des autres approvisionnements',NULL,NULL,1);
INSERT INTO `llx_accounting_account` VALUES (36,1,NULL,'2016-08-10 17:40:34','PCG99-ABREGE','STOCK','XXXXXX',393,1403,'Provisions pour dépréciation des en-cours de production de biens',NULL,NULL,1);
INSERT INTO `llx_accounting_account` VALUES (37,1,NULL,'2016-08-10 17:40:34','PCG99-ABREGE','STOCK','XXXXXX',394,1403,'Provisions pour dépréciation des en-cours de production de services',NULL,NULL,1);
INSERT INTO `llx_accounting_account` VALUES (38,1,NULL,'2016-08-10 17:40:34','PCG99-ABREGE','STOCK','XXXXXX',395,1403,'Provisions pour dépréciation des stocks de produits',NULL,NULL,1);
INSERT INTO `llx_accounting_account` VALUES (39,1,NULL,'2016-08-10 17:40:34','PCG99-ABREGE','STOCK','XXXXXX',397,1403,'Provisions pour dépréciation des stocks de marchandises',NULL,NULL,1);
INSERT INTO `llx_accounting_account` VALUES (40,1,NULL,'2016-08-10 17:40:34','PCG99-ABREGE','TIERS','SUPPLIER',400,1404,'Fournisseurs et Comptes rattachés',NULL,NULL,1);
INSERT INTO `llx_accounting_account` VALUES (41,1,NULL,'2016-08-10 17:40:34','PCG99-ABREGE','TIERS','XXXXXX',409,1404,'Fournisseurs débiteurs',NULL,NULL,1);
INSERT INTO `llx_accounting_account` VALUES (42,1,NULL,'2016-08-10 17:40:34','PCG99-ABREGE','TIERS','CUSTOMER',410,1404,'Clients et Comptes rattachés',NULL,NULL,1);
INSERT INTO `llx_accounting_account` VALUES (43,1,NULL,'2016-08-10 17:40:34','PCG99-ABREGE','TIERS','XXXXXX',419,1404,'Clients créditeurs',NULL,NULL,1);
INSERT INTO `llx_accounting_account` VALUES (44,1,NULL,'2016-08-10 17:40:34','PCG99-ABREGE','TIERS','XXXXXX',421,1404,'Personnel',NULL,NULL,1);
INSERT INTO `llx_accounting_account` VALUES (45,1,NULL,'2016-08-10 17:40:34','PCG99-ABREGE','TIERS','XXXXXX',428,1404,'Personnel',NULL,NULL,1);
INSERT INTO `llx_accounting_account` VALUES (46,1,NULL,'2016-08-10 17:40:34','PCG99-ABREGE','TIERS','XXXXXX',43,1404,'Sécurité sociale et autres organismes sociaux',NULL,NULL,1);
INSERT INTO `llx_accounting_account` VALUES (47,1,NULL,'2016-08-10 17:40:34','PCG99-ABREGE','TIERS','XXXXXX',444,1404,'Etat - impôts sur bénéfice',NULL,NULL,1);
INSERT INTO `llx_accounting_account` VALUES (48,1,NULL,'2016-08-10 17:40:34','PCG99-ABREGE','TIERS','XXXXXX',445,1404,'Etat - Taxes sur chiffre affaires',NULL,NULL,1);
INSERT INTO `llx_accounting_account` VALUES (49,1,NULL,'2016-08-10 17:40:34','PCG99-ABREGE','TIERS','XXXXXX',447,1404,'Autres impôts, taxes et versements assimilés',NULL,NULL,1);
INSERT INTO `llx_accounting_account` VALUES (50,1,NULL,'2016-08-10 17:40:34','PCG99-ABREGE','TIERS','XXXXXX',45,1404,'Groupe et associes',NULL,NULL,1);
INSERT INTO `llx_accounting_account` VALUES (51,1,NULL,'2016-08-10 17:40:34','PCG99-ABREGE','TIERS','XXXXXX',455,50,'Associés',NULL,NULL,1);
INSERT INTO `llx_accounting_account` VALUES (52,1,NULL,'2016-08-10 17:40:34','PCG99-ABREGE','TIERS','XXXXXX',46,1404,'Débiteurs divers et créditeurs divers',NULL,NULL,1);
INSERT INTO `llx_accounting_account` VALUES (53,1,NULL,'2016-08-10 17:40:34','PCG99-ABREGE','TIERS','XXXXXX',47,1404,'Comptes transitoires ou d\'attente',NULL,NULL,1);
INSERT INTO `llx_accounting_account` VALUES (54,1,NULL,'2016-08-10 17:40:34','PCG99-ABREGE','TIERS','XXXXXX',481,1404,'Charges à répartir sur plusieurs exercices',NULL,NULL,1);
INSERT INTO `llx_accounting_account` VALUES (55,1,NULL,'2016-08-10 17:40:34','PCG99-ABREGE','TIERS','XXXXXX',486,1404,'Charges constatées d\'avance',NULL,NULL,1);
INSERT INTO `llx_accounting_account` VALUES (56,1,NULL,'2016-08-10 17:40:34','PCG99-ABREGE','TIERS','XXXXXX',487,1404,'Produits constatés d\'avance',NULL,NULL,1);
INSERT INTO `llx_accounting_account` VALUES (57,1,NULL,'2016-08-10 17:40:34','PCG99-ABREGE','TIERS','XXXXXX',491,1404,'Provisions pour dépréciation des comptes de clients',NULL,NULL,1);
INSERT INTO `llx_accounting_account` VALUES (58,1,NULL,'2016-08-10 17:40:34','PCG99-ABREGE','TIERS','XXXXXX',496,1404,'Provisions pour dépréciation des comptes de débiteurs divers',NULL,NULL,1);
INSERT INTO `llx_accounting_account` VALUES (59,1,NULL,'2016-08-10 17:40:34','PCG99-ABREGE','FINAN','XXXXXX',50,1405,'Valeurs mobilières de placement',NULL,NULL,1);
INSERT INTO `llx_accounting_account` VALUES (60,1,NULL,'2016-08-10 17:40:34','PCG99-ABREGE','FINAN','BANK',51,1405,'Banques, établissements financiers et assimilés',NULL,NULL,1);
INSERT INTO `llx_accounting_account` VALUES (61,1,NULL,'2016-08-10 17:40:34','PCG99-ABREGE','FINAN','CASH',53,1405,'Caisse',NULL,NULL,1);
INSERT INTO `llx_accounting_account` VALUES (62,1,NULL,'2016-08-10 17:40:34','PCG99-ABREGE','FINAN','XXXXXX',54,1405,'Régies d\'avance et accréditifs',NULL,NULL,1);
INSERT INTO `llx_accounting_account` VALUES (63,1,NULL,'2016-08-10 17:40:34','PCG99-ABREGE','FINAN','XXXXXX',58,1405,'Virements internes',NULL,NULL,1);
INSERT INTO `llx_accounting_account` VALUES (64,1,NULL,'2016-08-10 17:40:34','PCG99-ABREGE','FINAN','XXXXXX',590,1405,'Provisions pour dépréciation des valeurs mobilières de placement',NULL,NULL,1);
INSERT INTO `llx_accounting_account` VALUES (65,1,NULL,'2016-08-10 17:40:34','PCG99-ABREGE','CHARGE','PRODUCT',60,1406,'Achats',NULL,NULL,1);
INSERT INTO `llx_accounting_account` VALUES (66,1,NULL,'2016-08-10 17:40:34','PCG99-ABREGE','CHARGE','XXXXXX',603,65,'Variations des stocks',NULL,NULL,1);
INSERT INTO `llx_accounting_account` VALUES (67,1,NULL,'2016-08-10 17:40:34','PCG99-ABREGE','CHARGE','SERVICE',61,1406,'Services extérieurs',NULL,NULL,1);
INSERT INTO `llx_accounting_account` VALUES (68,1,NULL,'2016-08-10 17:40:34','PCG99-ABREGE','CHARGE','XXXXXX',62,1406,'Autres services extérieurs',NULL,NULL,1);
INSERT INTO `llx_accounting_account` VALUES (69,1,NULL,'2016-08-10 17:40:34','PCG99-ABREGE','CHARGE','XXXXXX',63,1406,'Impôts, taxes et versements assimiles',NULL,NULL,1);
INSERT INTO `llx_accounting_account` VALUES (70,1,NULL,'2016-08-10 17:40:34','PCG99-ABREGE','CHARGE','XXXXXX',641,1406,'Rémunérations du personnel',NULL,NULL,1);
INSERT INTO `llx_accounting_account` VALUES (71,1,NULL,'2016-08-10 17:40:34','PCG99-ABREGE','CHARGE','XXXXXX',644,1406,'Rémunération du travail de l\'exploitant',NULL,NULL,1);
INSERT INTO `llx_accounting_account` VALUES (72,1,NULL,'2016-08-10 17:40:34','PCG99-ABREGE','CHARGE','SOCIAL',645,1406,'Charges de sécurité sociale et de prévoyance',NULL,NULL,1);
INSERT INTO `llx_accounting_account` VALUES (73,1,NULL,'2016-08-10 17:40:34','PCG99-ABREGE','CHARGE','XXXXXX',646,1406,'Cotisations sociales personnelles de l\'exploitant',NULL,NULL,1);
INSERT INTO `llx_accounting_account` VALUES (74,1,NULL,'2016-08-10 17:40:34','PCG99-ABREGE','CHARGE','XXXXXX',65,1406,'Autres charges de gestion courante',NULL,NULL,1);
INSERT INTO `llx_accounting_account` VALUES (75,1,NULL,'2016-08-10 17:40:34','PCG99-ABREGE','CHARGE','XXXXXX',66,1406,'Charges financières',NULL,NULL,1);
INSERT INTO `llx_accounting_account` VALUES (76,1,NULL,'2016-08-10 17:40:34','PCG99-ABREGE','CHARGE','XXXXXX',67,1406,'Charges exceptionnelles',NULL,NULL,1);
INSERT INTO `llx_accounting_account` VALUES (77,1,NULL,'2016-08-10 17:40:34','PCG99-ABREGE','CHARGE','XXXXXX',681,1406,'Dotations aux amortissements et aux provisions',NULL,NULL,1);
INSERT INTO `llx_accounting_account` VALUES (78,1,NULL,'2016-08-10 17:40:34','PCG99-ABREGE','CHARGE','XXXXXX',686,1406,'Dotations aux amortissements et aux provisions',NULL,NULL,1);
INSERT INTO `llx_accounting_account` VALUES (79,1,NULL,'2016-08-10 17:40:34','PCG99-ABREGE','CHARGE','XXXXXX',687,1406,'Dotations aux amortissements et aux provisions',NULL,NULL,1);
INSERT INTO `llx_accounting_account` VALUES (80,1,NULL,'2016-08-10 17:40:34','PCG99-ABREGE','CHARGE','XXXXXX',691,1406,'Participation des salariés aux résultats',NULL,NULL,1);
INSERT INTO `llx_accounting_account` VALUES (81,1,NULL,'2016-08-10 17:40:34','PCG99-ABREGE','CHARGE','XXXXXX',695,1406,'Impôts sur les bénéfices',NULL,NULL,1);
INSERT INTO `llx_accounting_account` VALUES (82,1,NULL,'2016-08-10 17:40:34','PCG99-ABREGE','CHARGE','XXXXXX',697,1406,'Imposition forfaitaire annuelle des sociétés',NULL,NULL,1);
INSERT INTO `llx_accounting_account` VALUES (83,1,NULL,'2016-08-10 17:40:34','PCG99-ABREGE','CHARGE','XXXXXX',699,1406,'Produits',NULL,NULL,1);
INSERT INTO `llx_accounting_account` VALUES (84,1,NULL,'2016-08-10 17:40:34','PCG99-ABREGE','PROD','PRODUCT',701,1407,'Ventes de produits finis',NULL,NULL,1);
INSERT INTO `llx_accounting_account` VALUES (85,1,NULL,'2016-08-10 17:40:34','PCG99-ABREGE','PROD','SERVICE',706,1407,'Prestations de services',NULL,NULL,1);
INSERT INTO `llx_accounting_account` VALUES (86,1,NULL,'2016-08-10 17:40:34','PCG99-ABREGE','PROD','PRODUCT',707,1407,'Ventes de marchandises',NULL,NULL,1);
INSERT INTO `llx_accounting_account` VALUES (87,1,NULL,'2016-08-10 17:40:34','PCG99-ABREGE','PROD','PRODUCT',708,1407,'Produits des activités annexes',NULL,NULL,1);
INSERT INTO `llx_accounting_account` VALUES (88,1,NULL,'2016-08-10 17:40:34','PCG99-ABREGE','PROD','XXXXXX',709,1407,'Rabais, remises et ristournes accordés par l\'entreprise',NULL,NULL,1);
INSERT INTO `llx_accounting_account` VALUES (89,1,NULL,'2016-08-10 17:40:34','PCG99-ABREGE','PROD','XXXXXX',713,1407,'Variation des stocks',NULL,NULL,1);
INSERT INTO `llx_accounting_account` VALUES (90,1,NULL,'2016-08-10 17:40:34','PCG99-ABREGE','PROD','XXXXXX',72,1407,'Production immobilisée',NULL,NULL,1);
INSERT INTO `llx_accounting_account` VALUES (91,1,NULL,'2016-08-10 17:40:34','PCG99-ABREGE','PROD','XXXXXX',73,1407,'Produits nets partiels sur opérations à long terme',NULL,NULL,1);
INSERT INTO `llx_accounting_account` VALUES (92,1,NULL,'2016-08-10 17:40:34','PCG99-ABREGE','PROD','XXXXXX',74,1407,'Subventions d\'exploitation',NULL,NULL,1);
INSERT INTO `llx_accounting_account` VALUES (93,1,NULL,'2016-08-10 17:40:34','PCG99-ABREGE','PROD','XXXXXX',75,1407,'Autres produits de gestion courante',NULL,NULL,1);
INSERT INTO `llx_accounting_account` VALUES (94,1,NULL,'2016-08-10 17:40:34','PCG99-ABREGE','PROD','XXXXXX',753,93,'Jetons de présence et rémunérations d\'administrateurs, gérants,...',NULL,NULL,1);
INSERT INTO `llx_accounting_account` VALUES (95,1,NULL,'2016-08-10 17:40:34','PCG99-ABREGE','PROD','XXXXXX',754,93,'Ristournes perçues des coopératives',NULL,NULL,1);
INSERT INTO `llx_accounting_account` VALUES (96,1,NULL,'2016-08-10 17:40:34','PCG99-ABREGE','PROD','XXXXXX',755,93,'Quotes-parts de résultat sur opérations faites en commun',NULL,NULL,1);
INSERT INTO `llx_accounting_account` VALUES (97,1,NULL,'2016-08-10 17:40:34','PCG99-ABREGE','PROD','XXXXXX',76,1407,'Produits financiers',NULL,NULL,1);
INSERT INTO `llx_accounting_account` VALUES (98,1,NULL,'2016-08-10 17:40:34','PCG99-ABREGE','PROD','XXXXXX',77,1407,'Produits exceptionnels',NULL,NULL,1);
INSERT INTO `llx_accounting_account` VALUES (99,1,NULL,'2016-08-10 17:40:34','PCG99-ABREGE','PROD','XXXXXX',781,1407,'Reprises sur amortissements et provisions',NULL,NULL,1);
INSERT INTO `llx_accounting_account` VALUES (100,1,NULL,'2016-08-10 17:40:34','PCG99-ABREGE','PROD','XXXXXX',786,1407,'Reprises sur provisions pour risques',NULL,NULL,1);
INSERT INTO `llx_accounting_account` VALUES (101,1,NULL,'2016-08-10 17:40:34','PCG99-ABREGE','PROD','XXXXXX',787,1407,'Reprises sur provisions',NULL,NULL,1);
INSERT INTO `llx_accounting_account` VALUES (102,1,NULL,'2016-08-10 17:40:34','PCG99-ABREGE','PROD','XXXXXX',79,1407,'Transferts de charges',NULL,NULL,1);
INSERT INTO `llx_accounting_account` VALUES (103,1,NULL,'2016-08-10 17:40:34','PCG99-BASE','CAPIT','XXXXXX',10,1501,'Capital  et réserves',NULL,NULL,1);
INSERT INTO `llx_accounting_account` VALUES (104,1,NULL,'2016-08-10 17:40:34','PCG99-BASE','CAPIT','CAPITAL',101,103,'Capital',NULL,NULL,1);
INSERT INTO `llx_accounting_account` VALUES (105,1,NULL,'2016-08-10 17:40:34','PCG99-BASE','CAPIT','XXXXXX',104,103,'Primes liées au capital social',NULL,NULL,1);
INSERT INTO `llx_accounting_account` VALUES (106,1,NULL,'2016-08-10 17:40:34','PCG99-BASE','CAPIT','XXXXXX',105,103,'Ecarts de réévaluation',NULL,NULL,1);
INSERT INTO `llx_accounting_account` VALUES (107,1,NULL,'2016-08-10 17:40:34','PCG99-BASE','CAPIT','XXXXXX',106,103,'Réserves',NULL,NULL,1);
INSERT INTO `llx_accounting_account` VALUES (108,1,NULL,'2016-08-10 17:40:34','PCG99-BASE','CAPIT','XXXXXX',107,103,'Ecart d\'equivalence',NULL,NULL,1);
INSERT INTO `llx_accounting_account` VALUES (109,1,NULL,'2016-08-10 17:40:34','PCG99-BASE','CAPIT','XXXXXX',108,103,'Compte de l\'exploitant',NULL,NULL,1);
INSERT INTO `llx_accounting_account` VALUES (110,1,NULL,'2016-08-10 17:40:34','PCG99-BASE','CAPIT','XXXXXX',109,103,'Actionnaires : capital souscrit - non appelé',NULL,NULL,1);
INSERT INTO `llx_accounting_account` VALUES (111,1,NULL,'2016-08-10 17:40:34','PCG99-BASE','CAPIT','XXXXXX',11,1501,'Report à nouveau (solde créditeur ou débiteur)',NULL,NULL,1);
INSERT INTO `llx_accounting_account` VALUES (112,1,NULL,'2016-08-10 17:40:34','PCG99-BASE','CAPIT','XXXXXX',110,111,'Report à nouveau (solde créditeur)',NULL,NULL,1);
INSERT INTO `llx_accounting_account` VALUES (113,1,NULL,'2016-08-10 17:40:34','PCG99-BASE','CAPIT','XXXXXX',119,111,'Report à nouveau (solde débiteur)',NULL,NULL,1);
INSERT INTO `llx_accounting_account` VALUES (114,1,NULL,'2016-08-10 17:40:34','PCG99-BASE','CAPIT','XXXXXX',12,1501,'Résultat de l\'exercice (bénéfice ou perte)',NULL,NULL,1);
INSERT INTO `llx_accounting_account` VALUES (115,1,NULL,'2016-08-10 17:40:34','PCG99-BASE','CAPIT','XXXXXX',120,114,'Résultat de l\'exercice (bénéfice)',NULL,NULL,1);
INSERT INTO `llx_accounting_account` VALUES (116,1,NULL,'2016-08-10 17:40:34','PCG99-BASE','CAPIT','XXXXXX',129,114,'Résultat de l\'exercice (perte)',NULL,NULL,1);
INSERT INTO `llx_accounting_account` VALUES (117,1,NULL,'2016-08-10 17:40:34','PCG99-BASE','CAPIT','XXXXXX',13,1501,'Subventions d\'investissement',NULL,NULL,1);
INSERT INTO `llx_accounting_account` VALUES (118,1,NULL,'2016-08-10 17:40:34','PCG99-BASE','CAPIT','XXXXXX',131,117,'Subventions d\'équipement',NULL,NULL,1);
INSERT INTO `llx_accounting_account` VALUES (119,1,NULL,'2016-08-10 17:40:34','PCG99-BASE','CAPIT','XXXXXX',138,117,'Autres subventions d\'investissement',NULL,NULL,1);
INSERT INTO `llx_accounting_account` VALUES (120,1,NULL,'2016-08-10 17:40:34','PCG99-BASE','CAPIT','XXXXXX',139,117,'Subventions d\'investissement inscrites au compte de résultat',NULL,NULL,1);
INSERT INTO `llx_accounting_account` VALUES (121,1,NULL,'2016-08-10 17:40:34','PCG99-BASE','CAPIT','XXXXXX',14,1501,'Provisions réglementées',NULL,NULL,1);
INSERT INTO `llx_accounting_account` VALUES (122,1,NULL,'2016-08-10 17:40:34','PCG99-BASE','CAPIT','XXXXXX',142,121,'Provisions réglementées relatives aux immobilisations',NULL,NULL,1);
INSERT INTO `llx_accounting_account` VALUES (123,1,NULL,'2016-08-10 17:40:34','PCG99-BASE','CAPIT','XXXXXX',143,121,'Provisions réglementées relatives aux stocks',NULL,NULL,1);
INSERT INTO `llx_accounting_account` VALUES (124,1,NULL,'2016-08-10 17:40:34','PCG99-BASE','CAPIT','XXXXXX',144,121,'Provisions réglementées relatives aux autres éléments de l\'actif',NULL,NULL,1);
INSERT INTO `llx_accounting_account` VALUES (125,1,NULL,'2016-08-10 17:40:34','PCG99-BASE','CAPIT','XXXXXX',145,121,'Amortissements dérogatoires',NULL,NULL,1);
INSERT INTO `llx_accounting_account` VALUES (126,1,NULL,'2016-08-10 17:40:34','PCG99-BASE','CAPIT','XXXXXX',146,121,'Provision spéciale de réévaluation',NULL,NULL,1);
INSERT INTO `llx_accounting_account` VALUES (127,1,NULL,'2016-08-10 17:40:34','PCG99-BASE','CAPIT','XXXXXX',147,121,'Plus-values réinvesties',NULL,NULL,1);
INSERT INTO `llx_accounting_account` VALUES (128,1,NULL,'2016-08-10 17:40:34','PCG99-BASE','CAPIT','XXXXXX',148,121,'Autres provisions réglementées',NULL,NULL,1);
INSERT INTO `llx_accounting_account` VALUES (129,1,NULL,'2016-08-10 17:40:34','PCG99-BASE','CAPIT','XXXXXX',15,1501,'Provisions pour risques et charges',NULL,NULL,1);
INSERT INTO `llx_accounting_account` VALUES (130,1,NULL,'2016-08-10 17:40:34','PCG99-BASE','CAPIT','XXXXXX',151,129,'Provisions pour risques',NULL,NULL,1);
INSERT INTO `llx_accounting_account` VALUES (131,1,NULL,'2016-08-10 17:40:34','PCG99-BASE','CAPIT','XXXXXX',153,129,'Provisions pour pensions et obligations similaires',NULL,NULL,1);
INSERT INTO `llx_accounting_account` VALUES (132,1,NULL,'2016-08-10 17:40:34','PCG99-BASE','CAPIT','XXXXXX',154,129,'Provisions pour restructurations',NULL,NULL,1);
INSERT INTO `llx_accounting_account` VALUES (133,1,NULL,'2016-08-10 17:40:34','PCG99-BASE','CAPIT','XXXXXX',155,129,'Provisions pour impôts',NULL,NULL,1);
INSERT INTO `llx_accounting_account` VALUES (134,1,NULL,'2016-08-10 17:40:34','PCG99-BASE','CAPIT','XXXXXX',156,129,'Provisions pour renouvellement des immobilisations (entreprises concessionnaires)',NULL,NULL,1);
INSERT INTO `llx_accounting_account` VALUES (135,1,NULL,'2016-08-10 17:40:34','PCG99-BASE','CAPIT','XXXXXX',157,129,'Provisions pour charges à répartir sur plusieurs exercices',NULL,NULL,1);
INSERT INTO `llx_accounting_account` VALUES (136,1,NULL,'2016-08-10 17:40:34','PCG99-BASE','CAPIT','XXXXXX',158,129,'Autres provisions pour charges',NULL,NULL,1);
INSERT INTO `llx_accounting_account` VALUES (137,1,NULL,'2016-08-10 17:40:34','PCG99-BASE','CAPIT','XXXXXX',16,1501,'Emprunts et dettes assimilees',NULL,NULL,1);
INSERT INTO `llx_accounting_account` VALUES (138,1,NULL,'2016-08-10 17:40:34','PCG99-BASE','CAPIT','XXXXXX',161,137,'Emprunts obligataires convertibles',NULL,NULL,1);
INSERT INTO `llx_accounting_account` VALUES (139,1,NULL,'2016-08-10 17:40:34','PCG99-BASE','CAPIT','XXXXXX',163,137,'Autres emprunts obligataires',NULL,NULL,1);
INSERT INTO `llx_accounting_account` VALUES (140,1,NULL,'2016-08-10 17:40:34','PCG99-BASE','CAPIT','XXXXXX',164,137,'Emprunts auprès des établissements de crédit',NULL,NULL,1);
INSERT INTO `llx_accounting_account` VALUES (141,1,NULL,'2016-08-10 17:40:34','PCG99-BASE','CAPIT','XXXXXX',165,137,'Dépôts et cautionnements reçus',NULL,NULL,1);
INSERT INTO `llx_accounting_account` VALUES (142,1,NULL,'2016-08-10 17:40:34','PCG99-BASE','CAPIT','XXXXXX',166,137,'Participation des salariés aux résultats',NULL,NULL,1);
INSERT INTO `llx_accounting_account` VALUES (143,1,NULL,'2016-08-10 17:40:34','PCG99-BASE','CAPIT','XXXXXX',167,137,'Emprunts et dettes assortis de conditions particulières',NULL,NULL,1);
INSERT INTO `llx_accounting_account` VALUES (144,1,NULL,'2016-08-10 17:40:34','PCG99-BASE','CAPIT','XXXXXX',168,137,'Autres emprunts et dettes assimilées',NULL,NULL,1);
INSERT INTO `llx_accounting_account` VALUES (145,1,NULL,'2016-08-10 17:40:34','PCG99-BASE','CAPIT','XXXXXX',169,137,'Primes de remboursement des obligations',NULL,NULL,1);
INSERT INTO `llx_accounting_account` VALUES (146,1,NULL,'2016-08-10 17:40:34','PCG99-BASE','CAPIT','XXXXXX',17,1501,'Dettes rattachées à des participations',NULL,NULL,1);
INSERT INTO `llx_accounting_account` VALUES (147,1,NULL,'2016-08-10 17:40:34','PCG99-BASE','CAPIT','XXXXXX',171,146,'Dettes rattachées à des participations (groupe)',NULL,NULL,1);
INSERT INTO `llx_accounting_account` VALUES (148,1,NULL,'2016-08-10 17:40:34','PCG99-BASE','CAPIT','XXXXXX',174,146,'Dettes rattachées à des participations (hors groupe)',NULL,NULL,1);
INSERT INTO `llx_accounting_account` VALUES (149,1,NULL,'2016-08-10 17:40:34','PCG99-BASE','CAPIT','XXXXXX',178,146,'Dettes rattachées à des sociétés en participation',NULL,NULL,1);
INSERT INTO `llx_accounting_account` VALUES (150,1,NULL,'2016-08-10 17:40:34','PCG99-BASE','CAPIT','XXXXXX',18,1501,'Comptes de liaison des établissements et sociétés en participation',NULL,NULL,1);
INSERT INTO `llx_accounting_account` VALUES (151,1,NULL,'2016-08-10 17:40:34','PCG99-BASE','CAPIT','XXXXXX',181,150,'Comptes de liaison des établissements',NULL,NULL,1);
INSERT INTO `llx_accounting_account` VALUES (152,1,NULL,'2016-08-10 17:40:34','PCG99-BASE','CAPIT','XXXXXX',186,150,'Biens et prestations de services échangés entre établissements (charges)',NULL,NULL,1);
INSERT INTO `llx_accounting_account` VALUES (153,1,NULL,'2016-08-10 17:40:34','PCG99-BASE','CAPIT','XXXXXX',187,150,'Biens et prestations de services échangés entre établissements (produits)',NULL,NULL,1);
INSERT INTO `llx_accounting_account` VALUES (154,1,NULL,'2016-08-10 17:40:34','PCG99-BASE','CAPIT','XXXXXX',188,150,'Comptes de liaison des sociétés en participation',NULL,NULL,1);
INSERT INTO `llx_accounting_account` VALUES (155,1,NULL,'2016-08-10 17:40:34','PCG99-BASE','IMMO','XXXXXX',20,1502,'Immobilisations incorporelles',NULL,NULL,1);
INSERT INTO `llx_accounting_account` VALUES (156,1,NULL,'2016-08-10 17:40:34','PCG99-BASE','IMMO','XXXXXX',201,155,'Frais d\'établissement',NULL,NULL,1);
INSERT INTO `llx_accounting_account` VALUES (157,1,NULL,'2016-08-10 17:40:34','PCG99-BASE','IMMO','XXXXXX',203,155,'Frais de recherche et de développement',NULL,NULL,1);
INSERT INTO `llx_accounting_account` VALUES (158,1,NULL,'2016-08-10 17:40:34','PCG99-BASE','IMMO','XXXXXX',205,155,'Concessions et droits similaires, brevets, licences, marques, procédés, logiciels, droits et valeurs similaires',NULL,NULL,1);
INSERT INTO `llx_accounting_account` VALUES (159,1,NULL,'2016-08-10 17:40:34','PCG99-BASE','IMMO','XXXXXX',206,155,'Droit au bail',NULL,NULL,1);
INSERT INTO `llx_accounting_account` VALUES (160,1,NULL,'2016-08-10 17:40:34','PCG99-BASE','IMMO','XXXXXX',207,155,'Fonds commercial',NULL,NULL,1);
INSERT INTO `llx_accounting_account` VALUES (161,1,NULL,'2016-08-10 17:40:34','PCG99-BASE','IMMO','XXXXXX',208,155,'Autres immobilisations incorporelles',NULL,NULL,1);
INSERT INTO `llx_accounting_account` VALUES (162,1,NULL,'2016-08-10 17:40:34','PCG99-BASE','IMMO','XXXXXX',21,1502,'Immobilisations corporelles',NULL,NULL,1);
INSERT INTO `llx_accounting_account` VALUES (163,1,NULL,'2016-08-10 17:40:34','PCG99-BASE','IMMO','XXXXXX',211,162,'Terrains',NULL,NULL,1);
INSERT INTO `llx_accounting_account` VALUES (164,1,NULL,'2016-08-10 17:40:34','PCG99-BASE','IMMO','XXXXXX',212,162,'Agencements et aménagements de terrains',NULL,NULL,1);
INSERT INTO `llx_accounting_account` VALUES (165,1,NULL,'2016-08-10 17:40:34','PCG99-BASE','IMMO','XXXXXX',213,162,'Constructions',NULL,NULL,1);
INSERT INTO `llx_accounting_account` VALUES (166,1,NULL,'2016-08-10 17:40:34','PCG99-BASE','IMMO','XXXXXX',214,162,'Constructions sur sol d\'autrui',NULL,NULL,1);
INSERT INTO `llx_accounting_account` VALUES (167,1,NULL,'2016-08-10 17:40:34','PCG99-BASE','IMMO','XXXXXX',215,162,'Installations techniques, matériels et outillage industriels',NULL,NULL,1);
INSERT INTO `llx_accounting_account` VALUES (168,1,NULL,'2016-08-10 17:40:34','PCG99-BASE','IMMO','XXXXXX',218,162,'Autres immobilisations corporelles',NULL,NULL,1);
INSERT INTO `llx_accounting_account` VALUES (169,1,NULL,'2016-08-10 17:40:34','PCG99-BASE','IMMO','XXXXXX',22,1502,'Immobilisations mises en concession',NULL,NULL,1);
INSERT INTO `llx_accounting_account` VALUES (170,1,NULL,'2016-08-10 17:40:34','PCG99-BASE','IMMO','XXXXXX',23,1502,'Immobilisations en cours',NULL,NULL,1);
INSERT INTO `llx_accounting_account` VALUES (171,1,NULL,'2016-08-10 17:40:34','PCG99-BASE','IMMO','XXXXXX',231,170,'Immobilisations corporelles en cours',NULL,NULL,1);
INSERT INTO `llx_accounting_account` VALUES (172,1,NULL,'2016-08-10 17:40:34','PCG99-BASE','IMMO','XXXXXX',232,170,'Immobilisations incorporelles en cours',NULL,NULL,1);
INSERT INTO `llx_accounting_account` VALUES (173,1,NULL,'2016-08-10 17:40:34','PCG99-BASE','IMMO','XXXXXX',237,170,'Avances et acomptes versés sur immobilisations incorporelles',NULL,NULL,1);
INSERT INTO `llx_accounting_account` VALUES (174,1,NULL,'2016-08-10 17:40:34','PCG99-BASE','IMMO','XXXXXX',238,170,'Avances et acomptes versés sur commandes d\'immobilisations corporelles',NULL,NULL,1);
INSERT INTO `llx_accounting_account` VALUES (175,1,NULL,'2016-08-10 17:40:34','PCG99-BASE','IMMO','XXXXXX',25,1502,'Parts dans des entreprises liées et créances sur des entreprises liées',NULL,NULL,1);
INSERT INTO `llx_accounting_account` VALUES (176,1,NULL,'2016-08-10 17:40:34','PCG99-BASE','IMMO','XXXXXX',26,1502,'Participations et créances rattachées à des participations',NULL,NULL,1);
INSERT INTO `llx_accounting_account` VALUES (177,1,NULL,'2016-08-10 17:40:34','PCG99-BASE','IMMO','XXXXXX',261,176,'Titres de participation',NULL,NULL,1);
INSERT INTO `llx_accounting_account` VALUES (178,1,NULL,'2016-08-10 17:40:34','PCG99-BASE','IMMO','XXXXXX',266,176,'Autres formes de participation',NULL,NULL,1);
INSERT INTO `llx_accounting_account` VALUES (179,1,NULL,'2016-08-10 17:40:34','PCG99-BASE','IMMO','XXXXXX',267,176,'Créances rattachées à des participations',NULL,NULL,1);
INSERT INTO `llx_accounting_account` VALUES (180,1,NULL,'2016-08-10 17:40:34','PCG99-BASE','IMMO','XXXXXX',268,176,'Créances rattachées à des sociétés en participation',NULL,NULL,1);
INSERT INTO `llx_accounting_account` VALUES (181,1,NULL,'2016-08-10 17:40:34','PCG99-BASE','IMMO','XXXXXX',269,176,'Versements restant à effectuer sur titres de participation non libérés',NULL,NULL,1);
INSERT INTO `llx_accounting_account` VALUES (182,1,NULL,'2016-08-10 17:40:34','PCG99-BASE','IMMO','XXXXXX',27,1502,'Autres immobilisations financieres',NULL,NULL,1);
INSERT INTO `llx_accounting_account` VALUES (183,1,NULL,'2016-08-10 17:40:34','PCG99-BASE','IMMO','XXXXXX',271,183,'Titres immobilisés autres que les titres immobilisés de l\'activité de portefeuille (droit de propriété)',NULL,NULL,1);
INSERT INTO `llx_accounting_account` VALUES (184,1,NULL,'2016-08-10 17:40:34','PCG99-BASE','IMMO','XXXXXX',272,183,'Titres immobilisés (droit de créance)',NULL,NULL,1);
INSERT INTO `llx_accounting_account` VALUES (185,1,NULL,'2016-08-10 17:40:34','PCG99-BASE','IMMO','XXXXXX',273,183,'Titres immobilisés de l\'activité de portefeuille',NULL,NULL,1);
INSERT INTO `llx_accounting_account` VALUES (186,1,NULL,'2016-08-10 17:40:34','PCG99-BASE','IMMO','XXXXXX',274,183,'Prêts',NULL,NULL,1);
INSERT INTO `llx_accounting_account` VALUES (187,1,NULL,'2016-08-10 17:40:34','PCG99-BASE','IMMO','XXXXXX',275,183,'Dépôts et cautionnements versés',NULL,NULL,1);
INSERT INTO `llx_accounting_account` VALUES (188,1,NULL,'2016-08-10 17:40:34','PCG99-BASE','IMMO','XXXXXX',276,183,'Autres créances immobilisées',NULL,NULL,1);
INSERT INTO `llx_accounting_account` VALUES (189,1,NULL,'2016-08-10 17:40:34','PCG99-BASE','IMMO','XXXXXX',277,183,'(Actions propres ou parts propres)',NULL,NULL,1);
INSERT INTO `llx_accounting_account` VALUES (190,1,NULL,'2016-08-10 17:40:34','PCG99-BASE','IMMO','XXXXXX',279,183,'Versements restant à effectuer sur titres immobilisés non libérés',NULL,NULL,1);
INSERT INTO `llx_accounting_account` VALUES (191,1,NULL,'2016-08-10 17:40:34','PCG99-BASE','IMMO','XXXXXX',28,1502,'Amortissements des immobilisations',NULL,NULL,1);
INSERT INTO `llx_accounting_account` VALUES (192,1,NULL,'2016-08-10 17:40:34','PCG99-BASE','IMMO','XXXXXX',280,191,'Amortissements des immobilisations incorporelles',NULL,NULL,1);
INSERT INTO `llx_accounting_account` VALUES (193,1,NULL,'2016-08-10 17:40:34','PCG99-BASE','IMMO','XXXXXX',281,191,'Amortissements des immobilisations corporelles',NULL,NULL,1);
INSERT INTO `llx_accounting_account` VALUES (194,1,NULL,'2016-08-10 17:40:34','PCG99-BASE','IMMO','XXXXXX',282,191,'Amortissements des immobilisations mises en concession',NULL,NULL,1);
INSERT INTO `llx_accounting_account` VALUES (195,1,NULL,'2016-08-10 17:40:34','PCG99-BASE','IMMO','XXXXXX',29,1502,'Dépréciations des immobilisations',NULL,NULL,1);
INSERT INTO `llx_accounting_account` VALUES (196,1,NULL,'2016-08-10 17:40:34','PCG99-BASE','IMMO','XXXXXX',290,195,'Dépréciations des immobilisations incorporelles',NULL,NULL,1);
INSERT INTO `llx_accounting_account` VALUES (197,1,NULL,'2016-08-10 17:40:34','PCG99-BASE','IMMO','XXXXXX',291,195,'Dépréciations des immobilisations corporelles',NULL,NULL,1);
INSERT INTO `llx_accounting_account` VALUES (198,1,NULL,'2016-08-10 17:40:34','PCG99-BASE','IMMO','XXXXXX',292,195,'Dépréciations des immobilisations mises en concession',NULL,NULL,1);
INSERT INTO `llx_accounting_account` VALUES (199,1,NULL,'2016-08-10 17:40:34','PCG99-BASE','IMMO','XXXXXX',293,195,'Dépréciations des immobilisations en cours',NULL,NULL,1);
INSERT INTO `llx_accounting_account` VALUES (200,1,NULL,'2016-08-10 17:40:34','PCG99-BASE','IMMO','XXXXXX',296,195,'Provisions pour dépréciation des participations et créances rattachées à des participations',NULL,NULL,1);
INSERT INTO `llx_accounting_account` VALUES (201,1,NULL,'2016-08-10 17:40:34','PCG99-BASE','IMMO','XXXXXX',297,195,'Provisions pour dépréciation des autres immobilisations financières',NULL,NULL,1);
INSERT INTO `llx_accounting_account` VALUES (202,1,NULL,'2016-08-10 17:40:34','PCG99-BASE','STOCK','XXXXXX',31,1503,'Matières premières (et fournitures)',NULL,NULL,1);
INSERT INTO `llx_accounting_account` VALUES (203,1,NULL,'2016-08-10 17:40:34','PCG99-BASE','STOCK','XXXXXX',311,202,'Matières (ou groupe) A',NULL,NULL,1);
INSERT INTO `llx_accounting_account` VALUES (204,1,NULL,'2016-08-10 17:40:34','PCG99-BASE','STOCK','XXXXXX',312,202,'Matières (ou groupe) B',NULL,NULL,1);
INSERT INTO `llx_accounting_account` VALUES (205,1,NULL,'2016-08-10 17:40:35','PCG99-BASE','STOCK','XXXXXX',317,202,'Fournitures A, B, C,',NULL,NULL,1);
INSERT INTO `llx_accounting_account` VALUES (206,1,NULL,'2016-08-10 17:40:35','PCG99-BASE','STOCK','XXXXXX',32,1503,'Autres approvisionnements',NULL,NULL,1);
INSERT INTO `llx_accounting_account` VALUES (207,1,NULL,'2016-08-10 17:40:35','PCG99-BASE','STOCK','XXXXXX',321,206,'Matières consommables',NULL,NULL,1);
INSERT INTO `llx_accounting_account` VALUES (208,1,NULL,'2016-08-10 17:40:35','PCG99-BASE','STOCK','XXXXXX',322,206,'Fournitures consommables',NULL,NULL,1);
INSERT INTO `llx_accounting_account` VALUES (209,1,NULL,'2016-08-10 17:40:35','PCG99-BASE','STOCK','XXXXXX',326,206,'Emballages',NULL,NULL,1);
INSERT INTO `llx_accounting_account` VALUES (210,1,NULL,'2016-08-10 17:40:35','PCG99-BASE','STOCK','XXXXXX',33,1503,'En-cours de production de biens',NULL,NULL,1);
INSERT INTO `llx_accounting_account` VALUES (211,1,NULL,'2016-08-10 17:40:35','PCG99-BASE','STOCK','XXXXXX',331,210,'Produits en cours',NULL,NULL,1);
INSERT INTO `llx_accounting_account` VALUES (212,1,NULL,'2016-08-10 17:40:35','PCG99-BASE','STOCK','XXXXXX',335,210,'Travaux en cours',NULL,NULL,1);
INSERT INTO `llx_accounting_account` VALUES (213,1,NULL,'2016-08-10 17:40:35','PCG99-BASE','STOCK','XXXXXX',34,1503,'En-cours de production de services',NULL,NULL,1);
INSERT INTO `llx_accounting_account` VALUES (214,1,NULL,'2016-08-10 17:40:35','PCG99-BASE','STOCK','XXXXXX',341,213,'Etudes en cours',NULL,NULL,1);
INSERT INTO `llx_accounting_account` VALUES (215,1,NULL,'2016-08-10 17:40:35','PCG99-BASE','STOCK','XXXXXX',345,213,'Prestations de services en cours',NULL,NULL,1);
INSERT INTO `llx_accounting_account` VALUES (216,1,NULL,'2016-08-10 17:40:35','PCG99-BASE','STOCK','XXXXXX',35,1503,'Stocks de produits',NULL,NULL,1);
INSERT INTO `llx_accounting_account` VALUES (217,1,NULL,'2016-08-10 17:40:35','PCG99-BASE','STOCK','XXXXXX',351,216,'Produits intermédiaires',NULL,NULL,1);
INSERT INTO `llx_accounting_account` VALUES (218,1,NULL,'2016-08-10 17:40:35','PCG99-BASE','STOCK','XXXXXX',355,216,'Produits finis',NULL,NULL,1);
INSERT INTO `llx_accounting_account` VALUES (219,1,NULL,'2016-08-10 17:40:35','PCG99-BASE','STOCK','XXXXXX',358,216,'Produits résiduels (ou matières de récupération)',NULL,NULL,1);
INSERT INTO `llx_accounting_account` VALUES (220,1,NULL,'2016-08-10 17:40:35','PCG99-BASE','STOCK','XXXXXX',37,1503,'Stocks de marchandises',NULL,NULL,1);
INSERT INTO `llx_accounting_account` VALUES (221,1,NULL,'2016-08-10 17:40:35','PCG99-BASE','STOCK','XXXXXX',371,220,'Marchandises (ou groupe) A',NULL,NULL,1);
INSERT INTO `llx_accounting_account` VALUES (222,1,NULL,'2016-08-10 17:40:35','PCG99-BASE','STOCK','XXXXXX',372,220,'Marchandises (ou groupe) B',NULL,NULL,1);
INSERT INTO `llx_accounting_account` VALUES (223,1,NULL,'2016-08-10 17:40:35','PCG99-BASE','STOCK','XXXXXX',39,1503,'Provisions pour dépréciation des stocks et en-cours',NULL,NULL,1);
INSERT INTO `llx_accounting_account` VALUES (224,1,NULL,'2016-08-10 17:40:35','PCG99-BASE','STOCK','XXXXXX',391,223,'Provisions pour dépréciation des matières premières',NULL,NULL,1);
INSERT INTO `llx_accounting_account` VALUES (225,1,NULL,'2016-08-10 17:40:35','PCG99-BASE','STOCK','XXXXXX',392,223,'Provisions pour dépréciation des autres approvisionnements',NULL,NULL,1);
INSERT INTO `llx_accounting_account` VALUES (226,1,NULL,'2016-08-10 17:40:35','PCG99-BASE','STOCK','XXXXXX',393,223,'Provisions pour dépréciation des en-cours de production de biens',NULL,NULL,1);
INSERT INTO `llx_accounting_account` VALUES (227,1,NULL,'2016-08-10 17:40:35','PCG99-BASE','STOCK','XXXXXX',394,223,'Provisions pour dépréciation des en-cours de production de services',NULL,NULL,1);
INSERT INTO `llx_accounting_account` VALUES (228,1,NULL,'2016-08-10 17:40:35','PCG99-BASE','STOCK','XXXXXX',395,223,'Provisions pour dépréciation des stocks de produits',NULL,NULL,1);
INSERT INTO `llx_accounting_account` VALUES (229,1,NULL,'2016-08-10 17:40:35','PCG99-BASE','STOCK','XXXXXX',397,223,'Provisions pour dépréciation des stocks de marchandises',NULL,NULL,1);
INSERT INTO `llx_accounting_account` VALUES (230,1,NULL,'2016-08-10 17:40:35','PCG99-BASE','TIERS','XXXXXX',40,1504,'Fournisseurs et Comptes rattachés',NULL,NULL,1);
INSERT INTO `llx_accounting_account` VALUES (231,1,NULL,'2016-08-10 17:40:35','PCG99-BASE','TIERS','XXXXXX',400,230,'Fournisseurs et Comptes rattachés',NULL,NULL,1);
INSERT INTO `llx_accounting_account` VALUES (232,1,NULL,'2016-08-10 17:40:35','PCG99-BASE','TIERS','SUPPLIER',401,230,'Fournisseurs',NULL,NULL,1);
INSERT INTO `llx_accounting_account` VALUES (233,1,NULL,'2016-08-10 17:40:35','PCG99-BASE','TIERS','XXXXXX',403,230,'Fournisseurs - Effets à payer',NULL,NULL,1);
INSERT INTO `llx_accounting_account` VALUES (234,1,NULL,'2016-08-10 17:40:35','PCG99-BASE','TIERS','XXXXXX',404,230,'Fournisseurs d\'immobilisations',NULL,NULL,1);
INSERT INTO `llx_accounting_account` VALUES (235,1,NULL,'2016-08-10 17:40:35','PCG99-BASE','TIERS','XXXXXX',405,230,'Fournisseurs d\'immobilisations - Effets à payer',NULL,NULL,1);
INSERT INTO `llx_accounting_account` VALUES (236,1,NULL,'2016-08-10 17:40:35','PCG99-BASE','TIERS','XXXXXX',408,230,'Fournisseurs - Factures non parvenues',NULL,NULL,1);
INSERT INTO `llx_accounting_account` VALUES (237,1,NULL,'2016-08-10 17:40:35','PCG99-BASE','TIERS','XXXXXX',409,230,'Fournisseurs débiteurs',NULL,NULL,1);
INSERT INTO `llx_accounting_account` VALUES (238,1,NULL,'2016-08-10 17:40:35','PCG99-BASE','TIERS','XXXXXX',41,1504,'Clients et comptes rattachés',NULL,NULL,1);
INSERT INTO `llx_accounting_account` VALUES (239,1,NULL,'2016-08-10 17:40:35','PCG99-BASE','TIERS','XXXXXX',410,238,'Clients et Comptes rattachés',NULL,NULL,1);
INSERT INTO `llx_accounting_account` VALUES (240,1,NULL,'2016-08-10 17:40:35','PCG99-BASE','TIERS','CUSTOMER',411,238,'Clients',NULL,NULL,1);
INSERT INTO `llx_accounting_account` VALUES (241,1,NULL,'2016-08-10 17:40:35','PCG99-BASE','TIERS','XXXXXX',413,238,'Clients - Effets à recevoir',NULL,NULL,1);
INSERT INTO `llx_accounting_account` VALUES (242,1,NULL,'2016-08-10 17:40:35','PCG99-BASE','TIERS','XXXXXX',416,238,'Clients douteux ou litigieux',NULL,NULL,1);
INSERT INTO `llx_accounting_account` VALUES (243,1,NULL,'2016-08-10 17:40:35','PCG99-BASE','TIERS','XXXXXX',418,238,'Clients - Produits non encore facturés',NULL,NULL,1);
INSERT INTO `llx_accounting_account` VALUES (244,1,NULL,'2016-08-10 17:40:35','PCG99-BASE','TIERS','XXXXXX',419,238,'Clients créditeurs',NULL,NULL,1);
INSERT INTO `llx_accounting_account` VALUES (245,1,NULL,'2016-08-10 17:40:35','PCG99-BASE','TIERS','XXXXXX',42,1504,'Personnel et comptes rattachés',NULL,NULL,1);
INSERT INTO `llx_accounting_account` VALUES (246,1,NULL,'2016-08-10 17:40:35','PCG99-BASE','TIERS','XXXXXX',421,245,'Personnel - Rémunérations dues',NULL,NULL,1);
INSERT INTO `llx_accounting_account` VALUES (247,1,NULL,'2016-08-10 17:40:35','PCG99-BASE','TIERS','XXXXXX',422,245,'Comités d\'entreprises, d\'établissement, ...',NULL,NULL,1);
INSERT INTO `llx_accounting_account` VALUES (248,1,NULL,'2016-08-10 17:40:35','PCG99-BASE','TIERS','XXXXXX',424,245,'Participation des salariés aux résultats',NULL,NULL,1);
INSERT INTO `llx_accounting_account` VALUES (249,1,NULL,'2016-08-10 17:40:35','PCG99-BASE','TIERS','XXXXXX',425,245,'Personnel - Avances et acomptes',NULL,NULL,1);
INSERT INTO `llx_accounting_account` VALUES (250,1,NULL,'2016-08-10 17:40:35','PCG99-BASE','TIERS','XXXXXX',426,245,'Personnel - Dépôts',NULL,NULL,1);
INSERT INTO `llx_accounting_account` VALUES (251,1,NULL,'2016-08-10 17:40:35','PCG99-BASE','TIERS','XXXXXX',427,245,'Personnel - Oppositions',NULL,NULL,1);
INSERT INTO `llx_accounting_account` VALUES (252,1,NULL,'2016-08-10 17:40:35','PCG99-BASE','TIERS','XXXXXX',428,245,'Personnel - Charges à payer et produits à recevoir',NULL,NULL,1);
INSERT INTO `llx_accounting_account` VALUES (253,1,NULL,'2016-08-10 17:40:35','PCG99-BASE','TIERS','XXXXXX',43,1504,'Sécurité sociale et autres organismes sociaux',NULL,NULL,1);
INSERT INTO `llx_accounting_account` VALUES (254,1,NULL,'2016-08-10 17:40:35','PCG99-BASE','TIERS','XXXXXX',431,253,'Sécurité sociale',NULL,NULL,1);
INSERT INTO `llx_accounting_account` VALUES (255,1,NULL,'2016-08-10 17:40:35','PCG99-BASE','TIERS','XXXXXX',437,253,'Autres organismes sociaux',NULL,NULL,1);
INSERT INTO `llx_accounting_account` VALUES (256,1,NULL,'2016-08-10 17:40:35','PCG99-BASE','TIERS','XXXXXX',438,253,'Organismes sociaux - Charges à payer et produits à recevoir',NULL,NULL,1);
INSERT INTO `llx_accounting_account` VALUES (257,1,NULL,'2016-08-10 17:40:35','PCG99-BASE','TIERS','XXXXXX',44,1504,'État et autres collectivités publiques',NULL,NULL,1);
INSERT INTO `llx_accounting_account` VALUES (258,1,NULL,'2016-08-10 17:40:35','PCG99-BASE','TIERS','XXXXXX',441,257,'État - Subventions à recevoir',NULL,NULL,1);
INSERT INTO `llx_accounting_account` VALUES (259,1,NULL,'2016-08-10 17:40:35','PCG99-BASE','TIERS','XXXXXX',442,257,'Etat - Impôts et taxes recouvrables sur des tiers',NULL,NULL,1);
INSERT INTO `llx_accounting_account` VALUES (260,1,NULL,'2016-08-10 17:40:35','PCG99-BASE','TIERS','XXXXXX',443,257,'Opérations particulières avec l\'Etat, les collectivités publiques, les organismes internationaux',NULL,NULL,1);
INSERT INTO `llx_accounting_account` VALUES (261,1,NULL,'2016-08-10 17:40:35','PCG99-BASE','TIERS','XXXXXX',444,257,'Etat - Impôts sur les bénéfices',NULL,NULL,1);
INSERT INTO `llx_accounting_account` VALUES (262,1,NULL,'2016-08-10 17:40:35','PCG99-BASE','TIERS','XXXXXX',445,257,'Etat - Taxes sur le chiffre d\'affaires',NULL,NULL,1);
INSERT INTO `llx_accounting_account` VALUES (263,1,NULL,'2016-08-10 17:40:35','PCG99-BASE','TIERS','XXXXXX',446,257,'Obligations cautionnées',NULL,NULL,1);
INSERT INTO `llx_accounting_account` VALUES (264,1,NULL,'2016-08-10 17:40:35','PCG99-BASE','TIERS','XXXXXX',447,257,'Autres impôts, taxes et versements assimilés',NULL,NULL,1);
INSERT INTO `llx_accounting_account` VALUES (265,1,NULL,'2016-08-10 17:40:35','PCG99-BASE','TIERS','XXXXXX',448,257,'Etat - Charges à payer et produits à recevoir',NULL,NULL,1);
INSERT INTO `llx_accounting_account` VALUES (266,1,NULL,'2016-08-10 17:40:35','PCG99-BASE','TIERS','XXXXXX',449,257,'Quotas d\'émission à restituer à l\'Etat',NULL,NULL,1);
INSERT INTO `llx_accounting_account` VALUES (267,1,NULL,'2016-08-10 17:40:35','PCG99-BASE','TIERS','XXXXXX',45,1504,'Groupe et associes',NULL,NULL,1);
INSERT INTO `llx_accounting_account` VALUES (268,1,NULL,'2016-08-10 17:40:35','PCG99-BASE','TIERS','XXXXXX',451,267,'Groupe',NULL,NULL,1);
INSERT INTO `llx_accounting_account` VALUES (269,1,NULL,'2016-08-10 17:40:35','PCG99-BASE','TIERS','XXXXXX',455,267,'Associés - Comptes courants',NULL,NULL,1);
INSERT INTO `llx_accounting_account` VALUES (270,1,NULL,'2016-08-10 17:40:35','PCG99-BASE','TIERS','XXXXXX',456,267,'Associés - Opérations sur le capital',NULL,NULL,1);
INSERT INTO `llx_accounting_account` VALUES (271,1,NULL,'2016-08-10 17:40:35','PCG99-BASE','TIERS','XXXXXX',457,267,'Associés - Dividendes à payer',NULL,NULL,1);
INSERT INTO `llx_accounting_account` VALUES (272,1,NULL,'2016-08-10 17:40:35','PCG99-BASE','TIERS','XXXXXX',458,267,'Associés - Opérations faites en commun et en G.I.E.',NULL,NULL,1);
INSERT INTO `llx_accounting_account` VALUES (273,1,NULL,'2016-08-10 17:40:35','PCG99-BASE','TIERS','XXXXXX',46,1504,'Débiteurs divers et créditeurs divers',NULL,NULL,1);
INSERT INTO `llx_accounting_account` VALUES (274,1,NULL,'2016-08-10 17:40:35','PCG99-BASE','TIERS','XXXXXX',462,273,'Créances sur cessions d\'immobilisations',NULL,NULL,1);
INSERT INTO `llx_accounting_account` VALUES (275,1,NULL,'2016-08-10 17:40:35','PCG99-BASE','TIERS','XXXXXX',464,273,'Dettes sur acquisitions de valeurs mobilières de placement',NULL,NULL,1);
INSERT INTO `llx_accounting_account` VALUES (276,1,NULL,'2016-08-10 17:40:35','PCG99-BASE','TIERS','XXXXXX',465,273,'Créances sur cessions de valeurs mobilières de placement',NULL,NULL,1);
INSERT INTO `llx_accounting_account` VALUES (277,1,NULL,'2016-08-10 17:40:35','PCG99-BASE','TIERS','XXXXXX',467,273,'Autres comptes débiteurs ou créditeurs',NULL,NULL,1);
INSERT INTO `llx_accounting_account` VALUES (278,1,NULL,'2016-08-10 17:40:35','PCG99-BASE','TIERS','XXXXXX',468,273,'Divers - Charges à payer et produits à recevoir',NULL,NULL,1);
INSERT INTO `llx_accounting_account` VALUES (279,1,NULL,'2016-08-10 17:40:35','PCG99-BASE','TIERS','XXXXXX',47,1504,'Comptes transitoires ou d\'attente',NULL,NULL,1);
INSERT INTO `llx_accounting_account` VALUES (280,1,NULL,'2016-08-10 17:40:35','PCG99-BASE','TIERS','XXXXXX',471,279,'Comptes d\'attente',NULL,NULL,1);
INSERT INTO `llx_accounting_account` VALUES (281,1,NULL,'2016-08-10 17:40:35','PCG99-BASE','TIERS','XXXXXX',476,279,'Différence de conversion - Actif',NULL,NULL,1);
INSERT INTO `llx_accounting_account` VALUES (282,1,NULL,'2016-08-10 17:40:35','PCG99-BASE','TIERS','XXXXXX',477,279,'Différences de conversion - Passif',NULL,NULL,1);
INSERT INTO `llx_accounting_account` VALUES (283,1,NULL,'2016-08-10 17:40:35','PCG99-BASE','TIERS','XXXXXX',478,279,'Autres comptes transitoires',NULL,NULL,1);
INSERT INTO `llx_accounting_account` VALUES (284,1,NULL,'2016-08-10 17:40:35','PCG99-BASE','TIERS','XXXXXX',48,1504,'Comptes de régularisation',NULL,NULL,1);
INSERT INTO `llx_accounting_account` VALUES (285,1,NULL,'2016-08-10 17:40:35','PCG99-BASE','TIERS','XXXXXX',481,284,'Charges à répartir sur plusieurs exercices',NULL,NULL,1);
INSERT INTO `llx_accounting_account` VALUES (286,1,NULL,'2016-08-10 17:40:35','PCG99-BASE','TIERS','XXXXXX',486,284,'Charges constatées d\'avance',NULL,NULL,1);
INSERT INTO `llx_accounting_account` VALUES (287,1,NULL,'2016-08-10 17:40:35','PCG99-BASE','TIERS','XXXXXX',487,284,'Produits constatés d\'avance',NULL,NULL,1);
INSERT INTO `llx_accounting_account` VALUES (288,1,NULL,'2016-08-10 17:40:35','PCG99-BASE','TIERS','XXXXXX',488,284,'Comptes de répartition périodique des charges et des produits',NULL,NULL,1);
INSERT INTO `llx_accounting_account` VALUES (289,1,NULL,'2016-08-10 17:40:35','PCG99-BASE','TIERS','XXXXXX',489,284,'Quotas d\'émission alloués par l\'Etat',NULL,NULL,1);
INSERT INTO `llx_accounting_account` VALUES (290,1,NULL,'2016-08-10 17:40:35','PCG99-BASE','TIERS','XXXXXX',49,1504,'Provisions pour dépréciation des comptes de tiers',NULL,NULL,1);
INSERT INTO `llx_accounting_account` VALUES (291,1,NULL,'2016-08-10 17:40:35','PCG99-BASE','TIERS','XXXXXX',491,290,'Provisions pour dépréciation des comptes de clients',NULL,NULL,1);
INSERT INTO `llx_accounting_account` VALUES (292,1,NULL,'2016-08-10 17:40:35','PCG99-BASE','TIERS','XXXXXX',495,290,'Provisions pour dépréciation des comptes du groupe et des associés',NULL,NULL,1);
INSERT INTO `llx_accounting_account` VALUES (293,1,NULL,'2016-08-10 17:40:35','PCG99-BASE','TIERS','XXXXXX',496,290,'Provisions pour dépréciation des comptes de débiteurs divers',NULL,NULL,1);
INSERT INTO `llx_accounting_account` VALUES (294,1,NULL,'2016-08-10 17:40:35','PCG99-BASE','FINAN','XXXXXX',50,1505,'Valeurs mobilières de placement',NULL,NULL,1);
INSERT INTO `llx_accounting_account` VALUES (295,1,NULL,'2016-08-10 17:40:35','PCG99-BASE','FINAN','XXXXXX',501,294,'Parts dans des entreprises liées',NULL,NULL,1);
INSERT INTO `llx_accounting_account` VALUES (296,1,NULL,'2016-08-10 17:40:35','PCG99-BASE','FINAN','XXXXXX',502,294,'Actions propres',NULL,NULL,1);
INSERT INTO `llx_accounting_account` VALUES (297,1,NULL,'2016-08-10 17:40:35','PCG99-BASE','FINAN','XXXXXX',503,294,'Actions',NULL,NULL,1);
INSERT INTO `llx_accounting_account` VALUES (298,1,NULL,'2016-08-10 17:40:35','PCG99-BASE','FINAN','XXXXXX',504,294,'Autres titres conférant un droit de propriété',NULL,NULL,1);
INSERT INTO `llx_accounting_account` VALUES (299,1,NULL,'2016-08-10 17:40:35','PCG99-BASE','FINAN','XXXXXX',505,294,'Obligations et bons émis par la société et rachetés par elle',NULL,NULL,1);
INSERT INTO `llx_accounting_account` VALUES (300,1,NULL,'2016-08-10 17:40:35','PCG99-BASE','FINAN','XXXXXX',506,294,'Obligations',NULL,NULL,1);
INSERT INTO `llx_accounting_account` VALUES (301,1,NULL,'2016-08-10 17:40:35','PCG99-BASE','FINAN','XXXXXX',507,294,'Bons du Trésor et bons de caisse à court terme',NULL,NULL,1);
INSERT INTO `llx_accounting_account` VALUES (302,1,NULL,'2016-08-10 17:40:35','PCG99-BASE','FINAN','XXXXXX',508,294,'Autres valeurs mobilières de placement et autres créances assimilées',NULL,NULL,1);
INSERT INTO `llx_accounting_account` VALUES (303,1,NULL,'2016-08-10 17:40:35','PCG99-BASE','FINAN','XXXXXX',509,294,'Versements restant à effectuer sur valeurs mobilières de placement non libérées',NULL,NULL,1);
INSERT INTO `llx_accounting_account` VALUES (304,1,NULL,'2016-08-10 17:40:35','PCG99-BASE','FINAN','XXXXXX',51,1505,'Banques, établissements financiers et assimilés',NULL,NULL,1);
INSERT INTO `llx_accounting_account` VALUES (305,1,NULL,'2016-08-10 17:40:35','PCG99-BASE','FINAN','XXXXXX',511,304,'Valeurs à l\'encaissement',NULL,NULL,1);
INSERT INTO `llx_accounting_account` VALUES (306,1,NULL,'2016-08-10 17:40:35','PCG99-BASE','FINAN','BANK',512,304,'Banques',NULL,NULL,1);
INSERT INTO `llx_accounting_account` VALUES (307,1,NULL,'2016-08-10 17:40:35','PCG99-BASE','FINAN','XXXXXX',514,304,'Chèques postaux',NULL,NULL,1);
INSERT INTO `llx_accounting_account` VALUES (308,1,NULL,'2016-08-10 17:40:35','PCG99-BASE','FINAN','XXXXXX',515,304,'\"Caisses\" du Trésor et des établissements publics',NULL,NULL,1);
INSERT INTO `llx_accounting_account` VALUES (309,1,NULL,'2016-08-10 17:40:35','PCG99-BASE','FINAN','XXXXXX',516,304,'Sociétés de bourse',NULL,NULL,1);
INSERT INTO `llx_accounting_account` VALUES (310,1,NULL,'2016-08-10 17:40:35','PCG99-BASE','FINAN','XXXXXX',517,304,'Autres organismes financiers',NULL,NULL,1);
INSERT INTO `llx_accounting_account` VALUES (311,1,NULL,'2016-08-10 17:40:35','PCG99-BASE','FINAN','XXXXXX',518,304,'Intérêts courus',NULL,NULL,1);
INSERT INTO `llx_accounting_account` VALUES (312,1,NULL,'2016-08-10 17:40:35','PCG99-BASE','FINAN','XXXXXX',519,304,'Concours bancaires courants',NULL,NULL,1);
INSERT INTO `llx_accounting_account` VALUES (313,1,NULL,'2016-08-10 17:40:35','PCG99-BASE','FINAN','XXXXXX',52,1505,'Instruments de trésorerie',NULL,NULL,1);
INSERT INTO `llx_accounting_account` VALUES (314,1,NULL,'2016-08-10 17:40:35','PCG99-BASE','FINAN','CASH',53,1505,'Caisse',NULL,NULL,1);
INSERT INTO `llx_accounting_account` VALUES (315,1,NULL,'2016-08-10 17:40:35','PCG99-BASE','FINAN','XXXXXX',531,314,'Caisse siège social',NULL,NULL,1);
INSERT INTO `llx_accounting_account` VALUES (316,1,NULL,'2016-08-10 17:40:35','PCG99-BASE','FINAN','XXXXXX',532,314,'Caisse succursale (ou usine) A',NULL,NULL,1);
INSERT INTO `llx_accounting_account` VALUES (317,1,NULL,'2016-08-10 17:40:35','PCG99-BASE','FINAN','XXXXXX',533,314,'Caisse succursale (ou usine) B',NULL,NULL,1);
INSERT INTO `llx_accounting_account` VALUES (318,1,NULL,'2016-08-10 17:40:35','PCG99-BASE','FINAN','XXXXXX',54,1505,'Régies d\'avance et accréditifs',NULL,NULL,1);
INSERT INTO `llx_accounting_account` VALUES (319,1,NULL,'2016-08-10 17:40:35','PCG99-BASE','FINAN','XXXXXX',58,1505,'Virements internes',NULL,NULL,1);
INSERT INTO `llx_accounting_account` VALUES (320,1,NULL,'2016-08-10 17:40:35','PCG99-BASE','FINAN','XXXXXX',59,1505,'Provisions pour dépréciation des comptes financiers',NULL,NULL,1);
INSERT INTO `llx_accounting_account` VALUES (321,1,NULL,'2016-08-10 17:40:35','PCG99-BASE','FINAN','XXXXXX',590,320,'Provisions pour dépréciation des valeurs mobilières de placement',NULL,NULL,1);
INSERT INTO `llx_accounting_account` VALUES (322,1,NULL,'2016-08-10 17:40:35','PCG99-BASE','CHARGE','PRODUCT',60,1506,'Achats',NULL,NULL,1);
INSERT INTO `llx_accounting_account` VALUES (323,1,NULL,'2016-08-10 17:40:35','PCG99-BASE','CHARGE','XXXXXX',601,322,'Achats stockés - Matières premières (et fournitures)',NULL,NULL,1);
INSERT INTO `llx_accounting_account` VALUES (324,1,NULL,'2016-08-10 17:40:35','PCG99-BASE','CHARGE','XXXXXX',602,322,'Achats stockés - Autres approvisionnements',NULL,NULL,1);
INSERT INTO `llx_accounting_account` VALUES (325,1,NULL,'2016-08-10 17:40:35','PCG99-BASE','CHARGE','XXXXXX',603,322,'Variations des stocks (approvisionnements et marchandises)',NULL,NULL,1);
INSERT INTO `llx_accounting_account` VALUES (326,1,NULL,'2016-08-10 17:40:35','PCG99-BASE','CHARGE','XXXXXX',604,322,'Achats stockés - Matières premières (et fournitures)',NULL,NULL,1);
INSERT INTO `llx_accounting_account` VALUES (327,1,NULL,'2016-08-10 17:40:35','PCG99-BASE','CHARGE','XXXXXX',605,322,'Achats de matériel, équipements et travaux',NULL,NULL,1);
INSERT INTO `llx_accounting_account` VALUES (328,1,NULL,'2016-08-10 17:40:35','PCG99-BASE','CHARGE','XXXXXX',606,322,'Achats non stockés de matière et fournitures',NULL,NULL,1);
INSERT INTO `llx_accounting_account` VALUES (329,1,NULL,'2016-08-10 17:40:35','PCG99-BASE','CHARGE','XXXXXX',607,322,'Achats de marchandises',NULL,NULL,1);
INSERT INTO `llx_accounting_account` VALUES (330,1,NULL,'2016-08-10 17:40:35','PCG99-BASE','CHARGE','XXXXXX',608,322,'(Compte réservé, le cas échéant, à la récapitulation des frais accessoires incorporés aux achats)',NULL,NULL,1);
INSERT INTO `llx_accounting_account` VALUES (331,1,NULL,'2016-08-10 17:40:35','PCG99-BASE','CHARGE','XXXXXX',609,322,'Rabais, remises et ristournes obtenus sur achats',NULL,NULL,1);
INSERT INTO `llx_accounting_account` VALUES (332,1,NULL,'2016-08-10 17:40:35','PCG99-BASE','CHARGE','SERVICE',61,1506,'Services extérieurs',NULL,NULL,1);
INSERT INTO `llx_accounting_account` VALUES (333,1,NULL,'2016-08-10 17:40:35','PCG99-BASE','CHARGE','XXXXXX',611,332,'Sous-traitance générale',NULL,NULL,1);
INSERT INTO `llx_accounting_account` VALUES (334,1,NULL,'2016-08-10 17:40:35','PCG99-BASE','CHARGE','XXXXXX',612,332,'Redevances de crédit-bail',NULL,NULL,1);
INSERT INTO `llx_accounting_account` VALUES (335,1,NULL,'2016-08-10 17:40:35','PCG99-BASE','CHARGE','XXXXXX',613,332,'Locations',NULL,NULL,1);
INSERT INTO `llx_accounting_account` VALUES (336,1,NULL,'2016-08-10 17:40:35','PCG99-BASE','CHARGE','XXXXXX',614,332,'Charges locatives et de copropriété',NULL,NULL,1);
INSERT INTO `llx_accounting_account` VALUES (337,1,NULL,'2016-08-10 17:40:35','PCG99-BASE','CHARGE','XXXXXX',615,332,'Entretien et réparations',NULL,NULL,1);
INSERT INTO `llx_accounting_account` VALUES (338,1,NULL,'2016-08-10 17:40:35','PCG99-BASE','CHARGE','XXXXXX',616,332,'Primes d\'assurances',NULL,NULL,1);
INSERT INTO `llx_accounting_account` VALUES (339,1,NULL,'2016-08-10 17:40:35','PCG99-BASE','CHARGE','XXXXXX',617,332,'Etudes et recherches',NULL,NULL,1);
INSERT INTO `llx_accounting_account` VALUES (340,1,NULL,'2016-08-10 17:40:35','PCG99-BASE','CHARGE','XXXXXX',618,332,'Divers',NULL,NULL,1);
INSERT INTO `llx_accounting_account` VALUES (341,1,NULL,'2016-08-10 17:40:35','PCG99-BASE','CHARGE','XXXXXX',619,332,'Rabais, remises et ristournes obtenus sur services extérieurs',NULL,NULL,1);
INSERT INTO `llx_accounting_account` VALUES (342,1,NULL,'2016-08-10 17:40:35','PCG99-BASE','CHARGE','XXXXXX',62,1506,'Autres services extérieurs',NULL,NULL,1);
INSERT INTO `llx_accounting_account` VALUES (343,1,NULL,'2016-08-10 17:40:35','PCG99-BASE','CHARGE','XXXXXX',621,342,'Personnel extérieur à l\'entreprise',NULL,NULL,1);
INSERT INTO `llx_accounting_account` VALUES (344,1,NULL,'2016-08-10 17:40:35','PCG99-BASE','CHARGE','XXXXXX',622,342,'Rémunérations d\'intermédiaires et honoraires',NULL,NULL,1);
INSERT INTO `llx_accounting_account` VALUES (345,1,NULL,'2016-08-10 17:40:35','PCG99-BASE','CHARGE','XXXXXX',623,342,'Publicité, publications, relations publiques',NULL,NULL,1);
INSERT INTO `llx_accounting_account` VALUES (346,1,NULL,'2016-08-10 17:40:35','PCG99-BASE','CHARGE','XXXXXX',624,342,'Transports de biens et transports collectifs du personnel',NULL,NULL,1);
INSERT INTO `llx_accounting_account` VALUES (347,1,NULL,'2016-08-10 17:40:35','PCG99-BASE','CHARGE','XXXXXX',625,342,'Déplacements, missions et réceptions',NULL,NULL,1);
INSERT INTO `llx_accounting_account` VALUES (348,1,NULL,'2016-08-10 17:40:35','PCG99-BASE','CHARGE','XXXXXX',626,342,'Frais postaux et de télécommunications',NULL,NULL,1);
INSERT INTO `llx_accounting_account` VALUES (349,1,NULL,'2016-08-10 17:40:35','PCG99-BASE','CHARGE','XXXXXX',627,342,'Services bancaires et assimilés',NULL,NULL,1);
INSERT INTO `llx_accounting_account` VALUES (350,1,NULL,'2016-08-10 17:40:35','PCG99-BASE','CHARGE','XXXXXX',628,342,'Divers',NULL,NULL,1);
INSERT INTO `llx_accounting_account` VALUES (351,1,NULL,'2016-08-10 17:40:35','PCG99-BASE','CHARGE','XXXXXX',629,342,'Rabais, remises et ristournes obtenus sur autres services extérieurs',NULL,NULL,1);
INSERT INTO `llx_accounting_account` VALUES (352,1,NULL,'2016-08-10 17:40:35','PCG99-BASE','CHARGE','XXXXXX',63,1506,'Impôts, taxes et versements assimilés',NULL,NULL,1);
INSERT INTO `llx_accounting_account` VALUES (353,1,NULL,'2016-08-10 17:40:35','PCG99-BASE','CHARGE','XXXXXX',631,352,'Impôts, taxes et versements assimilés sur rémunérations (administrations des impôts)',NULL,NULL,1);
INSERT INTO `llx_accounting_account` VALUES (354,1,NULL,'2016-08-10 17:40:35','PCG99-BASE','CHARGE','XXXXXX',633,352,'Impôts, taxes et versements assimilés sur rémunérations (autres organismes)',NULL,NULL,1);
INSERT INTO `llx_accounting_account` VALUES (355,1,NULL,'2016-08-10 17:40:35','PCG99-BASE','CHARGE','XXXXXX',635,352,'Autres impôts, taxes et versements assimilés (administrations des impôts)',NULL,NULL,1);
INSERT INTO `llx_accounting_account` VALUES (356,1,NULL,'2016-08-10 17:40:35','PCG99-BASE','CHARGE','XXXXXX',637,352,'Autres impôts, taxes et versements assimilés (autres organismes)',NULL,NULL,1);
INSERT INTO `llx_accounting_account` VALUES (357,1,NULL,'2016-08-10 17:40:35','PCG99-BASE','CHARGE','XXXXXX',64,1506,'Charges de personnel',NULL,NULL,1);
INSERT INTO `llx_accounting_account` VALUES (358,1,NULL,'2016-08-10 17:40:35','PCG99-BASE','CHARGE','XXXXXX',641,357,'Rémunérations du personnel',NULL,NULL,1);
INSERT INTO `llx_accounting_account` VALUES (359,1,NULL,'2016-08-10 17:40:35','PCG99-BASE','CHARGE','XXXXXX',644,357,'Rémunération du travail de l\'exploitant',NULL,NULL,1);
INSERT INTO `llx_accounting_account` VALUES (360,1,NULL,'2016-08-10 17:40:35','PCG99-BASE','CHARGE','SOCIAL',645,357,'Charges de sécurité sociale et de prévoyance',NULL,NULL,1);
INSERT INTO `llx_accounting_account` VALUES (361,1,NULL,'2016-08-10 17:40:35','PCG99-BASE','CHARGE','XXXXXX',646,357,'Cotisations sociales personnelles de l\'exploitant',NULL,NULL,1);
INSERT INTO `llx_accounting_account` VALUES (362,1,NULL,'2016-08-10 17:40:35','PCG99-BASE','CHARGE','XXXXXX',647,357,'Autres charges sociales',NULL,NULL,1);
INSERT INTO `llx_accounting_account` VALUES (363,1,NULL,'2016-08-10 17:40:35','PCG99-BASE','CHARGE','XXXXXX',648,357,'Autres charges de personnel',NULL,NULL,1);
INSERT INTO `llx_accounting_account` VALUES (364,1,NULL,'2016-08-10 17:40:35','PCG99-BASE','CHARGE','XXXXXX',65,1506,'Autres charges de gestion courante',NULL,NULL,1);
INSERT INTO `llx_accounting_account` VALUES (365,1,NULL,'2016-08-10 17:40:35','PCG99-BASE','CHARGE','XXXXXX',651,364,'Redevances pour concessions, brevets, licences, marques, procédés, logiciels, droits et valeurs similaires',NULL,NULL,1);
INSERT INTO `llx_accounting_account` VALUES (366,1,NULL,'2016-08-10 17:40:35','PCG99-BASE','CHARGE','XXXXXX',653,364,'Jetons de présence',NULL,NULL,1);
INSERT INTO `llx_accounting_account` VALUES (367,1,NULL,'2016-08-10 17:40:35','PCG99-BASE','CHARGE','XXXXXX',654,364,'Pertes sur créances irrécouvrables',NULL,NULL,1);
INSERT INTO `llx_accounting_account` VALUES (368,1,NULL,'2016-08-10 17:40:35','PCG99-BASE','CHARGE','XXXXXX',655,364,'Quote-part de résultat sur opérations faites en commun',NULL,NULL,1);
INSERT INTO `llx_accounting_account` VALUES (369,1,NULL,'2016-08-10 17:40:35','PCG99-BASE','CHARGE','XXXXXX',658,364,'Charges diverses de gestion courante',NULL,NULL,1);
INSERT INTO `llx_accounting_account` VALUES (370,1,NULL,'2016-08-10 17:40:35','PCG99-BASE','CHARGE','XXXXXX',66,1506,'Charges financières',NULL,NULL,1);
INSERT INTO `llx_accounting_account` VALUES (371,1,NULL,'2016-08-10 17:40:35','PCG99-BASE','CHARGE','XXXXXX',661,370,'Charges d\'intérêts',NULL,NULL,1);
INSERT INTO `llx_accounting_account` VALUES (372,1,NULL,'2016-08-10 17:40:35','PCG99-BASE','CHARGE','XXXXXX',664,370,'Pertes sur créances liées à des participations',NULL,NULL,1);
INSERT INTO `llx_accounting_account` VALUES (373,1,NULL,'2016-08-10 17:40:35','PCG99-BASE','CHARGE','XXXXXX',665,370,'Escomptes accordés',NULL,NULL,1);
INSERT INTO `llx_accounting_account` VALUES (374,1,NULL,'2016-08-10 17:40:35','PCG99-BASE','CHARGE','XXXXXX',666,370,'Pertes de change',NULL,NULL,1);
INSERT INTO `llx_accounting_account` VALUES (375,1,NULL,'2016-08-10 17:40:35','PCG99-BASE','CHARGE','XXXXXX',667,370,'Charges nettes sur cessions de valeurs mobilières de placement',NULL,NULL,1);
INSERT INTO `llx_accounting_account` VALUES (376,1,NULL,'2016-08-10 17:40:35','PCG99-BASE','CHARGE','XXXXXX',668,370,'Autres charges financières',NULL,NULL,1);
INSERT INTO `llx_accounting_account` VALUES (377,1,NULL,'2016-08-10 17:40:35','PCG99-BASE','CHARGE','XXXXXX',67,1506,'Charges exceptionnelles',NULL,NULL,1);
INSERT INTO `llx_accounting_account` VALUES (378,1,NULL,'2016-08-10 17:40:35','PCG99-BASE','CHARGE','XXXXXX',671,377,'Charges exceptionnelles sur opérations de gestion',NULL,NULL,1);
INSERT INTO `llx_accounting_account` VALUES (379,1,NULL,'2016-08-10 17:40:35','PCG99-BASE','CHARGE','XXXXXX',672,377,'(Compte à la disposition des entités pour enregistrer, en cours d\'exercice, les charges sur exercices antérieurs)',NULL,NULL,1);
INSERT INTO `llx_accounting_account` VALUES (380,1,NULL,'2016-08-10 17:40:35','PCG99-BASE','CHARGE','XXXXXX',675,377,'Valeurs comptables des éléments d\'actif cédés',NULL,NULL,1);
INSERT INTO `llx_accounting_account` VALUES (381,1,NULL,'2016-08-10 17:40:35','PCG99-BASE','CHARGE','XXXXXX',678,377,'Autres charges exceptionnelles',NULL,NULL,1);
INSERT INTO `llx_accounting_account` VALUES (382,1,NULL,'2016-08-10 17:40:35','PCG99-BASE','CHARGE','XXXXXX',68,1506,'Dotations aux amortissements et aux provisions',NULL,NULL,1);
INSERT INTO `llx_accounting_account` VALUES (383,1,NULL,'2016-08-10 17:40:35','PCG99-BASE','CHARGE','XXXXXX',681,382,'Dotations aux amortissements et aux provisions - Charges d\'exploitation',NULL,NULL,1);
INSERT INTO `llx_accounting_account` VALUES (384,1,NULL,'2016-08-10 17:40:35','PCG99-BASE','CHARGE','XXXXXX',686,382,'Dotations aux amortissements et aux provisions - Charges financières',NULL,NULL,1);
INSERT INTO `llx_accounting_account` VALUES (385,1,NULL,'2016-08-10 17:40:35','PCG99-BASE','CHARGE','XXXXXX',687,382,'Dotations aux amortissements et aux provisions - Charges exceptionnelles',NULL,NULL,1);
INSERT INTO `llx_accounting_account` VALUES (386,1,NULL,'2016-08-10 17:40:35','PCG99-BASE','CHARGE','XXXXXX',69,1506,'Participation des salariés - impôts sur les bénéfices et assimiles',NULL,NULL,1);
INSERT INTO `llx_accounting_account` VALUES (387,1,NULL,'2016-08-10 17:40:35','PCG99-BASE','CHARGE','XXXXXX',691,386,'Participation des salariés aux résultats',NULL,NULL,1);
INSERT INTO `llx_accounting_account` VALUES (388,1,NULL,'2016-08-10 17:40:35','PCG99-BASE','CHARGE','XXXXXX',695,386,'Impôts sur les bénéfices',NULL,NULL,1);
INSERT INTO `llx_accounting_account` VALUES (389,1,NULL,'2016-08-10 17:40:35','PCG99-BASE','CHARGE','XXXXXX',696,386,'Suppléments d\'impôt sur les sociétés liés aux distributions',NULL,NULL,1);
INSERT INTO `llx_accounting_account` VALUES (390,1,NULL,'2016-08-10 17:40:35','PCG99-BASE','CHARGE','XXXXXX',697,386,'Imposition forfaitaire annuelle des sociétés',NULL,NULL,1);
INSERT INTO `llx_accounting_account` VALUES (391,1,NULL,'2016-08-10 17:40:35','PCG99-BASE','CHARGE','XXXXXX',698,386,'Intégration fiscale',NULL,NULL,1);
INSERT INTO `llx_accounting_account` VALUES (392,1,NULL,'2016-08-10 17:40:35','PCG99-BASE','CHARGE','XXXXXX',699,386,'Produits - Reports en arrière des déficits',NULL,NULL,1);
INSERT INTO `llx_accounting_account` VALUES (393,1,NULL,'2016-08-10 17:40:35','PCG99-BASE','PROD','XXXXXX',70,1507,'Ventes de produits fabriqués, prestations de services, marchandises',NULL,NULL,1);
INSERT INTO `llx_accounting_account` VALUES (394,1,NULL,'2016-08-10 17:40:35','PCG99-BASE','PROD','PRODUCT',701,393,'Ventes de produits finis',NULL,NULL,1);
INSERT INTO `llx_accounting_account` VALUES (395,1,NULL,'2016-08-10 17:40:35','PCG99-BASE','PROD','XXXXXX',702,393,'Ventes de produits intermédiaires',NULL,NULL,1);
INSERT INTO `llx_accounting_account` VALUES (396,1,NULL,'2016-08-10 17:40:35','PCG99-BASE','PROD','XXXXXX',703,393,'Ventes de produits résiduels',NULL,NULL,1);
INSERT INTO `llx_accounting_account` VALUES (397,1,NULL,'2016-08-10 17:40:35','PCG99-BASE','PROD','XXXXXX',704,393,'Travaux',NULL,NULL,1);
INSERT INTO `llx_accounting_account` VALUES (398,1,NULL,'2016-08-10 17:40:35','PCG99-BASE','PROD','XXXXXX',705,393,'Etudes',NULL,NULL,1);
INSERT INTO `llx_accounting_account` VALUES (399,1,NULL,'2016-08-10 17:40:35','PCG99-BASE','PROD','SERVICE',706,393,'Prestations de services',NULL,NULL,1);
INSERT INTO `llx_accounting_account` VALUES (400,1,NULL,'2016-08-10 17:40:35','PCG99-BASE','PROD','PRODUCT',707,393,'Ventes de marchandises',NULL,NULL,1);
INSERT INTO `llx_accounting_account` VALUES (401,1,NULL,'2016-08-10 17:40:35','PCG99-BASE','PROD','PRODUCT',708,393,'Produits des activités annexes',NULL,NULL,1);
INSERT INTO `llx_accounting_account` VALUES (402,1,NULL,'2016-08-10 17:40:35','PCG99-BASE','PROD','XXXXXX',709,393,'Rabais, remises et ristournes accordés par l\'entreprise',NULL,NULL,1);
INSERT INTO `llx_accounting_account` VALUES (403,1,NULL,'2016-08-10 17:40:35','PCG99-BASE','PROD','XXXXXX',71,1507,'Production stockée (ou déstockage)',NULL,NULL,1);
INSERT INTO `llx_accounting_account` VALUES (404,1,NULL,'2016-08-10 17:40:35','PCG99-BASE','PROD','XXXXXX',713,403,'Variation des stocks (en-cours de production, produits)',NULL,NULL,1);
INSERT INTO `llx_accounting_account` VALUES (405,1,NULL,'2016-08-10 17:40:35','PCG99-BASE','PROD','XXXXXX',72,1507,'Production immobilisée',NULL,NULL,1);
INSERT INTO `llx_accounting_account` VALUES (406,1,NULL,'2016-08-10 17:40:35','PCG99-BASE','PROD','XXXXXX',721,405,'Immobilisations incorporelles',NULL,NULL,1);
INSERT INTO `llx_accounting_account` VALUES (407,1,NULL,'2016-08-10 17:40:35','PCG99-BASE','PROD','XXXXXX',722,405,'Immobilisations corporelles',NULL,NULL,1);
INSERT INTO `llx_accounting_account` VALUES (408,1,NULL,'2016-08-10 17:40:35','PCG99-BASE','PROD','XXXXXX',74,1507,'Subventions d\'exploitation',NULL,NULL,1);
INSERT INTO `llx_accounting_account` VALUES (409,1,NULL,'2016-08-10 17:40:35','PCG99-BASE','PROD','XXXXXX',75,1507,'Autres produits de gestion courante',NULL,NULL,1);
INSERT INTO `llx_accounting_account` VALUES (410,1,NULL,'2016-08-10 17:40:35','PCG99-BASE','PROD','XXXXXX',751,409,'Redevances pour concessions, brevets, licences, marques, procédés, logiciels, droits et valeurs similaires',NULL,NULL,1);
INSERT INTO `llx_accounting_account` VALUES (411,1,NULL,'2016-08-10 17:40:35','PCG99-BASE','PROD','XXXXXX',752,409,'Revenus des immeubles non affectés à des activités professionnelles',NULL,NULL,1);
INSERT INTO `llx_accounting_account` VALUES (412,1,NULL,'2016-08-10 17:40:35','PCG99-BASE','PROD','XXXXXX',753,409,'Jetons de présence et rémunérations d\'administrateurs, gérants,...',NULL,NULL,1);
INSERT INTO `llx_accounting_account` VALUES (413,1,NULL,'2016-08-10 17:40:35','PCG99-BASE','PROD','XXXXXX',754,409,'Ristournes perçues des coopératives (provenant des excédents)',NULL,NULL,1);
INSERT INTO `llx_accounting_account` VALUES (414,1,NULL,'2016-08-10 17:40:35','PCG99-BASE','PROD','XXXXXX',755,409,'Quotes-parts de résultat sur opérations faites en commun',NULL,NULL,1);
INSERT INTO `llx_accounting_account` VALUES (415,1,NULL,'2016-08-10 17:40:35','PCG99-BASE','PROD','XXXXXX',758,409,'Produits divers de gestion courante',NULL,NULL,1);
INSERT INTO `llx_accounting_account` VALUES (416,1,NULL,'2016-08-10 17:40:35','PCG99-BASE','PROD','XXXXXX',76,1507,'Produits financiers',NULL,NULL,1);
INSERT INTO `llx_accounting_account` VALUES (417,1,NULL,'2016-08-10 17:40:35','PCG99-BASE','PROD','XXXXXX',761,416,'Produits de participations',NULL,NULL,1);
INSERT INTO `llx_accounting_account` VALUES (418,1,NULL,'2016-08-10 17:40:35','PCG99-BASE','PROD','XXXXXX',762,416,'Produits des autres immobilisations financières',NULL,NULL,1);
INSERT INTO `llx_accounting_account` VALUES (419,1,NULL,'2016-08-10 17:40:35','PCG99-BASE','PROD','XXXXXX',763,416,'Revenus des autres créances',NULL,NULL,1);
INSERT INTO `llx_accounting_account` VALUES (420,1,NULL,'2016-08-10 17:40:35','PCG99-BASE','PROD','XXXXXX',764,416,'Revenus des valeurs mobilières de placement',NULL,NULL,1);
INSERT INTO `llx_accounting_account` VALUES (421,1,NULL,'2016-08-10 17:40:35','PCG99-BASE','PROD','XXXXXX',765,416,'Escomptes obtenus',NULL,NULL,1);
INSERT INTO `llx_accounting_account` VALUES (422,1,NULL,'2016-08-10 17:40:35','PCG99-BASE','PROD','XXXXXX',766,416,'Gains de change',NULL,NULL,1);
INSERT INTO `llx_accounting_account` VALUES (423,1,NULL,'2016-08-10 17:40:35','PCG99-BASE','PROD','XXXXXX',767,416,'Produits nets sur cessions de valeurs mobilières de placement',NULL,NULL,1);
INSERT INTO `llx_accounting_account` VALUES (424,1,NULL,'2016-08-10 17:40:35','PCG99-BASE','PROD','XXXXXX',768,416,'Autres produits financiers',NULL,NULL,1);
INSERT INTO `llx_accounting_account` VALUES (425,1,NULL,'2016-08-10 17:40:35','PCG99-BASE','PROD','XXXXXX',77,1507,'Produits exceptionnels',NULL,NULL,1);
INSERT INTO `llx_accounting_account` VALUES (426,1,NULL,'2016-08-10 17:40:35','PCG99-BASE','PROD','XXXXXX',771,425,'Produits exceptionnels sur opérations de gestion',NULL,NULL,1);
INSERT INTO `llx_accounting_account` VALUES (427,1,NULL,'2016-08-10 17:40:35','PCG99-BASE','PROD','XXXXXX',772,425,'(Compte à la disposition des entités pour enregistrer, en cours d\'exercice, les produits sur exercices antérieurs)',NULL,NULL,1);
INSERT INTO `llx_accounting_account` VALUES (428,1,NULL,'2016-08-10 17:40:35','PCG99-BASE','PROD','XXXXXX',775,425,'Produits des cessions d\'éléments d\'actif',NULL,NULL,1);
INSERT INTO `llx_accounting_account` VALUES (429,1,NULL,'2016-08-10 17:40:35','PCG99-BASE','PROD','XXXXXX',777,425,'Quote-part des subventions d\'investissement virée au résultat de l\'exercice',NULL,NULL,1);
INSERT INTO `llx_accounting_account` VALUES (430,1,NULL,'2016-08-10 17:40:35','PCG99-BASE','PROD','XXXXXX',778,425,'Autres produits exceptionnels',NULL,NULL,1);
INSERT INTO `llx_accounting_account` VALUES (431,1,NULL,'2016-08-10 17:40:35','PCG99-BASE','PROD','XXXXXX',78,1507,'Reprises sur amortissements et provisions',NULL,NULL,1);
INSERT INTO `llx_accounting_account` VALUES (432,1,NULL,'2016-08-10 17:40:35','PCG99-BASE','PROD','XXXXXX',781,431,'Reprises sur amortissements et provisions (à inscrire dans les produits d\'exploitation)',NULL,NULL,1);
INSERT INTO `llx_accounting_account` VALUES (433,1,NULL,'2016-08-10 17:40:35','PCG99-BASE','PROD','XXXXXX',786,431,'Reprises sur provisions pour risques (à inscrire dans les produits financiers)',NULL,NULL,1);
INSERT INTO `llx_accounting_account` VALUES (434,1,NULL,'2016-08-10 17:40:35','PCG99-BASE','PROD','XXXXXX',787,431,'Reprises sur provisions (à inscrire dans les produits exceptionnels)',NULL,NULL,1);
INSERT INTO `llx_accounting_account` VALUES (435,1,NULL,'2016-08-10 17:40:35','PCG99-BASE','PROD','XXXXXX',79,1507,'Transferts de charges',NULL,NULL,1);
INSERT INTO `llx_accounting_account` VALUES (436,1,NULL,'2016-08-10 17:40:35','PCG99-BASE','PROD','XXXXXX',791,435,'Transferts de charges d\'exploitation ',NULL,NULL,1);
INSERT INTO `llx_accounting_account` VALUES (437,1,NULL,'2016-08-10 17:40:35','PCG99-BASE','PROD','XXXXXX',796,435,'Transferts de charges financières',NULL,NULL,1);
INSERT INTO `llx_accounting_account` VALUES (438,1,NULL,'2016-08-10 17:40:35','PCG99-BASE','PROD','XXXXXX',797,435,'Transferts de charges exceptionnelles',NULL,NULL,1);
INSERT INTO `llx_accounting_account` VALUES (439,1,NULL,'2016-08-10 17:40:35','PCMN-BASE','CAPIT','XXXXXX',10,1351,'Capital',NULL,NULL,1);
INSERT INTO `llx_accounting_account` VALUES (440,1,NULL,'2016-08-10 17:40:35','PCMN-BASE','CAPIT','XXXXXX',100,439,'Capital souscrit ou capital personnel',NULL,NULL,1);
INSERT INTO `llx_accounting_account` VALUES (441,1,NULL,'2016-08-10 17:40:35','PCMN-BASE','CAPIT','XXXXXX',1000,440,'Capital non amorti',NULL,NULL,1);
INSERT INTO `llx_accounting_account` VALUES (442,1,NULL,'2016-08-10 17:40:35','PCMN-BASE','CAPIT','XXXXXX',1001,440,'Capital amorti',NULL,NULL,1);
INSERT INTO `llx_accounting_account` VALUES (443,1,NULL,'2016-08-10 17:40:35','PCMN-BASE','CAPIT','XXXXXX',101,439,'Capital non appelé',NULL,NULL,1);
INSERT INTO `llx_accounting_account` VALUES (444,1,NULL,'2016-08-10 17:40:35','PCMN-BASE','CAPIT','XXXXXX',109,439,'Compte de l\'exploitant',NULL,NULL,1);
INSERT INTO `llx_accounting_account` VALUES (445,1,NULL,'2016-08-10 17:40:35','PCMN-BASE','CAPIT','XXXXXX',1090,444,'Opérations courantes',NULL,NULL,1);
INSERT INTO `llx_accounting_account` VALUES (446,1,NULL,'2016-08-10 17:40:35','PCMN-BASE','CAPIT','XXXXXX',1091,444,'Impôts personnels',NULL,NULL,1);
INSERT INTO `llx_accounting_account` VALUES (447,1,NULL,'2016-08-10 17:40:35','PCMN-BASE','CAPIT','XXXXXX',1092,444,'Rémunérations et autres avantages',NULL,NULL,1);
INSERT INTO `llx_accounting_account` VALUES (448,1,NULL,'2016-08-10 17:40:35','PCMN-BASE','CAPIT','XXXXXX',11,1351,'Primes d\'émission',NULL,NULL,1);
INSERT INTO `llx_accounting_account` VALUES (449,1,NULL,'2016-08-10 17:40:35','PCMN-BASE','CAPIT','XXXXXX',12,1351,'Plus-values de réévaluation',NULL,NULL,1);
INSERT INTO `llx_accounting_account` VALUES (450,1,NULL,'2016-08-10 17:40:35','PCMN-BASE','CAPIT','XXXXXX',120,449,'Plus-values de réévaluation sur immobilisations incorporelles',NULL,NULL,1);
INSERT INTO `llx_accounting_account` VALUES (451,1,NULL,'2016-08-10 17:40:35','PCMN-BASE','CAPIT','XXXXXX',1200,450,'Plus-values de réévaluation',NULL,NULL,1);
INSERT INTO `llx_accounting_account` VALUES (452,1,NULL,'2016-08-10 17:40:35','PCMN-BASE','CAPIT','XXXXXX',1201,450,'Reprises de réductions de valeur',NULL,NULL,1);
INSERT INTO `llx_accounting_account` VALUES (453,1,NULL,'2016-08-10 17:40:35','PCMN-BASE','CAPIT','XXXXXX',121,449,'Plus-values de réévaluation sur immobilisations corporelles',NULL,NULL,1);
INSERT INTO `llx_accounting_account` VALUES (454,1,NULL,'2016-08-10 17:40:35','PCMN-BASE','CAPIT','XXXXXX',1210,453,'Plus-values de réévaluation',NULL,NULL,1);
INSERT INTO `llx_accounting_account` VALUES (455,1,NULL,'2016-08-10 17:40:35','PCMN-BASE','CAPIT','XXXXXX',1211,453,'Reprises de réductions de valeur',NULL,NULL,1);
INSERT INTO `llx_accounting_account` VALUES (456,1,NULL,'2016-08-10 17:40:35','PCMN-BASE','CAPIT','XXXXXX',122,449,'Plus-values de réévaluation sur immobilisations financières',NULL,NULL,1);
INSERT INTO `llx_accounting_account` VALUES (457,1,NULL,'2016-08-10 17:40:35','PCMN-BASE','CAPIT','XXXXXX',1220,456,'Plus-values de réévaluation',NULL,NULL,1);
INSERT INTO `llx_accounting_account` VALUES (458,1,NULL,'2016-08-10 17:40:35','PCMN-BASE','CAPIT','XXXXXX',1221,456,'Reprises de réductions de valeur',NULL,NULL,1);
INSERT INTO `llx_accounting_account` VALUES (459,1,NULL,'2016-08-10 17:40:35','PCMN-BASE','CAPIT','XXXXXX',123,449,'Plus-values de réévaluation sur stocks',NULL,NULL,1);
INSERT INTO `llx_accounting_account` VALUES (460,1,NULL,'2016-08-10 17:40:35','PCMN-BASE','CAPIT','XXXXXX',124,449,'Reprises de réductions de valeur sur placements de trésorerie',NULL,NULL,1);
INSERT INTO `llx_accounting_account` VALUES (461,1,NULL,'2016-08-10 17:40:35','PCMN-BASE','CAPIT','XXXXXX',13,1351,'Réserve',NULL,NULL,1);
INSERT INTO `llx_accounting_account` VALUES (462,1,NULL,'2016-08-10 17:40:35','PCMN-BASE','CAPIT','XXXXXX',130,461,'Réserve légale',NULL,NULL,1);
INSERT INTO `llx_accounting_account` VALUES (463,1,NULL,'2016-08-10 17:40:35','PCMN-BASE','CAPIT','XXXXXX',131,461,'Réserves indisponibles',NULL,NULL,1);
INSERT INTO `llx_accounting_account` VALUES (464,1,NULL,'2016-08-10 17:40:35','PCMN-BASE','CAPIT','XXXXXX',1310,463,'Réserve pour actions propres',NULL,NULL,1);
INSERT INTO `llx_accounting_account` VALUES (465,1,NULL,'2016-08-10 17:40:35','PCMN-BASE','CAPIT','XXXXXX',1311,463,'Autres réserves indisponibles',NULL,NULL,1);
INSERT INTO `llx_accounting_account` VALUES (466,1,NULL,'2016-08-10 17:40:35','PCMN-BASE','CAPIT','XXXXXX',132,461,'Réserves immunisées',NULL,NULL,1);
INSERT INTO `llx_accounting_account` VALUES (467,1,NULL,'2016-08-10 17:40:35','PCMN-BASE','CAPIT','XXXXXX',133,461,'Réserves disponibles',NULL,NULL,1);
INSERT INTO `llx_accounting_account` VALUES (468,1,NULL,'2016-08-10 17:40:35','PCMN-BASE','CAPIT','XXXXXX',1330,467,'Réserve pour régularisation de dividendes',NULL,NULL,1);
INSERT INTO `llx_accounting_account` VALUES (469,1,NULL,'2016-08-10 17:40:35','PCMN-BASE','CAPIT','XXXXXX',1331,467,'Réserve pour renouvellement des immobilisations',NULL,NULL,1);
INSERT INTO `llx_accounting_account` VALUES (470,1,NULL,'2016-08-10 17:40:35','PCMN-BASE','CAPIT','XXXXXX',1332,467,'Réserve pour installations en faveur du personnel 1333 Réserves libres',NULL,NULL,1);
INSERT INTO `llx_accounting_account` VALUES (471,1,NULL,'2016-08-10 17:40:35','PCMN-BASE','CAPIT','XXXXXX',14,1351,'Bénéfice reporté (ou perte reportée)',NULL,NULL,1);
INSERT INTO `llx_accounting_account` VALUES (472,1,NULL,'2016-08-10 17:40:35','PCMN-BASE','CAPIT','XXXXXX',15,1351,'Subsides en capital',NULL,NULL,1);
INSERT INTO `llx_accounting_account` VALUES (473,1,NULL,'2016-08-10 17:40:35','PCMN-BASE','CAPIT','XXXXXX',150,472,'Montants obtenus',NULL,NULL,1);
INSERT INTO `llx_accounting_account` VALUES (474,1,NULL,'2016-08-10 17:40:35','PCMN-BASE','CAPIT','XXXXXX',151,472,'Montants transférés aux résultats',NULL,NULL,1);
INSERT INTO `llx_accounting_account` VALUES (475,1,NULL,'2016-08-10 17:40:35','PCMN-BASE','CAPIT','XXXXXX',16,1351,'Provisions pour risques et charges',NULL,NULL,1);
INSERT INTO `llx_accounting_account` VALUES (476,1,NULL,'2016-08-10 17:40:35','PCMN-BASE','CAPIT','XXXXXX',160,475,'Provisions pour pensions et obligations similaires',NULL,NULL,1);
INSERT INTO `llx_accounting_account` VALUES (477,1,NULL,'2016-08-10 17:40:35','PCMN-BASE','CAPIT','XXXXXX',161,475,'Provisions pour charges fiscales',NULL,NULL,1);
INSERT INTO `llx_accounting_account` VALUES (478,1,NULL,'2016-08-10 17:40:35','PCMN-BASE','CAPIT','XXXXXX',162,475,'Provisions pour grosses réparations et gros entretiens',NULL,NULL,1);
INSERT INTO `llx_accounting_account` VALUES (479,1,NULL,'2016-08-10 17:40:35','PCMN-BASE','CAPIT','XXXXXX',163,475,'à 169 Provisions pour autres risques et charges',NULL,NULL,1);
INSERT INTO `llx_accounting_account` VALUES (480,1,NULL,'2016-08-10 17:40:35','PCMN-BASE','CAPIT','XXXXXX',164,475,'Provisions pour sûretés personnelles ou réelles constituées à l\'appui de dettes et d\'engagements de tiers',NULL,NULL,1);
INSERT INTO `llx_accounting_account` VALUES (481,1,NULL,'2016-08-10 17:40:35','PCMN-BASE','CAPIT','XXXXXX',165,475,'Provisions pour engagements relatifs à l\'acquisition ou à la cession d\'immobilisations',NULL,NULL,1);
INSERT INTO `llx_accounting_account` VALUES (482,1,NULL,'2016-08-10 17:40:35','PCMN-BASE','CAPIT','XXXXXX',166,475,'Provisions pour exécution de commandes passées ou reçues',NULL,NULL,1);
INSERT INTO `llx_accounting_account` VALUES (483,1,NULL,'2016-08-10 17:40:35','PCMN-BASE','CAPIT','XXXXXX',167,475,'Provisions pour positions et marchés à terme en devises ou positions et marchés à terme en marchandises',NULL,NULL,1);
INSERT INTO `llx_accounting_account` VALUES (484,1,NULL,'2016-08-10 17:40:35','PCMN-BASE','CAPIT','XXXXXX',168,475,'Provisions pour garanties techniques attachées aux ventes et prestations déjà effectuées par l\'entreprise',NULL,NULL,1);
INSERT INTO `llx_accounting_account` VALUES (485,1,NULL,'2016-08-10 17:40:35','PCMN-BASE','CAPIT','XXXXXX',169,475,'Provisions pour autres risques et charges',NULL,NULL,1);
INSERT INTO `llx_accounting_account` VALUES (486,1,NULL,'2016-08-10 17:40:35','PCMN-BASE','CAPIT','XXXXXX',1690,485,'Pour litiges en cours',NULL,NULL,1);
INSERT INTO `llx_accounting_account` VALUES (487,1,NULL,'2016-08-10 17:40:35','PCMN-BASE','CAPIT','XXXXXX',1691,485,'Pour amendes, doubles droits et pénalités',NULL,NULL,1);
INSERT INTO `llx_accounting_account` VALUES (488,1,NULL,'2016-08-10 17:40:35','PCMN-BASE','CAPIT','XXXXXX',1692,485,'Pour propre assureur',NULL,NULL,1);
INSERT INTO `llx_accounting_account` VALUES (489,1,NULL,'2016-08-10 17:40:35','PCMN-BASE','CAPIT','XXXXXX',1693,485,'Pour risques inhérents aux opérations de crédits à moyen ou long terme',NULL,NULL,1);
INSERT INTO `llx_accounting_account` VALUES (490,1,NULL,'2016-08-10 17:40:35','PCMN-BASE','CAPIT','XXXXXX',1695,485,'Provision pour charge de liquidation',NULL,NULL,1);
INSERT INTO `llx_accounting_account` VALUES (491,1,NULL,'2016-08-10 17:40:35','PCMN-BASE','CAPIT','XXXXXX',1696,485,'Provision pour départ de personnel',NULL,NULL,1);
INSERT INTO `llx_accounting_account` VALUES (492,1,NULL,'2016-08-10 17:40:35','PCMN-BASE','CAPIT','XXXXXX',1699,485,'Pour risques divers',NULL,NULL,1);
INSERT INTO `llx_accounting_account` VALUES (493,1,NULL,'2016-08-10 17:40:35','PCMN-BASE','CAPIT','XXXXXX',17,1351,'Dettes à plus d\'un an',NULL,NULL,1);
INSERT INTO `llx_accounting_account` VALUES (494,1,NULL,'2016-08-10 17:40:35','PCMN-BASE','CAPIT','XXXXXX',170,493,'Emprunts subordonnés',NULL,NULL,1);
INSERT INTO `llx_accounting_account` VALUES (495,1,NULL,'2016-08-10 17:40:35','PCMN-BASE','CAPIT','XXXXXX',1700,494,'Convertibles',NULL,NULL,1);
INSERT INTO `llx_accounting_account` VALUES (496,1,NULL,'2016-08-10 17:40:35','PCMN-BASE','CAPIT','XXXXXX',1701,494,'Non convertibles',NULL,NULL,1);
INSERT INTO `llx_accounting_account` VALUES (497,1,NULL,'2016-08-10 17:40:35','PCMN-BASE','CAPIT','XXXXXX',171,493,'Emprunts obligataires non subordonnés',NULL,NULL,1);
INSERT INTO `llx_accounting_account` VALUES (498,1,NULL,'2016-08-10 17:40:35','PCMN-BASE','CAPIT','XXXXXX',1710,498,'Convertibles',NULL,NULL,1);
INSERT INTO `llx_accounting_account` VALUES (499,1,NULL,'2016-08-10 17:40:35','PCMN-BASE','CAPIT','XXXXXX',1711,498,'Non convertibles',NULL,NULL,1);
INSERT INTO `llx_accounting_account` VALUES (500,1,NULL,'2016-08-10 17:40:35','PCMN-BASE','CAPIT','XXXXXX',172,493,'Dettes de location-financement et assimilés',NULL,NULL,1);
INSERT INTO `llx_accounting_account` VALUES (501,1,NULL,'2016-08-10 17:40:35','PCMN-BASE','CAPIT','XXXXXX',1720,500,'Dettes de location-financement de biens immobiliers',NULL,NULL,1);
INSERT INTO `llx_accounting_account` VALUES (502,1,NULL,'2016-08-10 17:40:35','PCMN-BASE','CAPIT','XXXXXX',1721,500,'Dettes de location-financement de biens mobiliers',NULL,NULL,1);
INSERT INTO `llx_accounting_account` VALUES (503,1,NULL,'2016-08-10 17:40:35','PCMN-BASE','CAPIT','XXXXXX',1722,500,'Dettes sur droits réels sur immeubles',NULL,NULL,1);
INSERT INTO `llx_accounting_account` VALUES (504,1,NULL,'2016-08-10 17:40:35','PCMN-BASE','CAPIT','XXXXXX',173,493,'Etablissements de crédit',NULL,NULL,1);
INSERT INTO `llx_accounting_account` VALUES (505,1,NULL,'2016-08-10 17:40:35','PCMN-BASE','CAPIT','XXXXXX',1730,504,'Dettes en compte',NULL,NULL,1);
INSERT INTO `llx_accounting_account` VALUES (506,1,NULL,'2016-08-10 17:40:35','PCMN-BASE','CAPIT','XXXXXX',17300,505,'Banque A',NULL,NULL,1);
INSERT INTO `llx_accounting_account` VALUES (507,1,NULL,'2016-08-10 17:40:35','PCMN-BASE','CAPIT','XXXXXX',17301,505,'Banque B',NULL,NULL,1);
INSERT INTO `llx_accounting_account` VALUES (508,1,NULL,'2016-08-10 17:40:35','PCMN-BASE','CAPIT','XXXXXX',17302,505,'Banque C',NULL,NULL,1);
INSERT INTO `llx_accounting_account` VALUES (509,1,NULL,'2016-08-10 17:40:35','PCMN-BASE','CAPIT','XXXXXX',17303,505,'Banque D',NULL,NULL,1);
INSERT INTO `llx_accounting_account` VALUES (510,1,NULL,'2016-08-10 17:40:35','PCMN-BASE','CAPIT','XXXXXX',1731,504,'Promesses',NULL,NULL,1);
INSERT INTO `llx_accounting_account` VALUES (511,1,NULL,'2016-08-10 17:40:35','PCMN-BASE','CAPIT','XXXXXX',17310,510,'Banque A',NULL,NULL,1);
INSERT INTO `llx_accounting_account` VALUES (512,1,NULL,'2016-08-10 17:40:35','PCMN-BASE','CAPIT','XXXXXX',17311,510,'Banque B',NULL,NULL,1);
INSERT INTO `llx_accounting_account` VALUES (513,1,NULL,'2016-08-10 17:40:35','PCMN-BASE','CAPIT','XXXXXX',17312,510,'Banque C',NULL,NULL,1);
INSERT INTO `llx_accounting_account` VALUES (514,1,NULL,'2016-08-10 17:40:35','PCMN-BASE','CAPIT','XXXXXX',17313,510,'Banque D',NULL,NULL,1);
INSERT INTO `llx_accounting_account` VALUES (515,1,NULL,'2016-08-10 17:40:35','PCMN-BASE','CAPIT','XXXXXX',1732,504,'Crédits d\'acceptation',NULL,NULL,1);
INSERT INTO `llx_accounting_account` VALUES (516,1,NULL,'2016-08-10 17:40:35','PCMN-BASE','CAPIT','XXXXXX',17320,515,'Banque A',NULL,NULL,1);
INSERT INTO `llx_accounting_account` VALUES (517,1,NULL,'2016-08-10 17:40:35','PCMN-BASE','CAPIT','XXXXXX',17321,515,'Banque B',NULL,NULL,1);
INSERT INTO `llx_accounting_account` VALUES (518,1,NULL,'2016-08-10 17:40:35','PCMN-BASE','CAPIT','XXXXXX',17322,515,'Banque C',NULL,NULL,1);
INSERT INTO `llx_accounting_account` VALUES (519,1,NULL,'2016-08-10 17:40:35','PCMN-BASE','CAPIT','XXXXXX',17323,515,'Banque D',NULL,NULL,1);
INSERT INTO `llx_accounting_account` VALUES (520,1,NULL,'2016-08-10 17:40:35','PCMN-BASE','CAPIT','XXXXXX',174,493,'Autres emprunts',NULL,NULL,1);
INSERT INTO `llx_accounting_account` VALUES (521,1,NULL,'2016-08-10 17:40:35','PCMN-BASE','CAPIT','XXXXXX',175,493,'Dettes commerciales',NULL,NULL,1);
INSERT INTO `llx_accounting_account` VALUES (522,1,NULL,'2016-08-10 17:40:35','PCMN-BASE','CAPIT','XXXXXX',1750,521,'Fournisseurs : dettes en compte',NULL,NULL,1);
INSERT INTO `llx_accounting_account` VALUES (523,1,NULL,'2016-08-10 17:40:35','PCMN-BASE','CAPIT','XXXXXX',17500,522,'Entreprises apparentées',NULL,NULL,1);
INSERT INTO `llx_accounting_account` VALUES (524,1,NULL,'2016-08-10 17:40:35','PCMN-BASE','CAPIT','XXXXXX',175000,523,'Entreprises liées',NULL,NULL,1);
INSERT INTO `llx_accounting_account` VALUES (525,1,NULL,'2016-08-10 17:40:35','PCMN-BASE','CAPIT','XXXXXX',175001,523,'Entreprises avec lesquelles il existe un lien de participation',NULL,NULL,1);
INSERT INTO `llx_accounting_account` VALUES (526,1,NULL,'2016-08-10 17:40:35','PCMN-BASE','CAPIT','XXXXXX',17501,522,'Fournisseurs ordinaires',NULL,NULL,1);
INSERT INTO `llx_accounting_account` VALUES (527,1,NULL,'2016-08-10 17:40:35','PCMN-BASE','CAPIT','XXXXXX',175010,526,'Fournisseurs belges',NULL,NULL,1);
INSERT INTO `llx_accounting_account` VALUES (528,1,NULL,'2016-08-10 17:40:35','PCMN-BASE','CAPIT','XXXXXX',175011,526,'Fournisseurs C.E.E.',NULL,NULL,1);
INSERT INTO `llx_accounting_account` VALUES (529,1,NULL,'2016-08-10 17:40:35','PCMN-BASE','CAPIT','XXXXXX',175012,526,'Fournisseurs importation',NULL,NULL,1);
INSERT INTO `llx_accounting_account` VALUES (530,1,NULL,'2016-08-10 17:40:35','PCMN-BASE','CAPIT','XXXXXX',1751,521,'Effets à payer',NULL,NULL,1);
INSERT INTO `llx_accounting_account` VALUES (531,1,NULL,'2016-08-10 17:40:35','PCMN-BASE','CAPIT','XXXXXX',17510,530,'Entreprises apparentées',NULL,NULL,1);
INSERT INTO `llx_accounting_account` VALUES (532,1,NULL,'2016-08-10 17:40:35','PCMN-BASE','CAPIT','XXXXXX',175100,531,'Entreprises liées',NULL,NULL,1);
INSERT INTO `llx_accounting_account` VALUES (533,1,NULL,'2016-08-10 17:40:35','PCMN-BASE','CAPIT','XXXXXX',175101,531,'Entreprises avec lesquelles il existe un lien de participation',NULL,NULL,1);
INSERT INTO `llx_accounting_account` VALUES (534,1,NULL,'2016-08-10 17:40:35','PCMN-BASE','CAPIT','XXXXXX',17511,530,'Fournisseurs ordinaires',NULL,NULL,1);
INSERT INTO `llx_accounting_account` VALUES (535,1,NULL,'2016-08-10 17:40:35','PCMN-BASE','CAPIT','XXXXXX',175110,534,'Fournisseurs belges',NULL,NULL,1);
INSERT INTO `llx_accounting_account` VALUES (536,1,NULL,'2016-08-10 17:40:35','PCMN-BASE','CAPIT','XXXXXX',175111,534,'Fournisseurs C.E.E.',NULL,NULL,1);
INSERT INTO `llx_accounting_account` VALUES (537,1,NULL,'2016-08-10 17:40:35','PCMN-BASE','CAPIT','XXXXXX',175112,534,'Fournisseurs importation',NULL,NULL,1);
INSERT INTO `llx_accounting_account` VALUES (538,1,NULL,'2016-08-10 17:40:35','PCMN-BASE','CAPIT','XXXXXX',176,493,'Acomptes reçus sur commandes',NULL,NULL,1);
INSERT INTO `llx_accounting_account` VALUES (539,1,NULL,'2016-08-10 17:40:35','PCMN-BASE','CAPIT','XXXXXX',178,493,'Cautionnements reçus en numéraires',NULL,NULL,1);
INSERT INTO `llx_accounting_account` VALUES (540,1,NULL,'2016-08-10 17:40:35','PCMN-BASE','CAPIT','XXXXXX',179,493,'Dettes diverses',NULL,NULL,1);
INSERT INTO `llx_accounting_account` VALUES (541,1,NULL,'2016-08-10 17:40:35','PCMN-BASE','CAPIT','XXXXXX',1790,540,'Entreprises liées',NULL,NULL,1);
INSERT INTO `llx_accounting_account` VALUES (542,1,NULL,'2016-08-10 17:40:35','PCMN-BASE','CAPIT','XXXXXX',1791,540,'Autres entreprises avec lesquelles il existe un lien de participation',NULL,NULL,1);
INSERT INTO `llx_accounting_account` VALUES (543,1,NULL,'2016-08-10 17:40:35','PCMN-BASE','CAPIT','XXXXXX',1792,540,'Administrateurs, gérants et associés',NULL,NULL,1);
INSERT INTO `llx_accounting_account` VALUES (544,1,NULL,'2016-08-10 17:40:35','PCMN-BASE','CAPIT','XXXXXX',1794,540,'Rentes viagères capitalisées',NULL,NULL,1);
INSERT INTO `llx_accounting_account` VALUES (545,1,NULL,'2016-08-10 17:40:35','PCMN-BASE','CAPIT','XXXXXX',1798,540,'Dettes envers les coparticipants des associations momentanées et en participation',NULL,NULL,1);
INSERT INTO `llx_accounting_account` VALUES (546,1,NULL,'2016-08-10 17:40:35','PCMN-BASE','CAPIT','XXXXXX',1799,540,'Autres dettes diverses',NULL,NULL,1);
INSERT INTO `llx_accounting_account` VALUES (547,1,NULL,'2016-08-10 17:40:35','PCMN-BASE','CAPIT','XXXXXX',18,1351,'Comptes de liaison des établissements et succursales',NULL,NULL,1);
INSERT INTO `llx_accounting_account` VALUES (548,1,NULL,'2016-08-10 17:40:35','PCMN-BASE','IMMO','XXXXXX',20,1352,'Frais d\'établissement',NULL,NULL,1);
INSERT INTO `llx_accounting_account` VALUES (549,1,NULL,'2016-08-10 17:40:35','PCMN-BASE','IMMO','XXXXXX',200,548,'Frais de constitution et d\'augmentation de capital',NULL,NULL,1);
INSERT INTO `llx_accounting_account` VALUES (550,1,NULL,'2016-08-10 17:40:35','PCMN-BASE','IMMO','XXXXXX',2000,549,'Frais de constitution et d\'augmentation de capital',NULL,NULL,1);
INSERT INTO `llx_accounting_account` VALUES (551,1,NULL,'2016-08-10 17:40:35','PCMN-BASE','IMMO','XXXXXX',2009,549,'Amortissements sur frais de constitution et d\'augmentation de capital',NULL,NULL,1);
INSERT INTO `llx_accounting_account` VALUES (552,1,NULL,'2016-08-10 17:40:35','PCMN-BASE','IMMO','XXXXXX',201,548,'Frais d\'émission d\'emprunts et primes de remboursement',NULL,NULL,1);
INSERT INTO `llx_accounting_account` VALUES (553,1,NULL,'2016-08-10 17:40:35','PCMN-BASE','IMMO','XXXXXX',2010,552,'Agios sur emprunts et frais d\'émission d\'emprunts',NULL,NULL,1);
INSERT INTO `llx_accounting_account` VALUES (554,1,NULL,'2016-08-10 17:40:35','PCMN-BASE','IMMO','XXXXXX',2019,552,'Amortissements sur agios sur emprunts et frais d\'émission d\'emprunts',NULL,NULL,1);
INSERT INTO `llx_accounting_account` VALUES (555,1,NULL,'2016-08-10 17:40:35','PCMN-BASE','IMMO','XXXXXX',202,548,'Autres frais d\'établissement',NULL,NULL,1);
INSERT INTO `llx_accounting_account` VALUES (556,1,NULL,'2016-08-10 17:40:35','PCMN-BASE','IMMO','XXXXXX',2020,555,'Autres frais d\'établissement',NULL,NULL,1);
INSERT INTO `llx_accounting_account` VALUES (557,1,NULL,'2016-08-10 17:40:35','PCMN-BASE','IMMO','XXXXXX',2029,555,'Amortissements sur autres frais d\'établissement',NULL,NULL,1);
INSERT INTO `llx_accounting_account` VALUES (558,1,NULL,'2016-08-10 17:40:35','PCMN-BASE','IMMO','XXXXXX',203,548,'Intérêts intercalaires',NULL,NULL,1);
INSERT INTO `llx_accounting_account` VALUES (559,1,NULL,'2016-08-10 17:40:35','PCMN-BASE','IMMO','XXXXXX',2030,558,'Intérêts intercalaires',NULL,NULL,1);
INSERT INTO `llx_accounting_account` VALUES (560,1,NULL,'2016-08-10 17:40:35','PCMN-BASE','IMMO','XXXXXX',2039,558,'Amortissements sur intérêts intercalaires',NULL,NULL,1);
INSERT INTO `llx_accounting_account` VALUES (561,1,NULL,'2016-08-10 17:40:35','PCMN-BASE','IMMO','XXXXXX',204,548,'Frais de restructuration',NULL,NULL,1);
INSERT INTO `llx_accounting_account` VALUES (562,1,NULL,'2016-08-10 17:40:35','PCMN-BASE','IMMO','XXXXXX',2040,561,'Coût des frais de restructuration',NULL,NULL,1);
INSERT INTO `llx_accounting_account` VALUES (563,1,NULL,'2016-08-10 17:40:35','PCMN-BASE','IMMO','XXXXXX',2049,561,'Amortissements sur frais de restructuration',NULL,NULL,1);
INSERT INTO `llx_accounting_account` VALUES (564,1,NULL,'2016-08-10 17:40:35','PCMN-BASE','IMMO','XXXXXX',21,1352,'Immobilisations incorporelles',NULL,NULL,1);
INSERT INTO `llx_accounting_account` VALUES (565,1,NULL,'2016-08-10 17:40:35','PCMN-BASE','IMMO','XXXXXX',210,564,'Frais de recherche et de développement',NULL,NULL,1);
INSERT INTO `llx_accounting_account` VALUES (566,1,NULL,'2016-08-10 17:40:35','PCMN-BASE','IMMO','XXXXXX',2100,565,'Frais de recherche et de mise au point',NULL,NULL,1);
INSERT INTO `llx_accounting_account` VALUES (567,1,NULL,'2016-08-10 17:40:35','PCMN-BASE','IMMO','XXXXXX',2108,565,'Plus-values actées sur frais de recherche et de mise au point',NULL,NULL,1);
INSERT INTO `llx_accounting_account` VALUES (568,1,NULL,'2016-08-10 17:40:35','PCMN-BASE','IMMO','XXXXXX',2109,565,'Amortissements sur frais de recherche et de mise au point',NULL,NULL,1);
INSERT INTO `llx_accounting_account` VALUES (569,1,NULL,'2016-08-10 17:40:35','PCMN-BASE','IMMO','XXXXXX',211,564,'Concessions, brevets, licences, savoir-faire, marque et droits similaires',NULL,NULL,1);
INSERT INTO `llx_accounting_account` VALUES (570,1,NULL,'2016-08-10 17:40:35','PCMN-BASE','IMMO','XXXXXX',2110,569,'Concessions, brevets, licences, marques, etc',NULL,NULL,1);
INSERT INTO `llx_accounting_account` VALUES (571,1,NULL,'2016-08-10 17:40:35','PCMN-BASE','IMMO','XXXXXX',2118,569,'Plus-values actées sur concessions, etc',NULL,NULL,1);
INSERT INTO `llx_accounting_account` VALUES (572,1,NULL,'2016-08-10 17:40:35','PCMN-BASE','IMMO','XXXXXX',2119,569,'Amortissements sur concessions, etc',NULL,NULL,1);
INSERT INTO `llx_accounting_account` VALUES (573,1,NULL,'2016-08-10 17:40:35','PCMN-BASE','IMMO','XXXXXX',212,564,'Goodwill',NULL,NULL,1);
INSERT INTO `llx_accounting_account` VALUES (574,1,NULL,'2016-08-10 17:40:35','PCMN-BASE','IMMO','XXXXXX',2120,573,'Coût d\'acquisition',NULL,NULL,1);
INSERT INTO `llx_accounting_account` VALUES (575,1,NULL,'2016-08-10 17:40:35','PCMN-BASE','IMMO','XXXXXX',2128,573,'Plus-values actées',NULL,NULL,1);
INSERT INTO `llx_accounting_account` VALUES (576,1,NULL,'2016-08-10 17:40:35','PCMN-BASE','IMMO','XXXXXX',2129,573,'Amortissements sur goodwill',NULL,NULL,1);
INSERT INTO `llx_accounting_account` VALUES (577,1,NULL,'2016-08-10 17:40:35','PCMN-BASE','IMMO','XXXXXX',213,564,'Acomptes versés',NULL,NULL,1);
INSERT INTO `llx_accounting_account` VALUES (578,1,NULL,'2016-08-10 17:40:35','PCMN-BASE','IMMO','XXXXXX',22,1352,'Terrains et constructions',NULL,NULL,1);
INSERT INTO `llx_accounting_account` VALUES (579,1,NULL,'2016-08-10 17:40:35','PCMN-BASE','IMMO','XXXXXX',220,578,'Terrains',NULL,NULL,1);
INSERT INTO `llx_accounting_account` VALUES (580,1,NULL,'2016-08-10 17:40:35','PCMN-BASE','IMMO','XXXXXX',2200,579,'Terrains',NULL,NULL,1);
INSERT INTO `llx_accounting_account` VALUES (581,1,NULL,'2016-08-10 17:40:35','PCMN-BASE','IMMO','XXXXXX',2201,579,'Frais d\'acquisition sur terrains',NULL,NULL,1);
INSERT INTO `llx_accounting_account` VALUES (582,1,NULL,'2016-08-10 17:40:35','PCMN-BASE','IMMO','XXXXXX',2208,579,'Plus-values actées sur terrains',NULL,NULL,1);
INSERT INTO `llx_accounting_account` VALUES (583,1,NULL,'2016-08-10 17:40:35','PCMN-BASE','IMMO','XXXXXX',2209,579,'Amortissements et réductions de valeur',NULL,NULL,1);
INSERT INTO `llx_accounting_account` VALUES (584,1,NULL,'2016-08-10 17:40:35','PCMN-BASE','IMMO','XXXXXX',22090,583,'Amortissements sur frais d\'acquisition',NULL,NULL,1);
INSERT INTO `llx_accounting_account` VALUES (585,1,NULL,'2016-08-10 17:40:35','PCMN-BASE','IMMO','XXXXXX',22091,583,'Réductions de valeur sur terrains',NULL,NULL,1);
INSERT INTO `llx_accounting_account` VALUES (586,1,NULL,'2016-08-10 17:40:35','PCMN-BASE','IMMO','XXXXXX',221,578,'Constructions',NULL,NULL,1);
INSERT INTO `llx_accounting_account` VALUES (587,1,NULL,'2016-08-10 17:40:35','PCMN-BASE','IMMO','XXXXXX',2210,586,'Bâtiments industriels',NULL,NULL,1);
INSERT INTO `llx_accounting_account` VALUES (588,1,NULL,'2016-08-10 17:40:35','PCMN-BASE','IMMO','XXXXXX',2211,586,'Bâtiments administratifs et commerciaux',NULL,NULL,1);
INSERT INTO `llx_accounting_account` VALUES (589,1,NULL,'2016-08-10 17:40:35','PCMN-BASE','IMMO','XXXXXX',2212,586,'Autres bâtiments d\'exploitation',NULL,NULL,1);
INSERT INTO `llx_accounting_account` VALUES (590,1,NULL,'2016-08-10 17:40:35','PCMN-BASE','IMMO','XXXXXX',2213,586,'Voies de transport et ouvrages d\'art',NULL,NULL,1);
INSERT INTO `llx_accounting_account` VALUES (591,1,NULL,'2016-08-10 17:40:35','PCMN-BASE','IMMO','XXXXXX',2215,586,'Constructions sur sol d\'autrui',NULL,NULL,1);
INSERT INTO `llx_accounting_account` VALUES (592,1,NULL,'2016-08-10 17:40:35','PCMN-BASE','IMMO','XXXXXX',2216,586,'Frais d\'acquisition sur constructions',NULL,NULL,1);
INSERT INTO `llx_accounting_account` VALUES (593,1,NULL,'2016-08-10 17:40:35','PCMN-BASE','IMMO','XXXXXX',2218,586,'Plus-values actées',NULL,NULL,1);
INSERT INTO `llx_accounting_account` VALUES (594,1,NULL,'2016-08-10 17:40:35','PCMN-BASE','IMMO','XXXXXX',22180,593,'Sur bâtiments industriels',NULL,NULL,1);
INSERT INTO `llx_accounting_account` VALUES (595,1,NULL,'2016-08-10 17:40:35','PCMN-BASE','IMMO','XXXXXX',22181,593,'Sur bâtiments administratifs et commerciaux',NULL,NULL,1);
INSERT INTO `llx_accounting_account` VALUES (596,1,NULL,'2016-08-10 17:40:35','PCMN-BASE','IMMO','XXXXXX',22182,593,'Sur autres bâtiments d\'exploitation',NULL,NULL,1);
INSERT INTO `llx_accounting_account` VALUES (597,1,NULL,'2016-08-10 17:40:35','PCMN-BASE','IMMO','XXXXXX',22184,593,'Sur voies de transport et ouvrages d\'art',NULL,NULL,1);
INSERT INTO `llx_accounting_account` VALUES (598,1,NULL,'2016-08-10 17:40:35','PCMN-BASE','IMMO','XXXXXX',2219,586,'Amortissements sur constructions',NULL,NULL,1);
INSERT INTO `llx_accounting_account` VALUES (599,1,NULL,'2016-08-10 17:40:35','PCMN-BASE','IMMO','XXXXXX',22190,598,'Sur bâtiments industriels',NULL,NULL,1);
INSERT INTO `llx_accounting_account` VALUES (600,1,NULL,'2016-08-10 17:40:35','PCMN-BASE','IMMO','XXXXXX',22191,598,'Sur bâtiments administratifs et commerciaux',NULL,NULL,1);
INSERT INTO `llx_accounting_account` VALUES (601,1,NULL,'2016-08-10 17:40:35','PCMN-BASE','IMMO','XXXXXX',22192,598,'Sur autres bâtiments d\'exploitation',NULL,NULL,1);
INSERT INTO `llx_accounting_account` VALUES (602,1,NULL,'2016-08-10 17:40:35','PCMN-BASE','IMMO','XXXXXX',22194,598,'Sur voies de transport et ouvrages d\'art',NULL,NULL,1);
INSERT INTO `llx_accounting_account` VALUES (603,1,NULL,'2016-08-10 17:40:35','PCMN-BASE','IMMO','XXXXXX',22195,598,'Sur constructions sur sol d\'autrui',NULL,NULL,1);
INSERT INTO `llx_accounting_account` VALUES (604,1,NULL,'2016-08-10 17:40:35','PCMN-BASE','IMMO','XXXXXX',22196,598,'Sur frais d\'acquisition sur constructions',NULL,NULL,1);
INSERT INTO `llx_accounting_account` VALUES (605,1,NULL,'2016-08-10 17:40:35','PCMN-BASE','IMMO','XXXXXX',222,578,'Terrains bâtis',NULL,NULL,1);
INSERT INTO `llx_accounting_account` VALUES (606,1,NULL,'2016-08-10 17:40:35','PCMN-BASE','IMMO','XXXXXX',2220,605,'Valeur d\'acquisition',NULL,NULL,1);
INSERT INTO `llx_accounting_account` VALUES (607,1,NULL,'2016-08-10 17:40:35','PCMN-BASE','IMMO','XXXXXX',22200,606,'Bâtiments industriels',NULL,NULL,1);
INSERT INTO `llx_accounting_account` VALUES (608,1,NULL,'2016-08-10 17:40:35','PCMN-BASE','IMMO','XXXXXX',22201,606,'Bâtiments administratifs et commerciaux',NULL,NULL,1);
INSERT INTO `llx_accounting_account` VALUES (609,1,NULL,'2016-08-10 17:40:35','PCMN-BASE','IMMO','XXXXXX',22202,606,'Autres bâtiments d\'exploitation',NULL,NULL,1);
INSERT INTO `llx_accounting_account` VALUES (610,1,NULL,'2016-08-10 17:40:35','PCMN-BASE','IMMO','XXXXXX',22203,606,'Voies de transport et ouvrages d\'art',NULL,NULL,1);
INSERT INTO `llx_accounting_account` VALUES (611,1,NULL,'2016-08-10 17:40:35','PCMN-BASE','IMMO','XXXXXX',22204,606,'Frais d\'acquisition des terrains à bâtir',NULL,NULL,1);
INSERT INTO `llx_accounting_account` VALUES (612,1,NULL,'2016-08-10 17:40:35','PCMN-BASE','IMMO','XXXXXX',2228,605,'Plus-values actées',NULL,NULL,1);
INSERT INTO `llx_accounting_account` VALUES (613,1,NULL,'2016-08-10 17:40:35','PCMN-BASE','IMMO','XXXXXX',22280,612,'Sur bâtiments industriels',NULL,NULL,1);
INSERT INTO `llx_accounting_account` VALUES (614,1,NULL,'2016-08-10 17:40:35','PCMN-BASE','IMMO','XXXXXX',22281,612,'Sur bâtiments administratifs et commerciaux',NULL,NULL,1);
INSERT INTO `llx_accounting_account` VALUES (615,1,NULL,'2016-08-10 17:40:35','PCMN-BASE','IMMO','XXXXXX',22282,612,'Sur autres bâtiments d\'exploitation',NULL,NULL,1);
INSERT INTO `llx_accounting_account` VALUES (616,1,NULL,'2016-08-10 17:40:35','PCMN-BASE','IMMO','XXXXXX',22283,612,'Sur voies de transport et ouvrages d\'art',NULL,NULL,1);
INSERT INTO `llx_accounting_account` VALUES (617,1,NULL,'2016-08-10 17:40:35','PCMN-BASE','IMMO','XXXXXX',2229,605,'Amortissements sur terrains bâtis',NULL,NULL,1);
INSERT INTO `llx_accounting_account` VALUES (618,1,NULL,'2016-08-10 17:40:35','PCMN-BASE','IMMO','XXXXXX',22290,617,'Sur bâtiments industriels',NULL,NULL,1);
INSERT INTO `llx_accounting_account` VALUES (619,1,NULL,'2016-08-10 17:40:35','PCMN-BASE','IMMO','XXXXXX',22291,617,'Sur bâtiments administratifs et commerciaux',NULL,NULL,1);
INSERT INTO `llx_accounting_account` VALUES (620,1,NULL,'2016-08-10 17:40:35','PCMN-BASE','IMMO','XXXXXX',22292,617,'Sur autres bâtiments d\'exploitation',NULL,NULL,1);
INSERT INTO `llx_accounting_account` VALUES (621,1,NULL,'2016-08-10 17:40:35','PCMN-BASE','IMMO','XXXXXX',22293,617,'Sur voies de transport et ouvrages d\'art',NULL,NULL,1);
INSERT INTO `llx_accounting_account` VALUES (622,1,NULL,'2016-08-10 17:40:35','PCMN-BASE','IMMO','XXXXXX',22294,617,'Sur frais d\'acquisition des terrains bâtis',NULL,NULL,1);
INSERT INTO `llx_accounting_account` VALUES (623,1,NULL,'2016-08-10 17:40:35','PCMN-BASE','IMMO','XXXXXX',223,578,'Autres droits réels sur des immeubles',NULL,NULL,1);
INSERT INTO `llx_accounting_account` VALUES (624,1,NULL,'2016-08-10 17:40:35','PCMN-BASE','IMMO','XXXXXX',2230,623,'Valeur d\'acquisition',NULL,NULL,1);
INSERT INTO `llx_accounting_account` VALUES (625,1,NULL,'2016-08-10 17:40:35','PCMN-BASE','IMMO','XXXXXX',2238,623,'Plus-values actées',NULL,NULL,1);
INSERT INTO `llx_accounting_account` VALUES (626,1,NULL,'2016-08-10 17:40:35','PCMN-BASE','IMMO','XXXXXX',2239,623,'Amortissements',NULL,NULL,1);
INSERT INTO `llx_accounting_account` VALUES (627,1,NULL,'2016-08-10 17:40:35','PCMN-BASE','IMMO','XXXXXX',23,1352,'Installations, machines et outillages',NULL,NULL,1);
INSERT INTO `llx_accounting_account` VALUES (628,1,NULL,'2016-08-10 17:40:35','PCMN-BASE','IMMO','XXXXXX',230,627,'Installations',NULL,NULL,1);
INSERT INTO `llx_accounting_account` VALUES (629,1,NULL,'2016-08-10 17:40:35','PCMN-BASE','IMMO','XXXXXX',2300,628,'Installations bâtiments industriels',NULL,NULL,1);
INSERT INTO `llx_accounting_account` VALUES (630,1,NULL,'2016-08-10 17:40:35','PCMN-BASE','IMMO','XXXXXX',2301,628,'Installations bâtiments administratifs et commerciaux',NULL,NULL,1);
INSERT INTO `llx_accounting_account` VALUES (631,1,NULL,'2016-08-10 17:40:35','PCMN-BASE','IMMO','XXXXXX',2302,628,'Installations bâtiments d\'exploitation',NULL,NULL,1);
INSERT INTO `llx_accounting_account` VALUES (632,1,NULL,'2016-08-10 17:40:35','PCMN-BASE','IMMO','XXXXXX',2303,628,'Installations voies de transport et ouvrages d\'art',NULL,NULL,1);
INSERT INTO `llx_accounting_account` VALUES (633,1,NULL,'2016-08-10 17:40:35','PCMN-BASE','IMMO','XXXXXX',2300,628,'Installation d\'eau',NULL,NULL,1);
INSERT INTO `llx_accounting_account` VALUES (634,1,NULL,'2016-08-10 17:40:35','PCMN-BASE','IMMO','XXXXXX',2301,628,'Installation d\'électricité',NULL,NULL,1);
INSERT INTO `llx_accounting_account` VALUES (635,1,NULL,'2016-08-10 17:40:35','PCMN-BASE','IMMO','XXXXXX',2302,628,'Installation de vapeur',NULL,NULL,1);
INSERT INTO `llx_accounting_account` VALUES (636,1,NULL,'2016-08-10 17:40:35','PCMN-BASE','IMMO','XXXXXX',2303,628,'Installation de gaz',NULL,NULL,1);
INSERT INTO `llx_accounting_account` VALUES (637,1,NULL,'2016-08-10 17:40:35','PCMN-BASE','IMMO','XXXXXX',2304,628,'Installation de chauffage',NULL,NULL,1);
INSERT INTO `llx_accounting_account` VALUES (638,1,NULL,'2016-08-10 17:40:35','PCMN-BASE','IMMO','XXXXXX',2305,628,'Installation de conditionnement d\'air',NULL,NULL,1);
INSERT INTO `llx_accounting_account` VALUES (639,1,NULL,'2016-08-10 17:40:35','PCMN-BASE','IMMO','XXXXXX',2306,628,'Installation de chargement',NULL,NULL,1);
INSERT INTO `llx_accounting_account` VALUES (640,1,NULL,'2016-08-10 17:40:35','PCMN-BASE','IMMO','XXXXXX',231,627,'Machines',NULL,NULL,1);
INSERT INTO `llx_accounting_account` VALUES (641,1,NULL,'2016-08-10 17:40:35','PCMN-BASE','IMMO','XXXXXX',2310,640,'Division A',NULL,NULL,1);
INSERT INTO `llx_accounting_account` VALUES (642,1,NULL,'2016-08-10 17:40:35','PCMN-BASE','IMMO','XXXXXX',2311,640,'Division B',NULL,NULL,1);
INSERT INTO `llx_accounting_account` VALUES (643,1,NULL,'2016-08-10 17:40:35','PCMN-BASE','IMMO','XXXXXX',2312,640,'Division C',NULL,NULL,1);
INSERT INTO `llx_accounting_account` VALUES (644,1,NULL,'2016-08-10 17:40:35','PCMN-BASE','IMMO','XXXXXX',237,627,'Outillage',NULL,NULL,1);
INSERT INTO `llx_accounting_account` VALUES (645,1,NULL,'2016-08-10 17:40:35','PCMN-BASE','IMMO','XXXXXX',2370,644,'Division A',NULL,NULL,1);
INSERT INTO `llx_accounting_account` VALUES (646,1,NULL,'2016-08-10 17:40:35','PCMN-BASE','IMMO','XXXXXX',2371,644,'Division B',NULL,NULL,1);
INSERT INTO `llx_accounting_account` VALUES (647,1,NULL,'2016-08-10 17:40:35','PCMN-BASE','IMMO','XXXXXX',2372,644,'Division C',NULL,NULL,1);
INSERT INTO `llx_accounting_account` VALUES (648,1,NULL,'2016-08-10 17:40:35','PCMN-BASE','IMMO','XXXXXX',238,627,'Plus-values actées',NULL,NULL,1);
INSERT INTO `llx_accounting_account` VALUES (649,1,NULL,'2016-08-10 17:40:35','PCMN-BASE','IMMO','XXXXXX',2380,648,'Sur installations',NULL,NULL,1);
INSERT INTO `llx_accounting_account` VALUES (650,1,NULL,'2016-08-10 17:40:35','PCMN-BASE','IMMO','XXXXXX',2381,648,'Sur machines',NULL,NULL,1);
INSERT INTO `llx_accounting_account` VALUES (651,1,NULL,'2016-08-10 17:40:35','PCMN-BASE','IMMO','XXXXXX',2382,648,'Sur outillage',NULL,NULL,1);
INSERT INTO `llx_accounting_account` VALUES (652,1,NULL,'2016-08-10 17:40:35','PCMN-BASE','IMMO','XXXXXX',239,627,'Amortissements',NULL,NULL,1);
INSERT INTO `llx_accounting_account` VALUES (653,1,NULL,'2016-08-10 17:40:35','PCMN-BASE','IMMO','XXXXXX',2390,652,'Sur installations',NULL,NULL,1);
INSERT INTO `llx_accounting_account` VALUES (654,1,NULL,'2016-08-10 17:40:35','PCMN-BASE','IMMO','XXXXXX',2391,652,'Sur machines',NULL,NULL,1);
INSERT INTO `llx_accounting_account` VALUES (655,1,NULL,'2016-08-10 17:40:35','PCMN-BASE','IMMO','XXXXXX',2392,652,'Sur outillage',NULL,NULL,1);
INSERT INTO `llx_accounting_account` VALUES (656,1,NULL,'2016-08-10 17:40:35','PCMN-BASE','IMMO','XXXXXX',24,1352,'Mobilier et matériel roulant',NULL,NULL,1);
INSERT INTO `llx_accounting_account` VALUES (657,1,NULL,'2016-08-10 17:40:35','PCMN-BASE','IMMO','XXXXXX',240,656,'Mobilier',NULL,NULL,1);
INSERT INTO `llx_accounting_account` VALUES (658,1,NULL,'2016-08-10 17:40:35','PCMN-BASE','IMMO','XXXXXX',2400,656,'Mobilier',NULL,NULL,1);
INSERT INTO `llx_accounting_account` VALUES (659,1,NULL,'2016-08-10 17:40:35','PCMN-BASE','IMMO','XXXXXX',24000,658,'Mobilier des bâtiments industriels',NULL,NULL,1);
INSERT INTO `llx_accounting_account` VALUES (660,1,NULL,'2016-08-10 17:40:35','PCMN-BASE','IMMO','XXXXXX',24001,658,'Mobilier des bâtiments administratifs et commerciaux',NULL,NULL,1);
INSERT INTO `llx_accounting_account` VALUES (661,1,NULL,'2016-08-10 17:40:35','PCMN-BASE','IMMO','XXXXXX',24002,658,'Mobilier des autres bâtiments d\'exploitation',NULL,NULL,1);
INSERT INTO `llx_accounting_account` VALUES (662,1,NULL,'2016-08-10 17:40:35','PCMN-BASE','IMMO','XXXXXX',24003,658,'Mobilier oeuvres sociales',NULL,NULL,1);
INSERT INTO `llx_accounting_account` VALUES (663,1,NULL,'2016-08-10 17:40:35','PCMN-BASE','IMMO','XXXXXX',2401,657,'Matériel de bureau et de service social',NULL,NULL,1);
INSERT INTO `llx_accounting_account` VALUES (664,1,NULL,'2016-08-10 17:40:35','PCMN-BASE','IMMO','XXXXXX',24010,663,'Des bâtiments industriels',NULL,NULL,1);
INSERT INTO `llx_accounting_account` VALUES (665,1,NULL,'2016-08-10 17:40:35','PCMN-BASE','IMMO','XXXXXX',24011,663,'Des bâtiments administratifs et commerciaux',NULL,NULL,1);
INSERT INTO `llx_accounting_account` VALUES (666,1,NULL,'2016-08-10 17:40:35','PCMN-BASE','IMMO','XXXXXX',24012,663,'Des autres bâtiments d\'exploitation',NULL,NULL,1);
INSERT INTO `llx_accounting_account` VALUES (667,1,NULL,'2016-08-10 17:40:35','PCMN-BASE','IMMO','XXXXXX',24013,663,'Des oeuvres sociales',NULL,NULL,1);
INSERT INTO `llx_accounting_account` VALUES (668,1,NULL,'2016-08-10 17:40:35','PCMN-BASE','IMMO','XXXXXX',2408,657,'Plus-values actées',NULL,NULL,1);
INSERT INTO `llx_accounting_account` VALUES (669,1,NULL,'2016-08-10 17:40:35','PCMN-BASE','IMMO','XXXXXX',24080,668,'Plus-values actées sur mobilier',NULL,NULL,1);
INSERT INTO `llx_accounting_account` VALUES (670,1,NULL,'2016-08-10 17:40:35','PCMN-BASE','IMMO','XXXXXX',24081,668,'Plus-values actées sur matériel de bureau et service social',NULL,NULL,1);
INSERT INTO `llx_accounting_account` VALUES (671,1,NULL,'2016-08-10 17:40:35','PCMN-BASE','IMMO','XXXXXX',2409,657,'Amortissements',NULL,NULL,1);
INSERT INTO `llx_accounting_account` VALUES (672,1,NULL,'2016-08-10 17:40:35','PCMN-BASE','IMMO','XXXXXX',24090,671,'Amortissements sur mobilier',NULL,NULL,1);
INSERT INTO `llx_accounting_account` VALUES (673,1,NULL,'2016-08-10 17:40:35','PCMN-BASE','IMMO','XXXXXX',24091,671,'Amortissements sur matériel de bureau et service social',NULL,NULL,1);
INSERT INTO `llx_accounting_account` VALUES (674,1,NULL,'2016-08-10 17:40:35','PCMN-BASE','IMMO','XXXXXX',241,656,'Matériel roulant',NULL,NULL,1);
INSERT INTO `llx_accounting_account` VALUES (675,1,NULL,'2016-08-10 17:40:35','PCMN-BASE','IMMO','XXXXXX',2410,674,'Matériel automobile',NULL,NULL,1);
INSERT INTO `llx_accounting_account` VALUES (676,1,NULL,'2016-08-10 17:40:35','PCMN-BASE','IMMO','XXXXXX',24100,675,'Voitures',NULL,NULL,1);
INSERT INTO `llx_accounting_account` VALUES (677,1,NULL,'2016-08-10 17:40:35','PCMN-BASE','IMMO','XXXXXX',24105,675,'Camions',NULL,NULL,1);
INSERT INTO `llx_accounting_account` VALUES (678,1,NULL,'2016-08-10 17:40:35','PCMN-BASE','IMMO','XXXXXX',2411,674,'Matériel ferroviaire',NULL,NULL,1);
INSERT INTO `llx_accounting_account` VALUES (679,1,NULL,'2016-08-10 17:40:35','PCMN-BASE','IMMO','XXXXXX',2412,674,'Matériel fluvial',NULL,NULL,1);
INSERT INTO `llx_accounting_account` VALUES (680,1,NULL,'2016-08-10 17:40:35','PCMN-BASE','IMMO','XXXXXX',2413,674,'Matériel naval',NULL,NULL,1);
INSERT INTO `llx_accounting_account` VALUES (681,1,NULL,'2016-08-10 17:40:35','PCMN-BASE','IMMO','XXXXXX',2414,674,'Matériel aérien',NULL,NULL,1);
INSERT INTO `llx_accounting_account` VALUES (682,1,NULL,'2016-08-10 17:40:35','PCMN-BASE','IMMO','XXXXXX',2418,674,'Plus-values sur matériel roulant',NULL,NULL,1);
INSERT INTO `llx_accounting_account` VALUES (683,1,NULL,'2016-08-10 17:40:35','PCMN-BASE','IMMO','XXXXXX',24180,682,'Plus-values sur matériel automobile',NULL,NULL,1);
INSERT INTO `llx_accounting_account` VALUES (684,1,NULL,'2016-08-10 17:40:35','PCMN-BASE','IMMO','XXXXXX',24181,682,'Idem sur matériel ferroviaire',NULL,NULL,1);
INSERT INTO `llx_accounting_account` VALUES (685,1,NULL,'2016-08-10 17:40:35','PCMN-BASE','IMMO','XXXXXX',24182,682,'Idem sur matériel fluvial',NULL,NULL,1);
INSERT INTO `llx_accounting_account` VALUES (686,1,NULL,'2016-08-10 17:40:35','PCMN-BASE','IMMO','XXXXXX',24183,682,'Idem sur matériel naval',NULL,NULL,1);
INSERT INTO `llx_accounting_account` VALUES (687,1,NULL,'2016-08-10 17:40:35','PCMN-BASE','IMMO','XXXXXX',24184,682,'Idem sur matériel aérien',NULL,NULL,1);
INSERT INTO `llx_accounting_account` VALUES (688,1,NULL,'2016-08-10 17:40:35','PCMN-BASE','IMMO','XXXXXX',2419,674,'Amortissements sur matériel roulant',NULL,NULL,1);
INSERT INTO `llx_accounting_account` VALUES (689,1,NULL,'2016-08-10 17:40:35','PCMN-BASE','IMMO','XXXXXX',24190,688,'Amortissements sur matériel automobile',NULL,NULL,1);
INSERT INTO `llx_accounting_account` VALUES (690,1,NULL,'2016-08-10 17:40:35','PCMN-BASE','IMMO','XXXXXX',24191,688,'Idem sur matériel ferroviaire',NULL,NULL,1);
INSERT INTO `llx_accounting_account` VALUES (691,1,NULL,'2016-08-10 17:40:35','PCMN-BASE','IMMO','XXXXXX',24192,688,'Idem sur matériel fluvial',NULL,NULL,1);
INSERT INTO `llx_accounting_account` VALUES (692,1,NULL,'2016-08-10 17:40:35','PCMN-BASE','IMMO','XXXXXX',24193,688,'Idem sur matériel naval',NULL,NULL,1);
INSERT INTO `llx_accounting_account` VALUES (693,1,NULL,'2016-08-10 17:40:35','PCMN-BASE','IMMO','XXXXXX',24194,688,'Idem sur matériel aérien',NULL,NULL,1);
INSERT INTO `llx_accounting_account` VALUES (694,1,NULL,'2016-08-10 17:40:35','PCMN-BASE','IMMO','XXXXXX',25,1352,'Immobilisation détenues en location-financement et droits similaires',NULL,NULL,1);
INSERT INTO `llx_accounting_account` VALUES (695,1,NULL,'2016-08-10 17:40:35','PCMN-BASE','IMMO','XXXXXX',250,694,'Terrains et constructions',NULL,NULL,1);
INSERT INTO `llx_accounting_account` VALUES (696,1,NULL,'2016-08-10 17:40:35','PCMN-BASE','IMMO','XXXXXX',2500,695,'Terrains',NULL,NULL,1);
INSERT INTO `llx_accounting_account` VALUES (697,1,NULL,'2016-08-10 17:40:35','PCMN-BASE','IMMO','XXXXXX',2501,695,'Constructions',NULL,NULL,1);
INSERT INTO `llx_accounting_account` VALUES (698,1,NULL,'2016-08-10 17:40:35','PCMN-BASE','IMMO','XXXXXX',2508,695,'Plus-values sur emphytéose,  leasing et droits similaires : terrains et constructions',NULL,NULL,1);
INSERT INTO `llx_accounting_account` VALUES (699,1,NULL,'2016-08-10 17:40:35','PCMN-BASE','IMMO','XXXXXX',2509,695,'Amortissements et réductions de valeur sur terrains et constructions en leasing',NULL,NULL,1);
INSERT INTO `llx_accounting_account` VALUES (700,1,NULL,'2016-08-10 17:40:35','PCMN-BASE','IMMO','XXXXXX',251,694,'Installations,  machines et outillage',NULL,NULL,1);
INSERT INTO `llx_accounting_account` VALUES (701,1,NULL,'2016-08-10 17:40:35','PCMN-BASE','IMMO','XXXXXX',2510,700,'Installations',NULL,NULL,1);
INSERT INTO `llx_accounting_account` VALUES (702,1,NULL,'2016-08-10 17:40:35','PCMN-BASE','IMMO','XXXXXX',2511,700,'Machines',NULL,NULL,1);
INSERT INTO `llx_accounting_account` VALUES (703,1,NULL,'2016-08-10 17:40:35','PCMN-BASE','IMMO','XXXXXX',2512,700,'Outillage',NULL,NULL,1);
INSERT INTO `llx_accounting_account` VALUES (704,1,NULL,'2016-08-10 17:40:35','PCMN-BASE','IMMO','XXXXXX',2518,700,'Plus-values actées sur installations machines et outillage pris en leasing',NULL,NULL,1);
INSERT INTO `llx_accounting_account` VALUES (705,1,NULL,'2016-08-10 17:40:35','PCMN-BASE','IMMO','XXXXXX',2519,700,'Amortissements sur installations machines et outillage pris en leasing',NULL,NULL,1);
INSERT INTO `llx_accounting_account` VALUES (706,1,NULL,'2016-08-10 17:40:35','PCMN-BASE','IMMO','XXXXXX',252,694,'Mobilier et matériel roulant',NULL,NULL,1);
INSERT INTO `llx_accounting_account` VALUES (707,1,NULL,'2016-08-10 17:40:35','PCMN-BASE','IMMO','XXXXXX',2520,706,'Mobilier',NULL,NULL,1);
INSERT INTO `llx_accounting_account` VALUES (708,1,NULL,'2016-08-10 17:40:35','PCMN-BASE','IMMO','XXXXXX',2521,706,'Matériel roulant',NULL,NULL,1);
INSERT INTO `llx_accounting_account` VALUES (709,1,NULL,'2016-08-10 17:40:35','PCMN-BASE','IMMO','XXXXXX',2528,706,'Plus-values actées sur mobilier et matériel roulant en leasing',NULL,NULL,1);
INSERT INTO `llx_accounting_account` VALUES (710,1,NULL,'2016-08-10 17:40:35','PCMN-BASE','IMMO','XXXXXX',2529,706,'Amortissements sur mobilier et matériel roulant en leasing',NULL,NULL,1);
INSERT INTO `llx_accounting_account` VALUES (711,1,NULL,'2016-08-10 17:40:35','PCMN-BASE','IMMO','XXXXXX',26,1352,'Autres immobilisations corporelles',NULL,NULL,1);
INSERT INTO `llx_accounting_account` VALUES (712,1,NULL,'2016-08-10 17:40:35','PCMN-BASE','IMMO','XXXXXX',260,711,'Frais d\'aménagements de locaux pris en location',NULL,NULL,1);
INSERT INTO `llx_accounting_account` VALUES (713,1,NULL,'2016-08-10 17:40:35','PCMN-BASE','IMMO','XXXXXX',261,711,'Maison d\'habitation',NULL,NULL,1);
INSERT INTO `llx_accounting_account` VALUES (714,1,NULL,'2016-08-10 17:40:35','PCMN-BASE','IMMO','XXXXXX',262,711,'Réserve immobilière',NULL,NULL,1);
INSERT INTO `llx_accounting_account` VALUES (715,1,NULL,'2016-08-10 17:40:35','PCMN-BASE','IMMO','XXXXXX',263,711,'Matériel d\'emballage',NULL,NULL,1);
INSERT INTO `llx_accounting_account` VALUES (716,1,NULL,'2016-08-10 17:40:35','PCMN-BASE','IMMO','XXXXXX',264,711,'Emballages récupérables',NULL,NULL,1);
INSERT INTO `llx_accounting_account` VALUES (717,1,NULL,'2016-08-10 17:40:35','PCMN-BASE','IMMO','XXXXXX',268,711,'Plus-values actées sur autres immobilisations corporelles',NULL,NULL,1);
INSERT INTO `llx_accounting_account` VALUES (718,1,NULL,'2016-08-10 17:40:35','PCMN-BASE','IMMO','XXXXXX',269,711,'Amortissements sur autres immobilisations corporelles',NULL,NULL,1);
INSERT INTO `llx_accounting_account` VALUES (719,1,NULL,'2016-08-10 17:40:35','PCMN-BASE','IMMO','XXXXXX',2690,718,'Amortissements sur frais d\'aménagement des locaux pris en location',NULL,NULL,1);
INSERT INTO `llx_accounting_account` VALUES (720,1,NULL,'2016-08-10 17:40:35','PCMN-BASE','IMMO','XXXXXX',2691,718,'Amortissements sur maison d\'habitation',NULL,NULL,1);
INSERT INTO `llx_accounting_account` VALUES (721,1,NULL,'2016-08-10 17:40:35','PCMN-BASE','IMMO','XXXXXX',2692,718,'Amortissements sur réserve immobilière',NULL,NULL,1);
INSERT INTO `llx_accounting_account` VALUES (722,1,NULL,'2016-08-10 17:40:35','PCMN-BASE','IMMO','XXXXXX',2693,718,'Amortissements sur matériel d\'emballage',NULL,NULL,1);
INSERT INTO `llx_accounting_account` VALUES (723,1,NULL,'2016-08-10 17:40:35','PCMN-BASE','IMMO','XXXXXX',2694,718,'Amortissements sur emballages récupérables',NULL,NULL,1);
INSERT INTO `llx_accounting_account` VALUES (724,1,NULL,'2016-08-10 17:40:35','PCMN-BASE','IMMO','XXXXXX',27,1352,'Immobilisations corporelles en cours et acomptes versés',NULL,NULL,1);
INSERT INTO `llx_accounting_account` VALUES (725,1,NULL,'2016-08-10 17:40:35','PCMN-BASE','IMMO','XXXXXX',270,724,'Immobilisations en cours',NULL,NULL,1);
INSERT INTO `llx_accounting_account` VALUES (726,1,NULL,'2016-08-10 17:40:35','PCMN-BASE','IMMO','XXXXXX',2700,725,'Constructions',NULL,NULL,1);
INSERT INTO `llx_accounting_account` VALUES (727,1,NULL,'2016-08-10 17:40:35','PCMN-BASE','IMMO','XXXXXX',2701,725,'Installations machines et outillage',NULL,NULL,1);
INSERT INTO `llx_accounting_account` VALUES (728,1,NULL,'2016-08-10 17:40:35','PCMN-BASE','IMMO','XXXXXX',2702,725,'Mobilier et matériel roulant',NULL,NULL,1);
INSERT INTO `llx_accounting_account` VALUES (729,1,NULL,'2016-08-10 17:40:35','PCMN-BASE','IMMO','XXXXXX',2703,725,'Autres immobilisations corporelles',NULL,NULL,1);
INSERT INTO `llx_accounting_account` VALUES (730,1,NULL,'2016-08-10 17:40:35','PCMN-BASE','IMMO','XXXXXX',271,724,'Avances et acomptes versés sur immobilisations en cours',NULL,NULL,1);
INSERT INTO `llx_accounting_account` VALUES (731,1,NULL,'2016-08-10 17:40:35','PCMN-BASE','IMMO','XXXXXX',28,1352,'Immobilisations financières',NULL,NULL,1);
INSERT INTO `llx_accounting_account` VALUES (732,1,NULL,'2016-08-10 17:40:35','PCMN-BASE','IMMO','XXXXXX',280,731,'Participations dans des entreprises liées',NULL,NULL,1);
INSERT INTO `llx_accounting_account` VALUES (733,1,NULL,'2016-08-10 17:40:35','PCMN-BASE','IMMO','XXXXXX',2800,732,'Valeur d\'acquisition (peut être subdivisé par participation)',NULL,NULL,1);
INSERT INTO `llx_accounting_account` VALUES (734,1,NULL,'2016-08-10 17:40:35','PCMN-BASE','IMMO','XXXXXX',2801,732,'Montants non appelés (idem)',NULL,NULL,1);
INSERT INTO `llx_accounting_account` VALUES (735,1,NULL,'2016-08-10 17:40:35','PCMN-BASE','IMMO','XXXXXX',2808,732,'Plus-values actées (idem)',NULL,NULL,1);
INSERT INTO `llx_accounting_account` VALUES (736,1,NULL,'2016-08-10 17:40:35','PCMN-BASE','IMMO','XXXXXX',2809,732,'Réductions de valeurs actées (idem)',NULL,NULL,1);
INSERT INTO `llx_accounting_account` VALUES (737,1,NULL,'2016-08-10 17:40:35','PCMN-BASE','IMMO','XXXXXX',281,731,'Créances sur des entreprises liées',NULL,NULL,1);
INSERT INTO `llx_accounting_account` VALUES (738,1,NULL,'2016-08-10 17:40:35','PCMN-BASE','IMMO','XXXXXX',2810,737,'Créances en compte',NULL,NULL,1);
INSERT INTO `llx_accounting_account` VALUES (739,1,NULL,'2016-08-10 17:40:35','PCMN-BASE','IMMO','XXXXXX',2811,737,'Effets à recevoir',NULL,NULL,1);
INSERT INTO `llx_accounting_account` VALUES (740,1,NULL,'2016-08-10 17:40:35','PCMN-BASE','IMMO','XXXXXX',2812,737,'Titres à revenu fixes',NULL,NULL,1);
INSERT INTO `llx_accounting_account` VALUES (741,1,NULL,'2016-08-10 17:40:35','PCMN-BASE','IMMO','XXXXXX',2817,737,'Créances douteuses',NULL,NULL,1);
INSERT INTO `llx_accounting_account` VALUES (742,1,NULL,'2016-08-10 17:40:35','PCMN-BASE','IMMO','XXXXXX',2819,737,'Réductions de valeurs actées',NULL,NULL,1);
INSERT INTO `llx_accounting_account` VALUES (743,1,NULL,'2016-08-10 17:40:35','PCMN-BASE','IMMO','XXXXXX',282,731,'Participations dans des entreprises avec lesquelles il existe un lien de participation',NULL,NULL,1);
INSERT INTO `llx_accounting_account` VALUES (744,1,NULL,'2016-08-10 17:40:35','PCMN-BASE','IMMO','XXXXXX',2820,743,'Valeur d\'acquisition (peut être subdivisé par participation)',NULL,NULL,1);
INSERT INTO `llx_accounting_account` VALUES (745,1,NULL,'2016-08-10 17:40:35','PCMN-BASE','IMMO','XXXXXX',2821,743,'Montants non appelés (idem)',NULL,NULL,1);
INSERT INTO `llx_accounting_account` VALUES (746,1,NULL,'2016-08-10 17:40:35','PCMN-BASE','IMMO','XXXXXX',2828,743,'Plus-values actées (idem)',NULL,NULL,1);
INSERT INTO `llx_accounting_account` VALUES (747,1,NULL,'2016-08-10 17:40:35','PCMN-BASE','IMMO','XXXXXX',2829,743,'Réductions de valeurs actées (idem)',NULL,NULL,1);
INSERT INTO `llx_accounting_account` VALUES (748,1,NULL,'2016-08-10 17:40:35','PCMN-BASE','IMMO','XXXXXX',283,731,'Créances sur des entreprises avec lesquelles il existe un lien de participation',NULL,NULL,1);
INSERT INTO `llx_accounting_account` VALUES (749,1,NULL,'2016-08-10 17:40:35','PCMN-BASE','IMMO','XXXXXX',2830,748,'Créances en compte',NULL,NULL,1);
INSERT INTO `llx_accounting_account` VALUES (750,1,NULL,'2016-08-10 17:40:35','PCMN-BASE','IMMO','XXXXXX',2831,748,'Effets à recevoir',NULL,NULL,1);
INSERT INTO `llx_accounting_account` VALUES (751,1,NULL,'2016-08-10 17:40:35','PCMN-BASE','IMMO','XXXXXX',2832,748,'Titres à revenu fixe',NULL,NULL,1);
INSERT INTO `llx_accounting_account` VALUES (752,1,NULL,'2016-08-10 17:40:35','PCMN-BASE','IMMO','XXXXXX',2837,748,'Créances douteuses',NULL,NULL,1);
INSERT INTO `llx_accounting_account` VALUES (753,1,NULL,'2016-08-10 17:40:35','PCMN-BASE','IMMO','XXXXXX',2839,748,'Réductions de valeurs actées',NULL,NULL,1);
INSERT INTO `llx_accounting_account` VALUES (754,1,NULL,'2016-08-10 17:40:35','PCMN-BASE','IMMO','XXXXXX',284,731,'Autres actions et parts',NULL,NULL,1);
INSERT INTO `llx_accounting_account` VALUES (755,1,NULL,'2016-08-10 17:40:35','PCMN-BASE','IMMO','XXXXXX',2840,754,'Valeur d\'acquisition',NULL,NULL,1);
INSERT INTO `llx_accounting_account` VALUES (756,1,NULL,'2016-08-10 17:40:35','PCMN-BASE','IMMO','XXXXXX',2841,754,'Montants non appelés',NULL,NULL,1);
INSERT INTO `llx_accounting_account` VALUES (757,1,NULL,'2016-08-10 17:40:35','PCMN-BASE','IMMO','XXXXXX',2848,754,'Plus-values actées',NULL,NULL,1);
INSERT INTO `llx_accounting_account` VALUES (758,1,NULL,'2016-08-10 17:40:35','PCMN-BASE','IMMO','XXXXXX',2849,754,'Réductions de valeur actées',NULL,NULL,1);
INSERT INTO `llx_accounting_account` VALUES (759,1,NULL,'2016-08-10 17:40:35','PCMN-BASE','IMMO','XXXXXX',285,731,'Autres créances',NULL,NULL,1);
INSERT INTO `llx_accounting_account` VALUES (760,1,NULL,'2016-08-10 17:40:35','PCMN-BASE','IMMO','XXXXXX',2850,759,'Créances en compte',NULL,NULL,1);
INSERT INTO `llx_accounting_account` VALUES (761,1,NULL,'2016-08-10 17:40:35','PCMN-BASE','IMMO','XXXXXX',2851,759,'Effets à recevoir',NULL,NULL,1);
INSERT INTO `llx_accounting_account` VALUES (762,1,NULL,'2016-08-10 17:40:35','PCMN-BASE','IMMO','XXXXXX',2852,759,'Titres à revenu fixe',NULL,NULL,1);
INSERT INTO `llx_accounting_account` VALUES (763,1,NULL,'2016-08-10 17:40:35','PCMN-BASE','IMMO','XXXXXX',2857,759,'Créances douteuses',NULL,NULL,1);
INSERT INTO `llx_accounting_account` VALUES (764,1,NULL,'2016-08-10 17:40:35','PCMN-BASE','IMMO','XXXXXX',2859,759,'Réductions de valeur actées',NULL,NULL,1);
INSERT INTO `llx_accounting_account` VALUES (765,1,NULL,'2016-08-10 17:40:35','PCMN-BASE','IMMO','XXXXXX',288,731,'Cautionnements versés en numéraires',NULL,NULL,1);
INSERT INTO `llx_accounting_account` VALUES (766,1,NULL,'2016-08-10 17:40:35','PCMN-BASE','IMMO','XXXXXX',2880,765,'Téléphone, téléfax, télex',NULL,NULL,1);
INSERT INTO `llx_accounting_account` VALUES (767,1,NULL,'2016-08-10 17:40:35','PCMN-BASE','IMMO','XXXXXX',2881,765,'Gaz',NULL,NULL,1);
INSERT INTO `llx_accounting_account` VALUES (768,1,NULL,'2016-08-10 17:40:35','PCMN-BASE','IMMO','XXXXXX',2882,765,'Eau',NULL,NULL,1);
INSERT INTO `llx_accounting_account` VALUES (769,1,NULL,'2016-08-10 17:40:35','PCMN-BASE','IMMO','XXXXXX',2883,765,'Electricité',NULL,NULL,1);
INSERT INTO `llx_accounting_account` VALUES (770,1,NULL,'2016-08-10 17:40:35','PCMN-BASE','IMMO','XXXXXX',2887,765,'Autres cautionnements versés en numéraires',NULL,NULL,1);
INSERT INTO `llx_accounting_account` VALUES (771,1,NULL,'2016-08-10 17:40:35','PCMN-BASE','IMMO','XXXXXX',29,1352,'Créances à plus d\'un an',NULL,NULL,1);
INSERT INTO `llx_accounting_account` VALUES (772,1,NULL,'2016-08-10 17:40:35','PCMN-BASE','IMMO','XXXXXX',290,771,'Créances commerciales',NULL,NULL,1);
INSERT INTO `llx_accounting_account` VALUES (773,1,NULL,'2016-08-10 17:40:35','PCMN-BASE','IMMO','XXXXXX',2900,772,'Clients',NULL,NULL,1);
INSERT INTO `llx_accounting_account` VALUES (774,1,NULL,'2016-08-10 17:40:35','PCMN-BASE','IMMO','XXXXXX',29000,773,'Créances en compte sur entreprises liées',NULL,NULL,1);
INSERT INTO `llx_accounting_account` VALUES (775,1,NULL,'2016-08-10 17:40:35','PCMN-BASE','IMMO','XXXXXX',29001,773,'Sur entreprises avec lesquelles il existe un lien de participation',NULL,NULL,1);
INSERT INTO `llx_accounting_account` VALUES (776,1,NULL,'2016-08-10 17:40:35','PCMN-BASE','IMMO','XXXXXX',29002,773,'Sur clients Belgique',NULL,NULL,1);
INSERT INTO `llx_accounting_account` VALUES (777,1,NULL,'2016-08-10 17:40:35','PCMN-BASE','IMMO','XXXXXX',29003,773,'Sur clients C.E.E.',NULL,NULL,1);
INSERT INTO `llx_accounting_account` VALUES (778,1,NULL,'2016-08-10 17:40:35','PCMN-BASE','IMMO','XXXXXX',29004,773,'Sur clients exportation hors C.E.E.',NULL,NULL,1);
INSERT INTO `llx_accounting_account` VALUES (779,1,NULL,'2016-08-10 17:40:35','PCMN-BASE','IMMO','XXXXXX',29005,773,'Créances sur les coparticipants (associations momentanées)',NULL,NULL,1);
INSERT INTO `llx_accounting_account` VALUES (780,1,NULL,'2016-08-10 17:40:35','PCMN-BASE','IMMO','XXXXXX',2901,772,'Effets à recevoir',NULL,NULL,1);
INSERT INTO `llx_accounting_account` VALUES (781,1,NULL,'2016-08-10 17:40:35','PCMN-BASE','IMMO','XXXXXX',29010,780,'Sur entreprises liées',NULL,NULL,1);
INSERT INTO `llx_accounting_account` VALUES (782,1,NULL,'2016-08-10 17:40:35','PCMN-BASE','IMMO','XXXXXX',29011,780,'Sur entreprises avec lesquelles il existe un lien de participation',NULL,NULL,1);
INSERT INTO `llx_accounting_account` VALUES (783,1,NULL,'2016-08-10 17:40:35','PCMN-BASE','IMMO','XXXXXX',29012,780,'Sur clients Belgique',NULL,NULL,1);
INSERT INTO `llx_accounting_account` VALUES (784,1,NULL,'2016-08-10 17:40:35','PCMN-BASE','IMMO','XXXXXX',29013,780,'Sur clients C.E.E.',NULL,NULL,1);
INSERT INTO `llx_accounting_account` VALUES (785,1,NULL,'2016-08-10 17:40:35','PCMN-BASE','IMMO','XXXXXX',29014,780,'Sur clients exportation hors C.E.E.',NULL,NULL,1);
INSERT INTO `llx_accounting_account` VALUES (786,1,NULL,'2016-08-10 17:40:35','PCMN-BASE','IMMO','XXXXXX',2905,772,'Retenues sur garanties',NULL,NULL,1);
INSERT INTO `llx_accounting_account` VALUES (787,1,NULL,'2016-08-10 17:40:35','PCMN-BASE','IMMO','XXXXXX',2906,772,'Acomptes versés',NULL,NULL,1);
INSERT INTO `llx_accounting_account` VALUES (788,1,NULL,'2016-08-10 17:40:35','PCMN-BASE','IMMO','XXXXXX',2907,772,'Créances douteuses (à ventiler comme clients 2900)',NULL,NULL,1);
INSERT INTO `llx_accounting_account` VALUES (789,1,NULL,'2016-08-10 17:40:35','PCMN-BASE','IMMO','XXXXXX',2909,772,'Réductions de valeur actées (à ventiler comme clients 2900)',NULL,NULL,1);
INSERT INTO `llx_accounting_account` VALUES (790,1,NULL,'2016-08-10 17:40:35','PCMN-BASE','IMMO','XXXXXX',291,771,'Autres créances',NULL,NULL,1);
INSERT INTO `llx_accounting_account` VALUES (791,1,NULL,'2016-08-10 17:40:35','PCMN-BASE','IMMO','XXXXXX',2910,790,'Créances en compte',NULL,NULL,1);
INSERT INTO `llx_accounting_account` VALUES (792,1,NULL,'2016-08-10 17:40:35','PCMN-BASE','IMMO','XXXXXX',29100,791,'Sur entreprises liées',NULL,NULL,1);
INSERT INTO `llx_accounting_account` VALUES (793,1,NULL,'2016-08-10 17:40:35','PCMN-BASE','IMMO','XXXXXX',29101,791,'Sur entreprises avec lesquelles il existe un lien de participation',NULL,NULL,1);
INSERT INTO `llx_accounting_account` VALUES (794,1,NULL,'2016-08-10 17:40:35','PCMN-BASE','IMMO','XXXXXX',29102,791,'Sur autres débiteurs',NULL,NULL,1);
INSERT INTO `llx_accounting_account` VALUES (795,1,NULL,'2016-08-10 17:40:35','PCMN-BASE','IMMO','XXXXXX',2911,790,'Effets à recevoir',NULL,NULL,1);
INSERT INTO `llx_accounting_account` VALUES (796,1,NULL,'2016-08-10 17:40:35','PCMN-BASE','IMMO','XXXXXX',29110,795,'Sur entreprises liées',NULL,NULL,1);
INSERT INTO `llx_accounting_account` VALUES (797,1,NULL,'2016-08-10 17:40:35','PCMN-BASE','IMMO','XXXXXX',29111,795,'Sur entreprises avec lesquelles il existe un lien de participation',NULL,NULL,1);
INSERT INTO `llx_accounting_account` VALUES (798,1,NULL,'2016-08-10 17:40:35','PCMN-BASE','IMMO','XXXXXX',29112,795,'Sur autres débiteurs',NULL,NULL,1);
INSERT INTO `llx_accounting_account` VALUES (799,1,NULL,'2016-08-10 17:40:35','PCMN-BASE','IMMO','XXXXXX',2912,790,'Créances résultant de la cession d\'immobilisations données en leasing',NULL,NULL,1);
INSERT INTO `llx_accounting_account` VALUES (800,1,NULL,'2016-08-10 17:40:35','PCMN-BASE','IMMO','XXXXXX',2917,790,'Créances douteuses',NULL,NULL,1);
INSERT INTO `llx_accounting_account` VALUES (801,1,NULL,'2016-08-10 17:40:35','PCMN-BASE','IMMO','XXXXXX',2919,790,'Réductions de valeur actées',NULL,NULL,1);
INSERT INTO `llx_accounting_account` VALUES (802,1,NULL,'2016-08-10 17:40:35','PCMN-BASE','STOCK','XXXXXX',30,1353,'Approvisionnements - matières premières',NULL,NULL,1);
INSERT INTO `llx_accounting_account` VALUES (803,1,NULL,'2016-08-10 17:40:35','PCMN-BASE','STOCK','XXXXXX',300,802,'Valeur d\'acquisition',NULL,NULL,1);
INSERT INTO `llx_accounting_account` VALUES (804,1,NULL,'2016-08-10 17:40:35','PCMN-BASE','STOCK','XXXXXX',309,802,'Réductions de valeur actées',NULL,NULL,1);
INSERT INTO `llx_accounting_account` VALUES (805,1,NULL,'2016-08-10 17:40:35','PCMN-BASE','STOCK','XXXXXX',31,1353,'Approvsionnements et fournitures',NULL,NULL,1);
INSERT INTO `llx_accounting_account` VALUES (806,1,NULL,'2016-08-10 17:40:35','PCMN-BASE','STOCK','XXXXXX',310,805,'Valeur d\'acquisition',NULL,NULL,1);
INSERT INTO `llx_accounting_account` VALUES (807,1,NULL,'2016-08-10 17:40:35','PCMN-BASE','STOCK','XXXXXX',3100,806,'Matières d\'approvisionnement',NULL,NULL,1);
INSERT INTO `llx_accounting_account` VALUES (808,1,NULL,'2016-08-10 17:40:35','PCMN-BASE','STOCK','XXXXXX',3101,806,'Energie, charbon, coke, mazout, essence, propane',NULL,NULL,1);
INSERT INTO `llx_accounting_account` VALUES (809,1,NULL,'2016-08-10 17:40:35','PCMN-BASE','STOCK','XXXXXX',3102,806,'Produits d\'entretien',NULL,NULL,1);
INSERT INTO `llx_accounting_account` VALUES (810,1,NULL,'2016-08-10 17:40:35','PCMN-BASE','STOCK','XXXXXX',3103,806,'Fournitures diverses et petit outillage',NULL,NULL,1);
INSERT INTO `llx_accounting_account` VALUES (811,1,NULL,'2016-08-10 17:40:35','PCMN-BASE','STOCK','XXXXXX',3104,806,'Imprimés et fournitures de bureau',NULL,NULL,1);
INSERT INTO `llx_accounting_account` VALUES (812,1,NULL,'2016-08-10 17:40:35','PCMN-BASE','STOCK','XXXXXX',3105,806,'Fournitures de services sociaux',NULL,NULL,1);
INSERT INTO `llx_accounting_account` VALUES (813,1,NULL,'2016-08-10 17:40:35','PCMN-BASE','STOCK','XXXXXX',3106,806,'Emballages commerciaux',NULL,NULL,1);
INSERT INTO `llx_accounting_account` VALUES (814,1,NULL,'2016-08-10 17:40:35','PCMN-BASE','STOCK','XXXXXX',31060,813,'Emballages perdus',NULL,NULL,1);
INSERT INTO `llx_accounting_account` VALUES (815,1,NULL,'2016-08-10 17:40:35','PCMN-BASE','STOCK','XXXXXX',31061,813,'Emballages récupérables',NULL,NULL,1);
INSERT INTO `llx_accounting_account` VALUES (816,1,NULL,'2016-08-10 17:40:35','PCMN-BASE','STOCK','XXXXXX',319,805,'Réductions de valeur actées',NULL,NULL,1);
INSERT INTO `llx_accounting_account` VALUES (817,1,NULL,'2016-08-10 17:40:35','PCMN-BASE','STOCK','XXXXXX',32,1353,'En cours de fabrication',NULL,NULL,1);
INSERT INTO `llx_accounting_account` VALUES (818,1,NULL,'2016-08-10 17:40:35','PCMN-BASE','STOCK','XXXXXX',320,817,'Valeur d\'acquisition',NULL,NULL,1);
INSERT INTO `llx_accounting_account` VALUES (819,1,NULL,'2016-08-10 17:40:35','PCMN-BASE','STOCK','XXXXXX',3200,818,'Produits semi-ouvrés',NULL,NULL,1);
INSERT INTO `llx_accounting_account` VALUES (820,1,NULL,'2016-08-10 17:40:35','PCMN-BASE','STOCK','XXXXXX',3201,818,'Produits en cours de fabrication',NULL,NULL,1);
INSERT INTO `llx_accounting_account` VALUES (821,1,NULL,'2016-08-10 17:40:35','PCMN-BASE','STOCK','XXXXXX',3202,818,'Travaux en cours',NULL,NULL,1);
INSERT INTO `llx_accounting_account` VALUES (822,1,NULL,'2016-08-10 17:40:35','PCMN-BASE','STOCK','XXXXXX',3205,818,'Déchets',NULL,NULL,1);
INSERT INTO `llx_accounting_account` VALUES (823,1,NULL,'2016-08-10 17:40:35','PCMN-BASE','STOCK','XXXXXX',3206,818,'Rebuts',NULL,NULL,1);
INSERT INTO `llx_accounting_account` VALUES (824,1,NULL,'2016-08-10 17:40:35','PCMN-BASE','STOCK','XXXXXX',3209,818,'Travaux en association momentanée',NULL,NULL,1);
INSERT INTO `llx_accounting_account` VALUES (825,1,NULL,'2016-08-10 17:40:35','PCMN-BASE','STOCK','XXXXXX',329,817,'Réductions de valeur actées',NULL,NULL,1);
INSERT INTO `llx_accounting_account` VALUES (826,1,NULL,'2016-08-10 17:40:35','PCMN-BASE','STOCK','XXXXXX',33,1353,'Produits finis',NULL,NULL,1);
INSERT INTO `llx_accounting_account` VALUES (827,1,NULL,'2016-08-10 17:40:35','PCMN-BASE','STOCK','XXXXXX',330,826,'Valeur d\'acquisition',NULL,NULL,1);
INSERT INTO `llx_accounting_account` VALUES (828,1,NULL,'2016-08-10 17:40:35','PCMN-BASE','STOCK','XXXXXX',3300,827,'Produits finis',NULL,NULL,1);
INSERT INTO `llx_accounting_account` VALUES (829,1,NULL,'2016-08-10 17:40:35','PCMN-BASE','STOCK','XXXXXX',339,826,'Réductions de valeur actées',NULL,NULL,1);
INSERT INTO `llx_accounting_account` VALUES (830,1,NULL,'2016-08-10 17:40:35','PCMN-BASE','STOCK','XXXXXX',34,1353,'Marchandises',NULL,NULL,1);
INSERT INTO `llx_accounting_account` VALUES (831,1,NULL,'2016-08-10 17:40:35','PCMN-BASE','STOCK','XXXXXX',340,830,'Valeur d\'acquisition',NULL,NULL,1);
INSERT INTO `llx_accounting_account` VALUES (832,1,NULL,'2016-08-10 17:40:35','PCMN-BASE','STOCK','XXXXXX',3400,831,'Groupe A',NULL,NULL,1);
INSERT INTO `llx_accounting_account` VALUES (833,1,NULL,'2016-08-10 17:40:35','PCMN-BASE','STOCK','XXXXXX',3401,831,'Groupe B',NULL,NULL,1);
INSERT INTO `llx_accounting_account` VALUES (834,1,NULL,'2016-08-10 17:40:35','PCMN-BASE','STOCK','XXXXXX',3402,831,'Groupe C',NULL,NULL,1);
INSERT INTO `llx_accounting_account` VALUES (835,1,NULL,'2016-08-10 17:40:35','PCMN-BASE','STOCK','XXXXXX',349,830,'Réductions de valeur actées',NULL,NULL,1);
INSERT INTO `llx_accounting_account` VALUES (836,1,NULL,'2016-08-10 17:40:35','PCMN-BASE','STOCK','XXXXXX',35,1353,'Immeubles destinés à la vente',NULL,NULL,1);
INSERT INTO `llx_accounting_account` VALUES (837,1,NULL,'2016-08-10 17:40:35','PCMN-BASE','STOCK','XXXXXX',350,836,'Valeur d\'acquisition',NULL,NULL,1);
INSERT INTO `llx_accounting_account` VALUES (838,1,NULL,'2016-08-10 17:40:35','PCMN-BASE','STOCK','XXXXXX',3500,837,'Immeuble A',NULL,NULL,1);
INSERT INTO `llx_accounting_account` VALUES (839,1,NULL,'2016-08-10 17:40:35','PCMN-BASE','STOCK','XXXXXX',3501,837,'Immeuble B',NULL,NULL,1);
INSERT INTO `llx_accounting_account` VALUES (840,1,NULL,'2016-08-10 17:40:35','PCMN-BASE','STOCK','XXXXXX',3502,837,'Immeuble C',NULL,NULL,1);
INSERT INTO `llx_accounting_account` VALUES (841,1,NULL,'2016-08-10 17:40:35','PCMN-BASE','STOCK','XXXXXX',351,836,'Immeubles construits en vue de leur revente',NULL,NULL,1);
INSERT INTO `llx_accounting_account` VALUES (842,1,NULL,'2016-08-10 17:40:35','PCMN-BASE','STOCK','XXXXXX',3510,841,'Immeuble A',NULL,NULL,1);
INSERT INTO `llx_accounting_account` VALUES (843,1,NULL,'2016-08-10 17:40:35','PCMN-BASE','STOCK','XXXXXX',3511,841,'Immeuble B',NULL,NULL,1);
INSERT INTO `llx_accounting_account` VALUES (844,1,NULL,'2016-08-10 17:40:35','PCMN-BASE','STOCK','XXXXXX',3512,841,'Immeuble C',NULL,NULL,1);
INSERT INTO `llx_accounting_account` VALUES (845,1,NULL,'2016-08-10 17:40:35','PCMN-BASE','STOCK','XXXXXX',359,836,'Réductions de valeurs actées',NULL,NULL,1);
INSERT INTO `llx_accounting_account` VALUES (846,1,NULL,'2016-08-10 17:40:35','PCMN-BASE','STOCK','XXXXXX',36,1353,'Acomptes versés sur achats pour stocks',NULL,NULL,1);
INSERT INTO `llx_accounting_account` VALUES (847,1,NULL,'2016-08-10 17:40:35','PCMN-BASE','STOCK','XXXXXX',360,846,'Acomptes versés (à ventiler éventuellement par catégorie)',NULL,NULL,1);
INSERT INTO `llx_accounting_account` VALUES (848,1,NULL,'2016-08-10 17:40:35','PCMN-BASE','STOCK','XXXXXX',369,846,'Réductions de valeur actées',NULL,NULL,1);
INSERT INTO `llx_accounting_account` VALUES (849,1,NULL,'2016-08-10 17:40:35','PCMN-BASE','STOCK','XXXXXX',37,1353,'Commandes en cours d\'exécution',NULL,NULL,1);
INSERT INTO `llx_accounting_account` VALUES (850,1,NULL,'2016-08-10 17:40:35','PCMN-BASE','STOCK','XXXXXX',370,849,'Valeur d\'acquisition',NULL,NULL,1);
INSERT INTO `llx_accounting_account` VALUES (851,1,NULL,'2016-08-10 17:40:35','PCMN-BASE','STOCK','XXXXXX',371,849,'Bénéfice pris en compte',NULL,NULL,1);
INSERT INTO `llx_accounting_account` VALUES (852,1,NULL,'2016-08-10 17:40:35','PCMN-BASE','STOCK','XXXXXX',379,849,'Réductions de valeur actées',NULL,NULL,1);
INSERT INTO `llx_accounting_account` VALUES (853,1,NULL,'2016-08-10 17:40:35','PCMN-BASE','TIERS','XXXXXX',40,1354,'Créances commerciales',NULL,NULL,1);
INSERT INTO `llx_accounting_account` VALUES (854,1,NULL,'2016-08-10 17:40:35','PCMN-BASE','TIERS','XXXXXX',400,853,'Clients',NULL,NULL,1);
INSERT INTO `llx_accounting_account` VALUES (855,1,NULL,'2016-08-10 17:40:35','PCMN-BASE','TIERS','XXXXXX',4007,854,'Rabais, remises et  ristournes à accorder et autres notes de crédit à établir',NULL,NULL,1);
INSERT INTO `llx_accounting_account` VALUES (856,1,NULL,'2016-08-10 17:40:35','PCMN-BASE','TIERS','XXXXXX',4008,854,'Créances résultant de livraisons de biens (associations momentanées)',NULL,NULL,1);
INSERT INTO `llx_accounting_account` VALUES (857,1,NULL,'2016-08-10 17:40:35','PCMN-BASE','TIERS','XXXXXX',401,853,'Effets à recevoir',NULL,NULL,1);
INSERT INTO `llx_accounting_account` VALUES (858,1,NULL,'2016-08-10 17:40:35','PCMN-BASE','TIERS','XXXXXX',4010,857,'Effets à recevoir',NULL,NULL,1);
INSERT INTO `llx_accounting_account` VALUES (859,1,NULL,'2016-08-10 17:40:35','PCMN-BASE','TIERS','XXXXXX',4013,857,'Effets à l\'encaissement',NULL,NULL,1);
INSERT INTO `llx_accounting_account` VALUES (860,1,NULL,'2016-08-10 17:40:35','PCMN-BASE','TIERS','XXXXXX',4015,857,'Effets à l\'escompte',NULL,NULL,1);
INSERT INTO `llx_accounting_account` VALUES (861,1,NULL,'2016-08-10 17:40:35','PCMN-BASE','TIERS','XXXXXX',402,853,'Clients, créances courantes, entreprises apparentées, administrateurs et gérants',NULL,NULL,1);
INSERT INTO `llx_accounting_account` VALUES (862,1,NULL,'2016-08-10 17:40:35','PCMN-BASE','TIERS','XXXXXX',4020,861,'Entreprises liées',NULL,NULL,1);
INSERT INTO `llx_accounting_account` VALUES (863,1,NULL,'2016-08-10 17:40:35','PCMN-BASE','TIERS','XXXXXX',4021,861,'Autres entreprises avec lesquelles il existe un lien de participation',NULL,NULL,1);
INSERT INTO `llx_accounting_account` VALUES (864,1,NULL,'2016-08-10 17:40:35','PCMN-BASE','TIERS','XXXXXX',4022,861,'Administrateurs et gérants d\'entreprise',NULL,NULL,1);
INSERT INTO `llx_accounting_account` VALUES (865,1,NULL,'2016-08-10 17:40:35','PCMN-BASE','TIERS','XXXXXX',403,853,'Effets à recevoir sur entreprises apparentées et administrateurs et gérants',NULL,NULL,1);
INSERT INTO `llx_accounting_account` VALUES (866,1,NULL,'2016-08-10 17:40:35','PCMN-BASE','TIERS','XXXXXX',4030,865,'Entreprises liées',NULL,NULL,1);
INSERT INTO `llx_accounting_account` VALUES (867,1,NULL,'2016-08-10 17:40:35','PCMN-BASE','TIERS','XXXXXX',4031,865,'Autres entreprises avec lesquelles il existe un lien de participation',NULL,NULL,1);
INSERT INTO `llx_accounting_account` VALUES (868,1,NULL,'2016-08-10 17:40:35','PCMN-BASE','TIERS','XXXXXX',4032,865,'Administrateurs et gérants de l\'entreprise',NULL,NULL,1);
INSERT INTO `llx_accounting_account` VALUES (869,1,NULL,'2016-08-10 17:40:35','PCMN-BASE','TIERS','XXXXXX',404,853,'Produits à recevoir (factures à établir)',NULL,NULL,1);
INSERT INTO `llx_accounting_account` VALUES (870,1,NULL,'2016-08-10 17:40:35','PCMN-BASE','TIERS','XXXXXX',405,853,'Clients : retenues sur garanties',NULL,NULL,1);
INSERT INTO `llx_accounting_account` VALUES (871,1,NULL,'2016-08-10 17:40:35','PCMN-BASE','TIERS','XXXXXX',406,853,'Acomptes versés',NULL,NULL,1);
INSERT INTO `llx_accounting_account` VALUES (872,1,NULL,'2016-08-10 17:40:35','PCMN-BASE','TIERS','XXXXXX',407,853,'Créances douteuses',NULL,NULL,1);
INSERT INTO `llx_accounting_account` VALUES (873,1,NULL,'2016-08-10 17:40:35','PCMN-BASE','TIERS','XXXXXX',408,853,'Compensation clients',NULL,NULL,1);
INSERT INTO `llx_accounting_account` VALUES (874,1,NULL,'2016-08-10 17:40:35','PCMN-BASE','TIERS','XXXXXX',409,853,'Réductions de valeur actées',NULL,NULL,1);
INSERT INTO `llx_accounting_account` VALUES (875,1,NULL,'2016-08-10 17:40:35','PCMN-BASE','TIERS','XXXXXX',41,1354,'Autres créances',NULL,NULL,1);
INSERT INTO `llx_accounting_account` VALUES (876,1,NULL,'2016-08-10 17:40:35','PCMN-BASE','TIERS','XXXXXX',410,875,'Capital appelé, non versé',NULL,NULL,1);
INSERT INTO `llx_accounting_account` VALUES (877,1,NULL,'2016-08-10 17:40:35','PCMN-BASE','TIERS','XXXXXX',4100,876,'Appels de fonds',NULL,NULL,1);
INSERT INTO `llx_accounting_account` VALUES (878,1,NULL,'2016-08-10 17:40:35','PCMN-BASE','TIERS','XXXXXX',4101,876,'Actionnaires défaillants',NULL,NULL,1);
INSERT INTO `llx_accounting_account` VALUES (879,1,NULL,'2016-08-10 17:40:35','PCMN-BASE','TIERS','XXXXXX',411,875,'T.V.A. à récupérer',NULL,NULL,1);
INSERT INTO `llx_accounting_account` VALUES (880,1,NULL,'2016-08-10 17:40:35','PCMN-BASE','TIERS','XXXXXX',4110,879,'T.V.A. due',NULL,NULL,1);
INSERT INTO `llx_accounting_account` VALUES (881,1,NULL,'2016-08-10 17:40:35','PCMN-BASE','TIERS','XXXXXX',4111,879,'T.V.A. déductible',NULL,NULL,1);
INSERT INTO `llx_accounting_account` VALUES (882,1,NULL,'2016-08-10 17:40:35','PCMN-BASE','TIERS','XXXXXX',4112,879,'Compte courant administration T.V.A.',NULL,NULL,1);
INSERT INTO `llx_accounting_account` VALUES (883,1,NULL,'2016-08-10 17:40:35','PCMN-BASE','TIERS','XXXXXX',4118,879,'Taxe d\'égalisation due',NULL,NULL,1);
INSERT INTO `llx_accounting_account` VALUES (884,1,NULL,'2016-08-10 17:40:35','PCMN-BASE','TIERS','XXXXXX',412,875,'Impôts et versements fiscaux à récupérer',NULL,NULL,1);
INSERT INTO `llx_accounting_account` VALUES (885,1,NULL,'2016-08-10 17:40:35','PCMN-BASE','TIERS','XXXXXX',4120,884,'Impôts belges sur le résultat',NULL,NULL,1);
INSERT INTO `llx_accounting_account` VALUES (886,1,NULL,'2016-08-10 17:40:35','PCMN-BASE','TIERS','XXXXXX',4125,884,'Autres impôts belges',NULL,NULL,1);
INSERT INTO `llx_accounting_account` VALUES (887,1,NULL,'2016-08-10 17:40:35','PCMN-BASE','TIERS','XXXXXX',4128,884,'Impôts étrangers',NULL,NULL,1);
INSERT INTO `llx_accounting_account` VALUES (888,1,NULL,'2016-08-10 17:40:35','PCMN-BASE','TIERS','XXXXXX',414,875,'Produits à recevoir',NULL,NULL,1);
INSERT INTO `llx_accounting_account` VALUES (889,1,NULL,'2016-08-10 17:40:35','PCMN-BASE','TIERS','XXXXXX',416,875,'Créances diverses',NULL,NULL,1);
INSERT INTO `llx_accounting_account` VALUES (890,1,NULL,'2016-08-10 17:40:35','PCMN-BASE','TIERS','XXXXXX',4160,889,'Associés (compte d\'apport en société)',NULL,NULL,1);
INSERT INTO `llx_accounting_account` VALUES (891,1,NULL,'2016-08-10 17:40:35','PCMN-BASE','TIERS','XXXXXX',4161,889,'Avances et prêts au personnel',NULL,NULL,1);
INSERT INTO `llx_accounting_account` VALUES (892,1,NULL,'2016-08-10 17:40:35','PCMN-BASE','TIERS','XXXXXX',4162,889,'Compte courant des associés en S.P.R.L.',NULL,NULL,1);
INSERT INTO `llx_accounting_account` VALUES (893,1,NULL,'2016-08-10 17:40:35','PCMN-BASE','TIERS','XXXXXX',4163,889,'Compte courant des administrateurs et gérants',NULL,NULL,1);
INSERT INTO `llx_accounting_account` VALUES (894,1,NULL,'2016-08-10 17:40:35','PCMN-BASE','TIERS','XXXXXX',4164,889,'Créances sur sociétés apparentées',NULL,NULL,1);
INSERT INTO `llx_accounting_account` VALUES (895,1,NULL,'2016-08-10 17:40:35','PCMN-BASE','TIERS','XXXXXX',4166,889,'Emballages et matériel à rendre',NULL,NULL,1);
INSERT INTO `llx_accounting_account` VALUES (896,1,NULL,'2016-08-10 17:40:35','PCMN-BASE','TIERS','XXXXXX',4167,889,'Etat et établissements publics',NULL,NULL,1);
INSERT INTO `llx_accounting_account` VALUES (897,1,NULL,'2016-08-10 17:40:35','PCMN-BASE','TIERS','XXXXXX',41670,896,'Subsides à recevoir',NULL,NULL,1);
INSERT INTO `llx_accounting_account` VALUES (898,1,NULL,'2016-08-10 17:40:35','PCMN-BASE','TIERS','XXXXXX',41671,896,'Autres créances',NULL,NULL,1);
INSERT INTO `llx_accounting_account` VALUES (899,1,NULL,'2016-08-10 17:40:35','PCMN-BASE','TIERS','XXXXXX',4168,889,'Rabais, ristournes et remises à obtenir et autres avoirs non encore reçus',NULL,NULL,1);
INSERT INTO `llx_accounting_account` VALUES (900,1,NULL,'2016-08-10 17:40:35','PCMN-BASE','TIERS','XXXXXX',417,875,'Créances douteuses',NULL,NULL,1);
INSERT INTO `llx_accounting_account` VALUES (901,1,NULL,'2016-08-10 17:40:35','PCMN-BASE','TIERS','XXXXXX',418,875,'Cautionnements versés en numéraires',NULL,NULL,1);
INSERT INTO `llx_accounting_account` VALUES (902,1,NULL,'2016-08-10 17:40:35','PCMN-BASE','TIERS','XXXXXX',419,875,'Réductions de valeur actées',NULL,NULL,1);
INSERT INTO `llx_accounting_account` VALUES (903,1,NULL,'2016-08-10 17:40:35','PCMN-BASE','TIERS','XXXXXX',42,1354,'Dettes à plus d\'un an échéant dans l\'année',NULL,NULL,1);
INSERT INTO `llx_accounting_account` VALUES (904,1,NULL,'2016-08-10 17:40:35','PCMN-BASE','TIERS','XXXXXX',420,903,'Emprunts subordonnés',NULL,NULL,1);
INSERT INTO `llx_accounting_account` VALUES (905,1,NULL,'2016-08-10 17:40:35','PCMN-BASE','TIERS','XXXXXX',4200,904,'Convertibles',NULL,NULL,1);
INSERT INTO `llx_accounting_account` VALUES (906,1,NULL,'2016-08-10 17:40:35','PCMN-BASE','TIERS','XXXXXX',4201,904,'Non convertibles',NULL,NULL,1);
INSERT INTO `llx_accounting_account` VALUES (907,1,NULL,'2016-08-10 17:40:35','PCMN-BASE','TIERS','XXXXXX',421,903,'Emprunts obligataires non subordonnés',NULL,NULL,1);
INSERT INTO `llx_accounting_account` VALUES (908,1,NULL,'2016-08-10 17:40:35','PCMN-BASE','TIERS','XXXXXX',4210,907,'Convertibles',NULL,NULL,1);
INSERT INTO `llx_accounting_account` VALUES (909,1,NULL,'2016-08-10 17:40:35','PCMN-BASE','TIERS','XXXXXX',4211,907,'Non convertibles',NULL,NULL,1);
INSERT INTO `llx_accounting_account` VALUES (910,1,NULL,'2016-08-10 17:40:35','PCMN-BASE','TIERS','XXXXXX',422,903,'Dettes de location-financement et assimilées',NULL,NULL,1);
INSERT INTO `llx_accounting_account` VALUES (911,1,NULL,'2016-08-10 17:40:35','PCMN-BASE','TIERS','XXXXXX',4220,910,'Financement de biens immobiliers',NULL,NULL,1);
INSERT INTO `llx_accounting_account` VALUES (912,1,NULL,'2016-08-10 17:40:35','PCMN-BASE','TIERS','XXXXXX',4221,910,'Financement de biens mobiliers',NULL,NULL,1);
INSERT INTO `llx_accounting_account` VALUES (913,1,NULL,'2016-08-10 17:40:35','PCMN-BASE','TIERS','XXXXXX',423,903,'Etablissements de crédit',NULL,NULL,1);
INSERT INTO `llx_accounting_account` VALUES (914,1,NULL,'2016-08-10 17:40:35','PCMN-BASE','TIERS','XXXXXX',4230,913,'Dettes en compte',NULL,NULL,1);
INSERT INTO `llx_accounting_account` VALUES (915,1,NULL,'2016-08-10 17:40:35','PCMN-BASE','TIERS','XXXXXX',4231,913,'Promesses',NULL,NULL,1);
INSERT INTO `llx_accounting_account` VALUES (916,1,NULL,'2016-08-10 17:40:35','PCMN-BASE','TIERS','XXXXXX',4232,913,'Crédits d\'acceptation',NULL,NULL,1);
INSERT INTO `llx_accounting_account` VALUES (917,1,NULL,'2016-08-10 17:40:35','PCMN-BASE','TIERS','XXXXXX',424,903,'Autres emprunts',NULL,NULL,1);
INSERT INTO `llx_accounting_account` VALUES (918,1,NULL,'2016-08-10 17:40:35','PCMN-BASE','TIERS','XXXXXX',425,903,'Dettes commerciales',NULL,NULL,1);
INSERT INTO `llx_accounting_account` VALUES (919,1,NULL,'2016-08-10 17:40:35','PCMN-BASE','TIERS','XXXXXX',4250,918,'Fournisseurs',NULL,NULL,1);
INSERT INTO `llx_accounting_account` VALUES (920,1,NULL,'2016-08-10 17:40:35','PCMN-BASE','TIERS','XXXXXX',4251,918,'Effets à payer',NULL,NULL,1);
INSERT INTO `llx_accounting_account` VALUES (921,1,NULL,'2016-08-10 17:40:35','PCMN-BASE','TIERS','XXXXXX',426,903,'Cautionnements reçus en numéraires',NULL,NULL,1);
INSERT INTO `llx_accounting_account` VALUES (922,1,NULL,'2016-08-10 17:40:35','PCMN-BASE','TIERS','XXXXXX',429,903,'Dettes diverses',NULL,NULL,1);
INSERT INTO `llx_accounting_account` VALUES (923,1,NULL,'2016-08-10 17:40:35','PCMN-BASE','TIERS','XXXXXX',4290,922,'Entreprises liées',NULL,NULL,1);
INSERT INTO `llx_accounting_account` VALUES (924,1,NULL,'2016-08-10 17:40:35','PCMN-BASE','TIERS','XXXXXX',4291,922,'Entreprises avec lesquelles il existe un lien de participation',NULL,NULL,1);
INSERT INTO `llx_accounting_account` VALUES (925,1,NULL,'2016-08-10 17:40:35','PCMN-BASE','TIERS','XXXXXX',4292,922,'Administrateurs, gérants, associés',NULL,NULL,1);
INSERT INTO `llx_accounting_account` VALUES (926,1,NULL,'2016-08-10 17:40:35','PCMN-BASE','TIERS','XXXXXX',4299,922,'Autres dettes',NULL,NULL,1);
INSERT INTO `llx_accounting_account` VALUES (927,1,NULL,'2016-08-10 17:40:35','PCMN-BASE','TIERS','XXXXXX',43,1354,'Dettes financières',NULL,NULL,1);
INSERT INTO `llx_accounting_account` VALUES (928,1,NULL,'2016-08-10 17:40:35','PCMN-BASE','TIERS','XXXXXX',430,927,'Etablissements de crédit. Emprunts en compte à terme fixe',NULL,NULL,1);
INSERT INTO `llx_accounting_account` VALUES (929,1,NULL,'2016-08-10 17:40:35','PCMN-BASE','TIERS','XXXXXX',431,927,'Etablissements de crédit. Promesses',NULL,NULL,1);
INSERT INTO `llx_accounting_account` VALUES (930,1,NULL,'2016-08-10 17:40:35','PCMN-BASE','TIERS','XXXXXX',432,927,'Etablissements de crédit. Crédits d\'acceptation',NULL,NULL,1);
INSERT INTO `llx_accounting_account` VALUES (931,1,NULL,'2016-08-10 17:40:35','PCMN-BASE','TIERS','XXXXXX',433,927,'Etablissements de crédit. Dettes en compte courant',NULL,NULL,1);
INSERT INTO `llx_accounting_account` VALUES (932,1,NULL,'2016-08-10 17:40:35','PCMN-BASE','TIERS','XXXXXX',439,927,'Autres emprunts',NULL,NULL,1);
INSERT INTO `llx_accounting_account` VALUES (933,1,NULL,'2016-08-10 17:40:35','PCMN-BASE','TIERS','XXXXXX',44,1354,'Dettes commerciales',NULL,NULL,1);
INSERT INTO `llx_accounting_account` VALUES (934,1,NULL,'2016-08-10 17:40:35','PCMN-BASE','TIERS','XXXXXX',440,933,'Fournisseurs',NULL,NULL,1);
INSERT INTO `llx_accounting_account` VALUES (935,1,NULL,'2016-08-10 17:40:35','PCMN-BASE','TIERS','XXXXXX',4400,934,'Entreprises apparentées',NULL,NULL,1);
INSERT INTO `llx_accounting_account` VALUES (936,1,NULL,'2016-08-10 17:40:35','PCMN-BASE','TIERS','XXXXXX',44000,935,'Entreprises liées',NULL,NULL,1);
INSERT INTO `llx_accounting_account` VALUES (937,1,NULL,'2016-08-10 17:40:35','PCMN-BASE','TIERS','XXXXXX',44001,935,'Entreprises avec lesquelles il existe un lien de participation',NULL,NULL,1);
INSERT INTO `llx_accounting_account` VALUES (938,1,NULL,'2016-08-10 17:40:35','PCMN-BASE','TIERS','XXXXXX',4401,934,'Fournisseurs ordinaires',NULL,NULL,1);
INSERT INTO `llx_accounting_account` VALUES (939,1,NULL,'2016-08-10 17:40:35','PCMN-BASE','TIERS','XXXXXX',44010,938,'Fournisseurs belges',NULL,NULL,1);
INSERT INTO `llx_accounting_account` VALUES (940,1,NULL,'2016-08-10 17:40:35','PCMN-BASE','TIERS','XXXXXX',44011,938,'Fournisseurs CEE',NULL,NULL,1);
INSERT INTO `llx_accounting_account` VALUES (941,1,NULL,'2016-08-10 17:40:35','PCMN-BASE','TIERS','XXXXXX',44012,938,'Fournisseurs importation',NULL,NULL,1);
INSERT INTO `llx_accounting_account` VALUES (942,1,NULL,'2016-08-10 17:40:35','PCMN-BASE','TIERS','XXXXXX',4402,934,'Dettes envers les coparticipants (associations momentanées)',NULL,NULL,1);
INSERT INTO `llx_accounting_account` VALUES (943,1,NULL,'2016-08-10 17:40:35','PCMN-BASE','TIERS','XXXXXX',4403,934,'Fournisseurs - retenues de garanties',NULL,NULL,1);
INSERT INTO `llx_accounting_account` VALUES (944,1,NULL,'2016-08-10 17:40:35','PCMN-BASE','TIERS','XXXXXX',441,933,'Effets à payer',NULL,NULL,1);
INSERT INTO `llx_accounting_account` VALUES (945,1,NULL,'2016-08-10 17:40:35','PCMN-BASE','TIERS','XXXXXX',4410,944,'Entreprises apparentées',NULL,NULL,1);
INSERT INTO `llx_accounting_account` VALUES (946,1,NULL,'2016-08-10 17:40:35','PCMN-BASE','TIERS','XXXXXX',44100,945,'Entreprises liées',NULL,NULL,1);
INSERT INTO `llx_accounting_account` VALUES (947,1,NULL,'2016-08-10 17:40:35','PCMN-BASE','TIERS','XXXXXX',44101,945,'Entreprises avec lesquelles il existe un lien de participation',NULL,NULL,1);
INSERT INTO `llx_accounting_account` VALUES (948,1,NULL,'2016-08-10 17:40:35','PCMN-BASE','TIERS','XXXXXX',4411,944,'Fournisseurs ordinaires',NULL,NULL,1);
INSERT INTO `llx_accounting_account` VALUES (949,1,NULL,'2016-08-10 17:40:35','PCMN-BASE','TIERS','XXXXXX',44110,948,'Fournisseurs belges',NULL,NULL,1);
INSERT INTO `llx_accounting_account` VALUES (950,1,NULL,'2016-08-10 17:40:35','PCMN-BASE','TIERS','XXXXXX',44111,948,'Fournisseurs CEE',NULL,NULL,1);
INSERT INTO `llx_accounting_account` VALUES (951,1,NULL,'2016-08-10 17:40:35','PCMN-BASE','TIERS','XXXXXX',44112,948,'Fournisseurs importation',NULL,NULL,1);
INSERT INTO `llx_accounting_account` VALUES (952,1,NULL,'2016-08-10 17:40:35','PCMN-BASE','TIERS','XXXXXX',444,933,'Factures à recevoir',NULL,NULL,1);
INSERT INTO `llx_accounting_account` VALUES (953,1,NULL,'2016-08-10 17:40:35','PCMN-BASE','TIERS','XXXXXX',446,933,'Acomptes reçus',NULL,NULL,1);
INSERT INTO `llx_accounting_account` VALUES (954,1,NULL,'2016-08-10 17:40:35','PCMN-BASE','TIERS','XXXXXX',448,933,'Compensations fournisseurs',NULL,NULL,1);
INSERT INTO `llx_accounting_account` VALUES (955,1,NULL,'2016-08-10 17:40:35','PCMN-BASE','TIERS','XXXXXX',45,1354,'Dettes fiscales, salariales et sociales',NULL,NULL,1);
INSERT INTO `llx_accounting_account` VALUES (956,1,NULL,'2016-08-10 17:40:35','PCMN-BASE','TIERS','XXXXXX',450,955,'Dettes fiscales estimées',NULL,NULL,1);
INSERT INTO `llx_accounting_account` VALUES (957,1,NULL,'2016-08-10 17:40:35','PCMN-BASE','TIERS','XXXXXX',4501,956,'Impôts sur le résultat',NULL,NULL,1);
INSERT INTO `llx_accounting_account` VALUES (958,1,NULL,'2016-08-10 17:40:35','PCMN-BASE','TIERS','XXXXXX',4505,956,'Autres impôts en Belgique',NULL,NULL,1);
INSERT INTO `llx_accounting_account` VALUES (959,1,NULL,'2016-08-10 17:40:35','PCMN-BASE','TIERS','XXXXXX',4508,956,'Impôts à l\'étranger',NULL,NULL,1);
INSERT INTO `llx_accounting_account` VALUES (960,1,NULL,'2016-08-10 17:40:35','PCMN-BASE','TIERS','XXXXXX',451,955,'T.V.A. à payer',NULL,NULL,1);
INSERT INTO `llx_accounting_account` VALUES (961,1,NULL,'2016-08-10 17:40:35','PCMN-BASE','TIERS','XXXXXX',4510,960,'T.V.A. due',NULL,NULL,1);
INSERT INTO `llx_accounting_account` VALUES (962,1,NULL,'2016-08-10 17:40:35','PCMN-BASE','TIERS','XXXXXX',4511,960,'T.V.A. déductible',NULL,NULL,1);
INSERT INTO `llx_accounting_account` VALUES (963,1,NULL,'2016-08-10 17:40:35','PCMN-BASE','TIERS','XXXXXX',4512,960,'Compte courant administration T.V.A.',NULL,NULL,1);
INSERT INTO `llx_accounting_account` VALUES (964,1,NULL,'2016-08-10 17:40:35','PCMN-BASE','TIERS','XXXXXX',4518,960,'Taxe d\'égalisation due',NULL,NULL,1);
INSERT INTO `llx_accounting_account` VALUES (965,1,NULL,'2016-08-10 17:40:35','PCMN-BASE','TIERS','XXXXXX',452,955,'Impôts et taxes à payer',NULL,NULL,1);
INSERT INTO `llx_accounting_account` VALUES (966,1,NULL,'2016-08-10 17:40:35','PCMN-BASE','TIERS','XXXXXX',4520,965,'Autres impôts sur le résultat',NULL,NULL,1);
INSERT INTO `llx_accounting_account` VALUES (967,1,NULL,'2016-08-10 17:40:35','PCMN-BASE','TIERS','XXXXXX',4525,965,'Autres impôts et taxes en Belgique',NULL,NULL,1);
INSERT INTO `llx_accounting_account` VALUES (968,1,NULL,'2016-08-10 17:40:35','PCMN-BASE','TIERS','XXXXXX',45250,967,'Précompte immobilier',NULL,NULL,1);
INSERT INTO `llx_accounting_account` VALUES (969,1,NULL,'2016-08-10 17:40:35','PCMN-BASE','TIERS','XXXXXX',45251,967,'Impôts communaux à payer',NULL,NULL,1);
INSERT INTO `llx_accounting_account` VALUES (970,1,NULL,'2016-08-10 17:40:35','PCMN-BASE','TIERS','XXXXXX',45252,967,'Impôts provinciaux à payer',NULL,NULL,1);
INSERT INTO `llx_accounting_account` VALUES (971,1,NULL,'2016-08-10 17:40:35','PCMN-BASE','TIERS','XXXXXX',45253,967,'Autres impôts et taxes à payer',NULL,NULL,1);
INSERT INTO `llx_accounting_account` VALUES (972,1,NULL,'2016-08-10 17:40:35','PCMN-BASE','TIERS','XXXXXX',4528,965,'Impôts et taxes à l\'étranger',NULL,NULL,1);
INSERT INTO `llx_accounting_account` VALUES (973,1,NULL,'2016-08-10 17:40:35','PCMN-BASE','TIERS','XXXXXX',453,955,'Précomptes retenus',NULL,NULL,1);
INSERT INTO `llx_accounting_account` VALUES (974,1,NULL,'2016-08-10 17:40:35','PCMN-BASE','TIERS','XXXXXX',4530,973,'Précompte professionnel retenu sur rémunérations',NULL,NULL,1);
INSERT INTO `llx_accounting_account` VALUES (975,1,NULL,'2016-08-10 17:40:35','PCMN-BASE','TIERS','XXXXXX',4531,973,'Précompte professionnel retenu sur tantièmes',NULL,NULL,1);
INSERT INTO `llx_accounting_account` VALUES (976,1,NULL,'2016-08-10 17:40:35','PCMN-BASE','TIERS','XXXXXX',4532,973,'Précompte mobilier retenu sur dividendes attribués',NULL,NULL,1);
INSERT INTO `llx_accounting_account` VALUES (977,1,NULL,'2016-08-10 17:40:35','PCMN-BASE','TIERS','XXXXXX',4533,973,'Précompte mobilier retenu sur intérêts payés',NULL,NULL,1);
INSERT INTO `llx_accounting_account` VALUES (978,1,NULL,'2016-08-10 17:40:35','PCMN-BASE','TIERS','XXXXXX',4538,973,'Autres précomptes retenus',NULL,NULL,1);
INSERT INTO `llx_accounting_account` VALUES (979,1,NULL,'2016-08-10 17:40:35','PCMN-BASE','TIERS','XXXXXX',454,955,'Office National de la Sécurité Sociale',NULL,NULL,1);
INSERT INTO `llx_accounting_account` VALUES (980,1,NULL,'2016-08-10 17:40:35','PCMN-BASE','TIERS','XXXXXX',4540,979,'Arriérés',NULL,NULL,1);
INSERT INTO `llx_accounting_account` VALUES (981,1,NULL,'2016-08-10 17:40:35','PCMN-BASE','TIERS','XXXXXX',4541,979,'1er trimestre',NULL,NULL,1);
INSERT INTO `llx_accounting_account` VALUES (982,1,NULL,'2016-08-10 17:40:35','PCMN-BASE','TIERS','XXXXXX',4542,979,'2ème trimestre',NULL,NULL,1);
INSERT INTO `llx_accounting_account` VALUES (983,1,NULL,'2016-08-10 17:40:35','PCMN-BASE','TIERS','XXXXXX',4543,979,'3ème trimestre',NULL,NULL,1);
INSERT INTO `llx_accounting_account` VALUES (984,1,NULL,'2016-08-10 17:40:35','PCMN-BASE','TIERS','XXXXXX',4544,979,'4ème trimestre',NULL,NULL,1);
INSERT INTO `llx_accounting_account` VALUES (985,1,NULL,'2016-08-10 17:40:35','PCMN-BASE','TIERS','XXXXXX',455,955,'Rémunérations',NULL,NULL,1);
INSERT INTO `llx_accounting_account` VALUES (986,1,NULL,'2016-08-10 17:40:35','PCMN-BASE','TIERS','XXXXXX',4550,985,'Administrateurs,  gérants et commissaires (non réviseurs)',NULL,NULL,1);
INSERT INTO `llx_accounting_account` VALUES (987,1,NULL,'2016-08-10 17:40:35','PCMN-BASE','TIERS','XXXXXX',4551,985,'Direction',NULL,NULL,1);
INSERT INTO `llx_accounting_account` VALUES (988,1,NULL,'2016-08-10 17:40:35','PCMN-BASE','TIERS','XXXXXX',4552,985,'Employés',NULL,NULL,1);
INSERT INTO `llx_accounting_account` VALUES (989,1,NULL,'2016-08-10 17:40:35','PCMN-BASE','TIERS','XXXXXX',4553,985,'Ouvriers',NULL,NULL,1);
INSERT INTO `llx_accounting_account` VALUES (990,1,NULL,'2016-08-10 17:40:35','PCMN-BASE','TIERS','XXXXXX',456,955,'Pécules de vacances',NULL,NULL,1);
INSERT INTO `llx_accounting_account` VALUES (991,1,NULL,'2016-08-10 17:40:35','PCMN-BASE','TIERS','XXXXXX',4560,990,'Direction',NULL,NULL,1);
INSERT INTO `llx_accounting_account` VALUES (992,1,NULL,'2016-08-10 17:40:35','PCMN-BASE','TIERS','XXXXXX',4561,990,'Employés',NULL,NULL,1);
INSERT INTO `llx_accounting_account` VALUES (993,1,NULL,'2016-08-10 17:40:35','PCMN-BASE','TIERS','XXXXXX',4562,990,'Ouvriers',NULL,NULL,1);
INSERT INTO `llx_accounting_account` VALUES (994,1,NULL,'2016-08-10 17:40:35','PCMN-BASE','TIERS','XXXXXX',459,955,'Autres dettes sociales',NULL,NULL,1);
INSERT INTO `llx_accounting_account` VALUES (995,1,NULL,'2016-08-10 17:40:35','PCMN-BASE','TIERS','XXXXXX',4590,994,'Provision pour gratifications de fin d\'année',NULL,NULL,1);
INSERT INTO `llx_accounting_account` VALUES (996,1,NULL,'2016-08-10 17:40:35','PCMN-BASE','TIERS','XXXXXX',4591,994,'Départs de personnel',NULL,NULL,1);
INSERT INTO `llx_accounting_account` VALUES (997,1,NULL,'2016-08-10 17:40:35','PCMN-BASE','TIERS','XXXXXX',4592,994,'Oppositions sur rémunérations',NULL,NULL,1);
INSERT INTO `llx_accounting_account` VALUES (998,1,NULL,'2016-08-10 17:40:35','PCMN-BASE','TIERS','XXXXXX',4593,994,'Assurances relatives au personnel',NULL,NULL,1);
INSERT INTO `llx_accounting_account` VALUES (999,1,NULL,'2016-08-10 17:40:35','PCMN-BASE','TIERS','XXXXXX',45930,998,'Assurance loi',NULL,NULL,1);
INSERT INTO `llx_accounting_account` VALUES (1000,1,NULL,'2016-08-10 17:40:35','PCMN-BASE','TIERS','XXXXXX',45931,998,'Assurance salaire garanti',NULL,NULL,1);
INSERT INTO `llx_accounting_account` VALUES (1001,1,NULL,'2016-08-10 17:40:35','PCMN-BASE','TIERS','XXXXXX',45932,998,'Assurance groupe',NULL,NULL,1);
INSERT INTO `llx_accounting_account` VALUES (1002,1,NULL,'2016-08-10 17:40:35','PCMN-BASE','TIERS','XXXXXX',45933,998,'Assurances individuelles',NULL,NULL,1);
INSERT INTO `llx_accounting_account` VALUES (1003,1,NULL,'2016-08-10 17:40:35','PCMN-BASE','TIERS','XXXXXX',4594,994,'Caisse d\'assurances sociales pour travailleurs indépendants',NULL,NULL,1);
INSERT INTO `llx_accounting_account` VALUES (1004,1,NULL,'2016-08-10 17:40:35','PCMN-BASE','TIERS','XXXXXX',4597,994,'Dettes et provisions sociales diverses',NULL,NULL,1);
INSERT INTO `llx_accounting_account` VALUES (1005,1,NULL,'2016-08-10 17:40:35','PCMN-BASE','TIERS','XXXXXX',46,1354,'Acomptes reçus sur commande',NULL,NULL,1);
INSERT INTO `llx_accounting_account` VALUES (1006,1,NULL,'2016-08-10 17:40:35','PCMN-BASE','TIERS','XXXXXX',47,1354,'Dettes découlant de l\'affectation des résultats',NULL,NULL,1);
INSERT INTO `llx_accounting_account` VALUES (1007,1,NULL,'2016-08-10 17:40:35','PCMN-BASE','TIERS','XXXXXX',470,1006,'Dividendes et tantièmes d\'exercices antérieurs',NULL,NULL,1);
INSERT INTO `llx_accounting_account` VALUES (1008,1,NULL,'2016-08-10 17:40:35','PCMN-BASE','TIERS','XXXXXX',471,1006,'Dividendes de l\'exercice',NULL,NULL,1);
INSERT INTO `llx_accounting_account` VALUES (1009,1,NULL,'2016-08-10 17:40:35','PCMN-BASE','TIERS','XXXXXX',472,1006,'Tantièmes de l\'exercice',NULL,NULL,1);
INSERT INTO `llx_accounting_account` VALUES (1010,1,NULL,'2016-08-10 17:40:35','PCMN-BASE','TIERS','XXXXXX',473,1006,'Autres allocataires',NULL,NULL,1);
INSERT INTO `llx_accounting_account` VALUES (1011,1,NULL,'2016-08-10 17:40:35','PCMN-BASE','TIERS','XXXXXX',48,4,'Dettes diverses',NULL,NULL,1);
INSERT INTO `llx_accounting_account` VALUES (1012,1,NULL,'2016-08-10 17:40:35','PCMN-BASE','TIERS','XXXXXX',480,1011,'Obligations et coupons échus',NULL,NULL,1);
INSERT INTO `llx_accounting_account` VALUES (1013,1,NULL,'2016-08-10 17:40:35','PCMN-BASE','TIERS','XXXXXX',481,1011,'Actionnaires - capital à rembourser',NULL,NULL,1);
INSERT INTO `llx_accounting_account` VALUES (1014,1,NULL,'2016-08-10 17:40:35','PCMN-BASE','TIERS','XXXXXX',482,1011,'Participation du personnel à payer',NULL,NULL,1);
INSERT INTO `llx_accounting_account` VALUES (1015,1,NULL,'2016-08-10 17:40:35','PCMN-BASE','TIERS','XXXXXX',483,1011,'Acomptes reçus d\'autres tiers à moins d\'un an',NULL,NULL,1);
INSERT INTO `llx_accounting_account` VALUES (1016,1,NULL,'2016-08-10 17:40:35','PCMN-BASE','TIERS','XXXXXX',486,1011,'Emballages et matériel consignés',NULL,NULL,1);
INSERT INTO `llx_accounting_account` VALUES (1017,1,NULL,'2016-08-10 17:40:35','PCMN-BASE','TIERS','XXXXXX',488,1011,'Cautionnements reçus en numéraires',NULL,NULL,1);
INSERT INTO `llx_accounting_account` VALUES (1018,1,NULL,'2016-08-10 17:40:35','PCMN-BASE','TIERS','XXXXXX',489,1011,'Autres dettes diverses',NULL,NULL,1);
INSERT INTO `llx_accounting_account` VALUES (1019,1,NULL,'2016-08-10 17:40:35','PCMN-BASE','TIERS','XXXXXX',49,1354,'Comptes de régularisation et compte d\'attente',NULL,NULL,1);
INSERT INTO `llx_accounting_account` VALUES (1020,1,NULL,'2016-08-10 17:40:35','PCMN-BASE','TIERS','XXXXXX',490,1019,'Charges à reporter (à subdiviser par catégorie de charges)',NULL,NULL,1);
INSERT INTO `llx_accounting_account` VALUES (1021,1,NULL,'2016-08-10 17:40:35','PCMN-BASE','TIERS','XXXXXX',491,1019,'Produits acquis',NULL,NULL,1);
INSERT INTO `llx_accounting_account` VALUES (1022,1,NULL,'2016-08-10 17:40:35','PCMN-BASE','TIERS','XXXXXX',4910,1021,'Produits d\'exploitation',NULL,NULL,1);
INSERT INTO `llx_accounting_account` VALUES (1023,1,NULL,'2016-08-10 17:40:35','PCMN-BASE','TIERS','XXXXXX',49100,1022,'Ristournes et rabais à obtenir',NULL,NULL,1);
INSERT INTO `llx_accounting_account` VALUES (1024,1,NULL,'2016-08-10 17:40:35','PCMN-BASE','TIERS','XXXXXX',49101,1022,'Commissions à obtenir',NULL,NULL,1);
INSERT INTO `llx_accounting_account` VALUES (1025,1,NULL,'2016-08-10 17:40:35','PCMN-BASE','TIERS','XXXXXX',49102,1022,'Autres produits d\'exploitation (redevances par exemple)',NULL,NULL,1);
INSERT INTO `llx_accounting_account` VALUES (1026,1,NULL,'2016-08-10 17:40:35','PCMN-BASE','TIERS','XXXXXX',4911,1021,'Produits financiers',NULL,NULL,1);
INSERT INTO `llx_accounting_account` VALUES (1027,1,NULL,'2016-08-10 17:40:35','PCMN-BASE','TIERS','XXXXXX',49110,1026,'Intérêts courus et non échus sur prêts et débits',NULL,NULL,1);
INSERT INTO `llx_accounting_account` VALUES (1028,1,NULL,'2016-08-10 17:40:35','PCMN-BASE','TIERS','XXXXXX',49111,1026,'Autres produits financiers',NULL,NULL,1);
INSERT INTO `llx_accounting_account` VALUES (1029,1,NULL,'2016-08-10 17:40:35','PCMN-BASE','TIERS','XXXXXX',492,1019,'Charges à imputer (à subdiviser par catégorie de charges)',NULL,NULL,1);
INSERT INTO `llx_accounting_account` VALUES (1030,1,NULL,'2016-08-10 17:40:35','PCMN-BASE','TIERS','XXXXXX',493,1019,'Produits à reporter',NULL,NULL,1);
INSERT INTO `llx_accounting_account` VALUES (1031,1,NULL,'2016-08-10 17:40:35','PCMN-BASE','TIERS','XXXXXX',4930,1030,'Produits d\'exploitation à reporter',NULL,NULL,1);
INSERT INTO `llx_accounting_account` VALUES (1032,1,NULL,'2016-08-10 17:40:35','PCMN-BASE','TIERS','XXXXXX',4931,1030,'Produits financiers à reporter',NULL,NULL,1);
INSERT INTO `llx_accounting_account` VALUES (1033,1,NULL,'2016-08-10 17:40:35','PCMN-BASE','TIERS','XXXXXX',499,1019,'Comptes d\'attente',NULL,NULL,1);
INSERT INTO `llx_accounting_account` VALUES (1034,1,NULL,'2016-08-10 17:40:35','PCMN-BASE','TIERS','XXXXXX',4990,1033,'Compte d\'attente',NULL,NULL,1);
INSERT INTO `llx_accounting_account` VALUES (1035,1,NULL,'2016-08-10 17:40:35','PCMN-BASE','TIERS','XXXXXX',4991,1033,'Compte de répartition périodique des charges',NULL,NULL,1);
INSERT INTO `llx_accounting_account` VALUES (1036,1,NULL,'2016-08-10 17:40:35','PCMN-BASE','TIERS','XXXXXX',4999,1033,'Transferts d\'exercice',NULL,NULL,1);
INSERT INTO `llx_accounting_account` VALUES (1037,1,NULL,'2016-08-10 17:40:35','PCMN-BASE','FINAN','XXXXXX',50,1355,'Actions propres',NULL,NULL,1);
INSERT INTO `llx_accounting_account` VALUES (1038,1,NULL,'2016-08-10 17:40:35','PCMN-BASE','FINAN','XXXXXX',51,1355,'Actions et parts',NULL,NULL,1);
INSERT INTO `llx_accounting_account` VALUES (1039,1,NULL,'2016-08-10 17:40:35','PCMN-BASE','FINAN','XXXXXX',510,1038,'Valeur d\'acquisition',NULL,NULL,1);
INSERT INTO `llx_accounting_account` VALUES (1040,1,NULL,'2016-08-10 17:40:35','PCMN-BASE','FINAN','XXXXXX',511,1038,'Montants non appelés',NULL,NULL,1);
INSERT INTO `llx_accounting_account` VALUES (1041,1,NULL,'2016-08-10 17:40:35','PCMN-BASE','FINAN','XXXXXX',519,1038,'Réductions de valeur actées',NULL,NULL,1);
INSERT INTO `llx_accounting_account` VALUES (1042,1,NULL,'2016-08-10 17:40:35','PCMN-BASE','FINAN','XXXXXX',52,1355,'Titres à revenus fixes',NULL,NULL,1);
INSERT INTO `llx_accounting_account` VALUES (1043,1,NULL,'2016-08-10 17:40:35','PCMN-BASE','FINAN','XXXXXX',520,1042,'Valeur d\'acquisition',NULL,NULL,1);
INSERT INTO `llx_accounting_account` VALUES (1044,1,NULL,'2016-08-10 17:40:35','PCMN-BASE','FINAN','XXXXXX',529,1042,'Réductions de valeur actées',NULL,NULL,1);
INSERT INTO `llx_accounting_account` VALUES (1045,1,NULL,'2016-08-10 17:40:35','PCMN-BASE','FINAN','XXXXXX',53,1355,'Dépots à terme',NULL,NULL,1);
INSERT INTO `llx_accounting_account` VALUES (1046,1,NULL,'2016-08-10 17:40:35','PCMN-BASE','FINAN','XXXXXX',530,1045,'De plus d\'un an',NULL,NULL,1);
INSERT INTO `llx_accounting_account` VALUES (1047,1,NULL,'2016-08-10 17:40:35','PCMN-BASE','FINAN','XXXXXX',531,1045,'De plus d\'un mois et à un an au plus',NULL,NULL,1);
INSERT INTO `llx_accounting_account` VALUES (1048,1,NULL,'2016-08-10 17:40:35','PCMN-BASE','FINAN','XXXXXX',532,1045,'d\'un mois au plus',NULL,NULL,1);
INSERT INTO `llx_accounting_account` VALUES (1049,1,NULL,'2016-08-10 17:40:35','PCMN-BASE','FINAN','XXXXXX',539,1045,'Réductions de valeur actées',NULL,NULL,1);
INSERT INTO `llx_accounting_account` VALUES (1050,1,NULL,'2016-08-10 17:40:35','PCMN-BASE','FINAN','XXXXXX',54,1355,'Valeurs échues à l\'encaissement',NULL,NULL,1);
INSERT INTO `llx_accounting_account` VALUES (1051,1,NULL,'2016-08-10 17:40:35','PCMN-BASE','FINAN','XXXXXX',540,1050,'Chèques à encaisser',NULL,NULL,1);
INSERT INTO `llx_accounting_account` VALUES (1052,1,NULL,'2016-08-10 17:40:35','PCMN-BASE','FINAN','XXXXXX',541,1050,'Coupons à encaisser',NULL,NULL,1);
INSERT INTO `llx_accounting_account` VALUES (1053,1,NULL,'2016-08-10 17:40:35','PCMN-BASE','FINAN','XXXXXX',55,1355,'Etablissements de crédit - Comptes ouverts auprès des divers établissements.',NULL,NULL,1);
INSERT INTO `llx_accounting_account` VALUES (1054,1,NULL,'2016-08-10 17:40:35','PCMN-BASE','FINAN','XXXXXX',550,1053,'Comptes courants',NULL,NULL,1);
INSERT INTO `llx_accounting_account` VALUES (1055,1,NULL,'2016-08-10 17:40:35','PCMN-BASE','FINAN','XXXXXX',551,1053,'Chèques émis',NULL,NULL,1);
INSERT INTO `llx_accounting_account` VALUES (1056,1,NULL,'2016-08-10 17:40:35','PCMN-BASE','FINAN','XXXXXX',559,1053,'Réductions de valeur actées',NULL,NULL,1);
INSERT INTO `llx_accounting_account` VALUES (1057,1,NULL,'2016-08-10 17:40:35','PCMN-BASE','FINAN','XXXXXX',56,1355,'Office des chèques postaux',NULL,NULL,1);
INSERT INTO `llx_accounting_account` VALUES (1058,1,NULL,'2016-08-10 17:40:35','PCMN-BASE','FINAN','XXXXXX',560,1057,'Compte courant',NULL,NULL,1);
INSERT INTO `llx_accounting_account` VALUES (1059,1,NULL,'2016-08-10 17:40:35','PCMN-BASE','FINAN','XXXXXX',561,1057,'Chèques émis',NULL,NULL,1);
INSERT INTO `llx_accounting_account` VALUES (1060,1,NULL,'2016-08-10 17:40:35','PCMN-BASE','FINAN','XXXXXX',57,1355,'Caisses',NULL,NULL,1);
INSERT INTO `llx_accounting_account` VALUES (1061,1,NULL,'2016-08-10 17:40:35','PCMN-BASE','FINAN','XXXXXX',570,1060,'à 577 Caisses - espèces ( 0 - centrale ; 7 - succursales et agences)',NULL,NULL,1);
INSERT INTO `llx_accounting_account` VALUES (1062,1,NULL,'2016-08-10 17:40:35','PCMN-BASE','FINAN','XXXXXX',578,1060,'Caisses - timbres ( 0 - fiscaux ; 1 - postaux)',NULL,NULL,1);
INSERT INTO `llx_accounting_account` VALUES (1063,1,NULL,'2016-08-10 17:40:35','PCMN-BASE','FINAN','XXXXXX',58,1355,'Virements internes',NULL,NULL,1);
INSERT INTO `llx_accounting_account` VALUES (1064,1,NULL,'2016-08-10 17:40:35','PCMN-BASE','CHARGE','XXXXXX',60,1356,'Approvisionnements et marchandises',NULL,NULL,1);
INSERT INTO `llx_accounting_account` VALUES (1065,1,NULL,'2016-08-10 17:40:35','PCMN-BASE','CHARGE','XXXXXX',600,1064,'Achats de matières premières',NULL,NULL,1);
INSERT INTO `llx_accounting_account` VALUES (1066,1,NULL,'2016-08-10 17:40:35','PCMN-BASE','CHARGE','XXXXXX',601,1064,'Achats de fournitures',NULL,NULL,1);
INSERT INTO `llx_accounting_account` VALUES (1067,1,NULL,'2016-08-10 17:40:35','PCMN-BASE','CHARGE','XXXXXX',602,1064,'Achats de services, travaux et études',NULL,NULL,1);
INSERT INTO `llx_accounting_account` VALUES (1068,1,NULL,'2016-08-10 17:40:35','PCMN-BASE','CHARGE','XXXXXX',603,1064,'Sous-traitances générales',NULL,NULL,1);
INSERT INTO `llx_accounting_account` VALUES (1069,1,NULL,'2016-08-10 17:40:35','PCMN-BASE','CHARGE','XXXXXX',604,1064,'Achats de marchandises',NULL,NULL,1);
INSERT INTO `llx_accounting_account` VALUES (1070,1,NULL,'2016-08-10 17:40:35','PCMN-BASE','CHARGE','XXXXXX',605,1064,'Achats d\'immeubles destinés à la revente',NULL,NULL,1);
INSERT INTO `llx_accounting_account` VALUES (1071,1,NULL,'2016-08-10 17:40:35','PCMN-BASE','CHARGE','XXXXXX',608,1064,'Remises , ristournes et rabais obtenus sur achats',NULL,NULL,1);
INSERT INTO `llx_accounting_account` VALUES (1072,1,NULL,'2016-08-10 17:40:35','PCMN-BASE','CHARGE','XXXXXX',609,1064,'Variations de stocks',NULL,NULL,1);
INSERT INTO `llx_accounting_account` VALUES (1073,1,NULL,'2016-08-10 17:40:35','PCMN-BASE','CHARGE','XXXXXX',6090,1072,'De matières premières',NULL,NULL,1);
INSERT INTO `llx_accounting_account` VALUES (1074,1,NULL,'2016-08-10 17:40:35','PCMN-BASE','CHARGE','XXXXXX',6091,1072,'De fournitures',NULL,NULL,1);
INSERT INTO `llx_accounting_account` VALUES (1075,1,NULL,'2016-08-10 17:40:35','PCMN-BASE','CHARGE','XXXXXX',6094,1072,'De marchandises',NULL,NULL,1);
INSERT INTO `llx_accounting_account` VALUES (1076,1,NULL,'2016-08-10 17:40:35','PCMN-BASE','CHARGE','XXXXXX',6095,1072,'d\'immeubles destinés à la vente',NULL,NULL,1);
INSERT INTO `llx_accounting_account` VALUES (1077,1,NULL,'2016-08-10 17:40:35','PCMN-BASE','CHARGE','XXXXXX',61,1356,'Services et biens divers',NULL,NULL,1);
INSERT INTO `llx_accounting_account` VALUES (1078,1,NULL,'2016-08-10 17:40:35','PCMN-BASE','CHARGE','XXXXXX',610,1077,'Loyers et charges locatives',NULL,NULL,1);
INSERT INTO `llx_accounting_account` VALUES (1079,1,NULL,'2016-08-10 17:40:35','PCMN-BASE','CHARGE','XXXXXX',6100,1078,'Loyers divers',NULL,NULL,1);
INSERT INTO `llx_accounting_account` VALUES (1080,1,NULL,'2016-08-10 17:40:35','PCMN-BASE','CHARGE','XXXXXX',6101,1078,'Charges locatives (assurances, frais de confort,etc)',NULL,NULL,1);
INSERT INTO `llx_accounting_account` VALUES (1081,1,NULL,'2016-08-10 17:40:35','PCMN-BASE','CHARGE','XXXXXX',611,1077,'Entretien et réparation (fournitures et prestations)',NULL,NULL,1);
INSERT INTO `llx_accounting_account` VALUES (1082,1,NULL,'2016-08-10 17:40:35','PCMN-BASE','CHARGE','XXXXXX',612,1077,'Fournitures faites à l\'entreprise',NULL,NULL,1);
INSERT INTO `llx_accounting_account` VALUES (1083,1,NULL,'2016-08-10 17:40:35','PCMN-BASE','CHARGE','XXXXXX',6120,1082,'Eau, gaz, électricité, vapeur',NULL,NULL,1);
INSERT INTO `llx_accounting_account` VALUES (1084,1,NULL,'2016-08-10 17:40:35','PCMN-BASE','CHARGE','XXXXXX',61200,1083,'Eau',NULL,NULL,1);
INSERT INTO `llx_accounting_account` VALUES (1085,1,NULL,'2016-08-10 17:40:35','PCMN-BASE','CHARGE','XXXXXX',61201,1083,'Gaz',NULL,NULL,1);
INSERT INTO `llx_accounting_account` VALUES (1086,1,NULL,'2016-08-10 17:40:35','PCMN-BASE','CHARGE','XXXXXX',61202,1083,'Electricité',NULL,NULL,1);
INSERT INTO `llx_accounting_account` VALUES (1087,1,NULL,'2016-08-10 17:40:35','PCMN-BASE','CHARGE','XXXXXX',61203,1083,'Vapeur',NULL,NULL,1);
INSERT INTO `llx_accounting_account` VALUES (1088,1,NULL,'2016-08-10 17:40:35','PCMN-BASE','CHARGE','XXXXXX',6121,1082,'Téléphone, télégrammes, télex, téléfax, frais postaux',NULL,NULL,1);
INSERT INTO `llx_accounting_account` VALUES (1089,1,NULL,'2016-08-10 17:40:35','PCMN-BASE','CHARGE','XXXXXX',61210,1088,'Téléphone',NULL,NULL,1);
INSERT INTO `llx_accounting_account` VALUES (1090,1,NULL,'2016-08-10 17:40:35','PCMN-BASE','CHARGE','XXXXXX',61211,1088,'Télégrammes',NULL,NULL,1);
INSERT INTO `llx_accounting_account` VALUES (1091,1,NULL,'2016-08-10 17:40:35','PCMN-BASE','CHARGE','XXXXXX',61212,1088,'Télex et téléfax',NULL,NULL,1);
INSERT INTO `llx_accounting_account` VALUES (1092,1,NULL,'2016-08-10 17:40:35','PCMN-BASE','CHARGE','XXXXXX',61213,1088,'Frais postaux',NULL,NULL,1);
INSERT INTO `llx_accounting_account` VALUES (1093,1,NULL,'2016-08-10 17:40:35','PCMN-BASE','CHARGE','XXXXXX',6122,1082,'Livres, bibliothèque',NULL,NULL,1);
INSERT INTO `llx_accounting_account` VALUES (1094,1,NULL,'2016-08-10 17:40:35','PCMN-BASE','CHARGE','XXXXXX',6123,1082,'Imprimés et fournitures de bureau (si non comptabilisé au 601)',NULL,NULL,1);
INSERT INTO `llx_accounting_account` VALUES (1095,1,NULL,'2016-08-10 17:40:35','PCMN-BASE','CHARGE','XXXXXX',613,1077,'Rétributions de tiers',NULL,NULL,1);
INSERT INTO `llx_accounting_account` VALUES (1096,1,NULL,'2016-08-10 17:40:35','PCMN-BASE','CHARGE','XXXXXX',6130,1095,'Redevances et royalties',NULL,NULL,1);
INSERT INTO `llx_accounting_account` VALUES (1097,1,NULL,'2016-08-10 17:40:35','PCMN-BASE','CHARGE','XXXXXX',61300,1096,'Redevances pour brevets, licences, marques et accessoires',NULL,NULL,1);
INSERT INTO `llx_accounting_account` VALUES (1098,1,NULL,'2016-08-10 17:40:35','PCMN-BASE','CHARGE','XXXXXX',61301,1096,'Autres redevances (procédés de fabrication)',NULL,NULL,1);
INSERT INTO `llx_accounting_account` VALUES (1099,1,NULL,'2016-08-10 17:40:35','PCMN-BASE','CHARGE','XXXXXX',6131,1095,'Assurances non relatives au personnel',NULL,NULL,1);
INSERT INTO `llx_accounting_account` VALUES (1100,1,NULL,'2016-08-10 17:40:35','PCMN-BASE','CHARGE','XXXXXX',61310,1099,'Assurance incendie',NULL,NULL,1);
INSERT INTO `llx_accounting_account` VALUES (1101,1,NULL,'2016-08-10 17:40:35','PCMN-BASE','CHARGE','XXXXXX',61311,1099,'Assurance vol',NULL,NULL,1);
INSERT INTO `llx_accounting_account` VALUES (1102,1,NULL,'2016-08-10 17:40:35','PCMN-BASE','CHARGE','XXXXXX',61312,1099,'Assurance autos',NULL,NULL,1);
INSERT INTO `llx_accounting_account` VALUES (1103,1,NULL,'2016-08-10 17:40:35','PCMN-BASE','CHARGE','XXXXXX',61313,1099,'Assurance crédit',NULL,NULL,1);
INSERT INTO `llx_accounting_account` VALUES (1104,1,NULL,'2016-08-10 17:40:35','PCMN-BASE','CHARGE','XXXXXX',61314,1099,'Assurances frais généraux',NULL,NULL,1);
INSERT INTO `llx_accounting_account` VALUES (1105,1,NULL,'2016-08-10 17:40:35','PCMN-BASE','CHARGE','XXXXXX',6132,1095,'Divers',NULL,NULL,1);
INSERT INTO `llx_accounting_account` VALUES (1106,1,NULL,'2016-08-10 17:40:35','PCMN-BASE','CHARGE','XXXXXX',61320,1105,'Commissions aux tiers',NULL,NULL,1);
INSERT INTO `llx_accounting_account` VALUES (1107,1,NULL,'2016-08-10 17:40:35','PCMN-BASE','CHARGE','XXXXXX',61321,1105,'Honoraires d\'avocats, d\'experts, etc',NULL,NULL,1);
INSERT INTO `llx_accounting_account` VALUES (1108,1,NULL,'2016-08-10 17:40:35','PCMN-BASE','CHARGE','XXXXXX',61322,1105,'Cotisations aux groupements professionnels',NULL,NULL,1);
INSERT INTO `llx_accounting_account` VALUES (1109,1,NULL,'2016-08-10 17:40:35','PCMN-BASE','CHARGE','XXXXXX',61323,1105,'Dons, libéralités, etc',NULL,NULL,1);
INSERT INTO `llx_accounting_account` VALUES (1110,1,NULL,'2016-08-10 17:40:35','PCMN-BASE','CHARGE','XXXXXX',61324,1105,'Frais de contentieux',NULL,NULL,1);
INSERT INTO `llx_accounting_account` VALUES (1111,1,NULL,'2016-08-10 17:40:35','PCMN-BASE','CHARGE','XXXXXX',61325,1105,'Publications légales',NULL,NULL,1);
INSERT INTO `llx_accounting_account` VALUES (1112,1,NULL,'2016-08-10 17:40:35','PCMN-BASE','CHARGE','XXXXXX',6133,1095,'Transports et déplacements',NULL,NULL,1);
INSERT INTO `llx_accounting_account` VALUES (1113,1,NULL,'2016-08-10 17:40:35','PCMN-BASE','CHARGE','XXXXXX',61330,1112,'Transports de personnel',NULL,NULL,1);
INSERT INTO `llx_accounting_account` VALUES (1114,1,NULL,'2016-08-10 17:40:35','PCMN-BASE','CHARGE','XXXXXX',61331,1112,'Voyages, déplacements et représentations',NULL,NULL,1);
INSERT INTO `llx_accounting_account` VALUES (1115,1,NULL,'2016-08-10 17:40:35','PCMN-BASE','CHARGE','XXXXXX',6134,1095,'Personnel intérimaire',NULL,NULL,1);
INSERT INTO `llx_accounting_account` VALUES (1116,1,NULL,'2016-08-10 17:40:35','PCMN-BASE','CHARGE','XXXXXX',614,1077,'Annonces, publicité, propagande et documentation',NULL,NULL,1);
INSERT INTO `llx_accounting_account` VALUES (1117,1,NULL,'2016-08-10 17:40:35','PCMN-BASE','CHARGE','XXXXXX',6140,1116,'Annonces et insertions',NULL,NULL,1);
INSERT INTO `llx_accounting_account` VALUES (1118,1,NULL,'2016-08-10 17:40:35','PCMN-BASE','CHARGE','XXXXXX',6141,1116,'Catalogues et imprimés',NULL,NULL,1);
INSERT INTO `llx_accounting_account` VALUES (1119,1,NULL,'2016-08-10 17:40:35','PCMN-BASE','CHARGE','XXXXXX',6142,1116,'Echantillons',NULL,NULL,1);
INSERT INTO `llx_accounting_account` VALUES (1120,1,NULL,'2016-08-10 17:40:35','PCMN-BASE','CHARGE','XXXXXX',6143,1116,'Foires et expositions',NULL,NULL,1);
INSERT INTO `llx_accounting_account` VALUES (1121,1,NULL,'2016-08-10 17:40:35','PCMN-BASE','CHARGE','XXXXXX',6144,1116,'Primes',NULL,NULL,1);
INSERT INTO `llx_accounting_account` VALUES (1122,1,NULL,'2016-08-10 17:40:35','PCMN-BASE','CHARGE','XXXXXX',6145,1116,'Cadeaux à la clientèle',NULL,NULL,1);
INSERT INTO `llx_accounting_account` VALUES (1123,1,NULL,'2016-08-10 17:40:35','PCMN-BASE','CHARGE','XXXXXX',6146,1116,'Missions et réceptions',NULL,NULL,1);
INSERT INTO `llx_accounting_account` VALUES (1124,1,NULL,'2016-08-10 17:40:35','PCMN-BASE','CHARGE','XXXXXX',6147,1116,'Documentation',NULL,NULL,1);
INSERT INTO `llx_accounting_account` VALUES (1125,1,NULL,'2016-08-10 17:40:35','PCMN-BASE','CHARGE','XXXXXX',615,1077,'Sous-traitants',NULL,NULL,1);
INSERT INTO `llx_accounting_account` VALUES (1126,1,NULL,'2016-08-10 17:40:35','PCMN-BASE','CHARGE','XXXXXX',6150,1125,'Sous-traitants pour activités propres',NULL,NULL,1);
INSERT INTO `llx_accounting_account` VALUES (1127,1,NULL,'2016-08-10 17:40:35','PCMN-BASE','CHARGE','XXXXXX',6151,1125,'Sous-traitants d\'associations momentanées (coparticipants)',NULL,NULL,1);
INSERT INTO `llx_accounting_account` VALUES (1128,1,NULL,'2016-08-10 17:40:35','PCMN-BASE','CHARGE','XXXXXX',6152,1125,'Quote-part bénéficiaire des coparticipants',NULL,NULL,1);
INSERT INTO `llx_accounting_account` VALUES (1129,1,NULL,'2016-08-10 17:40:35','PCMN-BASE','CHARGE','XXXXXX',617,1077,'Personnel intérimaire et personnes mises à la disposition de l\'entreprise',NULL,NULL,1);
INSERT INTO `llx_accounting_account` VALUES (1130,1,NULL,'2016-08-10 17:40:35','PCMN-BASE','CHARGE','XXXXXX',618,1077,'Rémunérations, primes pour assurances extralégales, pensions de retraite et de survie des administrateurs, gérants et associés actifs qui ne sont pas attribuées en vertu d\'un contrat de travail',NULL,NULL,1);
INSERT INTO `llx_accounting_account` VALUES (1131,1,NULL,'2016-08-10 17:40:35','PCMN-BASE','CHARGE','XXXXXX',62,1356,'Rémunérations, charges sociales et pensions',NULL,NULL,1);
INSERT INTO `llx_accounting_account` VALUES (1132,1,NULL,'2016-08-10 17:40:35','PCMN-BASE','CHARGE','XXXXXX',620,1131,'Rémunérations et avantages sociaux directs',NULL,NULL,1);
INSERT INTO `llx_accounting_account` VALUES (1133,1,NULL,'2016-08-10 17:40:35','PCMN-BASE','CHARGE','XXXXXX',6200,1132,'Administrateurs ou gérants',NULL,NULL,1);
INSERT INTO `llx_accounting_account` VALUES (1134,1,NULL,'2016-08-10 17:40:35','PCMN-BASE','CHARGE','XXXXXX',6201,1132,'Personnel de direction',NULL,NULL,1);
INSERT INTO `llx_accounting_account` VALUES (1135,1,NULL,'2016-08-10 17:40:35','PCMN-BASE','CHARGE','XXXXXX',6202,1132,'Employés',NULL,NULL,1);
INSERT INTO `llx_accounting_account` VALUES (1136,1,NULL,'2016-08-10 17:40:35','PCMN-BASE','CHARGE','XXXXXX',6203,1132,'Ouvriers',NULL,NULL,1);
INSERT INTO `llx_accounting_account` VALUES (1137,1,NULL,'2016-08-10 17:40:35','PCMN-BASE','CHARGE','XXXXXX',6204,1132,'Autres membres du personnel',NULL,NULL,1);
INSERT INTO `llx_accounting_account` VALUES (1138,1,NULL,'2016-08-10 17:40:35','PCMN-BASE','CHARGE','XXXXXX',621,1131,'Cotisations patronales d\'assurances sociales',NULL,NULL,1);
INSERT INTO `llx_accounting_account` VALUES (1139,1,NULL,'2016-08-10 17:40:35','PCMN-BASE','CHARGE','XXXXXX',6210,1138,'Sur salaires',NULL,NULL,1);
INSERT INTO `llx_accounting_account` VALUES (1140,1,NULL,'2016-08-10 17:40:35','PCMN-BASE','CHARGE','XXXXXX',6211,1138,'Sur appointements et commissions',NULL,NULL,1);
INSERT INTO `llx_accounting_account` VALUES (1141,1,NULL,'2016-08-10 17:40:35','PCMN-BASE','CHARGE','XXXXXX',622,1131,'Primes patronales pour assurances extralégales',NULL,NULL,1);
INSERT INTO `llx_accounting_account` VALUES (1142,1,NULL,'2016-08-10 17:40:35','PCMN-BASE','CHARGE','XXXXXX',623,1131,'Autres frais de personnel',NULL,NULL,1);
INSERT INTO `llx_accounting_account` VALUES (1143,1,NULL,'2016-08-10 17:40:35','PCMN-BASE','CHARGE','XXXXXX',6230,1142,'Assurances du personnel',NULL,NULL,1);
INSERT INTO `llx_accounting_account` VALUES (1144,1,NULL,'2016-08-10 17:40:35','PCMN-BASE','CHARGE','XXXXXX',62300,1143,'Assurances loi, responsabilité civile, chemin du travail',NULL,NULL,1);
INSERT INTO `llx_accounting_account` VALUES (1145,1,NULL,'2016-08-10 17:40:35','PCMN-BASE','CHARGE','XXXXXX',62301,1143,'Assurance salaire garanti',NULL,NULL,1);
INSERT INTO `llx_accounting_account` VALUES (1146,1,NULL,'2016-08-10 17:40:35','PCMN-BASE','CHARGE','XXXXXX',62302,1143,'Assurances individuelles',NULL,NULL,1);
INSERT INTO `llx_accounting_account` VALUES (1147,1,NULL,'2016-08-10 17:40:35','PCMN-BASE','CHARGE','XXXXXX',6231,1142,'Charges sociales diverses',NULL,NULL,1);
INSERT INTO `llx_accounting_account` VALUES (1148,1,NULL,'2016-08-10 17:40:35','PCMN-BASE','CHARGE','XXXXXX',62310,1147,'Jours fériés payés',NULL,NULL,1);
INSERT INTO `llx_accounting_account` VALUES (1149,1,NULL,'2016-08-10 17:40:35','PCMN-BASE','CHARGE','XXXXXX',62311,1147,'Salaire hebdomadaire garanti',NULL,NULL,1);
INSERT INTO `llx_accounting_account` VALUES (1150,1,NULL,'2016-08-10 17:40:35','PCMN-BASE','CHARGE','XXXXXX',62312,1147,'Allocations familiales complémentaires',NULL,NULL,1);
INSERT INTO `llx_accounting_account` VALUES (1151,1,NULL,'2016-08-10 17:40:35','PCMN-BASE','CHARGE','XXXXXX',6232,1142,'Charges sociales des administrateurs, gérants et commissaires',NULL,NULL,1);
INSERT INTO `llx_accounting_account` VALUES (1152,1,NULL,'2016-08-10 17:40:35','PCMN-BASE','CHARGE','XXXXXX',62320,1151,'Allocations familiales complémentaires pour non salariés',NULL,NULL,1);
INSERT INTO `llx_accounting_account` VALUES (1153,1,NULL,'2016-08-10 17:40:35','PCMN-BASE','CHARGE','XXXXXX',62321,1151,'Lois sociales pour indépendants',NULL,NULL,1);
INSERT INTO `llx_accounting_account` VALUES (1154,1,NULL,'2016-08-10 17:40:35','PCMN-BASE','CHARGE','XXXXXX',62322,1151,'Divers',NULL,NULL,1);
INSERT INTO `llx_accounting_account` VALUES (1155,1,NULL,'2016-08-10 17:40:35','PCMN-BASE','CHARGE','XXXXXX',624,1131,'Pensions de retraite et de survie',NULL,NULL,1);
INSERT INTO `llx_accounting_account` VALUES (1156,1,NULL,'2016-08-10 17:40:35','PCMN-BASE','CHARGE','XXXXXX',6240,1155,'Administrateurs et gérants',NULL,NULL,1);
INSERT INTO `llx_accounting_account` VALUES (1157,1,NULL,'2016-08-10 17:40:35','PCMN-BASE','CHARGE','XXXXXX',6241,1155,'Personnel',NULL,NULL,1);
INSERT INTO `llx_accounting_account` VALUES (1158,1,NULL,'2016-08-10 17:40:35','PCMN-BASE','CHARGE','XXXXXX',625,1131,'Provision pour pécule de vacances',NULL,NULL,1);
INSERT INTO `llx_accounting_account` VALUES (1159,1,NULL,'2016-08-10 17:40:35','PCMN-BASE','CHARGE','XXXXXX',6250,1158,'Dotations',NULL,NULL,1);
INSERT INTO `llx_accounting_account` VALUES (1160,1,NULL,'2016-08-10 17:40:35','PCMN-BASE','CHARGE','XXXXXX',6251,1158,'Utilisations et reprises',NULL,NULL,1);
INSERT INTO `llx_accounting_account` VALUES (1161,1,NULL,'2016-08-10 17:40:35','PCMN-BASE','CHARGE','XXXXXX',63,1356,'Amortissements, réductions de valeur et provisions pour risques et charges',NULL,NULL,1);
INSERT INTO `llx_accounting_account` VALUES (1162,1,NULL,'2016-08-10 17:40:35','PCMN-BASE','CHARGE','XXXXXX',630,1161,'Dotations aux amortissements et aux réductions de valeur sur immobilisations',NULL,NULL,1);
INSERT INTO `llx_accounting_account` VALUES (1163,1,NULL,'2016-08-10 17:40:35','PCMN-BASE','CHARGE','XXXXXX',6300,1162,'Dotations aux amortissements sur frais d\'établissement',NULL,NULL,1);
INSERT INTO `llx_accounting_account` VALUES (1164,1,NULL,'2016-08-10 17:40:35','PCMN-BASE','CHARGE','XXXXXX',6301,1162,'Dotations aux amortissements sur immobilisations incorporelles',NULL,NULL,1);
INSERT INTO `llx_accounting_account` VALUES (1165,1,NULL,'2016-08-10 17:40:35','PCMN-BASE','CHARGE','XXXXXX',6302,1162,'Dotations aux amortissements sur immobilisations corporelles',NULL,NULL,1);
INSERT INTO `llx_accounting_account` VALUES (1166,1,NULL,'2016-08-10 17:40:35','PCMN-BASE','CHARGE','XXXXXX',6308,1162,'Dotations aux réductions de valeur sur immobilisations incorporelles',NULL,NULL,1);
INSERT INTO `llx_accounting_account` VALUES (1167,1,NULL,'2016-08-10 17:40:35','PCMN-BASE','CHARGE','XXXXXX',6309,1162,'Dotations aux réductions de valeur sur immobilisations corporelles',NULL,NULL,1);
INSERT INTO `llx_accounting_account` VALUES (1168,1,NULL,'2016-08-10 17:40:35','PCMN-BASE','CHARGE','XXXXXX',631,1161,'Réductions de valeur sur stocks',NULL,NULL,1);
INSERT INTO `llx_accounting_account` VALUES (1169,1,NULL,'2016-08-10 17:40:35','PCMN-BASE','CHARGE','XXXXXX',6310,1168,'Dotations',NULL,NULL,1);
INSERT INTO `llx_accounting_account` VALUES (1170,1,NULL,'2016-08-10 17:40:35','PCMN-BASE','CHARGE','XXXXXX',6311,1168,'Reprises',NULL,NULL,1);
INSERT INTO `llx_accounting_account` VALUES (1171,1,NULL,'2016-08-10 17:40:35','PCMN-BASE','CHARGE','XXXXXX',632,1161,'Réductions de valeur sur commandes en cours d\'exécution',NULL,NULL,1);
INSERT INTO `llx_accounting_account` VALUES (1172,1,NULL,'2016-08-10 17:40:35','PCMN-BASE','CHARGE','XXXXXX',6320,1171,'Dotations',NULL,NULL,1);
INSERT INTO `llx_accounting_account` VALUES (1173,1,NULL,'2016-08-10 17:40:35','PCMN-BASE','CHARGE','XXXXXX',6321,1171,'Reprises',NULL,NULL,1);
INSERT INTO `llx_accounting_account` VALUES (1174,1,NULL,'2016-08-10 17:40:35','PCMN-BASE','CHARGE','XXXXXX',633,1161,'Réductions de valeur sur créances commerciales à plus d\'un an',NULL,NULL,1);
INSERT INTO `llx_accounting_account` VALUES (1175,1,NULL,'2016-08-10 17:40:35','PCMN-BASE','CHARGE','XXXXXX',6330,1174,'Dotations',NULL,NULL,1);
INSERT INTO `llx_accounting_account` VALUES (1176,1,NULL,'2016-08-10 17:40:35','PCMN-BASE','CHARGE','XXXXXX',6331,1174,'Reprises',NULL,NULL,1);
INSERT INTO `llx_accounting_account` VALUES (1177,1,NULL,'2016-08-10 17:40:35','PCMN-BASE','CHARGE','XXXXXX',634,1161,'Réductions de valeur sur créances commerciales à un an au plus',NULL,NULL,1);
INSERT INTO `llx_accounting_account` VALUES (1178,1,NULL,'2016-08-10 17:40:35','PCMN-BASE','CHARGE','XXXXXX',6340,1177,'Dotations',NULL,NULL,1);
INSERT INTO `llx_accounting_account` VALUES (1179,1,NULL,'2016-08-10 17:40:35','PCMN-BASE','CHARGE','XXXXXX',6341,1177,'Reprises',NULL,NULL,1);
INSERT INTO `llx_accounting_account` VALUES (1180,1,NULL,'2016-08-10 17:40:35','PCMN-BASE','CHARGE','XXXXXX',635,1161,'Provisions pour pensions et obligations similaires',NULL,NULL,1);
INSERT INTO `llx_accounting_account` VALUES (1181,1,NULL,'2016-08-10 17:40:35','PCMN-BASE','CHARGE','XXXXXX',6350,1180,'Dotations',NULL,NULL,1);
INSERT INTO `llx_accounting_account` VALUES (1182,1,NULL,'2016-08-10 17:40:35','PCMN-BASE','CHARGE','XXXXXX',6351,1180,'Utilisations et reprises',NULL,NULL,1);
INSERT INTO `llx_accounting_account` VALUES (1183,1,NULL,'2016-08-10 17:40:35','PCMN-BASE','CHARGE','XXXXXX',636,11613,'Provisions pour grosses réparations et gros entretiens',NULL,NULL,1);
INSERT INTO `llx_accounting_account` VALUES (1184,1,NULL,'2016-08-10 17:40:35','PCMN-BASE','CHARGE','XXXXXX',6360,1183,'Dotations',NULL,NULL,1);
INSERT INTO `llx_accounting_account` VALUES (1185,1,NULL,'2016-08-10 17:40:35','PCMN-BASE','CHARGE','XXXXXX',6361,1183,'Utilisations et reprises',NULL,NULL,1);
INSERT INTO `llx_accounting_account` VALUES (1186,1,NULL,'2016-08-10 17:40:35','PCMN-BASE','CHARGE','XXXXXX',637,1161,'Provisions pour autres risques et charges',NULL,NULL,1);
INSERT INTO `llx_accounting_account` VALUES (1187,1,NULL,'2016-08-10 17:40:35','PCMN-BASE','CHARGE','XXXXXX',6370,1186,'Dotations',NULL,NULL,1);
INSERT INTO `llx_accounting_account` VALUES (1188,1,NULL,'2016-08-10 17:40:35','PCMN-BASE','CHARGE','XXXXXX',6371,1186,'Utilisations et reprises',NULL,NULL,1);
INSERT INTO `llx_accounting_account` VALUES (1189,1,NULL,'2016-08-10 17:40:35','PCMN-BASE','CHARGE','XXXXXX',64,1356,'Autres charges d\'exploitation',NULL,NULL,1);
INSERT INTO `llx_accounting_account` VALUES (1190,1,NULL,'2016-08-10 17:40:35','PCMN-BASE','CHARGE','XXXXXX',640,1189,'Charges fiscales d\'exploitation',NULL,NULL,1);
INSERT INTO `llx_accounting_account` VALUES (1191,1,NULL,'2016-08-10 17:40:35','PCMN-BASE','CHARGE','XXXXXX',6400,1190,'Taxes et impôts directs',NULL,NULL,1);
INSERT INTO `llx_accounting_account` VALUES (1192,1,NULL,'2016-08-10 17:40:35','PCMN-BASE','CHARGE','XXXXXX',64000,1191,'Taxes sur autos et camions',NULL,NULL,1);
INSERT INTO `llx_accounting_account` VALUES (1193,1,NULL,'2016-08-10 17:40:35','PCMN-BASE','CHARGE','XXXXXX',6401,1190,'Taxes et impôts indirects',NULL,NULL,1);
INSERT INTO `llx_accounting_account` VALUES (1194,1,NULL,'2016-08-10 17:40:35','PCMN-BASE','CHARGE','XXXXXX',64010,1193,'Timbres fiscaux pris en charge par la firme',NULL,NULL,1);
INSERT INTO `llx_accounting_account` VALUES (1195,1,NULL,'2016-08-10 17:40:35','PCMN-BASE','CHARGE','XXXXXX',64011,1193,'Droits d\'enregistrement',NULL,NULL,1);
INSERT INTO `llx_accounting_account` VALUES (1196,1,NULL,'2016-08-10 17:40:35','PCMN-BASE','CHARGE','XXXXXX',64012,1193,'T.V.A. non déductible',NULL,NULL,1);
INSERT INTO `llx_accounting_account` VALUES (1197,1,NULL,'2016-08-10 17:40:35','PCMN-BASE','CHARGE','XXXXXX',6402,1190,'Impôts provinciaux et communaux',NULL,NULL,1);
INSERT INTO `llx_accounting_account` VALUES (1198,1,NULL,'2016-08-10 17:40:35','PCMN-BASE','CHARGE','XXXXXX',64020,1197,'Taxe sur la force motrice',NULL,NULL,1);
INSERT INTO `llx_accounting_account` VALUES (1199,1,NULL,'2016-08-10 17:40:35','PCMN-BASE','CHARGE','XXXXXX',64021,1197,'Taxe sur le personnel occupé',NULL,NULL,1);
INSERT INTO `llx_accounting_account` VALUES (1200,1,NULL,'2016-08-10 17:40:35','PCMN-BASE','CHARGE','XXXXXX',6403,1190,'Taxes diverses',NULL,NULL,1);
INSERT INTO `llx_accounting_account` VALUES (1201,1,NULL,'2016-08-10 17:40:35','PCMN-BASE','CHARGE','XXXXXX',641,1189,'Moins-values sur réalisations courantes d\'immobilisations corporelles',NULL,NULL,1);
INSERT INTO `llx_accounting_account` VALUES (1202,1,NULL,'2016-08-10 17:40:35','PCMN-BASE','CHARGE','XXXXXX',642,1189,'Moins-values sur réalisations de créances commerciales',NULL,NULL,1);
INSERT INTO `llx_accounting_account` VALUES (1203,1,NULL,'2016-08-10 17:40:35','PCMN-BASE','CHARGE','XXXXXX',643,1189,'à 648 Charges d\'exploitations diverses',NULL,NULL,1);
INSERT INTO `llx_accounting_account` VALUES (1204,1,NULL,'2016-08-10 17:40:35','PCMN-BASE','CHARGE','XXXXXX',649,1189,'Charges d\'exploitation portées à l\'actif au titre de restructuration',NULL,NULL,1);
INSERT INTO `llx_accounting_account` VALUES (1205,1,NULL,'2016-08-10 17:40:35','PCMN-BASE','CHARGE','XXXXXX',65,1356,'Charges financières',NULL,NULL,1);
INSERT INTO `llx_accounting_account` VALUES (1206,1,NULL,'2016-08-10 17:40:35','PCMN-BASE','CHARGE','XXXXXX',650,1205,'Charges des dettes',NULL,NULL,1);
INSERT INTO `llx_accounting_account` VALUES (1207,1,NULL,'2016-08-10 17:40:35','PCMN-BASE','CHARGE','XXXXXX',6500,1206,'Intérêts, commissions et frais afférents aux dettes',NULL,NULL,1);
INSERT INTO `llx_accounting_account` VALUES (1208,1,NULL,'2016-08-10 17:40:35','PCMN-BASE','CHARGE','XXXXXX',6501,1206,'Amortissements des agios et frais d\'émission d\'emprunts',NULL,NULL,1);
INSERT INTO `llx_accounting_account` VALUES (1209,1,NULL,'2016-08-10 17:40:35','PCMN-BASE','CHARGE','XXXXXX',6502,1206,'Autres charges de dettes',NULL,NULL,1);
INSERT INTO `llx_accounting_account` VALUES (1210,1,NULL,'2016-08-10 17:40:35','PCMN-BASE','CHARGE','XXXXXX',6503,1206,'Intérêts intercalaires portés à l\'actif',NULL,NULL,1);
INSERT INTO `llx_accounting_account` VALUES (1211,1,NULL,'2016-08-10 17:40:35','PCMN-BASE','CHARGE','XXXXXX',651,1205,'Réductions de valeur sur actifs circulants',NULL,NULL,1);
INSERT INTO `llx_accounting_account` VALUES (1212,1,NULL,'2016-08-10 17:40:35','PCMN-BASE','CHARGE','XXXXXX',6510,1211,'Dotations',NULL,NULL,1);
INSERT INTO `llx_accounting_account` VALUES (1213,1,NULL,'2016-08-10 17:40:35','PCMN-BASE','CHARGE','XXXXXX',6511,1211,'Reprises',NULL,NULL,1);
INSERT INTO `llx_accounting_account` VALUES (1214,1,NULL,'2016-08-10 17:40:35','PCMN-BASE','CHARGE','XXXXXX',652,1205,'Moins-values sur réalisation d\'actifs circulants',NULL,NULL,1);
INSERT INTO `llx_accounting_account` VALUES (1215,1,NULL,'2016-08-10 17:40:35','PCMN-BASE','CHARGE','XXXXXX',653,1205,'Charges d\'escompte de créances',NULL,NULL,1);
INSERT INTO `llx_accounting_account` VALUES (1216,1,NULL,'2016-08-10 17:40:35','PCMN-BASE','CHARGE','XXXXXX',654,1205,'Différences de change',NULL,NULL,1);
INSERT INTO `llx_accounting_account` VALUES (1217,1,NULL,'2016-08-10 17:40:35','PCMN-BASE','CHARGE','XXXXXX',655,1205,'Ecarts de conversion des devises',NULL,NULL,1);
INSERT INTO `llx_accounting_account` VALUES (1218,1,NULL,'2016-08-10 17:40:35','PCMN-BASE','CHARGE','XXXXXX',656,1205,'Frais de banques, de chèques postaux',NULL,NULL,1);
INSERT INTO `llx_accounting_account` VALUES (1219,1,NULL,'2016-08-10 17:40:35','PCMN-BASE','CHARGE','XXXXXX',657,1205,'Commissions sur ouvertures de crédit, cautions et avals',NULL,NULL,1);
INSERT INTO `llx_accounting_account` VALUES (1220,1,NULL,'2016-08-10 17:40:35','PCMN-BASE','CHARGE','XXXXXX',658,1205,'Frais de vente des titres',NULL,NULL,1);
INSERT INTO `llx_accounting_account` VALUES (1221,1,NULL,'2016-08-10 17:40:35','PCMN-BASE','CHARGE','XXXXXX',66,1356,'Charges exceptionnelles',NULL,NULL,1);
INSERT INTO `llx_accounting_account` VALUES (1222,1,NULL,'2016-08-10 17:40:35','PCMN-BASE','CHARGE','XXXXXX',660,1221,'Amortissements et réductions de valeur exceptionnels',NULL,NULL,1);
INSERT INTO `llx_accounting_account` VALUES (1223,1,NULL,'2016-08-10 17:40:35','PCMN-BASE','CHARGE','XXXXXX',6600,1222,'Sur frais d\'établissement',NULL,NULL,1);
INSERT INTO `llx_accounting_account` VALUES (1224,1,NULL,'2016-08-10 17:40:35','PCMN-BASE','CHARGE','XXXXXX',6601,1222,'Sur immobilisations incorporelles',NULL,NULL,1);
INSERT INTO `llx_accounting_account` VALUES (1225,1,NULL,'2016-08-10 17:40:35','PCMN-BASE','CHARGE','XXXXXX',6602,1222,'Sur immobilisations corporelles',NULL,NULL,1);
INSERT INTO `llx_accounting_account` VALUES (1226,1,NULL,'2016-08-10 17:40:35','PCMN-BASE','CHARGE','XXXXXX',661,1221,'Réductions de valeur sur immobilisations financières',NULL,NULL,1);
INSERT INTO `llx_accounting_account` VALUES (1227,1,NULL,'2016-08-10 17:40:35','PCMN-BASE','CHARGE','XXXXXX',662,1221,'Provisions pour risques et charges exceptionnels',NULL,NULL,1);
INSERT INTO `llx_accounting_account` VALUES (1228,1,NULL,'2016-08-10 17:40:35','PCMN-BASE','CHARGE','XXXXXX',663,1221,'Moins-values sur réalisation d\'actifs immobilisés',NULL,NULL,1);
INSERT INTO `llx_accounting_account` VALUES (1229,1,NULL,'2016-08-10 17:40:35','PCMN-BASE','CHARGE','XXXXXX',6630,1228,'Sur immobilisations incorporelles',NULL,NULL,1);
INSERT INTO `llx_accounting_account` VALUES (1230,1,NULL,'2016-08-10 17:40:35','PCMN-BASE','CHARGE','XXXXXX',6631,1228,'Sur immobilisations corporelles',NULL,NULL,1);
INSERT INTO `llx_accounting_account` VALUES (1231,1,NULL,'2016-08-10 17:40:35','PCMN-BASE','CHARGE','XXXXXX',6632,1228,'Sur immobilisations détenues en location-financement et droits similaires',NULL,NULL,1);
INSERT INTO `llx_accounting_account` VALUES (1232,1,NULL,'2016-08-10 17:40:35','PCMN-BASE','CHARGE','XXXXXX',6633,1228,'Sur immobilisations financières',NULL,NULL,1);
INSERT INTO `llx_accounting_account` VALUES (1233,1,NULL,'2016-08-10 17:40:35','PCMN-BASE','CHARGE','XXXXXX',6634,1228,'Sur immeubles acquis ou construits en vue de la revente',NULL,NULL,1);
INSERT INTO `llx_accounting_account` VALUES (1234,1,NULL,'2016-08-10 17:40:35','PCMN-BASE','CHARGE','XXXXXX',664,1221,'à 668 Autres charges exceptionnelles',NULL,NULL,1);
INSERT INTO `llx_accounting_account` VALUES (1235,1,NULL,'2016-08-10 17:40:35','PCMN-BASE','CHARGE','XXXXXX',664,1221,'Pénalités et amendes diverses',NULL,NULL,1);
INSERT INTO `llx_accounting_account` VALUES (1236,1,NULL,'2016-08-10 17:40:35','PCMN-BASE','CHARGE','XXXXXX',665,1221,'Différence de charge',NULL,NULL,1);
INSERT INTO `llx_accounting_account` VALUES (1237,1,NULL,'2016-08-10 17:40:35','PCMN-BASE','CHARGE','XXXXXX',669,1221,'Charges exceptionnelles transférées à l\'actif en frais de restructuration',NULL,NULL,1);
INSERT INTO `llx_accounting_account` VALUES (1238,1,NULL,'2016-08-10 17:40:35','PCMN-BASE','CHARGE','XXXXXX',67,1356,'Impôts sur le résultat',NULL,NULL,1);
INSERT INTO `llx_accounting_account` VALUES (1239,1,NULL,'2016-08-10 17:40:35','PCMN-BASE','CHARGE','XXXXXX',670,1238,'Impôts belges sur le résultat de l\'exercice',NULL,NULL,1);
INSERT INTO `llx_accounting_account` VALUES (1240,1,NULL,'2016-08-10 17:40:35','PCMN-BASE','CHARGE','XXXXXX',6700,1239,'Impôts et précomptes dus ou versés',NULL,NULL,1);
INSERT INTO `llx_accounting_account` VALUES (1241,1,NULL,'2016-08-10 17:40:35','PCMN-BASE','CHARGE','XXXXXX',6701,1239,'Excédent de versements d\'impôts et précomptes porté à l\'actif',NULL,NULL,1);
INSERT INTO `llx_accounting_account` VALUES (1242,1,NULL,'2016-08-10 17:40:35','PCMN-BASE','CHARGE','XXXXXX',6702,1239,'Charges fiscales estimées',NULL,NULL,1);
INSERT INTO `llx_accounting_account` VALUES (1243,1,NULL,'2016-08-10 17:40:35','PCMN-BASE','CHARGE','XXXXXX',671,1238,'Impôts belges sur le résultat d\'exercices antérieurs',NULL,NULL,1);
INSERT INTO `llx_accounting_account` VALUES (1244,1,NULL,'2016-08-10 17:40:35','PCMN-BASE','CHARGE','XXXXXX',6710,1243,'Suppléments d\'impôts dus ou versés',NULL,NULL,1);
INSERT INTO `llx_accounting_account` VALUES (1245,1,NULL,'2016-08-10 17:40:35','PCMN-BASE','CHARGE','XXXXXX',6711,1243,'Suppléments d\'impôts estimés',NULL,NULL,1);
INSERT INTO `llx_accounting_account` VALUES (1246,1,NULL,'2016-08-10 17:40:35','PCMN-BASE','CHARGE','XXXXXX',6712,1243,'Provisions fiscales constituées',NULL,NULL,1);
INSERT INTO `llx_accounting_account` VALUES (1247,1,NULL,'2016-08-10 17:40:35','PCMN-BASE','CHARGE','XXXXXX',672,1238,'Impôts étrangers sur le résultat de l\'exercice',NULL,NULL,1);
INSERT INTO `llx_accounting_account` VALUES (1248,1,NULL,'2016-08-10 17:40:35','PCMN-BASE','CHARGE','XXXXXX',673,1238,'Impôts étrangers sur le résultat d\'exercices antérieurs',NULL,NULL,1);
INSERT INTO `llx_accounting_account` VALUES (1249,1,NULL,'2016-08-10 17:40:35','PCMN-BASE','CHARGE','XXXXXX',68,1356,'Transferts aux réserves immunisées',NULL,NULL,1);
INSERT INTO `llx_accounting_account` VALUES (1250,1,NULL,'2016-08-10 17:40:35','PCMN-BASE','CHARGE','XXXXXX',69,1356,'Affectation des résultats',NULL,NULL,1);
INSERT INTO `llx_accounting_account` VALUES (1251,1,NULL,'2016-08-10 17:40:35','PCMN-BASE','CHARGE','XXXXXX',690,1250,'Perte reportée de l\'exercice précédent',NULL,NULL,1);
INSERT INTO `llx_accounting_account` VALUES (1252,1,NULL,'2016-08-10 17:40:35','PCMN-BASE','CHARGE','XXXXXX',691,1250,'Dotation à la réserve légale',NULL,NULL,1);
INSERT INTO `llx_accounting_account` VALUES (1253,1,NULL,'2016-08-10 17:40:35','PCMN-BASE','CHARGE','XXXXXX',692,1250,'Dotation aux autres réserves',NULL,NULL,1);
INSERT INTO `llx_accounting_account` VALUES (1254,1,NULL,'2016-08-10 17:40:35','PCMN-BASE','CHARGE','XXXXXX',693,1250,'Bénéfice à reporter',NULL,NULL,1);
INSERT INTO `llx_accounting_account` VALUES (1255,1,NULL,'2016-08-10 17:40:35','PCMN-BASE','CHARGE','XXXXXX',694,1250,'Rémunération du capital',NULL,NULL,1);
INSERT INTO `llx_accounting_account` VALUES (1256,1,NULL,'2016-08-10 17:40:35','PCMN-BASE','CHARGE','XXXXXX',695,1250,'Administrateurs ou gérants',NULL,NULL,1);
INSERT INTO `llx_accounting_account` VALUES (1257,1,NULL,'2016-08-10 17:40:35','PCMN-BASE','CHARGE','XXXXXX',696,1250,'Autres allocataires',NULL,NULL,1);
INSERT INTO `llx_accounting_account` VALUES (1258,1,NULL,'2016-08-10 17:40:35','PCMN-BASE','PROD','XXXXXX',70,1357,'Chiffre d\'affaires',NULL,NULL,1);
INSERT INTO `llx_accounting_account` VALUES (1260,1,NULL,'2016-08-10 17:40:35','PCMN-BASE','PROD','XXXXXX',700,1258,'Ventes de marchandises',NULL,NULL,1);
INSERT INTO `llx_accounting_account` VALUES (1261,1,NULL,'2016-08-10 17:40:35','PCMN-BASE','PROD','XXXXXX',7000,1260,'Ventes en Belgique',NULL,NULL,1);
INSERT INTO `llx_accounting_account` VALUES (1262,1,NULL,'2016-08-10 17:40:35','PCMN-BASE','PROD','XXXXXX',7001,1260,'Ventes dans les pays membres de la C.E.E.',NULL,NULL,1);
INSERT INTO `llx_accounting_account` VALUES (1263,1,NULL,'2016-08-10 17:40:35','PCMN-BASE','PROD','XXXXXX',7002,1260,'Ventes à l\'exportation',NULL,NULL,1);
INSERT INTO `llx_accounting_account` VALUES (1264,1,NULL,'2016-08-10 17:40:35','PCMN-BASE','PROD','XXXXXX',701,1258,'Ventes de produits finis',NULL,NULL,1);
INSERT INTO `llx_accounting_account` VALUES (1265,1,NULL,'2016-08-10 17:40:35','PCMN-BASE','PROD','XXXXXX',7010,1264,'Ventes en Belgique',NULL,NULL,1);
INSERT INTO `llx_accounting_account` VALUES (1266,1,NULL,'2016-08-10 17:40:35','PCMN-BASE','PROD','XXXXXX',7011,1264,'Ventes dans les pays membres de la C.E.E.',NULL,NULL,1);
INSERT INTO `llx_accounting_account` VALUES (1267,1,NULL,'2016-08-10 17:40:35','PCMN-BASE','PROD','XXXXXX',7012,1264,'Ventes à l\'exportation',NULL,NULL,1);
INSERT INTO `llx_accounting_account` VALUES (1268,1,NULL,'2016-08-10 17:40:35','PCMN-BASE','PROD','XXXXXX',702,1258,'Ventes de déchets et rebuts',NULL,NULL,1);
INSERT INTO `llx_accounting_account` VALUES (1269,1,NULL,'2016-08-10 17:40:35','PCMN-BASE','PROD','XXXXXX',7020,1268,'Ventes en Belgique',NULL,NULL,1);
INSERT INTO `llx_accounting_account` VALUES (1270,1,NULL,'2016-08-10 17:40:35','PCMN-BASE','PROD','XXXXXX',7021,1268,'Ventes dans les pays membres de la C.E.E.',NULL,NULL,1);
INSERT INTO `llx_accounting_account` VALUES (1271,1,NULL,'2016-08-10 17:40:35','PCMN-BASE','PROD','XXXXXX',7022,1268,'Ventes à l\'exportation',NULL,NULL,1);
INSERT INTO `llx_accounting_account` VALUES (1272,1,NULL,'2016-08-10 17:40:35','PCMN-BASE','PROD','XXXXXX',703,1258,'Ventes d\'emballages récupérables',NULL,NULL,1);
INSERT INTO `llx_accounting_account` VALUES (1273,1,NULL,'2016-08-10 17:40:35','PCMN-BASE','PROD','XXXXXX',704,1258,'Facturations des travaux en cours (associations momentanées)',NULL,NULL,1);
INSERT INTO `llx_accounting_account` VALUES (1274,1,NULL,'2016-08-10 17:40:35','PCMN-BASE','PROD','XXXXXX',705,1258,'Prestations de services',NULL,NULL,1);
INSERT INTO `llx_accounting_account` VALUES (1275,1,NULL,'2016-08-10 17:40:35','PCMN-BASE','PROD','XXXXXX',7050,1274,'Prestations de services en Belgique',NULL,NULL,1);
INSERT INTO `llx_accounting_account` VALUES (1276,1,NULL,'2016-08-10 17:40:35','PCMN-BASE','PROD','XXXXXX',7051,1274,'Prestations de services dans les pays membres de la C.E.E.',NULL,NULL,1);
INSERT INTO `llx_accounting_account` VALUES (1277,1,NULL,'2016-08-10 17:40:35','PCMN-BASE','PROD','XXXXXX',7052,1274,'Prestations de services en vue de l\'exportation',NULL,NULL,1);
INSERT INTO `llx_accounting_account` VALUES (1278,1,NULL,'2016-08-10 17:40:35','PCMN-BASE','PROD','XXXXXX',706,1258,'Pénalités et dédits obtenus par l\'entreprise',NULL,NULL,1);
INSERT INTO `llx_accounting_account` VALUES (1279,1,NULL,'2016-08-10 17:40:35','PCMN-BASE','PROD','XXXXXX',708,1258,'Remises, ristournes et rabais accordés',NULL,NULL,1);
INSERT INTO `llx_accounting_account` VALUES (1280,1,NULL,'2016-08-10 17:40:35','PCMN-BASE','PROD','XXXXXX',7080,1279,'Sur ventes de marchandises',NULL,NULL,1);
INSERT INTO `llx_accounting_account` VALUES (1281,1,NULL,'2016-08-10 17:40:35','PCMN-BASE','PROD','XXXXXX',7081,1279,'Sur ventes de produits finis',NULL,NULL,1);
INSERT INTO `llx_accounting_account` VALUES (1282,1,NULL,'2016-08-10 17:40:35','PCMN-BASE','PROD','XXXXXX',7082,1279,'Sur ventes de déchets et rebuts',NULL,NULL,1);
INSERT INTO `llx_accounting_account` VALUES (1283,1,NULL,'2016-08-10 17:40:35','PCMN-BASE','PROD','XXXXXX',7083,1279,'Sur prestations de services',NULL,NULL,1);
INSERT INTO `llx_accounting_account` VALUES (1284,1,NULL,'2016-08-10 17:40:35','PCMN-BASE','PROD','XXXXXX',7084,1279,'Mali sur travaux facturés aux associations momentanées',NULL,NULL,1);
INSERT INTO `llx_accounting_account` VALUES (1285,1,NULL,'2016-08-10 17:40:35','PCMN-BASE','PROD','XXXXXX',71,1357,'Variation des stocks et des commandes en cours d\'exécution',NULL,NULL,1);
INSERT INTO `llx_accounting_account` VALUES (1286,1,NULL,'2016-08-10 17:40:35','PCMN-BASE','PROD','XXXXXX',712,1285,'Des en cours de fabrication',NULL,NULL,1);
INSERT INTO `llx_accounting_account` VALUES (1287,1,NULL,'2016-08-10 17:40:35','PCMN-BASE','PROD','XXXXXX',713,1285,'Des produits finis',NULL,NULL,1);
INSERT INTO `llx_accounting_account` VALUES (1288,1,NULL,'2016-08-10 17:40:35','PCMN-BASE','PROD','XXXXXX',715,1285,'Des immeubles construits destinés à la vente',NULL,NULL,1);
INSERT INTO `llx_accounting_account` VALUES (1289,1,NULL,'2016-08-10 17:40:35','PCMN-BASE','PROD','XXXXXX',717,1285,'Des commandes en cours d\'exécution',NULL,NULL,1);
INSERT INTO `llx_accounting_account` VALUES (1290,1,NULL,'2016-08-10 17:40:35','PCMN-BASE','PROD','XXXXXX',7170,1289,'Commandes en cours - Coût de revient',NULL,NULL,1);
INSERT INTO `llx_accounting_account` VALUES (1291,1,NULL,'2016-08-10 17:40:35','PCMN-BASE','PROD','XXXXXX',71700,1290,'Coût des commandes en cours d\'exécution',NULL,NULL,1);
INSERT INTO `llx_accounting_account` VALUES (1292,1,NULL,'2016-08-10 17:40:35','PCMN-BASE','PROD','XXXXXX',71701,1290,'Coût des travaux en cours des associations momentanées',NULL,NULL,1);
INSERT INTO `llx_accounting_account` VALUES (1293,1,NULL,'2016-08-10 17:40:35','PCMN-BASE','PROD','XXXXXX',7171,1289,'Bénéfices portés en compte sur commandes en cours',NULL,NULL,1);
INSERT INTO `llx_accounting_account` VALUES (1294,1,NULL,'2016-08-10 17:40:35','PCMN-BASE','PROD','XXXXXX',71710,1293,'Sur commandes en cours d\'exécution',NULL,NULL,1);
INSERT INTO `llx_accounting_account` VALUES (1295,1,NULL,'2016-08-10 17:40:35','PCMN-BASE','PROD','XXXXXX',71711,1293,'Sur travaux en cours des associations momentanées',NULL,NULL,1);
INSERT INTO `llx_accounting_account` VALUES (1296,1,NULL,'2016-08-10 17:40:35','PCMN-BASE','PROD','XXXXXX',72,1357,'Production immobilisée',NULL,NULL,1);
INSERT INTO `llx_accounting_account` VALUES (1297,1,NULL,'2016-08-10 17:40:35','PCMN-BASE','PROD','XXXXXX',720,1296,'En frais d\'établissement',NULL,NULL,1);
INSERT INTO `llx_accounting_account` VALUES (1298,1,NULL,'2016-08-10 17:40:35','PCMN-BASE','PROD','XXXXXX',721,1296,'En immobilisations incorporelles',NULL,NULL,1);
INSERT INTO `llx_accounting_account` VALUES (1299,1,NULL,'2016-08-10 17:40:35','PCMN-BASE','PROD','XXXXXX',722,1296,'En immobilisations corporelles',NULL,NULL,1);
INSERT INTO `llx_accounting_account` VALUES (1300,1,NULL,'2016-08-10 17:40:35','PCMN-BASE','PROD','XXXXXX',723,1296,'En immobilisations en cours',NULL,NULL,1);
INSERT INTO `llx_accounting_account` VALUES (1301,1,NULL,'2016-08-10 17:40:35','PCMN-BASE','PROD','XXXXXX',74,1357,'Autres produits d\'exploitation',NULL,NULL,1);
INSERT INTO `llx_accounting_account` VALUES (1302,1,NULL,'2016-08-10 17:40:35','PCMN-BASE','PROD','XXXXXX',740,1301,'Subsides d\'exploitation et montants compensatoires',NULL,NULL,1);
INSERT INTO `llx_accounting_account` VALUES (1303,1,NULL,'2016-08-10 17:40:35','PCMN-BASE','PROD','XXXXXX',741,1301,'Plus-values sur réalisations courantes d\'immobilisations corporelles',NULL,NULL,1);
INSERT INTO `llx_accounting_account` VALUES (1304,1,NULL,'2016-08-10 17:40:35','PCMN-BASE','PROD','XXXXXX',742,1301,'Plus-values sur réalisations de créances commerciales',NULL,NULL,1);
INSERT INTO `llx_accounting_account` VALUES (1305,1,NULL,'2016-08-10 17:40:35','PCMN-BASE','PROD','XXXXXX',743,1301,'à 749 Produits d\'exploitation divers',NULL,NULL,1);
INSERT INTO `llx_accounting_account` VALUES (1306,1,NULL,'2016-08-10 17:40:35','PCMN-BASE','PROD','XXXXXX',743,1301,'Produits de services exploités dans l\'intérêt du personnel',NULL,NULL,1);
INSERT INTO `llx_accounting_account` VALUES (1307,1,NULL,'2016-08-10 17:40:35','PCMN-BASE','PROD','XXXXXX',744,1301,'Commissions et courtages',NULL,NULL,1);
INSERT INTO `llx_accounting_account` VALUES (1308,1,NULL,'2016-08-10 17:40:35','PCMN-BASE','PROD','XXXXXX',745,1301,'Redevances pour brevets et licences',NULL,NULL,1);
INSERT INTO `llx_accounting_account` VALUES (1309,1,NULL,'2016-08-10 17:40:35','PCMN-BASE','PROD','XXXXXX',746,1301,'Prestations de services (transports, études, etc)',NULL,NULL,1);
INSERT INTO `llx_accounting_account` VALUES (1310,1,NULL,'2016-08-10 17:40:35','PCMN-BASE','PROD','XXXXXX',747,1301,'Revenus des immeubles affectés aux activités non professionnelles',NULL,NULL,1);
INSERT INTO `llx_accounting_account` VALUES (1311,1,NULL,'2016-08-10 17:40:35','PCMN-BASE','PROD','XXXXXX',748,1301,'Locations diverses à caractère professionnel',NULL,NULL,1);
INSERT INTO `llx_accounting_account` VALUES (1312,1,NULL,'2016-08-10 17:40:35','PCMN-BASE','PROD','XXXXXX',749,1301,'Produits divers',NULL,NULL,1);
INSERT INTO `llx_accounting_account` VALUES (1313,1,NULL,'2016-08-10 17:40:35','PCMN-BASE','PROD','XXXXXX',7490,1312,'Bonis sur reprises d\'emballages consignés',NULL,NULL,1);
INSERT INTO `llx_accounting_account` VALUES (1314,1,NULL,'2016-08-10 17:40:35','PCMN-BASE','PROD','XXXXXX',7491,1312,'Bonis sur travaux en associations momentanées',NULL,NULL,1);
INSERT INTO `llx_accounting_account` VALUES (1315,1,NULL,'2016-08-10 17:40:35','PCMN-BASE','PROD','XXXXXX',75,1357,'Produits financiers',NULL,NULL,1);
INSERT INTO `llx_accounting_account` VALUES (1316,1,NULL,'2016-08-10 17:40:35','PCMN-BASE','PROD','XXXXXX',750,1315,'Produits des immobilisations financières',NULL,NULL,1);
INSERT INTO `llx_accounting_account` VALUES (1317,1,NULL,'2016-08-10 17:40:35','PCMN-BASE','PROD','XXXXXX',7500,1316,'Revenus des actions',NULL,NULL,1);
INSERT INTO `llx_accounting_account` VALUES (1318,1,NULL,'2016-08-10 17:40:35','PCMN-BASE','PROD','XXXXXX',7501,1316,'Revenus des obligations',NULL,NULL,1);
INSERT INTO `llx_accounting_account` VALUES (1319,1,NULL,'2016-08-10 17:40:35','PCMN-BASE','PROD','XXXXXX',7502,1316,'Revenus des créances à plus d\'un an',NULL,NULL,1);
INSERT INTO `llx_accounting_account` VALUES (1320,1,NULL,'2016-08-10 17:40:35','PCMN-BASE','PROD','XXXXXX',751,1315,'Produits des actifs circulants',NULL,NULL,1);
INSERT INTO `llx_accounting_account` VALUES (1321,1,NULL,'2016-08-10 17:40:35','PCMN-BASE','PROD','XXXXXX',752,1315,'Plus-values sur réalisations d\'actifs circulants',NULL,NULL,1);
INSERT INTO `llx_accounting_account` VALUES (1322,1,NULL,'2016-08-10 17:40:35','PCMN-BASE','PROD','XXXXXX',753,1315,'Subsides en capital et en intérêts',NULL,NULL,1);
INSERT INTO `llx_accounting_account` VALUES (1323,1,NULL,'2016-08-10 17:40:35','PCMN-BASE','PROD','XXXXXX',754,1315,'Différences de change',NULL,NULL,1);
INSERT INTO `llx_accounting_account` VALUES (1324,1,NULL,'2016-08-10 17:40:35','PCMN-BASE','PROD','XXXXXX',755,1315,'Ecarts de conversion des devises',NULL,NULL,1);
INSERT INTO `llx_accounting_account` VALUES (1325,1,NULL,'2016-08-10 17:40:35','PCMN-BASE','PROD','XXXXXX',756,1315,'à 759 Produits financiers divers',NULL,NULL,1);
INSERT INTO `llx_accounting_account` VALUES (1326,1,NULL,'2016-08-10 17:40:35','PCMN-BASE','PROD','XXXXXX',756,1315,'Produits des autres créances',NULL,NULL,1);
INSERT INTO `llx_accounting_account` VALUES (1327,1,NULL,'2016-08-10 17:40:35','PCMN-BASE','PROD','XXXXXX',757,1315,'Escomptes obtenus',NULL,NULL,1);
INSERT INTO `llx_accounting_account` VALUES (1328,1,NULL,'2016-08-10 17:40:35','PCMN-BASE','PROD','XXXXXX',76,1357,'Produits exceptionnels',NULL,NULL,1);
INSERT INTO `llx_accounting_account` VALUES (1329,1,NULL,'2016-08-10 17:40:35','PCMN-BASE','PROD','XXXXXX',760,1328,'Reprises d\'amortissements et de réductions de valeur',NULL,NULL,1);
INSERT INTO `llx_accounting_account` VALUES (1330,1,NULL,'2016-08-10 17:40:35','PCMN-BASE','PROD','XXXXXX',7600,1329,'Sur immobilisations incorporelles',NULL,NULL,1);
INSERT INTO `llx_accounting_account` VALUES (1331,1,NULL,'2016-08-10 17:40:35','PCMN-BASE','PROD','XXXXXX',7601,1329,'Sur immobilisations corporelles',NULL,NULL,1);
INSERT INTO `llx_accounting_account` VALUES (1332,1,NULL,'2016-08-10 17:40:35','PCMN-BASE','PROD','XXXXXX',761,1328,'Reprises de réductions de valeur sur immobilisations financières',NULL,NULL,1);
INSERT INTO `llx_accounting_account` VALUES (1333,1,NULL,'2016-08-10 17:40:35','PCMN-BASE','PROD','XXXXXX',762,1328,'Reprises de provisions pour risques et charges exceptionnelles',NULL,NULL,1);
INSERT INTO `llx_accounting_account` VALUES (1334,1,NULL,'2016-08-10 17:40:35','PCMN-BASE','PROD','XXXXXX',763,1328,'Plus-values sur réalisation d\'actifs immobilisés',NULL,NULL,1);
INSERT INTO `llx_accounting_account` VALUES (1335,1,NULL,'2016-08-10 17:40:35','PCMN-BASE','PROD','XXXXXX',7630,1334,'Sur immobilisations incorporelles',NULL,NULL,1);
INSERT INTO `llx_accounting_account` VALUES (1336,1,NULL,'2016-08-10 17:40:35','PCMN-BASE','PROD','XXXXXX',7631,1334,'Sur immobilisations corporelles',NULL,NULL,1);
INSERT INTO `llx_accounting_account` VALUES (1337,1,NULL,'2016-08-10 17:40:35','PCMN-BASE','PROD','XXXXXX',7632,1334,'Sur immobilisations financières',NULL,NULL,1);
INSERT INTO `llx_accounting_account` VALUES (1338,1,NULL,'2016-08-10 17:40:35','PCMN-BASE','PROD','XXXXXX',764,1328,'Autres produits exceptionnels',NULL,NULL,1);
INSERT INTO `llx_accounting_account` VALUES (1339,1,NULL,'2016-08-10 17:40:35','PCMN-BASE','PROD','XXXXXX',77,1357,'Régularisations d\'impôts et reprises de provisions fiscales',NULL,NULL,1);
INSERT INTO `llx_accounting_account` VALUES (1340,1,NULL,'2016-08-10 17:40:35','PCMN-BASE','PROD','XXXXXX',771,1339,'Impôts belges sur le résultat',NULL,NULL,1);
INSERT INTO `llx_accounting_account` VALUES (1341,1,NULL,'2016-08-10 17:40:35','PCMN-BASE','PROD','XXXXXX',7710,1340,'Régularisations d\'impôts dus ou versés',NULL,NULL,1);
INSERT INTO `llx_accounting_account` VALUES (1342,1,NULL,'2016-08-10 17:40:35','PCMN-BASE','PROD','XXXXXX',7711,1340,'Régularisations d\'impôts estimés',NULL,NULL,1);
INSERT INTO `llx_accounting_account` VALUES (1343,1,NULL,'2016-08-10 17:40:35','PCMN-BASE','PROD','XXXXXX',7712,1340,'Reprises de provisions fiscales',NULL,NULL,1);
INSERT INTO `llx_accounting_account` VALUES (1344,1,NULL,'2016-08-10 17:40:35','PCMN-BASE','PROD','XXXXXX',773,1339,'Impôts étrangers sur le résultat',NULL,NULL,1);
INSERT INTO `llx_accounting_account` VALUES (1345,1,NULL,'2016-08-10 17:40:35','PCMN-BASE','PROD','XXXXXX',79,1357,'Affectation aux résultats',NULL,NULL,1);
INSERT INTO `llx_accounting_account` VALUES (1346,1,NULL,'2016-08-10 17:40:35','PCMN-BASE','PROD','XXXXXX',790,1345,'Bénéfice reporté de l\'exercice précédent',NULL,NULL,1);
INSERT INTO `llx_accounting_account` VALUES (1347,1,NULL,'2016-08-10 17:40:35','PCMN-BASE','PROD','XXXXXX',791,1345,'Prélèvement sur le capital et les primes d\'émission',NULL,NULL,1);
INSERT INTO `llx_accounting_account` VALUES (1348,1,NULL,'2016-08-10 17:40:35','PCMN-BASE','PROD','XXXXXX',792,1345,'Prélèvement sur les réserves',NULL,NULL,1);
INSERT INTO `llx_accounting_account` VALUES (1349,1,NULL,'2016-08-10 17:40:35','PCMN-BASE','PROD','XXXXXX',793,1345,'Perte à reporter',NULL,NULL,1);
INSERT INTO `llx_accounting_account` VALUES (1350,1,NULL,'2016-08-10 17:40:35','PCMN-BASE','PROD','XXXXXX',794,1345,'Intervention d\'associés (ou du propriétaire) dans la perte',NULL,NULL,1);
INSERT INTO `llx_accounting_account` VALUES (1351,1,NULL,'2016-08-10 17:40:35','PCMN-BASE','CAPIT','XXXXXX',1,'','Fonds propres, provisions pour risques et charges et dettes à plus d\'un an',NULL,NULL,1);
INSERT INTO `llx_accounting_account` VALUES (1352,1,NULL,'2016-08-10 17:40:35','PCMN-BASE','IMMO','XXXXXX',2,'','Frais d\'établissement. Actifs immobilisés et créances à plus d\'un an',NULL,NULL,1);
INSERT INTO `llx_accounting_account` VALUES (1353,1,NULL,'2016-08-10 17:40:35','PCMN-BASE','STOCK','XXXXXX',3,'','Stock et commandes en cours d\'exécution',NULL,NULL,1);
INSERT INTO `llx_accounting_account` VALUES (1354,1,NULL,'2016-08-10 17:40:35','PCMN-BASE','TIERS','XXXXXX',4,'','Créances et dettes à un an au plus',NULL,NULL,1);
INSERT INTO `llx_accounting_account` VALUES (1355,1,NULL,'2016-08-10 17:40:35','PCMN-BASE','FINAN','XXXXXX',5,'','Placement de trésorerie et de valeurs disponibles',NULL,NULL,1);
INSERT INTO `llx_accounting_account` VALUES (1356,1,NULL,'2016-08-10 17:40:35','PCMN-BASE','CHARGE','XXXXXX',6,'','Charges',NULL,NULL,1);
INSERT INTO `llx_accounting_account` VALUES (1357,1,NULL,'2016-08-10 17:40:35','PCMN-BASE','PROD','XXXXXX',7,'','Produits',NULL,NULL,1);
INSERT INTO `llx_accounting_account` VALUES (1401,1,NULL,'2016-08-10 17:40:34','PCG99-ABREGE','CAPIT','XXXXXX',1,'','Fonds propres, provisions pour risques et charges et dettes à plus d\'un an',NULL,NULL,1);
INSERT INTO `llx_accounting_account` VALUES (1402,1,NULL,'2016-08-10 17:40:34','PCG99-ABREGE','IMMO','XXXXXX',2,'','Frais d\'établissement. Actifs immobilisés et créances à plus d\'un an',NULL,NULL,1);
INSERT INTO `llx_accounting_account` VALUES (1403,1,NULL,'2016-08-10 17:40:34','PCG99-ABREGE','STOCK','XXXXXX',3,'','Stock et commandes en cours d\'exécution',NULL,NULL,1);
INSERT INTO `llx_accounting_account` VALUES (1404,1,NULL,'2016-08-10 17:40:34','PCG99-ABREGE','TIERS','XXXXXX',4,'','Créances et dettes à un an au plus',NULL,NULL,1);
INSERT INTO `llx_accounting_account` VALUES (1405,1,NULL,'2016-08-10 17:40:34','PCG99-ABREGE','FINAN','XXXXXX',5,'','Placement de trésorerie et de valeurs disponibles',NULL,NULL,1);
INSERT INTO `llx_accounting_account` VALUES (1406,1,NULL,'2016-08-10 17:40:34','PCG99-ABREGE','CHARGE','XXXXXX',6,'','Charges',NULL,NULL,1);
INSERT INTO `llx_accounting_account` VALUES (1407,1,NULL,'2016-08-10 17:40:34','PCG99-ABREGE','PROD','XXXXXX',7,'','Produits',NULL,NULL,1);
INSERT INTO `llx_accounting_account` VALUES (1501,1,NULL,'2016-08-10 17:40:35','PCG99-BASE','CAPIT','XXXXXX',1,'','Fonds propres, provisions pour risques et charges et dettes à plus d\'un an',NULL,NULL,1);
INSERT INTO `llx_accounting_account` VALUES (1502,1,NULL,'2016-08-10 17:40:35','PCG99-BASE','IMMO','XXXXXX',2,'','Frais d\'établissement. Actifs immobilisés et créances à plus d\'un an',NULL,NULL,1);
INSERT INTO `llx_accounting_account` VALUES (1503,1,NULL,'2016-08-10 17:40:35','PCG99-BASE','STOCK','XXXXXX',3,'','Stock et commandes en cours d\'exécution',NULL,NULL,1);
INSERT INTO `llx_accounting_account` VALUES (1504,1,NULL,'2016-08-10 17:40:35','PCG99-BASE','TIERS','XXXXXX',4,'','Créances et dettes à un an au plus',NULL,NULL,1);
INSERT INTO `llx_accounting_account` VALUES (1505,1,NULL,'2016-08-10 17:40:35','PCG99-BASE','FINAN','XXXXXX',5,'','Placement de trésorerie et de valeurs disponibles',NULL,NULL,1);
INSERT INTO `llx_accounting_account` VALUES (1506,1,NULL,'2016-08-10 17:40:35','PCG99-BASE','CHARGE','XXXXXX',6,'','Charges',NULL,NULL,1);
INSERT INTO `llx_accounting_account` VALUES (1507,1,NULL,'2016-08-10 17:40:35','PCG99-BASE','PROD','XXXXXX',7,'','Produits',NULL,NULL,1);
INSERT INTO `llx_accounting_account` VALUES (4001,1,NULL,'2016-08-10 17:40:35','PCG08-PYME','FINANCIACION','XXXXXX',1,'','Financiación básica',NULL,NULL,1);
INSERT INTO `llx_accounting_account` VALUES (4002,1,NULL,'2016-08-10 17:40:35','PCG08-PYME','ACTIVO','XXXXXX',2,'','Activo no corriente',NULL,NULL,1);
INSERT INTO `llx_accounting_account` VALUES (4003,1,NULL,'2016-08-10 17:40:35','PCG08-PYME','EXISTENCIAS','XXXXXX',3,'','Existencias',NULL,NULL,1);
INSERT INTO `llx_accounting_account` VALUES (4004,1,NULL,'2016-08-10 17:40:35','PCG08-PYME','ACREEDORES_DEUDORES','XXXXXX',4,'','Acreedores y deudores por operaciones comerciales',NULL,NULL,1);
INSERT INTO `llx_accounting_account` VALUES (4005,1,NULL,'2016-08-10 17:40:35','PCG08-PYME','CUENTAS_FINANCIERAS','XXXXXX',5,'','Cuentas financieras',NULL,NULL,1);
INSERT INTO `llx_accounting_account` VALUES (4006,1,NULL,'2016-08-10 17:40:35','PCG08-PYME','COMPRAS_GASTOS','XXXXXX',6,'','Compras y gastos',NULL,NULL,1);
INSERT INTO `llx_accounting_account` VALUES (4007,1,NULL,'2016-08-10 17:40:35','PCG08-PYME','VENTAS_E_INGRESOS','XXXXXX',7,'','Ventas e ingresos',NULL,NULL,1);
INSERT INTO `llx_accounting_account` VALUES (4008,1,NULL,'2016-08-10 17:40:35','PCG08-PYME','FINANCIACION','XXXXXX',10,4001,'CAPITAL',NULL,NULL,1);
INSERT INTO `llx_accounting_account` VALUES (4009,1,NULL,'2016-08-10 17:40:35','PCG08-PYME','FINANCIACION','XXXXXX',100,4008,'Capital social',NULL,NULL,1);
INSERT INTO `llx_accounting_account` VALUES (4010,1,NULL,'2016-08-10 17:40:35','PCG08-PYME','FINANCIACION','XXXXXX',101,4008,'Fondo social',NULL,NULL,1);
INSERT INTO `llx_accounting_account` VALUES (4011,1,NULL,'2016-08-10 17:40:35','PCG08-PYME','FINANCIACION','CAPITAL',102,4008,'Capital',NULL,NULL,1);
INSERT INTO `llx_accounting_account` VALUES (4012,1,NULL,'2016-08-10 17:40:35','PCG08-PYME','FINANCIACION','XXXXXX',103,4008,'Socios por desembolsos no exigidos',NULL,NULL,1);
INSERT INTO `llx_accounting_account` VALUES (4013,1,NULL,'2016-08-10 17:40:35','PCG08-PYME','FINANCIACION','XXXXXX',1030,4012,'Socios por desembolsos no exigidos capital social',NULL,NULL,1);
INSERT INTO `llx_accounting_account` VALUES (4014,1,NULL,'2016-08-10 17:40:35','PCG08-PYME','FINANCIACION','XXXXXX',1034,4012,'Socios por desembolsos no exigidos capital pendiente de inscripción',NULL,NULL,1);
INSERT INTO `llx_accounting_account` VALUES (4015,1,NULL,'2016-08-10 17:40:35','PCG08-PYME','FINANCIACION','XXXXXX',104,4008,'Socios por aportaciones no dineradas pendientes',NULL,NULL,1);
INSERT INTO `llx_accounting_account` VALUES (4016,1,NULL,'2016-08-10 17:40:35','PCG08-PYME','FINANCIACION','XXXXXX',1040,4015,'Socios por aportaciones no dineradas pendientes capital social',NULL,NULL,1);
INSERT INTO `llx_accounting_account` VALUES (4017,1,NULL,'2016-08-10 17:40:35','PCG08-PYME','FINANCIACION','XXXXXX',1044,4015,'Socios por aportaciones no dineradas pendientes capital pendiente de inscripción',NULL,NULL,1);
INSERT INTO `llx_accounting_account` VALUES (4018,1,NULL,'2016-08-10 17:40:35','PCG08-PYME','FINANCIACION','XXXXXX',108,4008,'Acciones o participaciones propias en situaciones especiales',NULL,NULL,1);
INSERT INTO `llx_accounting_account` VALUES (4019,1,NULL,'2016-08-10 17:40:35','PCG08-PYME','FINANCIACION','XXXXXX',109,4008,'Acciones o participaciones propias para reducción de capital',NULL,NULL,1);
INSERT INTO `llx_accounting_account` VALUES (4020,1,NULL,'2016-08-10 17:40:35','PCG08-PYME','FINANCIACION','XXXXXX',11,4001,'Reservas y otros instrumentos de patrimonio',NULL,NULL,1);
INSERT INTO `llx_accounting_account` VALUES (4021,1,NULL,'2016-08-10 17:40:35','PCG08-PYME','FINANCIACION','XXXXXX',110,4020,'Prima de emisión o asunción',NULL,NULL,1);
INSERT INTO `llx_accounting_account` VALUES (4022,1,NULL,'2016-08-10 17:40:35','PCG08-PYME','FINANCIACION','XXXXXX',111,4020,'Otros instrumentos de patrimonio neto',NULL,NULL,1);
INSERT INTO `llx_accounting_account` VALUES (4023,1,NULL,'2016-08-10 17:40:35','PCG08-PYME','FINANCIACION','XXXXXX',1110,4022,'Patrimonio neto por emisión de instrumentos financieros compuestos',NULL,NULL,1);
INSERT INTO `llx_accounting_account` VALUES (4024,1,NULL,'2016-08-10 17:40:35','PCG08-PYME','FINANCIACION','XXXXXX',1111,4022,'Resto de instrumentos de patrimoio neto',NULL,NULL,1);
INSERT INTO `llx_accounting_account` VALUES (4025,1,NULL,'2016-08-10 17:40:35','PCG08-PYME','FINANCIACION','XXXXXX',112,4020,'Reserva legal',NULL,NULL,1);
INSERT INTO `llx_accounting_account` VALUES (4026,1,NULL,'2016-08-10 17:40:35','PCG08-PYME','FINANCIACION','XXXXXX',113,4020,'Reservas voluntarias',NULL,NULL,1);
INSERT INTO `llx_accounting_account` VALUES (4027,1,NULL,'2016-08-10 17:40:35','PCG08-PYME','FINANCIACION','XXXXXX',114,4020,'Reservas especiales',NULL,NULL,1);
INSERT INTO `llx_accounting_account` VALUES (4028,1,NULL,'2016-08-10 17:40:35','PCG08-PYME','FINANCIACION','XXXXXX',1140,4027,'Reservas para acciones o participaciones de la sociedad dominante',NULL,NULL,1);
INSERT INTO `llx_accounting_account` VALUES (4029,1,NULL,'2016-08-10 17:40:35','PCG08-PYME','FINANCIACION','XXXXXX',1141,4027,'Reservas estatutarias',NULL,NULL,1);
INSERT INTO `llx_accounting_account` VALUES (4030,1,NULL,'2016-08-10 17:40:35','PCG08-PYME','FINANCIACION','XXXXXX',1142,4027,'Reservas por capital amortizado',NULL,NULL,1);
INSERT INTO `llx_accounting_account` VALUES (4031,1,NULL,'2016-08-10 17:40:35','PCG08-PYME','FINANCIACION','XXXXXX',1143,4027,'Reservas por fondo de comercio',NULL,NULL,1);
INSERT INTO `llx_accounting_account` VALUES (4032,1,NULL,'2016-08-10 17:40:35','PCG08-PYME','FINANCIACION','XXXXXX',1144,4028,'Reservas por acciones propias aceptadas en garantía',NULL,NULL,1);
INSERT INTO `llx_accounting_account` VALUES (4033,1,NULL,'2016-08-10 17:40:35','PCG08-PYME','FINANCIACION','XXXXXX',115,4020,'Reservas por pérdidas y ganancias actuariales y otros ajustes',NULL,NULL,1);
INSERT INTO `llx_accounting_account` VALUES (4034,1,NULL,'2016-08-10 17:40:35','PCG08-PYME','FINANCIACION','XXXXXX',118,4020,'Aportaciones de socios o propietarios',NULL,NULL,1);
INSERT INTO `llx_accounting_account` VALUES (4035,1,NULL,'2016-08-10 17:40:35','PCG08-PYME','FINANCIACION','XXXXXX',119,4020,'Diferencias por ajuste del capital a euros',NULL,NULL,1);
INSERT INTO `llx_accounting_account` VALUES (4036,1,NULL,'2016-08-10 17:40:35','PCG08-PYME','FINANCIACION','XXXXXX',12,4001,'Resultados pendientes de aplicación',NULL,NULL,1);
INSERT INTO `llx_accounting_account` VALUES (4037,1,NULL,'2016-08-10 17:40:35','PCG08-PYME','FINANCIACION','XXXXXX',120,4036,'Remanente',NULL,NULL,1);
INSERT INTO `llx_accounting_account` VALUES (4038,1,NULL,'2016-08-10 17:40:35','PCG08-PYME','FINANCIACION','XXXXXX',121,4036,'Resultados negativos de ejercicios anteriores',NULL,NULL,1);
INSERT INTO `llx_accounting_account` VALUES (4039,1,NULL,'2016-08-10 17:40:35','PCG08-PYME','FINANCIACION','XXXXXX',129,4036,'Resultado del ejercicio',NULL,NULL,1);
INSERT INTO `llx_accounting_account` VALUES (4040,1,NULL,'2016-08-10 17:40:35','PCG08-PYME','FINANCIACION','XXXXXX',13,4001,'Subvenciones, donaciones y ajustes por cambio de valor',NULL,NULL,1);
INSERT INTO `llx_accounting_account` VALUES (4041,1,NULL,'2016-08-10 17:40:35','PCG08-PYME','FINANCIACION','XXXXXX',130,4040,'Subvenciones oficiales de capital',NULL,NULL,1);
INSERT INTO `llx_accounting_account` VALUES (4042,1,NULL,'2016-08-10 17:40:35','PCG08-PYME','FINANCIACION','XXXXXX',131,4040,'Donaciones y legados de capital',NULL,NULL,1);
INSERT INTO `llx_accounting_account` VALUES (4043,1,NULL,'2016-08-10 17:40:35','PCG08-PYME','FINANCIACION','XXXXXX',132,4040,'Otras subvenciones, donaciones y legados',NULL,NULL,1);
INSERT INTO `llx_accounting_account` VALUES (4044,1,NULL,'2016-08-10 17:40:35','PCG08-PYME','FINANCIACION','XXXXXX',133,4040,'Ajustes por valoración en activos financieros disponibles para la venta',NULL,NULL,1);
INSERT INTO `llx_accounting_account` VALUES (4045,1,NULL,'2016-08-10 17:40:35','PCG08-PYME','FINANCIACION','XXXXXX',134,4040,'Operaciones de cobertura',NULL,NULL,1);
INSERT INTO `llx_accounting_account` VALUES (4046,1,NULL,'2016-08-10 17:40:35','PCG08-PYME','FINANCIACION','XXXXXX',1340,4045,'Cobertura de flujos de efectivo',NULL,NULL,1);
INSERT INTO `llx_accounting_account` VALUES (4047,1,NULL,'2016-08-10 17:40:35','PCG08-PYME','FINANCIACION','XXXXXX',1341,4045,'Cobertura de una inversión neta en un negocio extranjero',NULL,NULL,1);
INSERT INTO `llx_accounting_account` VALUES (4048,1,NULL,'2016-08-10 17:40:35','PCG08-PYME','FINANCIACION','XXXXXX',135,4040,'Diferencias de conversión',NULL,NULL,1);
INSERT INTO `llx_accounting_account` VALUES (4049,1,NULL,'2016-08-10 17:40:35','PCG08-PYME','FINANCIACION','XXXXXX',136,4040,'Ajustes por valoración en activos no corrientes y grupos enajenables de elementos mantenidos para la venta',NULL,NULL,1);
INSERT INTO `llx_accounting_account` VALUES (4050,1,NULL,'2016-08-10 17:40:35','PCG08-PYME','FINANCIACION','XXXXXX',137,4040,'Ingresos fiscales a distribuir en varios ejercicios',NULL,NULL,1);
INSERT INTO `llx_accounting_account` VALUES (4051,1,NULL,'2016-08-10 17:40:35','PCG08-PYME','FINANCIACION','XXXXXX',1370,4050,'Ingresos fiscales por diferencias permanentes a distribuir en varios ejercicios',NULL,NULL,1);
INSERT INTO `llx_accounting_account` VALUES (4052,1,NULL,'2016-08-10 17:40:35','PCG08-PYME','FINANCIACION','XXXXXX',1371,4050,'Ingresos fiscales por deducciones y bonificaciones a distribuir en varios ejercicios',NULL,NULL,1);
INSERT INTO `llx_accounting_account` VALUES (4053,1,NULL,'2016-08-10 17:40:35','PCG08-PYME','FINANCIACION','XXXXXX',14,4001,'Provisiones',NULL,NULL,1);
INSERT INTO `llx_accounting_account` VALUES (4054,1,NULL,'2016-08-10 17:40:35','PCG08-PYME','FINANCIACION','XXXXXX',141,4053,'Provisión para impuestos',NULL,NULL,1);
INSERT INTO `llx_accounting_account` VALUES (4055,1,NULL,'2016-08-10 17:40:35','PCG08-PYME','FINANCIACION','XXXXXX',142,4053,'Provisión para otras responsabilidades',NULL,NULL,1);
INSERT INTO `llx_accounting_account` VALUES (4056,1,NULL,'2016-08-10 17:40:35','PCG08-PYME','FINANCIACION','XXXXXX',143,4053,'Provisión por desmantelamiento, retiro o rehabilitación del inmovilizado',NULL,NULL,1);
INSERT INTO `llx_accounting_account` VALUES (4057,1,NULL,'2016-08-10 17:40:35','PCG08-PYME','FINANCIACION','XXXXXX',145,4053,'Provisión para actuaciones medioambientales',NULL,NULL,1);
INSERT INTO `llx_accounting_account` VALUES (4058,1,NULL,'2016-08-10 17:40:35','PCG08-PYME','FINANCIACION','XXXXXX',15,4001,'Deudas a largo plazo con características especiales',NULL,NULL,1);
INSERT INTO `llx_accounting_account` VALUES (4059,1,NULL,'2016-08-10 17:40:35','PCG08-PYME','FINANCIACION','XXXXXX',150,4058,'Acciones o participaciones a largo plazo consideradas como pasivos financieros',NULL,NULL,1);
INSERT INTO `llx_accounting_account` VALUES (4060,1,NULL,'2016-08-10 17:40:35','PCG08-PYME','FINANCIACION','XXXXXX',153,4058,'Desembolsos no exigidos por acciones o participaciones consideradas como pasivos financieros',NULL,NULL,1);
INSERT INTO `llx_accounting_account` VALUES (4061,1,NULL,'2016-08-10 17:40:35','PCG08-PYME','FINANCIACION','XXXXXX',1533,4060,'Desembolsos no exigidos empresas del grupo',NULL,NULL,1);
INSERT INTO `llx_accounting_account` VALUES (4062,1,NULL,'2016-08-10 17:40:35','PCG08-PYME','FINANCIACION','XXXXXX',1534,4060,'Desembolsos no exigidos empresas asociadas',NULL,NULL,1);
INSERT INTO `llx_accounting_account` VALUES (4063,1,NULL,'2016-08-10 17:40:35','PCG08-PYME','FINANCIACION','XXXXXX',1535,4060,'Desembolsos no exigidos otras partes vinculadas',NULL,NULL,1);
INSERT INTO `llx_accounting_account` VALUES (4064,1,NULL,'2016-08-10 17:40:35','PCG08-PYME','FINANCIACION','XXXXXX',1536,4060,'Otros desembolsos no exigidos',NULL,NULL,1);
INSERT INTO `llx_accounting_account` VALUES (4065,1,NULL,'2016-08-10 17:40:35','PCG08-PYME','FINANCIACION','XXXXXX',154,4058,'Aportaciones no dinerarias pendientes por acciones o participaciones consideradas como pasivos financieros',NULL,NULL,1);
INSERT INTO `llx_accounting_account` VALUES (4066,1,NULL,'2016-08-10 17:40:35','PCG08-PYME','FINANCIACION','XXXXXX',1543,4065,'Aportaciones no dinerarias pendientes empresas del grupo',NULL,NULL,1);
INSERT INTO `llx_accounting_account` VALUES (4067,1,NULL,'2016-08-10 17:40:35','PCG08-PYME','FINANCIACION','XXXXXX',1544,4065,'Aportaciones no dinerarias pendientes empresas asociadas',NULL,NULL,1);
INSERT INTO `llx_accounting_account` VALUES (4068,1,NULL,'2016-08-10 17:40:35','PCG08-PYME','FINANCIACION','XXXXXX',1545,4065,'Aportaciones no dinerarias pendientes otras partes vinculadas',NULL,NULL,1);
INSERT INTO `llx_accounting_account` VALUES (4069,1,NULL,'2016-08-10 17:40:35','PCG08-PYME','FINANCIACION','XXXXXX',1546,4065,'Otras aportaciones no dinerarias pendientes',NULL,NULL,1);
INSERT INTO `llx_accounting_account` VALUES (4070,1,NULL,'2016-08-10 17:40:35','PCG08-PYME','FINANCIACION','XXXXXX',16,4001,'Deudas a largo plazo con partes vinculadas',NULL,NULL,1);
INSERT INTO `llx_accounting_account` VALUES (4071,1,NULL,'2016-08-10 17:40:35','PCG08-PYME','FINANCIACION','XXXXXX',160,4070,'Deudas a largo plazo con entidades de crédito vinculadas',NULL,NULL,1);
INSERT INTO `llx_accounting_account` VALUES (4072,1,NULL,'2016-08-10 17:40:35','PCG08-PYME','FINANCIACION','XXXXXX',1603,4071,'Deudas a largo plazo con entidades de crédito empresas del grupo',NULL,NULL,1);
INSERT INTO `llx_accounting_account` VALUES (4073,1,NULL,'2016-08-10 17:40:35','PCG08-PYME','FINANCIACION','XXXXXX',1604,4071,'Deudas a largo plazo con entidades de crédito empresas asociadas',NULL,NULL,1);
INSERT INTO `llx_accounting_account` VALUES (4074,1,NULL,'2016-08-10 17:40:35','PCG08-PYME','FINANCIACION','XXXXXX',1605,4071,'Deudas a largo plazo con otras entidades de crédito vinculadas',NULL,NULL,1);
INSERT INTO `llx_accounting_account` VALUES (4075,1,NULL,'2016-08-10 17:40:35','PCG08-PYME','FINANCIACION','XXXXXX',161,4070,'Proveedores de inmovilizado a largo plazo partes vinculadas',NULL,NULL,1);
INSERT INTO `llx_accounting_account` VALUES (4076,1,NULL,'2016-08-10 17:40:35','PCG08-PYME','FINANCIACION','XXXXXX',1613,4075,'Proveedores de inmovilizado a largo plazo empresas del grupo',NULL,NULL,1);
INSERT INTO `llx_accounting_account` VALUES (4077,1,NULL,'2016-08-10 17:40:35','PCG08-PYME','FINANCIACION','XXXXXX',1614,4075,'Proveedores de inmovilizado a largo plazo empresas asociadas',NULL,NULL,1);
INSERT INTO `llx_accounting_account` VALUES (4078,1,NULL,'2016-08-10 17:40:35','PCG08-PYME','FINANCIACION','XXXXXX',1615,4075,'Proveedores de inmovilizado a largo plazo otras partes vinculadas',NULL,NULL,1);
INSERT INTO `llx_accounting_account` VALUES (4079,1,NULL,'2016-08-10 17:40:35','PCG08-PYME','FINANCIACION','XXXXXX',162,4070,'Acreedores por arrendamiento financiero a largo plazo partes vinculadas',NULL,NULL,1);
INSERT INTO `llx_accounting_account` VALUES (4080,1,NULL,'2016-08-10 17:40:35','PCG08-PYME','FINANCIACION','XXXXXX',1623,4079,'Acreedores por arrendamiento financiero a largo plazo empresas del grupo',NULL,NULL,1);
INSERT INTO `llx_accounting_account` VALUES (4081,1,NULL,'2016-08-10 17:40:35','PCG08-PYME','FINANCIACION','XXXXXX',1624,4080,'Acreedores por arrendamiento financiero a largo plazo empresas asociadas',NULL,NULL,1);
INSERT INTO `llx_accounting_account` VALUES (4082,1,NULL,'2016-08-10 17:40:35','PCG08-PYME','FINANCIACION','XXXXXX',1625,4080,'Acreedores por arrendamiento financiero a largo plazo otras partes vinculadas',NULL,NULL,1);
INSERT INTO `llx_accounting_account` VALUES (4083,1,NULL,'2016-08-10 17:40:35','PCG08-PYME','FINANCIACION','XXXXXX',163,4070,'Otras deudas a largo plazo con partes vinculadas',NULL,NULL,1);
INSERT INTO `llx_accounting_account` VALUES (4084,1,NULL,'2016-08-10 17:40:35','PCG08-PYME','FINANCIACION','XXXXXX',1633,4083,'Otras deudas a largo plazo empresas del grupo',NULL,NULL,1);
INSERT INTO `llx_accounting_account` VALUES (4085,1,NULL,'2016-08-10 17:40:35','PCG08-PYME','FINANCIACION','XXXXXX',1634,4083,'Otras deudas a largo plazo empresas asociadas',NULL,NULL,1);
INSERT INTO `llx_accounting_account` VALUES (4086,1,NULL,'2016-08-10 17:40:35','PCG08-PYME','FINANCIACION','XXXXXX',1635,4083,'Otras deudas a largo plazo otras partes vinculadas',NULL,NULL,1);
INSERT INTO `llx_accounting_account` VALUES (4087,1,NULL,'2016-08-10 17:40:35','PCG08-PYME','FINANCIACION','XXXXXX',17,4001,'Deudas a largo plazo por préstamos recibidos empresitos y otros conceptos',NULL,NULL,1);
INSERT INTO `llx_accounting_account` VALUES (4088,1,NULL,'2016-08-10 17:40:35','PCG08-PYME','FINANCIACION','XXXXXX',170,4087,'Deudas a largo plazo con entidades de crédito',NULL,NULL,1);
INSERT INTO `llx_accounting_account` VALUES (4089,1,NULL,'2016-08-10 17:40:35','PCG08-PYME','FINANCIACION','XXXXXX',171,4087,'Deudas a largo plazo',NULL,NULL,1);
INSERT INTO `llx_accounting_account` VALUES (4090,1,NULL,'2016-08-10 17:40:35','PCG08-PYME','FINANCIACION','XXXXXX',172,4087,'Deudas a largo plazo transformables en suvbenciones donaciones y legados',NULL,NULL,1);
INSERT INTO `llx_accounting_account` VALUES (4091,1,NULL,'2016-08-10 17:40:35','PCG08-PYME','FINANCIACION','XXXXXX',173,4087,'Proveedores de inmovilizado a largo plazo',NULL,NULL,1);
INSERT INTO `llx_accounting_account` VALUES (4092,1,NULL,'2016-08-10 17:40:35','PCG08-PYME','FINANCIACION','XXXXXX',174,4087,'Acreedores por arrendamiento financiero a largo plazo',NULL,NULL,1);
INSERT INTO `llx_accounting_account` VALUES (4093,1,NULL,'2016-08-10 17:40:35','PCG08-PYME','FINANCIACION','XXXXXX',175,4087,'Efectos a pagar a largo plazo',NULL,NULL,1);
INSERT INTO `llx_accounting_account` VALUES (4094,1,NULL,'2016-08-10 17:40:35','PCG08-PYME','FINANCIACION','XXXXXX',176,4087,'Pasivos por derivados financieros a largo plazo',NULL,NULL,1);
INSERT INTO `llx_accounting_account` VALUES (4095,1,NULL,'2016-08-10 17:40:35','PCG08-PYME','FINANCIACION','XXXXXX',177,4087,'Obligaciones y bonos',NULL,NULL,1);
INSERT INTO `llx_accounting_account` VALUES (4096,1,NULL,'2016-08-10 17:40:35','PCG08-PYME','FINANCIACION','XXXXXX',179,4087,'Deudas representadas en otros valores negociables',NULL,NULL,1);
INSERT INTO `llx_accounting_account` VALUES (4097,1,NULL,'2016-08-10 17:40:35','PCG08-PYME','FINANCIACION','XXXXXX',18,4001,'Pasivos por fianzas garantias y otros conceptos a largo plazo',NULL,NULL,1);
INSERT INTO `llx_accounting_account` VALUES (4098,1,NULL,'2016-08-10 17:40:35','PCG08-PYME','FINANCIACION','XXXXXX',180,4097,'Fianzas recibidas a largo plazo',NULL,NULL,1);
INSERT INTO `llx_accounting_account` VALUES (4099,1,NULL,'2016-08-10 17:40:35','PCG08-PYME','FINANCIACION','XXXXXX',181,4097,'Anticipos recibidos por ventas o prestaciones de servicios a largo plazo',NULL,NULL,1);
INSERT INTO `llx_accounting_account` VALUES (4100,1,NULL,'2016-08-10 17:40:35','PCG08-PYME','FINANCIACION','XXXXXX',185,4097,'Depositos recibidos a largo plazo',NULL,NULL,1);
INSERT INTO `llx_accounting_account` VALUES (4101,1,NULL,'2016-08-10 17:40:35','PCG08-PYME','FINANCIACION','XXXXXX',19,4001,'Situaciones transitorias de financiación',NULL,NULL,1);
INSERT INTO `llx_accounting_account` VALUES (4102,1,NULL,'2016-08-10 17:40:35','PCG08-PYME','FINANCIACION','XXXXXX',190,4101,'Acciones o participaciones emitidas',NULL,NULL,1);
INSERT INTO `llx_accounting_account` VALUES (4103,1,NULL,'2016-08-10 17:40:35','PCG08-PYME','FINANCIACION','XXXXXX',192,4101,'Suscriptores de acciones',NULL,NULL,1);
INSERT INTO `llx_accounting_account` VALUES (4104,1,NULL,'2016-08-10 17:40:35','PCG08-PYME','FINANCIACION','XXXXXX',194,4101,'Capital emitido pendiente de inscripción',NULL,NULL,1);
INSERT INTO `llx_accounting_account` VALUES (4105,1,NULL,'2016-08-10 17:40:35','PCG08-PYME','FINANCIACION','XXXXXX',195,4101,'Acciones o participaciones emitidas consideradas como pasivos financieros',NULL,NULL,1);
INSERT INTO `llx_accounting_account` VALUES (4106,1,NULL,'2016-08-10 17:40:35','PCG08-PYME','FINANCIACION','XXXXXX',197,4101,'Suscriptores de acciones consideradas como pasivos financieros',NULL,NULL,1);
INSERT INTO `llx_accounting_account` VALUES (4107,1,NULL,'2016-08-10 17:40:35','PCG08-PYME','FINANCIACION','XXXXXX',199,4101,'Acciones o participaciones emitidas consideradas como pasivos financieros pendientes de inscripción',NULL,NULL,1);
INSERT INTO `llx_accounting_account` VALUES (4108,1,NULL,'2016-08-10 17:40:35','PCG08-PYME','ACTIVO','XXXXXX',20,4002,'Inmovilizaciones intangibles',NULL,NULL,1);
INSERT INTO `llx_accounting_account` VALUES (4109,1,NULL,'2016-08-10 17:40:35','PCG08-PYME','ACTIVO','XXXXXX',200,4108,'Investigación',NULL,NULL,1);
INSERT INTO `llx_accounting_account` VALUES (4110,1,NULL,'2016-08-10 17:40:35','PCG08-PYME','ACTIVO','XXXXXX',201,4108,'Desarrollo',NULL,NULL,1);
INSERT INTO `llx_accounting_account` VALUES (4111,1,NULL,'2016-08-10 17:40:35','PCG08-PYME','ACTIVO','XXXXXX',202,4108,'Concesiones administrativas',NULL,NULL,1);
INSERT INTO `llx_accounting_account` VALUES (4112,1,NULL,'2016-08-10 17:40:35','PCG08-PYME','ACTIVO','XXXXXX',203,4108,'Propiedad industrial',NULL,NULL,1);
INSERT INTO `llx_accounting_account` VALUES (4113,1,NULL,'2016-08-10 17:40:35','PCG08-PYME','ACTIVO','XXXXXX',205,4108,'Derechos de transpaso',NULL,NULL,1);
INSERT INTO `llx_accounting_account` VALUES (4114,1,NULL,'2016-08-10 17:40:35','PCG08-PYME','ACTIVO','XXXXXX',206,4108,'Aplicaciones informáticas',NULL,NULL,1);
INSERT INTO `llx_accounting_account` VALUES (4115,1,NULL,'2016-08-10 17:40:35','PCG08-PYME','ACTIVO','XXXXXX',209,4108,'Anticipos para inmovilizaciones intangibles',NULL,NULL,1);
INSERT INTO `llx_accounting_account` VALUES (4116,1,NULL,'2016-08-10 17:40:35','PCG08-PYME','ACTIVO','XXXXXX',21,4002,'Inmovilizaciones materiales',NULL,NULL,1);
INSERT INTO `llx_accounting_account` VALUES (4117,1,NULL,'2016-08-10 17:40:35','PCG08-PYME','ACTIVO','XXXXXX',210,4116,'Terrenos y bienes naturales',NULL,NULL,1);
INSERT INTO `llx_accounting_account` VALUES (4118,1,NULL,'2016-08-10 17:40:35','PCG08-PYME','ACTIVO','XXXXXX',211,4116,'Construcciones',NULL,NULL,1);
INSERT INTO `llx_accounting_account` VALUES (4119,1,NULL,'2016-08-10 17:40:35','PCG08-PYME','ACTIVO','XXXXXX',212,4116,'Instalaciones técnicas',NULL,NULL,1);
INSERT INTO `llx_accounting_account` VALUES (4120,1,NULL,'2016-08-10 17:40:35','PCG08-PYME','ACTIVO','XXXXXX',213,4116,'Maquinaria',NULL,NULL,1);
INSERT INTO `llx_accounting_account` VALUES (4121,1,NULL,'2016-08-10 17:40:35','PCG08-PYME','ACTIVO','XXXXXX',214,4116,'Utillaje',NULL,NULL,1);
INSERT INTO `llx_accounting_account` VALUES (4122,1,NULL,'2016-08-10 17:40:35','PCG08-PYME','ACTIVO','XXXXXX',215,4116,'Otras instalaciones',NULL,NULL,1);
INSERT INTO `llx_accounting_account` VALUES (4123,1,NULL,'2016-08-10 17:40:35','PCG08-PYME','ACTIVO','XXXXXX',216,4116,'Mobiliario',NULL,NULL,1);
INSERT INTO `llx_accounting_account` VALUES (4124,1,NULL,'2016-08-10 17:40:35','PCG08-PYME','ACTIVO','XXXXXX',217,4116,'Equipos para procesos de información',NULL,NULL,1);
INSERT INTO `llx_accounting_account` VALUES (4125,1,NULL,'2016-08-10 17:40:35','PCG08-PYME','ACTIVO','XXXXXX',218,4116,'Elementos de transporte',NULL,NULL,1);
INSERT INTO `llx_accounting_account` VALUES (4126,1,NULL,'2016-08-10 17:40:35','PCG08-PYME','ACTIVO','XXXXXX',219,4116,'Otro inmovilizado material',NULL,NULL,1);
INSERT INTO `llx_accounting_account` VALUES (4127,1,NULL,'2016-08-10 17:40:35','PCG08-PYME','ACTIVO','XXXXXX',22,4002,'Inversiones inmobiliarias',NULL,NULL,1);
INSERT INTO `llx_accounting_account` VALUES (4128,1,NULL,'2016-08-10 17:40:35','PCG08-PYME','ACTIVO','XXXXXX',220,4127,'Inversiones en terreons y bienes naturales',NULL,NULL,1);
INSERT INTO `llx_accounting_account` VALUES (4129,1,NULL,'2016-08-10 17:40:35','PCG08-PYME','ACTIVO','XXXXXX',221,4127,'Inversiones en construcciones',NULL,NULL,1);
INSERT INTO `llx_accounting_account` VALUES (4130,1,NULL,'2016-08-10 17:40:35','PCG08-PYME','ACTIVO','XXXXXX',23,4002,'Inmovilizaciones materiales en curso',NULL,NULL,1);
INSERT INTO `llx_accounting_account` VALUES (4131,1,NULL,'2016-08-10 17:40:35','PCG08-PYME','ACTIVO','XXXXXX',230,4130,'Adaptación de terrenos y bienes naturales',NULL,NULL,1);
INSERT INTO `llx_accounting_account` VALUES (4132,1,NULL,'2016-08-10 17:40:35','PCG08-PYME','ACTIVO','XXXXXX',231,4130,'Construcciones en curso',NULL,NULL,1);
INSERT INTO `llx_accounting_account` VALUES (4133,1,NULL,'2016-08-10 17:40:35','PCG08-PYME','ACTIVO','XXXXXX',232,4130,'Instalaciones técnicas en montaje',NULL,NULL,1);
INSERT INTO `llx_accounting_account` VALUES (4134,1,NULL,'2016-08-10 17:40:35','PCG08-PYME','ACTIVO','XXXXXX',233,4130,'Maquinaria en montaje',NULL,NULL,1);
INSERT INTO `llx_accounting_account` VALUES (4135,1,NULL,'2016-08-10 17:40:35','PCG08-PYME','ACTIVO','XXXXXX',237,4130,'Equipos para procesos de información en montaje',NULL,NULL,1);
INSERT INTO `llx_accounting_account` VALUES (4136,1,NULL,'2016-08-10 17:40:35','PCG08-PYME','ACTIVO','XXXXXX',239,4130,'Anticipos para inmovilizaciones materiales',NULL,NULL,1);
INSERT INTO `llx_accounting_account` VALUES (4137,1,NULL,'2016-08-10 17:40:35','PCG08-PYME','ACTIVO','XXXXXX',24,4002,'Inversiones financieras a largo plazo en partes vinculadas',NULL,NULL,1);
INSERT INTO `llx_accounting_account` VALUES (4138,1,NULL,'2016-08-10 17:40:35','PCG08-PYME','ACTIVO','XXXXXX',240,4137,'Participaciones a largo plazo en partes vinculadas',NULL,NULL,1);
INSERT INTO `llx_accounting_account` VALUES (4139,1,NULL,'2016-08-10 17:40:35','PCG08-PYME','ACTIVO','XXXXXX',2403,4138,'Participaciones a largo plazo en empresas del grupo',NULL,NULL,1);
INSERT INTO `llx_accounting_account` VALUES (4140,1,NULL,'2016-08-10 17:40:35','PCG08-PYME','ACTIVO','XXXXXX',2404,4138,'Participaciones a largo plazo en empresas asociadas',NULL,NULL,1);
INSERT INTO `llx_accounting_account` VALUES (4141,1,NULL,'2016-08-10 17:40:35','PCG08-PYME','ACTIVO','XXXXXX',2405,4138,'Participaciones a largo plazo en otras partes vinculadas',NULL,NULL,1);
INSERT INTO `llx_accounting_account` VALUES (4142,1,NULL,'2016-08-10 17:40:35','PCG08-PYME','ACTIVO','XXXXXX',241,4137,'Valores representativos de deuda a largo plazo de partes vinculadas',NULL,NULL,1);
INSERT INTO `llx_accounting_account` VALUES (4143,1,NULL,'2016-08-10 17:40:35','PCG08-PYME','ACTIVO','XXXXXX',2413,4142,'Valores representativos de deuda a largo plazo de empresas del grupo',NULL,NULL,1);
INSERT INTO `llx_accounting_account` VALUES (4144,1,NULL,'2016-08-10 17:40:35','PCG08-PYME','ACTIVO','XXXXXX',2414,4142,'Valores representativos de deuda a largo plazo de empresas asociadas',NULL,NULL,1);
INSERT INTO `llx_accounting_account` VALUES (4145,1,NULL,'2016-08-10 17:40:35','PCG08-PYME','ACTIVO','XXXXXX',2415,4142,'Valores representativos de deuda a largo plazo de otras partes vinculadas',NULL,NULL,1);
INSERT INTO `llx_accounting_account` VALUES (4146,1,NULL,'2016-08-10 17:40:35','PCG08-PYME','ACTIVO','XXXXXX',242,4137,'Créditos a largo plazo a partes vinculadas',NULL,NULL,1);
INSERT INTO `llx_accounting_account` VALUES (4147,1,NULL,'2016-08-10 17:40:35','PCG08-PYME','ACTIVO','XXXXXX',2423,4146,'Créditos a largo plazo a empresas del grupo',NULL,NULL,1);
INSERT INTO `llx_accounting_account` VALUES (4148,1,NULL,'2016-08-10 17:40:35','PCG08-PYME','ACTIVO','XXXXXX',2424,4146,'Créditos a largo plazo a empresas asociadas',NULL,NULL,1);
INSERT INTO `llx_accounting_account` VALUES (4149,1,NULL,'2016-08-10 17:40:35','PCG08-PYME','ACTIVO','XXXXXX',2425,4146,'Créditos a largo plazo a otras partes vinculadas',NULL,NULL,1);
INSERT INTO `llx_accounting_account` VALUES (4150,1,NULL,'2016-08-10 17:40:35','PCG08-PYME','ACTIVO','XXXXXX',249,4137,'Desembolsos pendientes sobre participaciones a largo plazo en partes vinculadas',NULL,NULL,1);
INSERT INTO `llx_accounting_account` VALUES (4151,1,NULL,'2016-08-10 17:40:35','PCG08-PYME','ACTIVO','XXXXXX',2493,4150,'Desembolsos pendientes sobre participaciones a largo plazo en empresas del grupo',NULL,NULL,1);
INSERT INTO `llx_accounting_account` VALUES (4152,1,NULL,'2016-08-10 17:40:35','PCG08-PYME','ACTIVO','XXXXXX',2494,4150,'Desembolsos pendientes sobre participaciones a largo plazo en empresas asociadas',NULL,NULL,1);
INSERT INTO `llx_accounting_account` VALUES (4153,1,NULL,'2016-08-10 17:40:35','PCG08-PYME','ACTIVO','XXXXXX',2495,4150,'Desembolsos pendientes sobre participaciones a largo plazo en otras partes vinculadas',NULL,NULL,1);
INSERT INTO `llx_accounting_account` VALUES (4154,1,NULL,'2016-08-10 17:40:35','PCG08-PYME','ACTIVO','XXXXXX',25,4002,'Otras inversiones financieras a largo plazo',NULL,NULL,1);
INSERT INTO `llx_accounting_account` VALUES (4155,1,NULL,'2016-08-10 17:40:35','PCG08-PYME','ACTIVO','XXXXXX',250,4154,'Inversiones financieras a largo plazo en instrumentos de patrimonio',NULL,NULL,1);
INSERT INTO `llx_accounting_account` VALUES (4156,1,NULL,'2016-08-10 17:40:35','PCG08-PYME','ACTIVO','XXXXXX',251,4154,'Valores representativos de deuda a largo plazo',NULL,NULL,1);
INSERT INTO `llx_accounting_account` VALUES (4157,1,NULL,'2016-08-10 17:40:35','PCG08-PYME','ACTIVO','XXXXXX',252,4154,'Créditos a largo plazo',NULL,NULL,1);
INSERT INTO `llx_accounting_account` VALUES (4158,1,NULL,'2016-08-10 17:40:35','PCG08-PYME','ACTIVO','XXXXXX',253,4154,'Créditos a largo plazo por enajenación de inmovilizado',NULL,NULL,1);
INSERT INTO `llx_accounting_account` VALUES (4159,1,NULL,'2016-08-10 17:40:35','PCG08-PYME','ACTIVO','XXXXXX',254,4154,'Créditos a largo plazo al personal',NULL,NULL,1);
INSERT INTO `llx_accounting_account` VALUES (4160,1,NULL,'2016-08-10 17:40:35','PCG08-PYME','ACTIVO','XXXXXX',255,4154,'Activos por derivados financieros a largo plazo',NULL,NULL,1);
INSERT INTO `llx_accounting_account` VALUES (4161,1,NULL,'2016-08-10 17:40:35','PCG08-PYME','ACTIVO','XXXXXX',258,4154,'Imposiciones a largo plazo',NULL,NULL,1);
INSERT INTO `llx_accounting_account` VALUES (4162,1,NULL,'2016-08-10 17:40:35','PCG08-PYME','ACTIVO','XXXXXX',259,4154,'Desembolsos pendientes sobre participaciones en el patrimonio neto a largo plazo',NULL,NULL,1);
INSERT INTO `llx_accounting_account` VALUES (4163,1,NULL,'2016-08-10 17:40:35','PCG08-PYME','ACTIVO','XXXXXX',26,4002,'Fianzas y depósitos constituidos a largo plazo',NULL,NULL,1);
INSERT INTO `llx_accounting_account` VALUES (4164,1,NULL,'2016-08-10 17:40:35','PCG08-PYME','ACTIVO','XXXXXX',260,4163,'Fianzas constituidas a largo plazo',NULL,NULL,1);
INSERT INTO `llx_accounting_account` VALUES (4165,1,NULL,'2016-08-10 17:40:35','PCG08-PYME','ACTIVO','XXXXXX',261,4163,'Depósitos constituidos a largo plazo',NULL,NULL,1);
INSERT INTO `llx_accounting_account` VALUES (4166,1,NULL,'2016-08-10 17:40:35','PCG08-PYME','ACTIVO','XXXXXX',28,4002,'Amortización acumulada del inmovilizado',NULL,NULL,1);
INSERT INTO `llx_accounting_account` VALUES (4167,1,NULL,'2016-08-10 17:40:35','PCG08-PYME','ACTIVO','XXXXXX',280,4166,'Amortización acumulado del inmovilizado intangible',NULL,NULL,1);
INSERT INTO `llx_accounting_account` VALUES (4168,1,NULL,'2016-08-10 17:40:35','PCG08-PYME','ACTIVO','XXXXXX',2800,4167,'Amortización acumulada de investigación',NULL,NULL,1);
INSERT INTO `llx_accounting_account` VALUES (4169,1,NULL,'2016-08-10 17:40:35','PCG08-PYME','ACTIVO','XXXXXX',2801,4167,'Amortización acumulada de desarrollo',NULL,NULL,1);
INSERT INTO `llx_accounting_account` VALUES (4170,1,NULL,'2016-08-10 17:40:35','PCG08-PYME','ACTIVO','XXXXXX',2802,4167,'Amortización acumulada de concesiones administrativas',NULL,NULL,1);
INSERT INTO `llx_accounting_account` VALUES (4171,1,NULL,'2016-08-10 17:40:35','PCG08-PYME','ACTIVO','XXXXXX',2803,4167,'Amortización acumulada de propiedad industrial',NULL,NULL,1);
INSERT INTO `llx_accounting_account` VALUES (4172,1,NULL,'2016-08-10 17:40:35','PCG08-PYME','ACTIVO','XXXXXX',2805,4167,'Amortización acumulada de derechos de transpaso',NULL,NULL,1);
INSERT INTO `llx_accounting_account` VALUES (4173,1,NULL,'2016-08-10 17:40:35','PCG08-PYME','ACTIVO','XXXXXX',2806,4167,'Amortización acumulada de aplicaciones informáticas',NULL,NULL,1);
INSERT INTO `llx_accounting_account` VALUES (4174,1,NULL,'2016-08-10 17:40:35','PCG08-PYME','ACTIVO','XXXXXX',281,4166,'Amortización acumulado del inmovilizado material',NULL,NULL,1);
INSERT INTO `llx_accounting_account` VALUES (4175,1,NULL,'2016-08-10 17:40:35','PCG08-PYME','ACTIVO','XXXXXX',2811,4174,'Amortización acumulada de construcciones',NULL,NULL,1);
INSERT INTO `llx_accounting_account` VALUES (4176,1,NULL,'2016-08-10 17:40:35','PCG08-PYME','ACTIVO','XXXXXX',2812,4174,'Amortización acumulada de instalaciones técnicas',NULL,NULL,1);
INSERT INTO `llx_accounting_account` VALUES (4177,1,NULL,'2016-08-10 17:40:35','PCG08-PYME','ACTIVO','XXXXXX',2813,4174,'Amortización acumulada de maquinaria',NULL,NULL,1);
INSERT INTO `llx_accounting_account` VALUES (4178,1,NULL,'2016-08-10 17:40:35','PCG08-PYME','ACTIVO','XXXXXX',2814,4174,'Amortización acumulada de utillaje',NULL,NULL,1);
INSERT INTO `llx_accounting_account` VALUES (4179,1,NULL,'2016-08-10 17:40:35','PCG08-PYME','ACTIVO','XXXXXX',2815,4174,'Amortización acumulada de otras instalaciones',NULL,NULL,1);
INSERT INTO `llx_accounting_account` VALUES (4180,1,NULL,'2016-08-10 17:40:35','PCG08-PYME','ACTIVO','XXXXXX',2816,4174,'Amortización acumulada de mobiliario',NULL,NULL,1);
INSERT INTO `llx_accounting_account` VALUES (4181,1,NULL,'2016-08-10 17:40:35','PCG08-PYME','ACTIVO','XXXXXX',2817,4174,'Amortización acumulada de equipos para proceso de información',NULL,NULL,1);
INSERT INTO `llx_accounting_account` VALUES (4182,1,NULL,'2016-08-10 17:40:35','PCG08-PYME','ACTIVO','XXXXXX',2818,4174,'Amortización acumulada de elementos de transporte',NULL,NULL,1);
INSERT INTO `llx_accounting_account` VALUES (4183,1,NULL,'2016-08-10 17:40:35','PCG08-PYME','ACTIVO','XXXXXX',2819,4175,'Amortización acumulada de otro inmovilizado material',NULL,NULL,1);
INSERT INTO `llx_accounting_account` VALUES (4184,1,NULL,'2016-08-10 17:40:35','PCG08-PYME','ACTIVO','XXXXXX',282,4166,'Amortización acumulada de las inversiones inmobiliarias',NULL,NULL,1);
INSERT INTO `llx_accounting_account` VALUES (4185,1,NULL,'2016-08-10 17:40:35','PCG08-PYME','ACTIVO','XXXXXX',29,4002,'Deterioro de valor de activos no corrientes',NULL,NULL,1);
INSERT INTO `llx_accounting_account` VALUES (4186,1,NULL,'2016-08-10 17:40:35','PCG08-PYME','ACTIVO','XXXXXX',290,4185,'Deterioro de valor del inmovilizado intangible',NULL,NULL,1);
INSERT INTO `llx_accounting_account` VALUES (4187,1,NULL,'2016-08-10 17:40:35','PCG08-PYME','ACTIVO','XXXXXX',2900,4186,'Deterioro de valor de investigación',NULL,NULL,1);
INSERT INTO `llx_accounting_account` VALUES (4188,1,NULL,'2016-08-10 17:40:35','PCG08-PYME','ACTIVO','XXXXXX',2901,4186,'Deterioro de valor de desarrollo',NULL,NULL,1);
INSERT INTO `llx_accounting_account` VALUES (4189,1,NULL,'2016-08-10 17:40:35','PCG08-PYME','ACTIVO','XXXXXX',2902,4186,'Deterioro de valor de concesiones administrativas',NULL,NULL,1);
INSERT INTO `llx_accounting_account` VALUES (4190,1,NULL,'2016-08-10 17:40:35','PCG08-PYME','ACTIVO','XXXXXX',2903,4186,'Deterioro de valor de propiedad industrial',NULL,NULL,1);
INSERT INTO `llx_accounting_account` VALUES (4191,1,NULL,'2016-08-10 17:40:35','PCG08-PYME','ACTIVO','XXXXXX',2905,4186,'Deterioro de valor de derechos de transpaso',NULL,NULL,1);
INSERT INTO `llx_accounting_account` VALUES (4192,1,NULL,'2016-08-10 17:40:35','PCG08-PYME','ACTIVO','XXXXXX',2906,4186,'Deterioro de valor de aplicaciones informáticas',NULL,NULL,1);
INSERT INTO `llx_accounting_account` VALUES (4193,1,NULL,'2016-08-10 17:40:35','PCG08-PYME','ACTIVO','XXXXXX',291,4185,'Deterioro de valor del inmovilizado material',NULL,NULL,1);
INSERT INTO `llx_accounting_account` VALUES (4194,1,NULL,'2016-08-10 17:40:35','PCG08-PYME','ACTIVO','XXXXXX',2910,4193,'Deterioro de valor de terrenos y bienes naturales',NULL,NULL,1);
INSERT INTO `llx_accounting_account` VALUES (4195,1,NULL,'2016-08-10 17:40:35','PCG08-PYME','ACTIVO','XXXXXX',2911,4193,'Deterioro de valor de construcciones',NULL,NULL,1);
INSERT INTO `llx_accounting_account` VALUES (4196,1,NULL,'2016-08-10 17:40:35','PCG08-PYME','ACTIVO','XXXXXX',2912,4193,'Deterioro de valor de instalaciones técnicas',NULL,NULL,1);
INSERT INTO `llx_accounting_account` VALUES (4197,1,NULL,'2016-08-10 17:40:35','PCG08-PYME','ACTIVO','XXXXXX',2913,4193,'Deterioro de valor de maquinaria',NULL,NULL,1);
INSERT INTO `llx_accounting_account` VALUES (4198,1,NULL,'2016-08-10 17:40:35','PCG08-PYME','ACTIVO','XXXXXX',2914,4193,'Deterioro de valor de utillajes',NULL,NULL,1);
INSERT INTO `llx_accounting_account` VALUES (4199,1,NULL,'2016-08-10 17:40:35','PCG08-PYME','ACTIVO','XXXXXX',2915,4194,'Deterioro de valor de otras instalaciones',NULL,NULL,1);
INSERT INTO `llx_accounting_account` VALUES (4200,1,NULL,'2016-08-10 17:40:35','PCG08-PYME','ACTIVO','XXXXXX',2916,4194,'Deterioro de valor de mobiliario',NULL,NULL,1);
INSERT INTO `llx_accounting_account` VALUES (4201,1,NULL,'2016-08-10 17:40:35','PCG08-PYME','ACTIVO','XXXXXX',2917,4194,'Deterioro de valor de equipos para proceso de información',NULL,NULL,1);
INSERT INTO `llx_accounting_account` VALUES (4202,1,NULL,'2016-08-10 17:40:35','PCG08-PYME','ACTIVO','XXXXXX',2918,4194,'Deterioro de valor de elementos de transporte',NULL,NULL,1);
INSERT INTO `llx_accounting_account` VALUES (4203,1,NULL,'2016-08-10 17:40:35','PCG08-PYME','ACTIVO','XXXXXX',2919,4194,'Deterioro de valor de otro inmovilizado material',NULL,NULL,1);
INSERT INTO `llx_accounting_account` VALUES (4204,1,NULL,'2016-08-10 17:40:35','PCG08-PYME','ACTIVO','XXXXXX',292,4185,'Deterioro de valor de las inversiones inmobiliarias',NULL,NULL,1);
INSERT INTO `llx_accounting_account` VALUES (4205,1,NULL,'2016-08-10 17:40:35','PCG08-PYME','ACTIVO','XXXXXX',2920,4204,'Deterioro de valor de terrenos y bienes naturales',NULL,NULL,1);
INSERT INTO `llx_accounting_account` VALUES (4206,1,NULL,'2016-08-10 17:40:35','PCG08-PYME','ACTIVO','XXXXXX',2921,4204,'Deterioro de valor de construcciones',NULL,NULL,1);
INSERT INTO `llx_accounting_account` VALUES (4207,1,NULL,'2016-08-10 17:40:35','PCG08-PYME','ACTIVO','XXXXXX',293,4185,'Deterioro de valor de participaciones a largo plazo en partes vinculadas',NULL,NULL,1);
INSERT INTO `llx_accounting_account` VALUES (4208,1,NULL,'2016-08-10 17:40:35','PCG08-PYME','ACTIVO','XXXXXX',2933,4207,'Deterioro de valor de participaciones a largo plazo en empresas del grupo',NULL,NULL,1);
INSERT INTO `llx_accounting_account` VALUES (4209,1,NULL,'2016-08-10 17:40:35','PCG08-PYME','ACTIVO','XXXXXX',2934,4207,'Deterioro de valor de sobre participaciones a largo plazo en empresas asociadas',NULL,NULL,1);
INSERT INTO `llx_accounting_account` VALUES (4210,1,NULL,'2016-08-10 17:40:35','PCG08-PYME','ACTIVO','XXXXXX',2935,4207,'Deterioro de valor de sobre participaciones a largo plazo en otras partes vinculadas',NULL,NULL,1);
INSERT INTO `llx_accounting_account` VALUES (4211,1,NULL,'2016-08-10 17:40:35','PCG08-PYME','ACTIVO','XXXXXX',294,4185,'Deterioro de valor de valores representativos de deuda a largo plazo en partes vinculadas',NULL,NULL,1);
INSERT INTO `llx_accounting_account` VALUES (4212,1,NULL,'2016-08-10 17:40:35','PCG08-PYME','ACTIVO','XXXXXX',2943,4211,'Deterioro de valor de valores representativos de deuda a largo plazo en empresas del grupo',NULL,NULL,1);
INSERT INTO `llx_accounting_account` VALUES (4213,1,NULL,'2016-08-10 17:40:35','PCG08-PYME','ACTIVO','XXXXXX',2944,4211,'Deterioro de valor de valores representativos de deuda a largo plazo en empresas asociadas',NULL,NULL,1);
INSERT INTO `llx_accounting_account` VALUES (4214,1,NULL,'2016-08-10 17:40:35','PCG08-PYME','ACTIVO','XXXXXX',2945,4211,'Deterioro de valor de valores representativos de deuda a largo plazo en otras partes vinculadas',NULL,NULL,1);
INSERT INTO `llx_accounting_account` VALUES (4215,1,NULL,'2016-08-10 17:40:35','PCG08-PYME','ACTIVO','XXXXXX',295,4185,'Deterioro de valor de créditos a largo plazo a partes vinculadas',NULL,NULL,1);
INSERT INTO `llx_accounting_account` VALUES (4216,1,NULL,'2016-08-10 17:40:35','PCG08-PYME','ACTIVO','XXXXXX',2953,4215,'Deterioro de valor de créditos a largo plazo a empresas del grupo',NULL,NULL,1);
INSERT INTO `llx_accounting_account` VALUES (4217,1,NULL,'2016-08-10 17:40:35','PCG08-PYME','ACTIVO','XXXXXX',2954,4215,'Deterioro de valor de créditos a largo plazo a empresas asociadas',NULL,NULL,1);
INSERT INTO `llx_accounting_account` VALUES (4218,1,NULL,'2016-08-10 17:40:35','PCG08-PYME','ACTIVO','XXXXXX',2955,4215,'Deterioro de valor de créditos a largo plazo a otras partes vinculadas',NULL,NULL,1);
INSERT INTO `llx_accounting_account` VALUES (4219,1,NULL,'2016-08-10 17:40:35','PCG08-PYME','ACTIVO','XXXXXX',296,4185,'Deterioro de valor de participaciones en el patrimonio netoa largo plazo',NULL,NULL,1);
INSERT INTO `llx_accounting_account` VALUES (4220,1,NULL,'2016-08-10 17:40:35','PCG08-PYME','ACTIVO','XXXXXX',297,4185,'Deterioro de valor de valores representativos de deuda a largo plazo',NULL,NULL,1);
INSERT INTO `llx_accounting_account` VALUES (4221,1,NULL,'2016-08-10 17:40:35','PCG08-PYME','ACTIVO','XXXXXX',298,4185,'Deterioro de valor de créditos a largo plazo',NULL,NULL,1);
INSERT INTO `llx_accounting_account` VALUES (4222,1,NULL,'2016-08-10 17:40:35','PCG08-PYME','EXISTENCIAS','XXXXXX',30,4003,'Comerciales',NULL,NULL,1);
INSERT INTO `llx_accounting_account` VALUES (4223,1,NULL,'2016-08-10 17:40:35','PCG08-PYME','EXISTENCIAS','XXXXXX',300,4222,'Mercaderías A',NULL,NULL,1);
INSERT INTO `llx_accounting_account` VALUES (4224,1,NULL,'2016-08-10 17:40:35','PCG08-PYME','EXISTENCIAS','XXXXXX',301,4222,'Mercaderías B',NULL,NULL,1);
INSERT INTO `llx_accounting_account` VALUES (4225,1,NULL,'2016-08-10 17:40:35','PCG08-PYME','EXISTENCIAS','XXXXXX',31,4003,'Materias primas',NULL,NULL,1);
INSERT INTO `llx_accounting_account` VALUES (4226,1,NULL,'2016-08-10 17:40:35','PCG08-PYME','EXISTENCIAS','XXXXXX',310,4225,'Materias primas A',NULL,NULL,1);
INSERT INTO `llx_accounting_account` VALUES (4227,1,NULL,'2016-08-10 17:40:35','PCG08-PYME','EXISTENCIAS','XXXXXX',311,4225,'Materias primas B',NULL,NULL,1);
INSERT INTO `llx_accounting_account` VALUES (4228,1,NULL,'2016-08-10 17:40:35','PCG08-PYME','EXISTENCIAS','XXXXXX',32,4003,'Otros aprovisionamientos',NULL,NULL,1);
INSERT INTO `llx_accounting_account` VALUES (4229,1,NULL,'2016-08-10 17:40:35','PCG08-PYME','EXISTENCIAS','XXXXXX',320,4228,'Elementos y conjuntos incorporables',NULL,NULL,1);
INSERT INTO `llx_accounting_account` VALUES (4230,1,NULL,'2016-08-10 17:40:35','PCG08-PYME','EXISTENCIAS','XXXXXX',321,4228,'Combustibles',NULL,NULL,1);
INSERT INTO `llx_accounting_account` VALUES (4231,1,NULL,'2016-08-10 17:40:35','PCG08-PYME','EXISTENCIAS','XXXXXX',322,4228,'Repuestos',NULL,NULL,1);
INSERT INTO `llx_accounting_account` VALUES (4232,1,NULL,'2016-08-10 17:40:35','PCG08-PYME','EXISTENCIAS','XXXXXX',325,4228,'Materiales diversos',NULL,NULL,1);
INSERT INTO `llx_accounting_account` VALUES (4233,1,NULL,'2016-08-10 17:40:35','PCG08-PYME','EXISTENCIAS','XXXXXX',326,4228,'Embalajes',NULL,NULL,1);
INSERT INTO `llx_accounting_account` VALUES (4234,1,NULL,'2016-08-10 17:40:35','PCG08-PYME','EXISTENCIAS','XXXXXX',327,4228,'Envases',NULL,NULL,1);
INSERT INTO `llx_accounting_account` VALUES (4235,1,NULL,'2016-08-10 17:40:35','PCG08-PYME','EXISTENCIAS','XXXXXX',328,4229,'Material de oficina',NULL,NULL,1);
INSERT INTO `llx_accounting_account` VALUES (4236,1,NULL,'2016-08-10 17:40:35','PCG08-PYME','EXISTENCIAS','XXXXXX',33,4003,'Productos en curso',NULL,NULL,1);
INSERT INTO `llx_accounting_account` VALUES (4237,1,NULL,'2016-08-10 17:40:35','PCG08-PYME','EXISTENCIAS','XXXXXX',330,4236,'Productos en curos A',NULL,NULL,1);
INSERT INTO `llx_accounting_account` VALUES (4238,1,NULL,'2016-08-10 17:40:35','PCG08-PYME','EXISTENCIAS','XXXXXX',331,4236,'Productos en curso B',NULL,NULL,1);
INSERT INTO `llx_accounting_account` VALUES (4239,1,NULL,'2016-08-10 17:40:35','PCG08-PYME','EXISTENCIAS','XXXXXX',34,4003,'Productos semiterminados',NULL,NULL,1);
INSERT INTO `llx_accounting_account` VALUES (4240,1,NULL,'2016-08-10 17:40:35','PCG08-PYME','EXISTENCIAS','XXXXXX',340,4239,'Productos semiterminados A',NULL,NULL,1);
INSERT INTO `llx_accounting_account` VALUES (4241,1,NULL,'2016-08-10 17:40:35','PCG08-PYME','EXISTENCIAS','XXXXXX',341,4239,'Productos semiterminados B',NULL,NULL,1);
INSERT INTO `llx_accounting_account` VALUES (4242,1,NULL,'2016-08-10 17:40:35','PCG08-PYME','EXISTENCIAS','XXXXXX',35,4003,'Productos terminados',NULL,NULL,1);
INSERT INTO `llx_accounting_account` VALUES (4243,1,NULL,'2016-08-10 17:40:35','PCG08-PYME','EXISTENCIAS','XXXXXX',350,4242,'Productos terminados A',NULL,NULL,1);
INSERT INTO `llx_accounting_account` VALUES (4244,1,NULL,'2016-08-10 17:40:35','PCG08-PYME','EXISTENCIAS','XXXXXX',351,4242,'Productos terminados B',NULL,NULL,1);
INSERT INTO `llx_accounting_account` VALUES (4245,1,NULL,'2016-08-10 17:40:35','PCG08-PYME','EXISTENCIAS','XXXXXX',36,4003,'Subproductos, residuos y materiales recuperados',NULL,NULL,1);
INSERT INTO `llx_accounting_account` VALUES (4246,1,NULL,'2016-08-10 17:40:35','PCG08-PYME','EXISTENCIAS','XXXXXX',360,4245,'Subproductos A',NULL,NULL,1);
INSERT INTO `llx_accounting_account` VALUES (4247,1,NULL,'2016-08-10 17:40:35','PCG08-PYME','EXISTENCIAS','XXXXXX',361,4245,'Subproductos B',NULL,NULL,1);
INSERT INTO `llx_accounting_account` VALUES (4248,1,NULL,'2016-08-10 17:40:35','PCG08-PYME','EXISTENCIAS','XXXXXX',365,4245,'Residuos A',NULL,NULL,1);
INSERT INTO `llx_accounting_account` VALUES (4249,1,NULL,'2016-08-10 17:40:35','PCG08-PYME','EXISTENCIAS','XXXXXX',366,4245,'Residuos B',NULL,NULL,1);
INSERT INTO `llx_accounting_account` VALUES (4250,1,NULL,'2016-08-10 17:40:35','PCG08-PYME','EXISTENCIAS','XXXXXX',368,4245,'Materiales recuperados A',NULL,NULL,1);
INSERT INTO `llx_accounting_account` VALUES (4251,1,NULL,'2016-08-10 17:40:35','PCG08-PYME','EXISTENCIAS','XXXXXX',369,4245,'Materiales recuperados B',NULL,NULL,1);
INSERT INTO `llx_accounting_account` VALUES (4252,1,NULL,'2016-08-10 17:40:35','PCG08-PYME','EXISTENCIAS','XXXXXX',39,4003,'Deterioro de valor de las existencias',NULL,NULL,1);
INSERT INTO `llx_accounting_account` VALUES (4253,1,NULL,'2016-08-10 17:40:35','PCG08-PYME','EXISTENCIAS','XXXXXX',390,4252,'Deterioro de valor de las mercaderías',NULL,NULL,1);
INSERT INTO `llx_accounting_account` VALUES (4254,1,NULL,'2016-08-10 17:40:35','PCG08-PYME','EXISTENCIAS','XXXXXX',391,4252,'Deterioro de valor de las materias primas',NULL,NULL,1);
INSERT INTO `llx_accounting_account` VALUES (4255,1,NULL,'2016-08-10 17:40:35','PCG08-PYME','EXISTENCIAS','XXXXXX',392,4252,'Deterioro de valor de otros aprovisionamientos',NULL,NULL,1);
INSERT INTO `llx_accounting_account` VALUES (4256,1,NULL,'2016-08-10 17:40:35','PCG08-PYME','EXISTENCIAS','XXXXXX',393,4252,'Deterioro de valor de los productos en curso',NULL,NULL,1);
INSERT INTO `llx_accounting_account` VALUES (4257,1,NULL,'2016-08-10 17:40:35','PCG08-PYME','EXISTENCIAS','XXXXXX',394,4252,'Deterioro de valor de los productos semiterminados',NULL,NULL,1);
INSERT INTO `llx_accounting_account` VALUES (4258,1,NULL,'2016-08-10 17:40:35','PCG08-PYME','EXISTENCIAS','XXXXXX',395,4252,'Deterioro de valor de los productos terminados',NULL,NULL,1);
INSERT INTO `llx_accounting_account` VALUES (4259,1,NULL,'2016-08-10 17:40:35','PCG08-PYME','EXISTENCIAS','XXXXXX',396,4252,'Deterioro de valor de los subproductos, residuos y materiales recuperados',NULL,NULL,1);
INSERT INTO `llx_accounting_account` VALUES (4260,1,NULL,'2016-08-10 17:40:35','PCG08-PYME','ACREEDORES_DEUDORES','PROVEEDORES',40,4004,'Proveedores',NULL,NULL,1);
INSERT INTO `llx_accounting_account` VALUES (4261,1,NULL,'2016-08-10 17:40:35','PCG08-PYME','ACREEDORES_DEUDORES','PROVEEDORES',400,4260,'Proveedores',NULL,NULL,1);
INSERT INTO `llx_accounting_account` VALUES (4262,1,NULL,'2016-08-10 17:40:35','PCG08-PYME','ACREEDORES_DEUDORES','XXXXXX',4000,4261,'Proveedores euros',NULL,NULL,1);
INSERT INTO `llx_accounting_account` VALUES (4263,1,NULL,'2016-08-10 17:40:35','PCG08-PYME','ACREEDORES_DEUDORES','XXXXXX',4004,4261,'Proveedores moneda extranjera',NULL,NULL,1);
INSERT INTO `llx_accounting_account` VALUES (4264,1,NULL,'2016-08-10 17:40:35','PCG08-PYME','ACREEDORES_DEUDORES','XXXXXX',4009,4261,'Proveedores facturas pendientes de recibir o formalizar',NULL,NULL,1);
INSERT INTO `llx_accounting_account` VALUES (4265,1,NULL,'2016-08-10 17:40:35','PCG08-PYME','ACREEDORES_DEUDORES','XXXXXX',401,4260,'Proveedores efectos comerciales a pagar',NULL,NULL,1);
INSERT INTO `llx_accounting_account` VALUES (4266,1,NULL,'2016-08-10 17:40:35','PCG08-PYME','ACREEDORES_DEUDORES','XXXXXX',403,4260,'Proveedores empresas del grupo',NULL,NULL,1);
INSERT INTO `llx_accounting_account` VALUES (4267,1,NULL,'2016-08-10 17:40:35','PCG08-PYME','ACREEDORES_DEUDORES','XXXXXX',4030,4266,'Proveedores empresas del grupo euros',NULL,NULL,1);
INSERT INTO `llx_accounting_account` VALUES (4268,1,NULL,'2016-08-10 17:40:35','PCG08-PYME','ACREEDORES_DEUDORES','XXXXXX',4031,4266,'Efectos comerciales a pagar empresas del grupo',NULL,NULL,1);
INSERT INTO `llx_accounting_account` VALUES (4269,1,NULL,'2016-08-10 17:40:35','PCG08-PYME','ACREEDORES_DEUDORES','XXXXXX',4034,4266,'Proveedores empresas del grupo moneda extranjera',NULL,NULL,1);
INSERT INTO `llx_accounting_account` VALUES (4270,1,NULL,'2016-08-10 17:40:35','PCG08-PYME','ACREEDORES_DEUDORES','XXXXXX',4036,4266,'Envases y embalajes a devolver a proveedores empresas del grupo',NULL,NULL,1);
INSERT INTO `llx_accounting_account` VALUES (4271,1,NULL,'2016-08-10 17:40:35','PCG08-PYME','ACREEDORES_DEUDORES','XXXXXX',4039,4266,'Proveedores empresas del grupo facturas pendientes de recibir o de formalizar',NULL,NULL,1);
INSERT INTO `llx_accounting_account` VALUES (4272,1,NULL,'2016-08-10 17:40:35','PCG08-PYME','ACREEDORES_DEUDORES','XXXXXX',404,4260,'Proveedores empresas asociadas',NULL,NULL,1);
INSERT INTO `llx_accounting_account` VALUES (4273,1,NULL,'2016-08-10 17:40:35','PCG08-PYME','ACREEDORES_DEUDORES','XXXXXX',405,4260,'Proveedores otras partes vinculadas',NULL,NULL,1);
INSERT INTO `llx_accounting_account` VALUES (4274,1,NULL,'2016-08-10 17:40:35','PCG08-PYME','ACREEDORES_DEUDORES','XXXXXX',406,4260,'Envases y embalajes a devolver a proveedores',NULL,NULL,1);
INSERT INTO `llx_accounting_account` VALUES (4275,1,NULL,'2016-08-10 17:40:35','PCG08-PYME','ACREEDORES_DEUDORES','XXXXXX',407,4260,'Anticipos a proveedores',NULL,NULL,1);
INSERT INTO `llx_accounting_account` VALUES (4276,1,NULL,'2016-08-10 17:40:35','PCG08-PYME','ACREEDORES_DEUDORES','XXXXXX',41,4004,'Acreedores varios',NULL,NULL,1);
INSERT INTO `llx_accounting_account` VALUES (4277,1,NULL,'2016-08-10 17:40:35','PCG08-PYME','ACREEDORES_DEUDORES','XXXXXX',410,4276,'Acreedores por prestaciones de servicios',NULL,NULL,1);
INSERT INTO `llx_accounting_account` VALUES (4278,1,NULL,'2016-08-10 17:40:35','PCG08-PYME','ACREEDORES_DEUDORES','XXXXXX',4100,4277,'Acreedores por prestaciones de servicios euros',NULL,NULL,1);
INSERT INTO `llx_accounting_account` VALUES (4279,1,NULL,'2016-08-10 17:40:35','PCG08-PYME','ACREEDORES_DEUDORES','XXXXXX',4104,4277,'Acreedores por prestaciones de servicios moneda extranjera',NULL,NULL,1);
INSERT INTO `llx_accounting_account` VALUES (4280,1,NULL,'2016-08-10 17:40:35','PCG08-PYME','ACREEDORES_DEUDORES','XXXXXX',4109,4277,'Acreedores por prestaciones de servicios facturas pendientes de recibir o formalizar',NULL,NULL,1);
INSERT INTO `llx_accounting_account` VALUES (4281,1,NULL,'2016-08-10 17:40:35','PCG08-PYME','ACREEDORES_DEUDORES','XXXXXX',411,4276,'Acreedores efectos comerciales a pagar',NULL,NULL,1);
INSERT INTO `llx_accounting_account` VALUES (4282,1,NULL,'2016-08-10 17:40:35','PCG08-PYME','ACREEDORES_DEUDORES','XXXXXX',419,4276,'Acreedores por operaciones en común',NULL,NULL,1);
INSERT INTO `llx_accounting_account` VALUES (4283,1,NULL,'2016-08-10 17:40:35','PCG08-PYME','ACREEDORES_DEUDORES','CLIENTES',43,4004,'Clientes',NULL,NULL,1);
INSERT INTO `llx_accounting_account` VALUES (4284,1,NULL,'2016-08-10 17:40:35','PCG08-PYME','ACREEDORES_DEUDORES','CLIENTES',430,4283,'Clientes',NULL,NULL,1);
INSERT INTO `llx_accounting_account` VALUES (4285,1,NULL,'2016-08-10 17:40:35','PCG08-PYME','ACREEDORES_DEUDORES','XXXXXX',4300,4284,'Clientes euros',NULL,NULL,1);
INSERT INTO `llx_accounting_account` VALUES (4286,1,NULL,'2016-08-10 17:40:35','PCG08-PYME','ACREEDORES_DEUDORES','XXXXXX',4304,4284,'Clientes moneda extranjera',NULL,NULL,1);
INSERT INTO `llx_accounting_account` VALUES (4287,1,NULL,'2016-08-10 17:40:35','PCG08-PYME','ACREEDORES_DEUDORES','XXXXXX',4309,4284,'Clientes facturas pendientes de formalizar',NULL,NULL,1);
INSERT INTO `llx_accounting_account` VALUES (4288,1,NULL,'2016-08-10 17:40:35','PCG08-PYME','ACREEDORES_DEUDORES','XXXXXX',431,4283,'Clientes efectos comerciales a cobrar',NULL,NULL,1);
INSERT INTO `llx_accounting_account` VALUES (4289,1,NULL,'2016-08-10 17:40:35','PCG08-PYME','ACREEDORES_DEUDORES','XXXXXX',4310,4288,'Efectos comerciales en cartera',NULL,NULL,1);
INSERT INTO `llx_accounting_account` VALUES (4290,1,NULL,'2016-08-10 17:40:35','PCG08-PYME','ACREEDORES_DEUDORES','XXXXXX',4311,4288,'Efectos comerciales descontados',NULL,NULL,1);
INSERT INTO `llx_accounting_account` VALUES (4291,1,NULL,'2016-08-10 17:40:35','PCG08-PYME','ACREEDORES_DEUDORES','XXXXXX',4312,4288,'Efectos comerciales en gestión de cobro',NULL,NULL,1);
INSERT INTO `llx_accounting_account` VALUES (4292,1,NULL,'2016-08-10 17:40:35','PCG08-PYME','ACREEDORES_DEUDORES','XXXXXX',4315,4288,'Efectos comerciales impagados',NULL,NULL,1);
INSERT INTO `llx_accounting_account` VALUES (4293,1,NULL,'2016-08-10 17:40:35','PCG08-PYME','ACREEDORES_DEUDORES','XXXXXX',432,4283,'Clientes operaciones de factoring',NULL,NULL,1);
INSERT INTO `llx_accounting_account` VALUES (4294,1,NULL,'2016-08-10 17:40:35','PCG08-PYME','ACREEDORES_DEUDORES','XXXXXX',433,4283,'Clientes empresas del grupo',NULL,NULL,1);
INSERT INTO `llx_accounting_account` VALUES (4295,1,NULL,'2016-08-10 17:40:35','PCG08-PYME','ACREEDORES_DEUDORES','XXXXXX',4330,4294,'Clientes empresas del grupo euros',NULL,NULL,1);
INSERT INTO `llx_accounting_account` VALUES (4296,1,NULL,'2016-08-10 17:40:35','PCG08-PYME','ACREEDORES_DEUDORES','XXXXXX',4331,4294,'Efectos comerciales a cobrar empresas del grupo',NULL,NULL,1);
INSERT INTO `llx_accounting_account` VALUES (4297,1,NULL,'2016-08-10 17:40:35','PCG08-PYME','ACREEDORES_DEUDORES','XXXXXX',4332,4294,'Clientes empresas del grupo operaciones de factoring',NULL,NULL,1);
INSERT INTO `llx_accounting_account` VALUES (4298,1,NULL,'2016-08-10 17:40:35','PCG08-PYME','ACREEDORES_DEUDORES','XXXXXX',4334,4294,'Clientes empresas del grupo moneda extranjera',NULL,NULL,1);
INSERT INTO `llx_accounting_account` VALUES (4299,1,NULL,'2016-08-10 17:40:35','PCG08-PYME','ACREEDORES_DEUDORES','XXXXXX',4336,4294,'Clientes empresas del grupo dudoso cobro',NULL,NULL,1);
INSERT INTO `llx_accounting_account` VALUES (4300,1,NULL,'2016-08-10 17:40:35','PCG08-PYME','ACREEDORES_DEUDORES','XXXXXX',4337,4294,'Envases y embalajes a devolver a clientes empresas del grupo',NULL,NULL,1);
INSERT INTO `llx_accounting_account` VALUES (4301,1,NULL,'2016-08-10 17:40:35','PCG08-PYME','ACREEDORES_DEUDORES','XXXXXX',4339,4294,'Clientes empresas del grupo facturas pendientes de formalizar',NULL,NULL,1);
INSERT INTO `llx_accounting_account` VALUES (4302,1,NULL,'2016-08-10 17:40:35','PCG08-PYME','ACREEDORES_DEUDORES','XXXXXX',434,4283,'Clientes empresas asociadas',NULL,NULL,1);
INSERT INTO `llx_accounting_account` VALUES (4303,1,NULL,'2016-08-10 17:40:35','PCG08-PYME','ACREEDORES_DEUDORES','XXXXXX',435,4283,'Clientes otras partes vinculadas',NULL,NULL,1);
INSERT INTO `llx_accounting_account` VALUES (4304,1,NULL,'2016-08-10 17:40:35','PCG08-PYME','ACREEDORES_DEUDORES','XXXXXX',436,4283,'Clientes de dudoso cobro',NULL,NULL,1);
INSERT INTO `llx_accounting_account` VALUES (4305,1,NULL,'2016-08-10 17:40:35','PCG08-PYME','ACREEDORES_DEUDORES','XXXXXX',437,4283,'Envases y embalajes a devolver por clientes',NULL,NULL,1);
INSERT INTO `llx_accounting_account` VALUES (4306,1,NULL,'2016-08-10 17:40:35','PCG08-PYME','ACREEDORES_DEUDORES','XXXXXX',438,4283,'Anticipos de clientes',NULL,NULL,1);
INSERT INTO `llx_accounting_account` VALUES (4307,1,NULL,'2016-08-10 17:40:35','PCG08-PYME','ACREEDORES_DEUDORES','XXXXXX',44,4004,'Deudores varios',NULL,NULL,1);
INSERT INTO `llx_accounting_account` VALUES (4308,1,NULL,'2016-08-10 17:40:35','PCG08-PYME','ACREEDORES_DEUDORES','XXXXXX',440,4307,'Deudores',NULL,NULL,1);
INSERT INTO `llx_accounting_account` VALUES (4309,1,NULL,'2016-08-10 17:40:35','PCG08-PYME','ACREEDORES_DEUDORES','XXXXXX',4400,4308,'Deudores euros',NULL,NULL,1);
INSERT INTO `llx_accounting_account` VALUES (4310,1,NULL,'2016-08-10 17:40:35','PCG08-PYME','ACREEDORES_DEUDORES','XXXXXX',4404,4308,'Deudores moneda extranjera',NULL,NULL,1);
INSERT INTO `llx_accounting_account` VALUES (4311,1,NULL,'2016-08-10 17:40:35','PCG08-PYME','ACREEDORES_DEUDORES','XXXXXX',4409,4308,'Deudores facturas pendientes de formalizar',NULL,NULL,1);
INSERT INTO `llx_accounting_account` VALUES (4312,1,NULL,'2016-08-10 17:40:35','PCG08-PYME','ACREEDORES_DEUDORES','XXXXXX',441,4307,'Deudores efectos comerciales a cobrar',NULL,NULL,1);
INSERT INTO `llx_accounting_account` VALUES (4313,1,NULL,'2016-08-10 17:40:35','PCG08-PYME','ACREEDORES_DEUDORES','XXXXXX',4410,4312,'Deudores efectos comerciales en cartera',NULL,NULL,1);
INSERT INTO `llx_accounting_account` VALUES (4314,1,NULL,'2016-08-10 17:40:35','PCG08-PYME','ACREEDORES_DEUDORES','XXXXXX',4411,4312,'Deudores efectos comerciales descontados',NULL,NULL,1);
INSERT INTO `llx_accounting_account` VALUES (4315,1,NULL,'2016-08-10 17:40:35','PCG08-PYME','ACREEDORES_DEUDORES','XXXXXX',4412,4312,'Deudores efectos comerciales en gestión de cobro',NULL,NULL,1);
INSERT INTO `llx_accounting_account` VALUES (4316,1,NULL,'2016-08-10 17:40:35','PCG08-PYME','ACREEDORES_DEUDORES','XXXXXX',4415,4312,'Deudores efectos comerciales impagados',NULL,NULL,1);
INSERT INTO `llx_accounting_account` VALUES (4317,1,NULL,'2016-08-10 17:40:35','PCG08-PYME','ACREEDORES_DEUDORES','XXXXXX',446,4307,'Deudores de dusoso cobro',NULL,NULL,1);
INSERT INTO `llx_accounting_account` VALUES (4318,1,NULL,'2016-08-10 17:40:35','PCG08-PYME','ACREEDORES_DEUDORES','XXXXXX',449,4307,'Deudores por operaciones en común',NULL,NULL,1);
INSERT INTO `llx_accounting_account` VALUES (4319,1,NULL,'2016-08-10 17:40:35','PCG08-PYME','ACREEDORES_DEUDORES','XXXXXX',46,4004,'Personal',NULL,NULL,1);
INSERT INTO `llx_accounting_account` VALUES (4320,1,NULL,'2016-08-10 17:40:35','PCG08-PYME','ACREEDORES_DEUDORES','XXXXXX',460,4319,'Anticipos de renumeraciones',NULL,NULL,1);
INSERT INTO `llx_accounting_account` VALUES (4321,1,NULL,'2016-08-10 17:40:35','PCG08-PYME','ACREEDORES_DEUDORES','XXXXXX',465,4319,'Renumeraciones pendientes de pago',NULL,NULL,1);
INSERT INTO `llx_accounting_account` VALUES (4322,1,NULL,'2016-08-10 17:40:35','PCG08-PYME','ACREEDORES_DEUDORES','XXXXXX',47,4004,'Administraciones Públicas',NULL,NULL,1);
INSERT INTO `llx_accounting_account` VALUES (4323,1,NULL,'2016-08-10 17:40:35','PCG08-PYME','ACREEDORES_DEUDORES','XXXXXX',470,4322,'Hacienda Pública deudora por diversos conceptos',NULL,NULL,1);
INSERT INTO `llx_accounting_account` VALUES (4324,1,NULL,'2016-08-10 17:40:35','PCG08-PYME','ACREEDORES_DEUDORES','XXXXXX',4700,4323,'Hacienda Pública deudora por IVA',NULL,NULL,1);
INSERT INTO `llx_accounting_account` VALUES (4325,1,NULL,'2016-08-10 17:40:35','PCG08-PYME','ACREEDORES_DEUDORES','XXXXXX',4708,4323,'Hacienda Pública deudora por subvenciones concedidas',NULL,NULL,1);
INSERT INTO `llx_accounting_account` VALUES (4326,1,NULL,'2016-08-10 17:40:35','PCG08-PYME','ACREEDORES_DEUDORES','XXXXXX',4709,4323,'Hacienda Pública deudora por devolución de impuestos',NULL,NULL,1);
INSERT INTO `llx_accounting_account` VALUES (4327,1,NULL,'2016-08-10 17:40:35','PCG08-PYME','ACREEDORES_DEUDORES','XXXXXX',471,4322,'Organismos de la Seguridad Social deudores',NULL,NULL,1);
INSERT INTO `llx_accounting_account` VALUES (4328,1,NULL,'2016-08-10 17:40:35','PCG08-PYME','ACREEDORES_DEUDORES','XXXXXX',472,4322,'Hacienda Pública IVA soportado',NULL,NULL,1);
INSERT INTO `llx_accounting_account` VALUES (4329,1,NULL,'2016-08-10 17:40:35','PCG08-PYME','ACREEDORES_DEUDORES','XXXXXX',473,4322,'Hacienda Pública retenciones y pagos a cuenta',NULL,NULL,1);
INSERT INTO `llx_accounting_account` VALUES (4330,1,NULL,'2016-08-10 17:40:35','PCG08-PYME','ACREEDORES_DEUDORES','XXXXXX',474,4322,'Activos por impuesto diferido',NULL,NULL,1);
INSERT INTO `llx_accounting_account` VALUES (4331,1,NULL,'2016-08-10 17:40:35','PCG08-PYME','ACREEDORES_DEUDORES','XXXXXX',4740,4330,'Activos por diferencias temporarias deducibles',NULL,NULL,1);
INSERT INTO `llx_accounting_account` VALUES (4332,1,NULL,'2016-08-10 17:40:35','PCG08-PYME','ACREEDORES_DEUDORES','XXXXXX',4742,4330,'Derechos por deducciones y bonificaciones pendientes de aplicar',NULL,NULL,1);
INSERT INTO `llx_accounting_account` VALUES (4333,1,NULL,'2016-08-10 17:40:35','PCG08-PYME','ACREEDORES_DEUDORES','XXXXXX',4745,4330,'Crédito por pérdidasa compensar del ejercicio',NULL,NULL,1);
INSERT INTO `llx_accounting_account` VALUES (4334,1,NULL,'2016-08-10 17:40:35','PCG08-PYME','ACREEDORES_DEUDORES','XXXXXX',475,4322,'Hacienda Pública acreedora por conceptos fiscales',NULL,NULL,1);
INSERT INTO `llx_accounting_account` VALUES (4335,1,NULL,'2016-08-10 17:40:35','PCG08-PYME','ACREEDORES_DEUDORES','XXXXXX',4750,4334,'Hacienda Pública acreedora por IVA',NULL,NULL,1);
INSERT INTO `llx_accounting_account` VALUES (4336,1,NULL,'2016-08-10 17:40:35','PCG08-PYME','ACREEDORES_DEUDORES','XXXXXX',4751,4334,'Hacienda Pública acreedora por retenciones practicadas',NULL,NULL,1);
INSERT INTO `llx_accounting_account` VALUES (4337,1,NULL,'2016-08-10 17:40:35','PCG08-PYME','ACREEDORES_DEUDORES','XXXXXX',4752,4334,'Hacienda Pública acreedora por impuesto sobre sociedades',NULL,NULL,1);
INSERT INTO `llx_accounting_account` VALUES (4338,1,NULL,'2016-08-10 17:40:35','PCG08-PYME','ACREEDORES_DEUDORES','XXXXXX',4758,4334,'Hacienda Pública acreedora por subvenciones a integrar',NULL,NULL,1);
INSERT INTO `llx_accounting_account` VALUES (4339,1,NULL,'2016-08-10 17:40:35','PCG08-PYME','ACREEDORES_DEUDORES','XXXXXX',476,4322,'Organismos de la Seguridad Social acreedores',NULL,NULL,1);
INSERT INTO `llx_accounting_account` VALUES (4340,1,NULL,'2016-08-10 17:40:35','PCG08-PYME','ACREEDORES_DEUDORES','XXXXXX',477,4322,'Hacienda Pública IVA repercutido',NULL,NULL,1);
INSERT INTO `llx_accounting_account` VALUES (4341,1,NULL,'2016-08-10 17:40:35','PCG08-PYME','ACREEDORES_DEUDORES','XXXXXX',479,4322,'Pasivos por diferencias temporarias imponibles',NULL,NULL,1);
INSERT INTO `llx_accounting_account` VALUES (4342,1,NULL,'2016-08-10 17:40:35','PCG08-PYME','ACREEDORES_DEUDORES','XXXXXX',48,4004,'Ajustes por periodificación',NULL,NULL,1);
INSERT INTO `llx_accounting_account` VALUES (4343,1,NULL,'2016-08-10 17:40:35','PCG08-PYME','ACREEDORES_DEUDORES','XXXXXX',480,4342,'Gastos anticipados',NULL,NULL,1);
INSERT INTO `llx_accounting_account` VALUES (4344,1,NULL,'2016-08-10 17:40:35','PCG08-PYME','ACREEDORES_DEUDORES','XXXXXX',485,4342,'Ingresos anticipados',NULL,NULL,1);
INSERT INTO `llx_accounting_account` VALUES (4345,1,NULL,'2016-08-10 17:40:35','PCG08-PYME','ACREEDORES_DEUDORES','XXXXXX',49,4004,'Deterioro de valor de créditos comerciales y provisiones a corto plazo',NULL,NULL,1);
INSERT INTO `llx_accounting_account` VALUES (4346,1,NULL,'2016-08-10 17:40:35','PCG08-PYME','ACREEDORES_DEUDORES','XXXXXX',490,4345,'Deterioro de valor de créditos por operaciones comerciales',NULL,NULL,1);
INSERT INTO `llx_accounting_account` VALUES (4347,1,NULL,'2016-08-10 17:40:35','PCG08-PYME','ACREEDORES_DEUDORES','XXXXXX',493,4345,'Deterioro de valor de créditos por operaciones comerciales con partes vinculadas',NULL,NULL,1);
INSERT INTO `llx_accounting_account` VALUES (4348,1,NULL,'2016-08-10 17:40:35','PCG08-PYME','ACREEDORES_DEUDORES','XXXXXX',4933,4347,'Deterioro de valor de créditos por operaciones comerciales con empresas del grupo',NULL,NULL,1);
INSERT INTO `llx_accounting_account` VALUES (4349,1,NULL,'2016-08-10 17:40:35','PCG08-PYME','ACREEDORES_DEUDORES','XXXXXX',4934,4347,'Deterioro de valor de créditos por operaciones comerciales con empresas asociadas',NULL,NULL,1);
INSERT INTO `llx_accounting_account` VALUES (4350,1,NULL,'2016-08-10 17:40:35','PCG08-PYME','ACREEDORES_DEUDORES','XXXXXX',4935,4347,'Deterioro de valor de créditos por operaciones comerciales con otras partes vinculadas',NULL,NULL,1);
INSERT INTO `llx_accounting_account` VALUES (4351,1,NULL,'2016-08-10 17:40:35','PCG08-PYME','ACREEDORES_DEUDORES','XXXXXX',499,4345,'Provisiones por operaciones comerciales',NULL,NULL,1);
INSERT INTO `llx_accounting_account` VALUES (4352,1,NULL,'2016-08-10 17:40:35','PCG08-PYME','ACREEDORES_DEUDORES','XXXXXX',4994,4351,'Provisión para contratos anerosos',NULL,NULL,1);
INSERT INTO `llx_accounting_account` VALUES (4353,1,NULL,'2016-08-10 17:40:35','PCG08-PYME','ACREEDORES_DEUDORES','XXXXXX',4999,4351,'Provisión para otras operaciones comerciales',NULL,NULL,1);
INSERT INTO `llx_accounting_account` VALUES (4354,1,NULL,'2016-08-10 17:40:35','PCG08-PYME','CUENTAS_FINANCIERAS','XXXXXX',50,4005,'Emprésitos deudas con características especiales y otras emisiones análogas a corto plazo',NULL,NULL,1);
INSERT INTO `llx_accounting_account` VALUES (4355,1,NULL,'2016-08-10 17:40:35','PCG08-PYME','CUENTAS_FINANCIERAS','XXXXXX',500,4354,'Obligaciones y bonos a corto plazo',NULL,NULL,1);
INSERT INTO `llx_accounting_account` VALUES (4356,1,NULL,'2016-08-10 17:40:35','PCG08-PYME','CUENTAS_FINANCIERAS','XXXXXX',502,4354,'Acciones o participaciones a corto plazo consideradas como pasivos financieros',NULL,NULL,1);
INSERT INTO `llx_accounting_account` VALUES (4357,1,NULL,'2016-08-10 17:40:35','PCG08-PYME','CUENTAS_FINANCIERAS','XXXXXX',505,4354,'Deudas representadas en otros valores negociables a corto plazo',NULL,NULL,1);
INSERT INTO `llx_accounting_account` VALUES (4358,1,NULL,'2016-08-10 17:40:35','PCG08-PYME','CUENTAS_FINANCIERAS','XXXXXX',506,4354,'Intereses a corto plazo de emprésitos y otras emisiones analógicas',NULL,NULL,1);
INSERT INTO `llx_accounting_account` VALUES (4359,1,NULL,'2016-08-10 17:40:35','PCG08-PYME','CUENTAS_FINANCIERAS','XXXXXX',507,4354,'Dividendos de acciones o participaciones consideradas como pasivos financieros',NULL,NULL,1);
INSERT INTO `llx_accounting_account` VALUES (4360,1,NULL,'2016-08-10 17:40:35','PCG08-PYME','CUENTAS_FINANCIERAS','XXXXXX',509,4354,'Valores negociables amortizados',NULL,NULL,1);
INSERT INTO `llx_accounting_account` VALUES (4361,1,NULL,'2016-08-10 17:40:35','PCG08-PYME','CUENTAS_FINANCIERAS','XXXXXX',5090,4360,'Obligaciones y bonos amortizados',NULL,NULL,1);
INSERT INTO `llx_accounting_account` VALUES (4362,1,NULL,'2016-08-10 17:40:35','PCG08-PYME','CUENTAS_FINANCIERAS','XXXXXX',5095,4360,'Otros valores negociables amortizados',NULL,NULL,1);
INSERT INTO `llx_accounting_account` VALUES (4363,1,NULL,'2016-08-10 17:40:35','PCG08-PYME','CUENTAS_FINANCIERAS','XXXXXX',51,4005,'Deudas a corto plazo con partes vinculadas',NULL,NULL,1);
INSERT INTO `llx_accounting_account` VALUES (4364,1,NULL,'2016-08-10 17:40:35','PCG08-PYME','CUENTAS_FINANCIERAS','XXXXXX',510,4363,'Deudas a corto plazo con entidades de crédito vinculadas',NULL,NULL,1);
INSERT INTO `llx_accounting_account` VALUES (4365,1,NULL,'2016-08-10 17:40:35','PCG08-PYME','CUENTAS_FINANCIERAS','XXXXXX',5103,4364,'Deudas a corto plazo con entidades de crédito empresas del grupo',NULL,NULL,1);
INSERT INTO `llx_accounting_account` VALUES (4366,1,NULL,'2016-08-10 17:40:35','PCG08-PYME','CUENTAS_FINANCIERAS','XXXXXX',5104,4364,'Deudas a corto plazo con entidades de crédito empresas asociadas',NULL,NULL,1);
INSERT INTO `llx_accounting_account` VALUES (4367,1,NULL,'2016-08-10 17:40:35','PCG08-PYME','CUENTAS_FINANCIERAS','XXXXXX',5105,4364,'Deudas a corto plazo con otras entidades de crédito vinculadas',NULL,NULL,1);
INSERT INTO `llx_accounting_account` VALUES (4368,1,NULL,'2016-08-10 17:40:35','PCG08-PYME','CUENTAS_FINANCIERAS','XXXXXX',511,4363,'Proveedores de inmovilizado a corto plazo partes vinculadas',NULL,NULL,1);
INSERT INTO `llx_accounting_account` VALUES (4369,1,NULL,'2016-08-10 17:40:35','PCG08-PYME','CUENTAS_FINANCIERAS','XXXXXX',5113,4368,'Proveedores de inmovilizado a corto plazo empresas del grupo',NULL,NULL,1);
INSERT INTO `llx_accounting_account` VALUES (4370,1,NULL,'2016-08-10 17:40:35','PCG08-PYME','CUENTAS_FINANCIERAS','XXXXXX',5114,4368,'Proveedores de inmovilizado a corto plazo empresas asociadas',NULL,NULL,1);
INSERT INTO `llx_accounting_account` VALUES (4371,1,NULL,'2016-08-10 17:40:35','PCG08-PYME','CUENTAS_FINANCIERAS','XXXXXX',5115,4368,'Proveedores de inmovilizado a corto plazo otras partes vinculadas',NULL,NULL,1);
INSERT INTO `llx_accounting_account` VALUES (4372,1,NULL,'2016-08-10 17:40:35','PCG08-PYME','CUENTAS_FINANCIERAS','XXXXXX',512,4363,'Acreedores por arrendamiento financiero a corto plazo partes vinculadas',NULL,NULL,1);
INSERT INTO `llx_accounting_account` VALUES (4373,1,NULL,'2016-08-10 17:40:35','PCG08-PYME','CUENTAS_FINANCIERAS','XXXXXX',5123,4372,'Acreedores por arrendamiento financiero a corto plazo empresas del grupo',NULL,NULL,1);
INSERT INTO `llx_accounting_account` VALUES (4374,1,NULL,'2016-08-10 17:40:35','PCG08-PYME','CUENTAS_FINANCIERAS','XXXXXX',5124,4372,'Acreedores por arrendamiento financiero a corto plazo empresas asociadas',NULL,NULL,1);
INSERT INTO `llx_accounting_account` VALUES (4375,1,NULL,'2016-08-10 17:40:35','PCG08-PYME','CUENTAS_FINANCIERAS','XXXXXX',5125,4372,'Acreedores por arrendamiento financiero a corto plazo otras partes vinculadas',NULL,NULL,1);
INSERT INTO `llx_accounting_account` VALUES (4376,1,NULL,'2016-08-10 17:40:35','PCG08-PYME','CUENTAS_FINANCIERAS','XXXXXX',513,4363,'Otras deudas a corto plazo con partes vinculadas',NULL,NULL,1);
INSERT INTO `llx_accounting_account` VALUES (4377,1,NULL,'2016-08-10 17:40:35','PCG08-PYME','CUENTAS_FINANCIERAS','XXXXXX',5133,4376,'Otras deudas a corto plazo con empresas del grupo',NULL,NULL,1);
INSERT INTO `llx_accounting_account` VALUES (4378,1,NULL,'2016-08-10 17:40:35','PCG08-PYME','CUENTAS_FINANCIERAS','XXXXXX',5134,4376,'Otras deudas a corto plazo con empresas asociadas',NULL,NULL,1);
INSERT INTO `llx_accounting_account` VALUES (4379,1,NULL,'2016-08-10 17:40:35','PCG08-PYME','CUENTAS_FINANCIERAS','XXXXXX',5135,4376,'Otras deudas a corto plazo con partes vinculadas',NULL,NULL,1);
INSERT INTO `llx_accounting_account` VALUES (4380,1,NULL,'2016-08-10 17:40:35','PCG08-PYME','CUENTAS_FINANCIERAS','XXXXXX',514,4363,'Intereses a corto plazo con partes vinculadas',NULL,NULL,1);
INSERT INTO `llx_accounting_account` VALUES (4381,1,NULL,'2016-08-10 17:40:35','PCG08-PYME','CUENTAS_FINANCIERAS','XXXXXX',5143,4380,'Intereses a corto plazo empresas del grupo',NULL,NULL,1);
INSERT INTO `llx_accounting_account` VALUES (4382,1,NULL,'2016-08-10 17:40:35','PCG08-PYME','CUENTAS_FINANCIERAS','XXXXXX',5144,4380,'Intereses a corto plazo empresas asociadas',NULL,NULL,1);
INSERT INTO `llx_accounting_account` VALUES (4383,1,NULL,'2016-08-10 17:40:35','PCG08-PYME','CUENTAS_FINANCIERAS','XXXXXX',5145,4380,'Intereses deudas a corto plazo partes vinculadas',NULL,NULL,1);
INSERT INTO `llx_accounting_account` VALUES (4384,1,NULL,'2016-08-10 17:40:35','PCG08-PYME','CUENTAS_FINANCIERAS','XXXXXX',52,4005,'Deudas a corto plazo por préstamos recibidos y otros conceptos',NULL,NULL,1);
INSERT INTO `llx_accounting_account` VALUES (4385,1,NULL,'2016-08-10 17:40:35','PCG08-PYME','CUENTAS_FINANCIERAS','XXXXXX',520,4384,'Deudas a corto plazo con entidades de crédito',NULL,NULL,1);
INSERT INTO `llx_accounting_account` VALUES (4386,1,NULL,'2016-08-10 17:40:35','PCG08-PYME','CUENTAS_FINANCIERAS','XXXXXX',5200,4385,'Préstamos a corto plazo de entidades de crédito',NULL,NULL,1);
INSERT INTO `llx_accounting_account` VALUES (4387,1,NULL,'2016-08-10 17:40:35','PCG08-PYME','CUENTAS_FINANCIERAS','XXXXXX',5201,4385,'Deudas a corto plazo por crédito dispuesto',NULL,NULL,1);
INSERT INTO `llx_accounting_account` VALUES (4388,1,NULL,'2016-08-10 17:40:35','PCG08-PYME','CUENTAS_FINANCIERAS','XXXXXX',5208,4385,'Deudas por efectos descontados',NULL,NULL,1);
INSERT INTO `llx_accounting_account` VALUES (4389,1,NULL,'2016-08-10 17:40:35','PCG08-PYME','CUENTAS_FINANCIERAS','XXXXXX',5209,4385,'Deudas por operaciones de factoring',NULL,NULL,1);
INSERT INTO `llx_accounting_account` VALUES (4390,1,NULL,'2016-08-10 17:40:35','PCG08-PYME','CUENTAS_FINANCIERAS','XXXXXX',521,4384,'Deudas a corto plazo',NULL,NULL,1);
INSERT INTO `llx_accounting_account` VALUES (4391,1,NULL,'2016-08-10 17:40:35','PCG08-PYME','CUENTAS_FINANCIERAS','XXXXXX',522,4384,'Deudas a corto plazo transformables en subvenciones donaciones y legados',NULL,NULL,1);
INSERT INTO `llx_accounting_account` VALUES (4392,1,NULL,'2016-08-10 17:40:35','PCG08-PYME','CUENTAS_FINANCIERAS','XXXXXX',523,4384,'Proveedores de inmovilizado a corto plazo',NULL,NULL,1);
INSERT INTO `llx_accounting_account` VALUES (4393,1,NULL,'2016-08-10 17:40:35','PCG08-PYME','CUENTAS_FINANCIERAS','XXXXXX',526,4384,'Dividendo activo a pagar',NULL,NULL,1);
INSERT INTO `llx_accounting_account` VALUES (4394,1,NULL,'2016-08-10 17:40:35','PCG08-PYME','CUENTAS_FINANCIERAS','XXXXXX',527,4384,'Intereses a corto plazo de deudas con entidades de crédito',NULL,NULL,1);
INSERT INTO `llx_accounting_account` VALUES (4395,1,NULL,'2016-08-10 17:40:35','PCG08-PYME','CUENTAS_FINANCIERAS','XXXXXX',528,4384,'Intereses a corto plazo de deudas',NULL,NULL,1);
INSERT INTO `llx_accounting_account` VALUES (4396,1,NULL,'2016-08-10 17:40:35','PCG08-PYME','CUENTAS_FINANCIERAS','XXXXXX',529,4384,'Provisiones a corto plazo',NULL,NULL,1);
INSERT INTO `llx_accounting_account` VALUES (4397,1,NULL,'2016-08-10 17:40:35','PCG08-PYME','CUENTAS_FINANCIERAS','XXXXXX',5291,4396,'Provisión a corto plazo para impuestos',NULL,NULL,1);
INSERT INTO `llx_accounting_account` VALUES (4398,1,NULL,'2016-08-10 17:40:35','PCG08-PYME','CUENTAS_FINANCIERAS','XXXXXX',5292,4396,'Provisión a corto plazo para otras responsabilidades',NULL,NULL,1);
INSERT INTO `llx_accounting_account` VALUES (4399,1,NULL,'2016-08-10 17:40:35','PCG08-PYME','CUENTAS_FINANCIERAS','XXXXXX',5293,4396,'Provisión a corto plazo por desmantelamiento retiro o rehabilitación del inmovilizado',NULL,NULL,1);
INSERT INTO `llx_accounting_account` VALUES (4400,1,NULL,'2016-08-10 17:40:35','PCG08-PYME','CUENTAS_FINANCIERAS','XXXXXX',5295,4396,'Provisión a corto plazo para actuaciones medioambientales',NULL,NULL,1);
INSERT INTO `llx_accounting_account` VALUES (4401,1,NULL,'2016-08-10 17:40:35','PCG08-PYME','CUENTAS_FINANCIERAS','XXXXXX',53,4005,'Inversiones financieras a corto plazo en partes vinculadas',NULL,NULL,1);
INSERT INTO `llx_accounting_account` VALUES (4402,1,NULL,'2016-08-10 17:40:35','PCG08-PYME','CUENTAS_FINANCIERAS','XXXXXX',530,4401,'Participaciones a corto plazo en partes vinculadas',NULL,NULL,1);
INSERT INTO `llx_accounting_account` VALUES (4403,1,NULL,'2016-08-10 17:40:35','PCG08-PYME','CUENTAS_FINANCIERAS','XXXXXX',5303,4402,'Participaciones a corto plazo en empresas del grupo',NULL,NULL,1);
INSERT INTO `llx_accounting_account` VALUES (4404,1,NULL,'2016-08-10 17:40:35','PCG08-PYME','CUENTAS_FINANCIERAS','XXXXXX',5304,4402,'Participaciones a corto plazo en empresas asociadas',NULL,NULL,1);
INSERT INTO `llx_accounting_account` VALUES (4405,1,NULL,'2016-08-10 17:40:35','PCG08-PYME','CUENTAS_FINANCIERAS','XXXXXX',5305,4402,'Participaciones a corto plazo en otras partes vinculadas',NULL,NULL,1);
INSERT INTO `llx_accounting_account` VALUES (4406,1,NULL,'2016-08-10 17:40:35','PCG08-PYME','CUENTAS_FINANCIERAS','XXXXXX',531,4401,'Valores representativos de deuda a corto plazo de partes vinculadas',NULL,NULL,1);
INSERT INTO `llx_accounting_account` VALUES (4407,1,NULL,'2016-08-10 17:40:35','PCG08-PYME','CUENTAS_FINANCIERAS','XXXXXX',5313,4406,'Valores representativos de deuda a corto plazo de empresas del grupo',NULL,NULL,1);
INSERT INTO `llx_accounting_account` VALUES (4408,1,NULL,'2016-08-10 17:40:35','PCG08-PYME','CUENTAS_FINANCIERAS','XXXXXX',5314,4406,'Valores representativos de deuda a corto plazo de empresas asociadas',NULL,NULL,1);
INSERT INTO `llx_accounting_account` VALUES (4409,1,NULL,'2016-08-10 17:40:35','PCG08-PYME','CUENTAS_FINANCIERAS','XXXXXX',5315,4406,'Valores representativos de deuda a corto plazo de otras partes vinculadas',NULL,NULL,1);
INSERT INTO `llx_accounting_account` VALUES (4410,1,NULL,'2016-08-10 17:40:35','PCG08-PYME','CUENTAS_FINANCIERAS','XXXXXX',532,4401,'Créditos a corto plazo a partes vinculadas',NULL,NULL,1);
INSERT INTO `llx_accounting_account` VALUES (4411,1,NULL,'2016-08-10 17:40:35','PCG08-PYME','CUENTAS_FINANCIERAS','XXXXXX',5323,4410,'Créditos a corto plazo a empresas del grupo',NULL,NULL,1);
INSERT INTO `llx_accounting_account` VALUES (4412,1,NULL,'2016-08-10 17:40:35','PCG08-PYME','CUENTAS_FINANCIERAS','XXXXXX',5324,4410,'Créditos a corto plazo a empresas asociadas',NULL,NULL,1);
INSERT INTO `llx_accounting_account` VALUES (4413,1,NULL,'2016-08-10 17:40:35','PCG08-PYME','CUENTAS_FINANCIERAS','XXXXXX',5325,4410,'Créditos a corto plazo a otras partes vinculadas',NULL,NULL,1);
INSERT INTO `llx_accounting_account` VALUES (4414,1,NULL,'2016-08-10 17:40:35','PCG08-PYME','CUENTAS_FINANCIERAS','XXXXXX',533,4401,'Intereses a corto plazo de valores representativos de deuda de partes vinculadas',NULL,NULL,1);
INSERT INTO `llx_accounting_account` VALUES (4415,1,NULL,'2016-08-10 17:40:35','PCG08-PYME','CUENTAS_FINANCIERAS','XXXXXX',5333,4414,'Intereses a corto plazo de valores representativos de deuda en empresas del grupo',NULL,NULL,1);
INSERT INTO `llx_accounting_account` VALUES (4416,1,NULL,'2016-08-10 17:40:35','PCG08-PYME','CUENTAS_FINANCIERAS','XXXXXX',5334,4414,'Intereses a corto plazo de valores representativos de deuda en empresas asociadas',NULL,NULL,1);
INSERT INTO `llx_accounting_account` VALUES (4417,1,NULL,'2016-08-10 17:40:35','PCG08-PYME','CUENTAS_FINANCIERAS','XXXXXX',5335,4414,'Intereses a corto plazo de valores representativos de deuda en otras partes vinculadas',NULL,NULL,1);
INSERT INTO `llx_accounting_account` VALUES (4418,1,NULL,'2016-08-10 17:40:35','PCG08-PYME','CUENTAS_FINANCIERAS','XXXXXX',534,4401,'Intereses a corto plazo de créditos a partes vinculadas',NULL,NULL,1);
INSERT INTO `llx_accounting_account` VALUES (4419,1,NULL,'2016-08-10 17:40:35','PCG08-PYME','CUENTAS_FINANCIERAS','XXXXXX',5343,4418,'Intereses a corto plazo de créditos a empresas del grupo',NULL,NULL,1);
INSERT INTO `llx_accounting_account` VALUES (4420,1,NULL,'2016-08-10 17:40:35','PCG08-PYME','CUENTAS_FINANCIERAS','XXXXXX',5344,4418,'Intereses a corto plazo de créditos a empresas asociadas',NULL,NULL,1);
INSERT INTO `llx_accounting_account` VALUES (4421,1,NULL,'2016-08-10 17:40:35','PCG08-PYME','CUENTAS_FINANCIERAS','XXXXXX',5345,4418,'Intereses a corto plazo de créditos a otras partes vinculadas',NULL,NULL,1);
INSERT INTO `llx_accounting_account` VALUES (4422,1,NULL,'2016-08-10 17:40:35','PCG08-PYME','CUENTAS_FINANCIERAS','XXXXXX',535,4401,'Dividendo a cobrar de inversiones financieras en partes vinculadas',NULL,NULL,1);
INSERT INTO `llx_accounting_account` VALUES (4423,1,NULL,'2016-08-10 17:40:35','PCG08-PYME','CUENTAS_FINANCIERAS','XXXXXX',5353,4422,'Dividendo a cobrar de empresas del grupo',NULL,NULL,1);
INSERT INTO `llx_accounting_account` VALUES (4424,1,NULL,'2016-08-10 17:40:35','PCG08-PYME','CUENTAS_FINANCIERAS','XXXXXX',5354,4422,'Dividendo a cobrar de empresas asociadas',NULL,NULL,1);
INSERT INTO `llx_accounting_account` VALUES (4425,1,NULL,'2016-08-10 17:40:35','PCG08-PYME','CUENTAS_FINANCIERAS','XXXXXX',5355,4422,'Dividendo a cobrar de otras partes vinculadas',NULL,NULL,1);
INSERT INTO `llx_accounting_account` VALUES (4426,1,NULL,'2016-08-10 17:40:35','PCG08-PYME','CUENTAS_FINANCIERAS','XXXXXX',539,4401,'Desembolsos pendientes sobre participaciones a corto plazo en partes vinculadas',NULL,NULL,1);
INSERT INTO `llx_accounting_account` VALUES (4427,1,NULL,'2016-08-10 17:40:35','PCG08-PYME','CUENTAS_FINANCIERAS','XXXXXX',5393,4426,'Desembolsos pendientes sobre participaciones a corto plazo en empresas del grupo',NULL,NULL,1);
INSERT INTO `llx_accounting_account` VALUES (4428,1,NULL,'2016-08-10 17:40:35','PCG08-PYME','CUENTAS_FINANCIERAS','XXXXXX',5394,4426,'Desembolsos pendientes sobre participaciones a corto plazo en empresas asociadas',NULL,NULL,1);
INSERT INTO `llx_accounting_account` VALUES (4429,1,NULL,'2016-08-10 17:40:35','PCG08-PYME','CUENTAS_FINANCIERAS','XXXXXX',5395,4426,'Desembolsos pendientes sobre participaciones a corto plazo en otras partes vinculadas',NULL,NULL,1);
INSERT INTO `llx_accounting_account` VALUES (4430,1,NULL,'2016-08-10 17:40:35','PCG08-PYME','CUENTAS_FINANCIERAS','XXXXXX',54,4005,'Otras inversiones financieras a corto plazo',NULL,NULL,1);
INSERT INTO `llx_accounting_account` VALUES (4431,1,NULL,'2016-08-10 17:40:35','PCG08-PYME','CUENTAS_FINANCIERAS','XXXXXX',540,4430,'Inversiones financieras a corto plazo en instrumentos de patrimonio',NULL,NULL,1);
INSERT INTO `llx_accounting_account` VALUES (4432,1,NULL,'2016-08-10 17:40:35','PCG08-PYME','CUENTAS_FINANCIERAS','XXXXXX',541,4430,'Valores representativos de deuda a corto plazo',NULL,NULL,1);
INSERT INTO `llx_accounting_account` VALUES (4433,1,NULL,'2016-08-10 17:40:35','PCG08-PYME','CUENTAS_FINANCIERAS','XXXXXX',542,4430,'Créditos a corto plazo',NULL,NULL,1);
INSERT INTO `llx_accounting_account` VALUES (4434,1,NULL,'2016-08-10 17:40:35','PCG08-PYME','CUENTAS_FINANCIERAS','XXXXXX',543,4430,'Créditos a corto plazo por enejenación de inmovilizado',NULL,NULL,1);
INSERT INTO `llx_accounting_account` VALUES (4435,1,NULL,'2016-08-10 17:40:35','PCG08-PYME','CUENTAS_FINANCIERAS','XXXXXX',544,4430,'Créditos a corto plazo al personal',NULL,NULL,1);
INSERT INTO `llx_accounting_account` VALUES (4436,1,NULL,'2016-08-10 17:40:35','PCG08-PYME','CUENTAS_FINANCIERAS','XXXXXX',545,4430,'Dividendo a cobrar',NULL,NULL,1);
INSERT INTO `llx_accounting_account` VALUES (4437,1,NULL,'2016-08-10 17:40:35','PCG08-PYME','CUENTAS_FINANCIERAS','XXXXXX',546,4430,'Intereses a corto plazo de valores reprsentativos de deuda',NULL,NULL,1);
INSERT INTO `llx_accounting_account` VALUES (4438,1,NULL,'2016-08-10 17:40:35','PCG08-PYME','CUENTAS_FINANCIERAS','XXXXXX',547,4430,'Intereses a corto plazo de créditos',NULL,NULL,1);
INSERT INTO `llx_accounting_account` VALUES (4439,1,NULL,'2016-08-10 17:40:35','PCG08-PYME','CUENTAS_FINANCIERAS','XXXXXX',548,4430,'Imposiciones a corto plazo',NULL,NULL,1);
INSERT INTO `llx_accounting_account` VALUES (4440,1,NULL,'2016-08-10 17:40:35','PCG08-PYME','CUENTAS_FINANCIERAS','XXXXXX',549,4430,'Desembolsos pendientes sobre participaciones en el patrimonio neto a corto plazo',NULL,NULL,1);
INSERT INTO `llx_accounting_account` VALUES (4441,1,NULL,'2016-08-10 17:40:35','PCG08-PYME','CUENTAS_FINANCIERAS','XXXXXX',55,4005,'Otras cuentas no bancarias',NULL,NULL,1);
INSERT INTO `llx_accounting_account` VALUES (4442,1,NULL,'2016-08-10 17:40:35','PCG08-PYME','CUENTAS_FINANCIERAS','XXXXXX',550,4441,'Titular de la explotación',NULL,NULL,1);
INSERT INTO `llx_accounting_account` VALUES (4443,1,NULL,'2016-08-10 17:40:35','PCG08-PYME','CUENTAS_FINANCIERAS','XXXXXX',551,4441,'Cuenta corriente con socios y administradores',NULL,NULL,1);
INSERT INTO `llx_accounting_account` VALUES (4444,1,NULL,'2016-08-10 17:40:35','PCG08-PYME','CUENTAS_FINANCIERAS','XXXXXX',552,4441,'Cuenta corriente otras personas y entidades vinculadas',NULL,NULL,1);
INSERT INTO `llx_accounting_account` VALUES (4445,1,NULL,'2016-08-10 17:40:35','PCG08-PYME','CUENTAS_FINANCIERAS','XXXXXX',5523,4444,'Cuenta corriente con empresas del grupo',NULL,NULL,1);
INSERT INTO `llx_accounting_account` VALUES (4446,1,NULL,'2016-08-10 17:40:35','PCG08-PYME','CUENTAS_FINANCIERAS','XXXXXX',5524,4444,'Cuenta corriente con empresas asociadas',NULL,NULL,1);
INSERT INTO `llx_accounting_account` VALUES (4447,1,NULL,'2016-08-10 17:40:35','PCG08-PYME','CUENTAS_FINANCIERAS','XXXXXX',5525,4444,'Cuenta corriente con otras partes vinculadas',NULL,NULL,1);
INSERT INTO `llx_accounting_account` VALUES (4448,1,NULL,'2016-08-10 17:40:35','PCG08-PYME','CUENTAS_FINANCIERAS','XXXXXX',554,4441,'Cuenta corriente con uniones temporales de empresas y comunidades de bienes',NULL,NULL,1);
INSERT INTO `llx_accounting_account` VALUES (4449,1,NULL,'2016-08-10 17:40:35','PCG08-PYME','CUENTAS_FINANCIERAS','XXXXXX',555,4441,'Partidas pendientes de aplicación',NULL,NULL,1);
INSERT INTO `llx_accounting_account` VALUES (4450,1,NULL,'2016-08-10 17:40:35','PCG08-PYME','CUENTAS_FINANCIERAS','XXXXXX',556,4441,'Desembolsos exigidos sobre participaciones en el patrimonio neto',NULL,NULL,1);
INSERT INTO `llx_accounting_account` VALUES (4451,1,NULL,'2016-08-10 17:40:35','PCG08-PYME','CUENTAS_FINANCIERAS','XXXXXX',5563,4450,'Desembolsos exigidos sobre participaciones empresas del grupo',NULL,NULL,1);
INSERT INTO `llx_accounting_account` VALUES (4452,1,NULL,'2016-08-10 17:40:35','PCG08-PYME','CUENTAS_FINANCIERAS','XXXXXX',5564,4450,'Desembolsos exigidos sobre participaciones empresas asociadas',NULL,NULL,1);
INSERT INTO `llx_accounting_account` VALUES (4453,1,NULL,'2016-08-10 17:40:35','PCG08-PYME','CUENTAS_FINANCIERAS','XXXXXX',5565,4450,'Desembolsos exigidos sobre participaciones otras partes vinculadas',NULL,NULL,1);
INSERT INTO `llx_accounting_account` VALUES (4454,1,NULL,'2016-08-10 17:40:35','PCG08-PYME','CUENTAS_FINANCIERAS','XXXXXX',5566,4450,'Desembolsos exigidos sobre participaciones otras empresas',NULL,NULL,1);
INSERT INTO `llx_accounting_account` VALUES (4455,1,NULL,'2016-08-10 17:40:35','PCG08-PYME','CUENTAS_FINANCIERAS','XXXXXX',557,4441,'Dividendo activo a cuenta',NULL,NULL,1);
INSERT INTO `llx_accounting_account` VALUES (4456,1,NULL,'2016-08-10 17:40:35','PCG08-PYME','CUENTAS_FINANCIERAS','XXXXXX',558,4441,'Socios por desembolsos exigidos',NULL,NULL,1);
INSERT INTO `llx_accounting_account` VALUES (4457,1,NULL,'2016-08-10 17:40:35','PCG08-PYME','CUENTAS_FINANCIERAS','XXXXXX',5580,4456,'Socios por desembolsos exigidos sobre acciones o participaciones ordinarias',NULL,NULL,1);
INSERT INTO `llx_accounting_account` VALUES (4458,1,NULL,'2016-08-10 17:40:35','PCG08-PYME','CUENTAS_FINANCIERAS','XXXXXX',5585,4456,'Socios por desembolsos exigidos sobre acciones o participaciones consideradas como pasivos financieros',NULL,NULL,1);
INSERT INTO `llx_accounting_account` VALUES (4459,1,NULL,'2016-08-10 17:40:35','PCG08-PYME','CUENTAS_FINANCIERAS','XXXXXX',559,4441,'Derivados financieros a corto plazo',NULL,NULL,1);
INSERT INTO `llx_accounting_account` VALUES (4460,1,NULL,'2016-08-10 17:40:35','PCG08-PYME','CUENTAS_FINANCIERAS','XXXXXX',5590,4459,'Activos por derivados financieros a corto plazo',NULL,NULL,1);
INSERT INTO `llx_accounting_account` VALUES (4461,1,NULL,'2016-08-10 17:40:35','PCG08-PYME','CUENTAS_FINANCIERAS','XXXXXX',5595,4459,'Pasivos por derivados financieros a corto plazo',NULL,NULL,1);
INSERT INTO `llx_accounting_account` VALUES (4462,1,NULL,'2016-08-10 17:40:35','PCG08-PYME','CUENTAS_FINANCIERAS','XXXXXX',56,4005,'Finanzas y depósitos recibidos y constituidos a corto plazo y ajustes por periodificación',NULL,NULL,1);
INSERT INTO `llx_accounting_account` VALUES (4463,1,NULL,'2016-08-10 17:40:35','PCG08-PYME','CUENTAS_FINANCIERAS','XXXXXX',560,4462,'Finanzas recibidas a corto plazo',NULL,NULL,1);
INSERT INTO `llx_accounting_account` VALUES (4464,1,NULL,'2016-08-10 17:40:35','PCG08-PYME','CUENTAS_FINANCIERAS','XXXXXX',561,4462,'Depósitos recibidos a corto plazo',NULL,NULL,1);
INSERT INTO `llx_accounting_account` VALUES (4465,1,NULL,'2016-08-10 17:40:35','PCG08-PYME','CUENTAS_FINANCIERAS','XXXXXX',565,4462,'Finanzas constituidas a corto plazo',NULL,NULL,1);
INSERT INTO `llx_accounting_account` VALUES (4466,1,NULL,'2016-08-10 17:40:35','PCG08-PYME','CUENTAS_FINANCIERAS','XXXXXX',566,4462,'Depósitos constituidos a corto plazo',NULL,NULL,1);
INSERT INTO `llx_accounting_account` VALUES (4467,1,NULL,'2016-08-10 17:40:35','PCG08-PYME','CUENTAS_FINANCIERAS','XXXXXX',567,4462,'Intereses pagados por anticipado',NULL,NULL,1);
INSERT INTO `llx_accounting_account` VALUES (4468,1,NULL,'2016-08-10 17:40:35','PCG08-PYME','CUENTAS_FINANCIERAS','XXXXXX',568,4462,'Intereses cobrados a corto plazo',NULL,NULL,1);
INSERT INTO `llx_accounting_account` VALUES (4469,1,NULL,'2016-08-10 17:40:35','PCG08-PYME','CUENTAS_FINANCIERAS','XXXXXX',57,4005,'Tesorería',NULL,NULL,1);
INSERT INTO `llx_accounting_account` VALUES (4470,1,NULL,'2016-08-10 17:40:35','PCG08-PYME','CUENTAS_FINANCIERAS','CAJA',570,4469,'Caja euros',NULL,NULL,1);
INSERT INTO `llx_accounting_account` VALUES (4471,1,NULL,'2016-08-10 17:40:35','PCG08-PYME','CUENTAS_FINANCIERAS','XXXXXX',571,4469,'Caja moneda extranjera',NULL,NULL,1);
INSERT INTO `llx_accounting_account` VALUES (4472,1,NULL,'2016-08-10 17:40:35','PCG08-PYME','CUENTAS_FINANCIERAS','BANCOS',572,4469,'Bancos e instituciones de crédito cc vista euros',NULL,NULL,1);
INSERT INTO `llx_accounting_account` VALUES (4473,1,NULL,'2016-08-10 17:40:35','PCG08-PYME','CUENTAS_FINANCIERAS','XXXXXX',573,4469,'Bancos e instituciones de crédito cc vista moneda extranjera',NULL,NULL,1);
INSERT INTO `llx_accounting_account` VALUES (4474,1,NULL,'2016-08-10 17:40:35','PCG08-PYME','CUENTAS_FINANCIERAS','XXXXXX',574,4469,'Bancos e instituciones de crédito cuentas de ahorro euros',NULL,NULL,1);
INSERT INTO `llx_accounting_account` VALUES (4475,1,NULL,'2016-08-10 17:40:35','PCG08-PYME','CUENTAS_FINANCIERAS','XXXXXX',575,4469,'Bancos e instituciones de crédito cuentas de ahorro moneda extranjera',NULL,NULL,1);
INSERT INTO `llx_accounting_account` VALUES (4476,1,NULL,'2016-08-10 17:40:35','PCG08-PYME','CUENTAS_FINANCIERAS','XXXXXX',576,4469,'Inversiones a corto plazo de gran liquidez',NULL,NULL,1);
INSERT INTO `llx_accounting_account` VALUES (4477,1,NULL,'2016-08-10 17:40:35','PCG08-PYME','CUENTAS_FINANCIERAS','XXXXXX',59,4005,'Deterioro del valor de las inversiones financieras a corto plazo',NULL,NULL,1);
INSERT INTO `llx_accounting_account` VALUES (4478,1,NULL,'2016-08-10 17:40:35','PCG08-PYME','CUENTAS_FINANCIERAS','XXXXXX',593,4477,'Deterioro del valor de participaciones a corto plazo en partes vinculadas',NULL,NULL,1);
INSERT INTO `llx_accounting_account` VALUES (4479,1,NULL,'2016-08-10 17:40:35','PCG08-PYME','CUENTAS_FINANCIERAS','XXXXXX',5933,4478,'Deterioro del valor de participaciones a corto plazo en empresas del grupo',NULL,NULL,1);
INSERT INTO `llx_accounting_account` VALUES (4480,1,NULL,'2016-08-10 17:40:35','PCG08-PYME','CUENTAS_FINANCIERAS','XXXXXX',5934,4478,'Deterioro del valor de participaciones a corto plazo en empresas asociadas',NULL,NULL,1);
INSERT INTO `llx_accounting_account` VALUES (4481,1,NULL,'2016-08-10 17:40:35','PCG08-PYME','CUENTAS_FINANCIERAS','XXXXXX',5935,4478,'Deterioro del valor de participaciones a corto plazo en otras partes vinculadas',NULL,NULL,1);
INSERT INTO `llx_accounting_account` VALUES (4482,1,NULL,'2016-08-10 17:40:35','PCG08-PYME','CUENTAS_FINANCIERAS','XXXXXX',594,4477,'Deterioro del valor de valores representativos de deuda a corto plazo en partes vinculadas',NULL,NULL,1);
INSERT INTO `llx_accounting_account` VALUES (4483,1,NULL,'2016-08-10 17:40:35','PCG08-PYME','CUENTAS_FINANCIERAS','XXXXXX',5943,4482,'Deterioro del valor de valores representativos de deuda a corto plazo en empresas del grupo',NULL,NULL,1);
INSERT INTO `llx_accounting_account` VALUES (4484,1,NULL,'2016-08-10 17:40:35','PCG08-PYME','CUENTAS_FINANCIERAS','XXXXXX',5944,4482,'Deterioro del valor de valores representativos de deuda a corto plazo en empresas asociadas',NULL,NULL,1);
INSERT INTO `llx_accounting_account` VALUES (4485,1,NULL,'2016-08-10 17:40:35','PCG08-PYME','CUENTAS_FINANCIERAS','XXXXXX',5945,4482,'Deterioro del valor de valores representativos de deuda a corto plazo en otras partes vinculadas',NULL,NULL,1);
INSERT INTO `llx_accounting_account` VALUES (4486,1,NULL,'2016-08-10 17:40:35','PCG08-PYME','CUENTAS_FINANCIERAS','XXXXXX',595,4477,'Deterioro del valor de créditos a corto plazo en partes vinculadas',NULL,NULL,1);
INSERT INTO `llx_accounting_account` VALUES (4487,1,NULL,'2016-08-10 17:40:35','PCG08-PYME','CUENTAS_FINANCIERAS','XXXXXX',5953,4486,'Deterioro del valor de créditos a corto plazo en empresas del grupo',NULL,NULL,1);
INSERT INTO `llx_accounting_account` VALUES (4488,1,NULL,'2016-08-10 17:40:35','PCG08-PYME','CUENTAS_FINANCIERAS','XXXXXX',5954,4486,'Deterioro del valor de créditos a corto plazo en empresas asociadas',NULL,NULL,1);
INSERT INTO `llx_accounting_account` VALUES (4489,1,NULL,'2016-08-10 17:40:35','PCG08-PYME','CUENTAS_FINANCIERAS','XXXXXX',5955,4486,'Deterioro del valor de créditos a corto plazo en otras partes vinculadas',NULL,NULL,1);
INSERT INTO `llx_accounting_account` VALUES (4490,1,NULL,'2016-08-10 17:40:35','PCG08-PYME','CUENTAS_FINANCIERAS','XXXXXX',596,4477,'Deterioro del valor de participaciones a corto plazo',NULL,NULL,1);
INSERT INTO `llx_accounting_account` VALUES (4491,1,NULL,'2016-08-10 17:40:35','PCG08-PYME','CUENTAS_FINANCIERAS','XXXXXX',597,4477,'Deterioro del valor de valores representativos de deuda a corto plazo',NULL,NULL,1);
INSERT INTO `llx_accounting_account` VALUES (4492,1,NULL,'2016-08-10 17:40:35','PCG08-PYME','CUENTAS_FINANCIERAS','XXXXXX',598,4477,'Deterioro de valor de créditos a corto plazo',NULL,NULL,1);
INSERT INTO `llx_accounting_account` VALUES (4493,1,NULL,'2016-08-10 17:40:35','PCG08-PYME','COMPRAS_GASTOS','XXXXXX',60,4006,'Compras',NULL,NULL,1);
INSERT INTO `llx_accounting_account` VALUES (4494,1,NULL,'2016-08-10 17:40:35','PCG08-PYME','COMPRAS_GASTOS','COMPRAS',600,4493,'Compras de mercaderías',NULL,NULL,1);
INSERT INTO `llx_accounting_account` VALUES (4495,1,NULL,'2016-08-10 17:40:35','PCG08-PYME','COMPRAS_GASTOS','COMPRAS',601,4493,'Compras de materias primas',NULL,NULL,1);
INSERT INTO `llx_accounting_account` VALUES (4496,1,NULL,'2016-08-10 17:40:35','PCG08-PYME','COMPRAS_GASTOS','XXXXXX',602,4493,'Compras de otros aprovisionamientos',NULL,NULL,1);
INSERT INTO `llx_accounting_account` VALUES (4497,1,NULL,'2016-08-10 17:40:35','PCG08-PYME','COMPRAS_GASTOS','XXXXXX',606,4493,'Descuentos sobre compras por pronto pago',NULL,NULL,1);
INSERT INTO `llx_accounting_account` VALUES (4498,1,NULL,'2016-08-10 17:40:35','PCG08-PYME','COMPRAS_GASTOS','XXXXXX',6060,4497,'Descuentos sobre compras por pronto pago de mercaderías',NULL,NULL,1);
INSERT INTO `llx_accounting_account` VALUES (4499,1,NULL,'2016-08-10 17:40:35','PCG08-PYME','COMPRAS_GASTOS','XXXXXX',6061,4497,'Descuentos sobre compras por pronto pago de materias primas',NULL,NULL,1);
INSERT INTO `llx_accounting_account` VALUES (4500,1,NULL,'2016-08-10 17:40:35','PCG08-PYME','COMPRAS_GASTOS','XXXXXX',6062,4497,'Descuentos sobre compras por pronto pago de otros aprovisionamientos',NULL,NULL,1);
INSERT INTO `llx_accounting_account` VALUES (4501,1,NULL,'2016-08-10 17:40:35','PCG08-PYME','COMPRAS_GASTOS','COMPRAS',607,4493,'Trabajos realizados por otras empresas',NULL,NULL,1);
INSERT INTO `llx_accounting_account` VALUES (4502,1,NULL,'2016-08-10 17:40:35','PCG08-PYME','COMPRAS_GASTOS','XXXXXX',608,4493,'Devoluciones de compras y operaciones similares',NULL,NULL,1);
INSERT INTO `llx_accounting_account` VALUES (4503,1,NULL,'2016-08-10 17:40:35','PCG08-PYME','COMPRAS_GASTOS','XXXXXX',6080,4502,'Devoluciones de compras de mercaderías',NULL,NULL,1);
INSERT INTO `llx_accounting_account` VALUES (4504,1,NULL,'2016-08-10 17:40:35','PCG08-PYME','COMPRAS_GASTOS','XXXXXX',6081,4502,'Devoluciones de compras de materias primas',NULL,NULL,1);
INSERT INTO `llx_accounting_account` VALUES (4505,1,NULL,'2016-08-10 17:40:35','PCG08-PYME','COMPRAS_GASTOS','XXXXXX',6082,4502,'Devoluciones de compras de otros aprovisionamientos',NULL,NULL,1);
INSERT INTO `llx_accounting_account` VALUES (4506,1,NULL,'2016-08-10 17:40:35','PCG08-PYME','COMPRAS_GASTOS','XXXXXX',609,4493,'Rappels por compras',NULL,NULL,1);
INSERT INTO `llx_accounting_account` VALUES (4507,1,NULL,'2016-08-10 17:40:35','PCG08-PYME','COMPRAS_GASTOS','XXXXXX',6090,4506,'Rappels por compras de mercaderías',NULL,NULL,1);
INSERT INTO `llx_accounting_account` VALUES (4508,1,NULL,'2016-08-10 17:40:35','PCG08-PYME','COMPRAS_GASTOS','XXXXXX',6091,4506,'Rappels por compras de materias primas',NULL,NULL,1);
INSERT INTO `llx_accounting_account` VALUES (4509,1,NULL,'2016-08-10 17:40:35','PCG08-PYME','COMPRAS_GASTOS','XXXXXX',6092,4506,'Rappels por compras de otros aprovisionamientos',NULL,NULL,1);
INSERT INTO `llx_accounting_account` VALUES (4510,1,NULL,'2016-08-10 17:40:35','PCG08-PYME','COMPRAS_GASTOS','XXXXXX',61,4006,'Variación de existencias',NULL,NULL,1);
INSERT INTO `llx_accounting_account` VALUES (4511,1,NULL,'2016-08-10 17:40:35','PCG08-PYME','COMPRAS_GASTOS','XXXXXX',610,4510,'Variación de existencias de mercaderías',NULL,NULL,1);
INSERT INTO `llx_accounting_account` VALUES (4512,1,NULL,'2016-08-10 17:40:35','PCG08-PYME','COMPRAS_GASTOS','XXXXXX',611,4510,'Variación de existencias de materias primas',NULL,NULL,1);
INSERT INTO `llx_accounting_account` VALUES (4513,1,NULL,'2016-08-10 17:40:35','PCG08-PYME','COMPRAS_GASTOS','XXXXXX',612,4510,'Variación de existencias de otros aprovisionamientos',NULL,NULL,1);
INSERT INTO `llx_accounting_account` VALUES (4514,1,NULL,'2016-08-10 17:40:35','PCG08-PYME','COMPRAS_GASTOS','XXXXXX',62,4006,'Servicios exteriores',NULL,NULL,1);
INSERT INTO `llx_accounting_account` VALUES (4515,1,NULL,'2016-08-10 17:40:35','PCG08-PYME','COMPRAS_GASTOS','XXXXXX',620,4514,'Gastos en investigación y desarrollo del ejercicio',NULL,NULL,1);
INSERT INTO `llx_accounting_account` VALUES (4516,1,NULL,'2016-08-10 17:40:35','PCG08-PYME','COMPRAS_GASTOS','XXXXXX',621,4514,'Arrendamientos y cánones',NULL,NULL,1);
INSERT INTO `llx_accounting_account` VALUES (4517,1,NULL,'2016-08-10 17:40:35','PCG08-PYME','COMPRAS_GASTOS','XXXXXX',622,4514,'Reparaciones y conservación',NULL,NULL,1);
INSERT INTO `llx_accounting_account` VALUES (4518,1,NULL,'2016-08-10 17:40:35','PCG08-PYME','COMPRAS_GASTOS','XXXXXX',623,4514,'Servicios profesionales independientes',NULL,NULL,1);
INSERT INTO `llx_accounting_account` VALUES (4519,1,NULL,'2016-08-10 17:40:35','PCG08-PYME','COMPRAS_GASTOS','XXXXXX',624,4514,'Transportes',NULL,NULL,1);
INSERT INTO `llx_accounting_account` VALUES (4520,1,NULL,'2016-08-10 17:40:35','PCG08-PYME','COMPRAS_GASTOS','XXXXXX',625,4514,'Primas de seguros',NULL,NULL,1);
INSERT INTO `llx_accounting_account` VALUES (4521,1,NULL,'2016-08-10 17:40:35','PCG08-PYME','COMPRAS_GASTOS','XXXXXX',626,4514,'Servicios bancarios y similares',NULL,NULL,1);
INSERT INTO `llx_accounting_account` VALUES (4522,1,NULL,'2016-08-10 17:40:35','PCG08-PYME','COMPRAS_GASTOS','XXXXXX',627,4514,'Publicidad, propaganda y relaciones públicas',NULL,NULL,1);
INSERT INTO `llx_accounting_account` VALUES (4523,1,NULL,'2016-08-10 17:40:35','PCG08-PYME','COMPRAS_GASTOS','XXXXXX',628,4514,'Suministros',NULL,NULL,1);
INSERT INTO `llx_accounting_account` VALUES (4524,1,NULL,'2016-08-10 17:40:35','PCG08-PYME','COMPRAS_GASTOS','XXXXXX',629,4514,'Otros servicios',NULL,NULL,1);
INSERT INTO `llx_accounting_account` VALUES (4525,1,NULL,'2016-08-10 17:40:35','PCG08-PYME','COMPRAS_GASTOS','XXXXXX',63,4006,'Tributos',NULL,NULL,1);
INSERT INTO `llx_accounting_account` VALUES (4526,1,NULL,'2016-08-10 17:40:35','PCG08-PYME','COMPRAS_GASTOS','XXXXXX',630,4525,'Impuesto sobre benecifios',NULL,NULL,1);
INSERT INTO `llx_accounting_account` VALUES (4527,1,NULL,'2016-08-10 17:40:35','PCG08-PYME','COMPRAS_GASTOS','XXXXXX',6300,4526,'Impuesto corriente',NULL,NULL,1);
INSERT INTO `llx_accounting_account` VALUES (4528,1,NULL,'2016-08-10 17:40:35','PCG08-PYME','COMPRAS_GASTOS','XXXXXX',6301,4526,'Impuesto diferido',NULL,NULL,1);
INSERT INTO `llx_accounting_account` VALUES (4529,1,NULL,'2016-08-10 17:40:35','PCG08-PYME','COMPRAS_GASTOS','XXXXXX',631,4525,'Otros tributos',NULL,NULL,1);
INSERT INTO `llx_accounting_account` VALUES (4530,1,NULL,'2016-08-10 17:40:35','PCG08-PYME','COMPRAS_GASTOS','XXXXXX',633,4525,'Ajustes negativos en la imposición sobre beneficios',NULL,NULL,1);
INSERT INTO `llx_accounting_account` VALUES (4531,1,NULL,'2016-08-10 17:40:35','PCG08-PYME','COMPRAS_GASTOS','XXXXXX',634,4525,'Ajustes negativos en la imposición indirecta',NULL,NULL,1);
INSERT INTO `llx_accounting_account` VALUES (4532,1,NULL,'2016-08-10 17:40:35','PCG08-PYME','COMPRAS_GASTOS','XXXXXX',6341,4531,'Ajustes negativos en IVA de activo corriente',NULL,NULL,1);
INSERT INTO `llx_accounting_account` VALUES (4533,1,NULL,'2016-08-10 17:40:35','PCG08-PYME','COMPRAS_GASTOS','XXXXXX',6342,4531,'Ajustes negativos en IVA de inversiones',NULL,NULL,1);
INSERT INTO `llx_accounting_account` VALUES (4534,1,NULL,'2016-08-10 17:40:35','PCG08-PYME','COMPRAS_GASTOS','XXXXXX',636,4525,'Devolución de impuestos',NULL,NULL,1);
INSERT INTO `llx_accounting_account` VALUES (4535,1,NULL,'2016-08-10 17:40:35','PCG08-PYME','COMPRAS_GASTOS','XXXXXX',638,4525,'Ajustes positivos en la imposición sobre beneficios',NULL,NULL,1);
INSERT INTO `llx_accounting_account` VALUES (4536,1,NULL,'2016-08-10 17:40:35','PCG08-PYME','COMPRAS_GASTOS','XXXXXX',639,4525,'Ajustes positivos en la imposición directa',NULL,NULL,1);
INSERT INTO `llx_accounting_account` VALUES (4537,1,NULL,'2016-08-10 17:40:35','PCG08-PYME','COMPRAS_GASTOS','XXXXXX',6391,4536,'Ajustes positivos en IVA de activo corriente',NULL,NULL,1);
INSERT INTO `llx_accounting_account` VALUES (4538,1,NULL,'2016-08-10 17:40:35','PCG08-PYME','COMPRAS_GASTOS','XXXXXX',6392,4536,'Ajustes positivos en IVA de inversiones',NULL,NULL,1);
INSERT INTO `llx_accounting_account` VALUES (4539,1,NULL,'2016-08-10 17:40:35','PCG08-PYME','COMPRAS_GASTOS','XXXXXX',64,4006,'Gastos de personal',NULL,NULL,1);
INSERT INTO `llx_accounting_account` VALUES (4540,1,NULL,'2016-08-10 17:40:35','PCG08-PYME','COMPRAS_GASTOS','XXXXXX',640,4539,'Sueldos y salarios',NULL,NULL,1);
INSERT INTO `llx_accounting_account` VALUES (4541,1,NULL,'2016-08-10 17:40:35','PCG08-PYME','COMPRAS_GASTOS','XXXXXX',641,4539,'Indemnizaciones',NULL,NULL,1);
INSERT INTO `llx_accounting_account` VALUES (4542,1,NULL,'2016-08-10 17:40:35','PCG08-PYME','COMPRAS_GASTOS','XXXXXX',642,4539,'Seguridad social a cargo de la empresa',NULL,NULL,1);
INSERT INTO `llx_accounting_account` VALUES (4543,1,NULL,'2016-08-10 17:40:35','PCG08-PYME','COMPRAS_GASTOS','XXXXXX',649,4539,'Otros gastos sociales',NULL,NULL,1);
INSERT INTO `llx_accounting_account` VALUES (4544,1,NULL,'2016-08-10 17:40:35','PCG08-PYME','COMPRAS_GASTOS','XXXXXX',65,4006,'Otros gastos de gestión',NULL,NULL,1);
INSERT INTO `llx_accounting_account` VALUES (4545,1,NULL,'2016-08-10 17:40:35','PCG08-PYME','COMPRAS_GASTOS','XXXXXX',650,4544,'Pérdidas de créditos comerciales incobrables',NULL,NULL,1);
INSERT INTO `llx_accounting_account` VALUES (4546,1,NULL,'2016-08-10 17:40:35','PCG08-PYME','COMPRAS_GASTOS','XXXXXX',651,4544,'Resultados de operaciones en común',NULL,NULL,1);
INSERT INTO `llx_accounting_account` VALUES (4547,1,NULL,'2016-08-10 17:40:35','PCG08-PYME','COMPRAS_GASTOS','XXXXXX',6510,4546,'Beneficio transferido gestor',NULL,NULL,1);
INSERT INTO `llx_accounting_account` VALUES (4548,1,NULL,'2016-08-10 17:40:35','PCG08-PYME','COMPRAS_GASTOS','XXXXXX',6511,4546,'Pérdida soportada participe o asociado no gestor',NULL,NULL,1);
INSERT INTO `llx_accounting_account` VALUES (4549,1,NULL,'2016-08-10 17:40:35','PCG08-PYME','COMPRAS_GASTOS','XXXXXX',659,4544,'Otras pérdidas en gestión corriente',NULL,NULL,1);
INSERT INTO `llx_accounting_account` VALUES (4550,1,NULL,'2016-08-10 17:40:35','PCG08-PYME','COMPRAS_GASTOS','XXXXXX',66,4006,'Gastos financieros',NULL,NULL,1);
INSERT INTO `llx_accounting_account` VALUES (4551,1,NULL,'2016-08-10 17:40:35','PCG08-PYME','COMPRAS_GASTOS','XXXXXX',660,4550,'Gastos financieros por actualización de provisiones',NULL,NULL,1);
INSERT INTO `llx_accounting_account` VALUES (4552,1,NULL,'2016-08-10 17:40:35','PCG08-PYME','COMPRAS_GASTOS','XXXXXX',661,4550,'Intereses de obligaciones y bonos',NULL,NULL,1);
INSERT INTO `llx_accounting_account` VALUES (4553,1,NULL,'2016-08-10 17:40:35','PCG08-PYME','COMPRAS_GASTOS','XXXXXX',6610,4452,'Intereses de obligaciones y bonos a largo plazo empresas del grupo',NULL,NULL,1);
INSERT INTO `llx_accounting_account` VALUES (4554,1,NULL,'2016-08-10 17:40:35','PCG08-PYME','COMPRAS_GASTOS','XXXXXX',6611,4452,'Intereses de obligaciones y bonos a largo plazo empresas asociadas',NULL,NULL,1);
INSERT INTO `llx_accounting_account` VALUES (4555,1,NULL,'2016-08-10 17:40:35','PCG08-PYME','COMPRAS_GASTOS','XXXXXX',6612,4452,'Intereses de obligaciones y bonos a largo plazo otras partes vinculadas',NULL,NULL,1);
INSERT INTO `llx_accounting_account` VALUES (4556,1,NULL,'2016-08-10 17:40:35','PCG08-PYME','COMPRAS_GASTOS','XXXXXX',6613,4452,'Intereses de obligaciones y bonos a largo plazo otras empresas',NULL,NULL,1);
INSERT INTO `llx_accounting_account` VALUES (4557,1,NULL,'2016-08-10 17:40:35','PCG08-PYME','COMPRAS_GASTOS','XXXXXX',6615,4452,'Intereses de obligaciones y bonos a corto plazo empresas del grupo',NULL,NULL,1);
INSERT INTO `llx_accounting_account` VALUES (4558,1,NULL,'2016-08-10 17:40:35','PCG08-PYME','COMPRAS_GASTOS','XXXXXX',6616,4452,'Intereses de obligaciones y bonos a corto plazo empresas asociadas',NULL,NULL,1);
INSERT INTO `llx_accounting_account` VALUES (4559,1,NULL,'2016-08-10 17:40:35','PCG08-PYME','COMPRAS_GASTOS','XXXXXX',6617,4452,'Intereses de obligaciones y bonos a corto plazo otras partes vinculadas',NULL,NULL,1);
INSERT INTO `llx_accounting_account` VALUES (4560,1,NULL,'2016-08-10 17:40:35','PCG08-PYME','COMPRAS_GASTOS','XXXXXX',6618,4452,'Intereses de obligaciones y bonos a corto plazo otras empresas',NULL,NULL,1);
INSERT INTO `llx_accounting_account` VALUES (4561,1,NULL,'2016-08-10 17:40:35','PCG08-PYME','COMPRAS_GASTOS','XXXXXX',662,4550,'Intereses de deudas',NULL,NULL,1);
INSERT INTO `llx_accounting_account` VALUES (4562,1,NULL,'2016-08-10 17:40:35','PCG08-PYME','COMPRAS_GASTOS','XXXXXX',6620,4561,'Intereses de deudas empresas del grupo',NULL,NULL,1);
INSERT INTO `llx_accounting_account` VALUES (4563,1,NULL,'2016-08-10 17:40:35','PCG08-PYME','COMPRAS_GASTOS','XXXXXX',6621,4561,'Intereses de deudas empresas asociadas',NULL,NULL,1);
INSERT INTO `llx_accounting_account` VALUES (4564,1,NULL,'2016-08-10 17:40:35','PCG08-PYME','COMPRAS_GASTOS','XXXXXX',6622,4561,'Intereses de deudas otras partes vinculadas',NULL,NULL,1);
INSERT INTO `llx_accounting_account` VALUES (4565,1,NULL,'2016-08-10 17:40:35','PCG08-PYME','COMPRAS_GASTOS','XXXXXX',6623,4561,'Intereses de deudas con entidades de crédito',NULL,NULL,1);
INSERT INTO `llx_accounting_account` VALUES (4566,1,NULL,'2016-08-10 17:40:35','PCG08-PYME','COMPRAS_GASTOS','XXXXXX',6624,4561,'Intereses de deudas otras empresas',NULL,NULL,1);
INSERT INTO `llx_accounting_account` VALUES (4567,1,NULL,'2016-08-10 17:40:35','PCG08-PYME','COMPRAS_GASTOS','XXXXXX',663,4550,'Pérdidas por valorización de activos y pasivos financieros por su valor razonable',NULL,NULL,1);
INSERT INTO `llx_accounting_account` VALUES (4568,1,NULL,'2016-08-10 17:40:35','PCG08-PYME','COMPRAS_GASTOS','XXXXXX',664,4550,'Gastos por dividendos de acciones o participaciones consideradas como pasivos financieros',NULL,NULL,1);
INSERT INTO `llx_accounting_account` VALUES (4569,1,NULL,'2016-08-10 17:40:35','PCG08-PYME','COMPRAS_GASTOS','XXXXXX',6640,4568,'Dividendos de pasivos empresas del grupo',NULL,NULL,1);
INSERT INTO `llx_accounting_account` VALUES (4570,1,NULL,'2016-08-10 17:40:35','PCG08-PYME','COMPRAS_GASTOS','XXXXXX',6641,4568,'Dividendos de pasivos empresas asociadas',NULL,NULL,1);
INSERT INTO `llx_accounting_account` VALUES (4571,1,NULL,'2016-08-10 17:40:35','PCG08-PYME','COMPRAS_GASTOS','XXXXXX',6642,4568,'Dividendos de pasivos otras partes vinculadas',NULL,NULL,1);
INSERT INTO `llx_accounting_account` VALUES (4572,1,NULL,'2016-08-10 17:40:35','PCG08-PYME','COMPRAS_GASTOS','XXXXXX',6643,4568,'Dividendos de pasivos otras empresas',NULL,NULL,1);
INSERT INTO `llx_accounting_account` VALUES (4573,1,NULL,'2016-08-10 17:40:35','PCG08-PYME','COMPRAS_GASTOS','XXXXXX',665,4550,'Intereses por descuento de efectos y operaciones de factoring',NULL,NULL,1);
INSERT INTO `llx_accounting_account` VALUES (4574,1,NULL,'2016-08-10 17:40:35','PCG08-PYME','COMPRAS_GASTOS','XXXXXX',6650,4573,'Intereses por descuento de efectos en entidades de crédito del grupo',NULL,NULL,1);
INSERT INTO `llx_accounting_account` VALUES (4575,1,NULL,'2016-08-10 17:40:35','PCG08-PYME','COMPRAS_GASTOS','XXXXXX',6651,4573,'Intereses por descuento de efectos en entidades de crédito asociadas',NULL,NULL,1);
INSERT INTO `llx_accounting_account` VALUES (4576,1,NULL,'2016-08-10 17:40:35','PCG08-PYME','COMPRAS_GASTOS','XXXXXX',6652,4573,'Intereses por descuento de efectos en entidades de crédito vinculadas',NULL,NULL,1);
INSERT INTO `llx_accounting_account` VALUES (4577,1,NULL,'2016-08-10 17:40:35','PCG08-PYME','COMPRAS_GASTOS','XXXXXX',6653,4573,'Intereses por descuento de efectos en otras entidades de crédito',NULL,NULL,1);
INSERT INTO `llx_accounting_account` VALUES (4578,1,NULL,'2016-08-10 17:40:35','PCG08-PYME','COMPRAS_GASTOS','XXXXXX',6654,4573,'Intereses por operaciones de factoring con entidades de crédito del grupo',NULL,NULL,1);
INSERT INTO `llx_accounting_account` VALUES (4579,1,NULL,'2016-08-10 17:40:35','PCG08-PYME','COMPRAS_GASTOS','XXXXXX',6655,4573,'Intereses por operaciones de factoring con entidades de crédito asociadas',NULL,NULL,1);
INSERT INTO `llx_accounting_account` VALUES (4580,1,NULL,'2016-08-10 17:40:35','PCG08-PYME','COMPRAS_GASTOS','XXXXXX',6656,4573,'Intereses por operaciones de factoring con otras entidades de crédito vinculadas',NULL,NULL,1);
INSERT INTO `llx_accounting_account` VALUES (4581,1,NULL,'2016-08-10 17:40:35','PCG08-PYME','COMPRAS_GASTOS','XXXXXX',6657,4573,'Intereses por operaciones de factoring con otras entidades de crédito',NULL,NULL,1);
INSERT INTO `llx_accounting_account` VALUES (4582,1,NULL,'2016-08-10 17:40:35','PCG08-PYME','COMPRAS_GASTOS','XXXXXX',666,4550,'Pérdidas en participaciones y valores representativos de deuda',NULL,NULL,1);
INSERT INTO `llx_accounting_account` VALUES (4583,1,NULL,'2016-08-10 17:40:35','PCG08-PYME','COMPRAS_GASTOS','XXXXXX',6660,4582,'Pérdidas en valores representativos de deuda a largo plazo empresas del grupo',NULL,NULL,1);
INSERT INTO `llx_accounting_account` VALUES (4584,1,NULL,'2016-08-10 17:40:35','PCG08-PYME','COMPRAS_GASTOS','XXXXXX',6661,4582,'Pérdidas en valores representativos de deuda a largo plazo empresas asociadas',NULL,NULL,1);
INSERT INTO `llx_accounting_account` VALUES (4585,1,NULL,'2016-08-10 17:40:35','PCG08-PYME','COMPRAS_GASTOS','XXXXXX',6662,4582,'Pérdidas en valores representativos de deuda a largo plazo otras partes vinculadas',NULL,NULL,1);
INSERT INTO `llx_accounting_account` VALUES (4586,1,NULL,'2016-08-10 17:40:35','PCG08-PYME','COMPRAS_GASTOS','XXXXXX',6663,4582,'Pérdidas en participaciones y valores representativos de deuda a largo plazo otras empresas',NULL,NULL,1);
INSERT INTO `llx_accounting_account` VALUES (4587,1,NULL,'2016-08-10 17:40:35','PCG08-PYME','COMPRAS_GASTOS','XXXXXX',6665,4582,'Pérdidas en participaciones y valores representativos de deuda a corto plazo empresas del grupo',NULL,NULL,1);
INSERT INTO `llx_accounting_account` VALUES (4588,1,NULL,'2016-08-10 17:40:35','PCG08-PYME','COMPRAS_GASTOS','XXXXXX',6666,4582,'Pérdidas en participaciones y valores representativos de deuda a corto plazo empresas asociadas',NULL,NULL,1);
INSERT INTO `llx_accounting_account` VALUES (4589,1,NULL,'2016-08-10 17:40:35','PCG08-PYME','COMPRAS_GASTOS','XXXXXX',6667,4582,'Pérdidas en valores representativos de deuda a corto plazo otras partes vinculadas',NULL,NULL,1);
INSERT INTO `llx_accounting_account` VALUES (4590,1,NULL,'2016-08-10 17:40:35','PCG08-PYME','COMPRAS_GASTOS','XXXXXX',6668,4582,'Pérdidas en valores representativos de deuda a corto plazo otras empresas',NULL,NULL,1);
INSERT INTO `llx_accounting_account` VALUES (4591,1,NULL,'2016-08-10 17:40:35','PCG08-PYME','COMPRAS_GASTOS','XXXXXX',667,4550,'Pérdidas de créditos no comerciales',NULL,NULL,1);
INSERT INTO `llx_accounting_account` VALUES (4592,1,NULL,'2016-08-10 17:40:35','PCG08-PYME','COMPRAS_GASTOS','XXXXXX',6670,4591,'Pérdidas de créditos a largo plazo empresas del grupo',NULL,NULL,1);
INSERT INTO `llx_accounting_account` VALUES (4593,1,NULL,'2016-08-10 17:40:35','PCG08-PYME','COMPRAS_GASTOS','XXXXXX',6671,4591,'Pérdidas de créditos a largo plazo empresas asociadas',NULL,NULL,1);
INSERT INTO `llx_accounting_account` VALUES (4594,1,NULL,'2016-08-10 17:40:35','PCG08-PYME','COMPRAS_GASTOS','XXXXXX',6672,4591,'Pérdidas de créditos a largo plazo otras partes vinculadas',NULL,NULL,1);
INSERT INTO `llx_accounting_account` VALUES (4595,1,NULL,'2016-08-10 17:40:35','PCG08-PYME','COMPRAS_GASTOS','XXXXXX',6673,4591,'Pérdidas de créditos a largo plazo otras empresas',NULL,NULL,1);
INSERT INTO `llx_accounting_account` VALUES (4596,1,NULL,'2016-08-10 17:40:35','PCG08-PYME','COMPRAS_GASTOS','XXXXXX',6675,4591,'Pérdidas de créditos a corto plazo empresas del grupo',NULL,NULL,1);
INSERT INTO `llx_accounting_account` VALUES (4597,1,NULL,'2016-08-10 17:40:35','PCG08-PYME','COMPRAS_GASTOS','XXXXXX',6676,4591,'Pérdidas de créditos a corto plazo empresas asociadas',NULL,NULL,1);
INSERT INTO `llx_accounting_account` VALUES (4598,1,NULL,'2016-08-10 17:40:35','PCG08-PYME','COMPRAS_GASTOS','XXXXXX',6677,4591,'Pérdidas de créditos a corto plazo otras partes vinculadas',NULL,NULL,1);
INSERT INTO `llx_accounting_account` VALUES (4599,1,NULL,'2016-08-10 17:40:35','PCG08-PYME','COMPRAS_GASTOS','XXXXXX',6678,4591,'Pérdidas de créditos a corto plazo otras empresas',NULL,NULL,1);
INSERT INTO `llx_accounting_account` VALUES (4600,1,NULL,'2016-08-10 17:40:35','PCG08-PYME','COMPRAS_GASTOS','XXXXXX',668,4550,'Diferencias negativas de cambio',NULL,NULL,1);
INSERT INTO `llx_accounting_account` VALUES (4601,1,NULL,'2016-08-10 17:40:35','PCG08-PYME','COMPRAS_GASTOS','XXXXXX',669,4550,'Otros gastos financieros',NULL,NULL,1);
INSERT INTO `llx_accounting_account` VALUES (4602,1,NULL,'2016-08-10 17:40:35','PCG08-PYME','COMPRAS_GASTOS','XXXXXX',67,4006,'Pérdidas procedentes de activos no corrientes y gastos excepcionales',NULL,NULL,1);
INSERT INTO `llx_accounting_account` VALUES (4603,1,NULL,'2016-08-10 17:40:35','PCG08-PYME','COMPRAS_GASTOS','XXXXXX',670,4602,'Pérdidas procedentes del inmovilizado intangible',NULL,NULL,1);
INSERT INTO `llx_accounting_account` VALUES (4604,1,NULL,'2016-08-10 17:40:35','PCG08-PYME','COMPRAS_GASTOS','XXXXXX',671,4602,'Pérdidas procedentes del inmovilizado material',NULL,NULL,1);
INSERT INTO `llx_accounting_account` VALUES (4605,1,NULL,'2016-08-10 17:40:35','PCG08-PYME','COMPRAS_GASTOS','XXXXXX',672,4602,'Pérdidas procedentes de las inversiones inmobiliarias',NULL,NULL,1);
INSERT INTO `llx_accounting_account` VALUES (4607,1,NULL,'2016-08-10 17:40:35','PCG08-PYME','COMPRAS_GASTOS','XXXXXX',673,4602,'Pérdidas procedentes de participaciones a largo plazo en partes vinculadas',NULL,NULL,1);
INSERT INTO `llx_accounting_account` VALUES (4608,1,NULL,'2016-08-10 17:40:35','PCG08-PYME','COMPRAS_GASTOS','XXXXXX',6733,4607,'Pérdidas procedentes de participaciones a largo plazo empresas del grupo',NULL,NULL,1);
INSERT INTO `llx_accounting_account` VALUES (4609,1,NULL,'2016-08-10 17:40:35','PCG08-PYME','COMPRAS_GASTOS','XXXXXX',6734,4607,'Pérdidas procedentes de participaciones a largo plazo empresas asociadas',NULL,NULL,1);
INSERT INTO `llx_accounting_account` VALUES (4610,1,NULL,'2016-08-10 17:40:35','PCG08-PYME','COMPRAS_GASTOS','XXXXXX',6735,4607,'Pérdidas procedentes de participaciones a largo plazo otras partes vinculadas',NULL,NULL,1);
INSERT INTO `llx_accounting_account` VALUES (4611,1,NULL,'2016-08-10 17:40:35','PCG08-PYME','COMPRAS_GASTOS','XXXXXX',675,4602,'Pérdidas por operaciones con obligaciones propias',NULL,NULL,1);
INSERT INTO `llx_accounting_account` VALUES (4612,1,NULL,'2016-08-10 17:40:35','PCG08-PYME','COMPRAS_GASTOS','XXXXXX',678,4602,'Gastos excepcionales',NULL,NULL,1);
INSERT INTO `llx_accounting_account` VALUES (4613,1,NULL,'2016-08-10 17:40:35','PCG08-PYME','COMPRAS_GASTOS','XXXXXX',68,4006,'Dotaciones para amortizaciones',NULL,NULL,1);
INSERT INTO `llx_accounting_account` VALUES (4614,1,NULL,'2016-08-10 17:40:35','PCG08-PYME','COMPRAS_GASTOS','XXXXXX',680,4613,'Amortización del inmovilizado intangible',NULL,NULL,1);
INSERT INTO `llx_accounting_account` VALUES (4615,1,NULL,'2016-08-10 17:40:35','PCG08-PYME','COMPRAS_GASTOS','XXXXXX',681,4613,'Amortización del inmovilizado material',NULL,NULL,1);
INSERT INTO `llx_accounting_account` VALUES (4616,1,NULL,'2016-08-10 17:40:35','PCG08-PYME','COMPRAS_GASTOS','XXXXXX',682,4613,'Amortización de las inversiones inmobiliarias',NULL,NULL,1);
INSERT INTO `llx_accounting_account` VALUES (4617,1,NULL,'2016-08-10 17:40:35','PCG08-PYME','COMPRAS_GASTOS','XXXXXX',69,4006,'Pérdidas por deterioro y otras dotaciones',NULL,NULL,1);
INSERT INTO `llx_accounting_account` VALUES (4618,1,NULL,'2016-08-10 17:40:35','PCG08-PYME','COMPRAS_GASTOS','XXXXXX',690,4617,'Pérdidas por deterioro del inmovilizado intangible',NULL,NULL,1);
INSERT INTO `llx_accounting_account` VALUES (4619,1,NULL,'2016-08-10 17:40:35','PCG08-PYME','COMPRAS_GASTOS','XXXXXX',691,4617,'Pérdidas por deterioro del inmovilizado material',NULL,NULL,1);
INSERT INTO `llx_accounting_account` VALUES (4620,1,NULL,'2016-08-10 17:40:35','PCG08-PYME','COMPRAS_GASTOS','XXXXXX',692,4617,'Pérdidas por deterioro de las inversiones inmobiliarias',NULL,NULL,1);
INSERT INTO `llx_accounting_account` VALUES (4621,1,NULL,'2016-08-10 17:40:35','PCG08-PYME','COMPRAS_GASTOS','XXXXXX',693,4617,'Pérdidas por deterioro de existencias',NULL,NULL,1);
INSERT INTO `llx_accounting_account` VALUES (4622,1,NULL,'2016-08-10 17:40:35','PCG08-PYME','COMPRAS_GASTOS','XXXXXX',6930,4621,'Pérdidas por deterioro de productos terminados y en curso de fabricación',NULL,NULL,1);
INSERT INTO `llx_accounting_account` VALUES (4623,1,NULL,'2016-08-10 17:40:35','PCG08-PYME','COMPRAS_GASTOS','XXXXXX',6931,4621,'Pérdidas por deterioro de mercaderías',NULL,NULL,1);
INSERT INTO `llx_accounting_account` VALUES (4624,1,NULL,'2016-08-10 17:40:35','PCG08-PYME','COMPRAS_GASTOS','XXXXXX',6932,4621,'Pérdidas por deterioro de materias primas',NULL,NULL,1);
INSERT INTO `llx_accounting_account` VALUES (4625,1,NULL,'2016-08-10 17:40:35','PCG08-PYME','COMPRAS_GASTOS','XXXXXX',6933,4621,'Pérdidas por deterioro de otros aprovisionamientos',NULL,NULL,1);
INSERT INTO `llx_accounting_account` VALUES (4626,1,NULL,'2016-08-10 17:40:35','PCG08-PYME','COMPRAS_GASTOS','XXXXXX',694,4617,'Pérdidas por deterioro de créditos por operaciones comerciales',NULL,NULL,1);
INSERT INTO `llx_accounting_account` VALUES (4627,1,NULL,'2016-08-10 17:40:35','PCG08-PYME','COMPRAS_GASTOS','XXXXXX',695,4617,'Dotación a la provisión por operaciones comerciales',NULL,NULL,1);
INSERT INTO `llx_accounting_account` VALUES (4628,1,NULL,'2016-08-10 17:40:35','PCG08-PYME','COMPRAS_GASTOS','XXXXXX',6954,4627,'Dotación a la provisión por contratos onerosos',NULL,NULL,1);
INSERT INTO `llx_accounting_account` VALUES (4629,1,NULL,'2016-08-10 17:40:35','PCG08-PYME','COMPRAS_GASTOS','XXXXXX',6959,4628,'Dotación a la provisión para otras operaciones comerciales',NULL,NULL,1);
INSERT INTO `llx_accounting_account` VALUES (4630,1,NULL,'2016-08-10 17:40:35','PCG08-PYME','COMPRAS_GASTOS','XXXXXX',696,4617,'Pérdidas por deterioro de participaciones y valores representativos de deuda a largo plazo',NULL,NULL,1);
INSERT INTO `llx_accounting_account` VALUES (4631,1,NULL,'2016-08-10 17:40:35','PCG08-PYME','COMPRAS_GASTOS','XXXXXX',6960,4630,'Pérdidas por deterioro de participaciones en instrumentos de patrimonio neto a largo plazo empresas del grupo',NULL,NULL,1);
INSERT INTO `llx_accounting_account` VALUES (4632,1,NULL,'2016-08-10 17:40:35','PCG08-PYME','COMPRAS_GASTOS','XXXXXX',6961,4630,'Pérdidas por deterioro de participaciones en instrumentos de patrimonio neto a largo plazo empresas asociadas',NULL,NULL,1);
INSERT INTO `llx_accounting_account` VALUES (4633,1,NULL,'2016-08-10 17:40:35','PCG08-PYME','COMPRAS_GASTOS','XXXXXX',6962,4630,'Pérdidas por deterioro de participaciones en instrumentos de patrimonio neto a largo plazo otras partes vinculadas',NULL,NULL,1);
INSERT INTO `llx_accounting_account` VALUES (4634,1,NULL,'2016-08-10 17:40:35','PCG08-PYME','COMPRAS_GASTOS','XXXXXX',6963,4630,'Pérdidas por deterioro de participaciones en instrumentos de patrimonio neto a largo plazo otras empresas',NULL,NULL,1);
INSERT INTO `llx_accounting_account` VALUES (4635,1,NULL,'2016-08-10 17:40:35','PCG08-PYME','COMPRAS_GASTOS','XXXXXX',6965,4630,'Pérdidas por deterioro en valores representativos de deuda a largo plazo empresas del grupo',NULL,NULL,1);
INSERT INTO `llx_accounting_account` VALUES (4636,1,NULL,'2016-08-10 17:40:35','PCG08-PYME','COMPRAS_GASTOS','XXXXXX',6966,4630,'Pérdidas por deterioro en valores representativos de deuda a largo plazo empresas asociadas',NULL,NULL,1);
INSERT INTO `llx_accounting_account` VALUES (4637,1,NULL,'2016-08-10 17:40:35','PCG08-PYME','COMPRAS_GASTOS','XXXXXX',6967,4630,'Pérdidas por deterioro en valores representativos de deuda a largo plazo otras partes vinculadas',NULL,NULL,1);
INSERT INTO `llx_accounting_account` VALUES (4638,1,NULL,'2016-08-10 17:40:35','PCG08-PYME','COMPRAS_GASTOS','XXXXXX',6968,4630,'Pérdidas por deterioro en valores representativos de deuda a largo plazo otras empresas',NULL,NULL,1);
INSERT INTO `llx_accounting_account` VALUES (4639,1,NULL,'2016-08-10 17:40:35','PCG08-PYME','COMPRAS_GASTOS','XXXXXX',697,4617,'Pérdidas por deterioro de créditos a largo plazo',NULL,NULL,1);
INSERT INTO `llx_accounting_account` VALUES (4640,1,NULL,'2016-08-10 17:40:35','PCG08-PYME','COMPRAS_GASTOS','XXXXXX',6970,4639,'Pérdidas por deterioro de créditos a largo plazo empresas del grupo',NULL,NULL,1);
INSERT INTO `llx_accounting_account` VALUES (4641,1,NULL,'2016-08-10 17:40:35','PCG08-PYME','COMPRAS_GASTOS','XXXXXX',6971,4639,'Pérdidas por deterioro de créditos a largo plazo empresas asociadas',NULL,NULL,1);
INSERT INTO `llx_accounting_account` VALUES (4642,1,NULL,'2016-08-10 17:40:35','PCG08-PYME','COMPRAS_GASTOS','XXXXXX',6972,4639,'Pérdidas por deterioro de créditos a largo plazo otras partes vinculadas',NULL,NULL,1);
INSERT INTO `llx_accounting_account` VALUES (4643,1,NULL,'2016-08-10 17:40:35','PCG08-PYME','COMPRAS_GASTOS','XXXXXX',6973,4639,'Pérdidas por deterioro de créditos a largo plazo otras empresas',NULL,NULL,1);
INSERT INTO `llx_accounting_account` VALUES (4644,1,NULL,'2016-08-10 17:40:35','PCG08-PYME','COMPRAS_GASTOS','XXXXXX',698,4617,'Pérdidas por deterioro de participaciones y valores representativos de deuda a corto plazo',NULL,NULL,1);
INSERT INTO `llx_accounting_account` VALUES (4645,1,NULL,'2016-08-10 17:40:35','PCG08-PYME','COMPRAS_GASTOS','XXXXXX',6980,4644,'Pérdidas por deterioro de participaciones en instrumentos de patrimonio neto a corto plazo empresas del grupo',NULL,NULL,1);
INSERT INTO `llx_accounting_account` VALUES (4646,1,NULL,'2016-08-10 17:40:35','PCG08-PYME','COMPRAS_GASTOS','XXXXXX',6981,4644,'Pérdidas por deterioro de participaciones en instrumentos de patrimonio neto a corto plazo empresas asociadas',NULL,NULL,1);
INSERT INTO `llx_accounting_account` VALUES (4647,1,NULL,'2016-08-10 17:40:35','PCG08-PYME','COMPRAS_GASTOS','XXXXXX',6985,4644,'Pérdidas por deterioro en valores representativos de deuda a corto plazo empresas del grupo',NULL,NULL,1);
INSERT INTO `llx_accounting_account` VALUES (4648,1,NULL,'2016-08-10 17:40:35','PCG08-PYME','COMPRAS_GASTOS','XXXXXX',6986,4644,'Pérdidas por deterioro en valores representativos de deuda a corto plazo empresas asociadas',NULL,NULL,1);
INSERT INTO `llx_accounting_account` VALUES (4649,1,NULL,'2016-08-10 17:40:35','PCG08-PYME','COMPRAS_GASTOS','XXXXXX',6988,4644,'Pérdidas por deterioro en valores representativos de deuda a corto plazo de otras empresas',NULL,NULL,1);
INSERT INTO `llx_accounting_account` VALUES (4650,1,NULL,'2016-08-10 17:40:35','PCG08-PYME','COMPRAS_GASTOS','XXXXXX',699,4617,'Pérdidas por deterioro de crédito a corto plazo',NULL,NULL,1);
INSERT INTO `llx_accounting_account` VALUES (4651,1,NULL,'2016-08-10 17:40:35','PCG08-PYME','COMPRAS_GASTOS','XXXXXX',6990,4650,'Pérdidas por deterioro de crédito a corto plazo empresas del grupo',NULL,NULL,1);
INSERT INTO `llx_accounting_account` VALUES (4652,1,NULL,'2016-08-10 17:40:35','PCG08-PYME','COMPRAS_GASTOS','XXXXXX',6991,4650,'Pérdidas por deterioro de crédito a corto plazo empresas asociadas',NULL,NULL,1);
INSERT INTO `llx_accounting_account` VALUES (4653,1,NULL,'2016-08-10 17:40:35','PCG08-PYME','COMPRAS_GASTOS','XXXXXX',6992,4650,'Pérdidas por deterioro de crédito a corto plazo otras partes vinculadas',NULL,NULL,1);
INSERT INTO `llx_accounting_account` VALUES (4654,1,NULL,'2016-08-10 17:40:35','PCG08-PYME','COMPRAS_GASTOS','XXXXXX',6993,4650,'Pérdidas por deterioro de crédito a corto plazo otras empresas',NULL,NULL,1);
INSERT INTO `llx_accounting_account` VALUES (4655,1,NULL,'2016-08-10 17:40:35','PCG08-PYME','VENTAS_E_INGRESOS','XXXXXX',70,4007,'Ventas',NULL,NULL,1);
INSERT INTO `llx_accounting_account` VALUES (4656,1,NULL,'2016-08-10 17:40:35','PCG08-PYME','VENTAS_E_INGRESOS','VENTAS',700,4655,'Ventas de mercaderías',NULL,NULL,1);
INSERT INTO `llx_accounting_account` VALUES (4657,1,NULL,'2016-08-10 17:40:35','PCG08-PYME','VENTAS_E_INGRESOS','VENTAS',701,4655,'Ventas de productos terminados',NULL,NULL,1);
INSERT INTO `llx_accounting_account` VALUES (4658,1,NULL,'2016-08-10 17:40:35','PCG08-PYME','VENTAS_E_INGRESOS','XXXXXX',702,4655,'Ventas de productos semiterminados',NULL,NULL,1);
INSERT INTO `llx_accounting_account` VALUES (4659,1,NULL,'2016-08-10 17:40:35','PCG08-PYME','VENTAS_E_INGRESOS','XXXXXX',703,4655,'Ventas de subproductos y residuos',NULL,NULL,1);
INSERT INTO `llx_accounting_account` VALUES (4660,1,NULL,'2016-08-10 17:40:35','PCG08-PYME','VENTAS_E_INGRESOS','XXXXXX',704,4655,'Ventas de envases y embalajes',NULL,NULL,1);
INSERT INTO `llx_accounting_account` VALUES (4661,1,NULL,'2016-08-10 17:40:35','PCG08-PYME','VENTAS_E_INGRESOS','VENTAS',705,4655,'Prestaciones de servicios',NULL,NULL,1);
INSERT INTO `llx_accounting_account` VALUES (4662,1,NULL,'2016-08-10 17:40:35','PCG08-PYME','VENTAS_E_INGRESOS','XXXXXX',706,4655,'Descuentos sobre ventas por pronto pago',NULL,NULL,1);
INSERT INTO `llx_accounting_account` VALUES (4663,1,NULL,'2016-08-10 17:40:35','PCG08-PYME','VENTAS_E_INGRESOS','XXXXXX',7060,4662,'Descuentos sobre ventas por pronto pago de mercaderías',NULL,NULL,1);
INSERT INTO `llx_accounting_account` VALUES (4664,1,NULL,'2016-08-10 17:40:35','PCG08-PYME','VENTAS_E_INGRESOS','XXXXXX',7061,4662,'Descuentos sobre ventas por pronto pago de productos terminados',NULL,NULL,1);
INSERT INTO `llx_accounting_account` VALUES (4665,1,NULL,'2016-08-10 17:40:35','PCG08-PYME','VENTAS_E_INGRESOS','XXXXXX',7062,4662,'Descuentos sobre ventas por pronto pago de productos semiterminados',NULL,NULL,1);
INSERT INTO `llx_accounting_account` VALUES (4666,1,NULL,'2016-08-10 17:40:35','PCG08-PYME','VENTAS_E_INGRESOS','XXXXXX',7063,4662,'Descuentos sobre ventas por pronto pago de subproductos y residuos',NULL,NULL,1);
INSERT INTO `llx_accounting_account` VALUES (4667,1,NULL,'2016-08-10 17:40:35','PCG08-PYME','VENTAS_E_INGRESOS','XXXXXX',708,4655,'Devoluciones de ventas y operacioes similares',NULL,NULL,1);
INSERT INTO `llx_accounting_account` VALUES (4668,1,NULL,'2016-08-10 17:40:35','PCG08-PYME','VENTAS_E_INGRESOS','XXXXXX',7080,4667,'Devoluciones de ventas de mercaderías',NULL,NULL,1);
INSERT INTO `llx_accounting_account` VALUES (4669,1,NULL,'2016-08-10 17:40:35','PCG08-PYME','VENTAS_E_INGRESOS','XXXXXX',7081,4667,'Devoluciones de ventas de productos terminados',NULL,NULL,1);
INSERT INTO `llx_accounting_account` VALUES (4670,1,NULL,'2016-08-10 17:40:35','PCG08-PYME','VENTAS_E_INGRESOS','XXXXXX',7082,4667,'Devoluciones de ventas de productos semiterminados',NULL,NULL,1);
INSERT INTO `llx_accounting_account` VALUES (4671,1,NULL,'2016-08-10 17:40:35','PCG08-PYME','VENTAS_E_INGRESOS','XXXXXX',7083,4667,'Devoluciones de ventas de subproductos y residuos',NULL,NULL,1);
INSERT INTO `llx_accounting_account` VALUES (4672,1,NULL,'2016-08-10 17:40:35','PCG08-PYME','VENTAS_E_INGRESOS','XXXXXX',7084,4667,'Devoluciones de ventas de envases y embalajes',NULL,NULL,1);
INSERT INTO `llx_accounting_account` VALUES (4673,1,NULL,'2016-08-10 17:40:35','PCG08-PYME','VENTAS_E_INGRESOS','XXXXXX',71,4007,'Variación de existencias',NULL,NULL,1);
INSERT INTO `llx_accounting_account` VALUES (4674,1,NULL,'2016-08-10 17:40:35','PCG08-PYME','VENTAS_E_INGRESOS','XXXXXX',710,4673,'Variación de existencias de productos en curso',NULL,NULL,1);
INSERT INTO `llx_accounting_account` VALUES (4675,1,NULL,'2016-08-10 17:40:35','PCG08-PYME','VENTAS_E_INGRESOS','XXXXXX',711,4673,'Variación de existencias de productos semiterminados',NULL,NULL,1);
INSERT INTO `llx_accounting_account` VALUES (4676,1,NULL,'2016-08-10 17:40:35','PCG08-PYME','VENTAS_E_INGRESOS','XXXXXX',712,4673,'Variación de existencias de productos terminados',NULL,NULL,1);
INSERT INTO `llx_accounting_account` VALUES (4677,1,NULL,'2016-08-10 17:40:35','PCG08-PYME','VENTAS_E_INGRESOS','XXXXXX',713,4673,'Variación de existencias de subproductos, residuos y materiales recuperados',NULL,NULL,1);
INSERT INTO `llx_accounting_account` VALUES (4678,1,NULL,'2016-08-10 17:40:35','PCG08-PYME','VENTAS_E_INGRESOS','XXXXXX',73,4007,'Trabajos realizados para la empresa',NULL,NULL,1);
INSERT INTO `llx_accounting_account` VALUES (4679,1,NULL,'2016-08-10 17:40:35','PCG08-PYME','VENTAS_E_INGRESOS','XXXXXX',730,4678,'Trabajos realizados para el inmovilizado intangible',NULL,NULL,1);
INSERT INTO `llx_accounting_account` VALUES (4680,1,NULL,'2016-08-10 17:40:35','PCG08-PYME','VENTAS_E_INGRESOS','XXXXXX',731,4678,'Trabajos realizados para el inmovilizado tangible',NULL,NULL,1);
INSERT INTO `llx_accounting_account` VALUES (4681,1,NULL,'2016-08-10 17:40:35','PCG08-PYME','VENTAS_E_INGRESOS','XXXXXX',732,4678,'Trabajos realizados en inversiones inmobiliarias',NULL,NULL,1);
INSERT INTO `llx_accounting_account` VALUES (4682,1,NULL,'2016-08-10 17:40:35','PCG08-PYME','VENTAS_E_INGRESOS','XXXXXX',733,4678,'Trabajos realizados para el inmovilizado material en curso',NULL,NULL,1);
INSERT INTO `llx_accounting_account` VALUES (4683,1,NULL,'2016-08-10 17:40:35','PCG08-PYME','VENTAS_E_INGRESOS','XXXXXX',74,4007,'Subvenciones, donaciones y legados',NULL,NULL,1);
INSERT INTO `llx_accounting_account` VALUES (4684,1,NULL,'2016-08-10 17:40:35','PCG08-PYME','VENTAS_E_INGRESOS','XXXXXX',740,4683,'Subvenciones, donaciones y legados a la explotación',NULL,NULL,1);
INSERT INTO `llx_accounting_account` VALUES (4685,1,NULL,'2016-08-10 17:40:35','PCG08-PYME','VENTAS_E_INGRESOS','XXXXXX',746,4683,'Subvenciones, donaciones y legados de capital transferidos al resultado del ejercicio',NULL,NULL,1);
INSERT INTO `llx_accounting_account` VALUES (4686,1,NULL,'2016-08-10 17:40:35','PCG08-PYME','VENTAS_E_INGRESOS','XXXXXX',747,4683,'Otras subvenciones, donaciones y legados transferidos al resultado del ejercicio',NULL,NULL,1);
INSERT INTO `llx_accounting_account` VALUES (4687,1,NULL,'2016-08-10 17:40:35','PCG08-PYME','VENTAS_E_INGRESOS','XXXXXX',75,4007,'Otros ingresos de gestión',NULL,NULL,1);
INSERT INTO `llx_accounting_account` VALUES (4688,1,NULL,'2016-08-10 17:40:35','PCG08-PYME','VENTAS_E_INGRESOS','XXXXXX',751,4687,'Resultados de operaciones en común',NULL,NULL,1);
INSERT INTO `llx_accounting_account` VALUES (4689,1,NULL,'2016-08-10 17:40:35','PCG08-PYME','VENTAS_E_INGRESOS','XXXXXX',7510,4688,'Pérdida transferida gestor',NULL,NULL,1);
INSERT INTO `llx_accounting_account` VALUES (4690,1,NULL,'2016-08-10 17:40:35','PCG08-PYME','VENTAS_E_INGRESOS','XXXXXX',7511,4688,'Beneficio atribuido participe o asociado no gestor',NULL,NULL,1);
INSERT INTO `llx_accounting_account` VALUES (4691,1,NULL,'2016-08-10 17:40:35','PCG08-PYME','VENTAS_E_INGRESOS','XXXXXX',752,4687,'Ingreso por arrendamiento',NULL,NULL,1);
INSERT INTO `llx_accounting_account` VALUES (4692,1,NULL,'2016-08-10 17:40:35','PCG08-PYME','VENTAS_E_INGRESOS','XXXXXX',753,4687,'Ingresos de propiedad industrial cedida en explotación',NULL,NULL,1);
INSERT INTO `llx_accounting_account` VALUES (4693,1,NULL,'2016-08-10 17:40:35','PCG08-PYME','VENTAS_E_INGRESOS','XXXXXX',754,4687,'Ingresos por comisiones',NULL,NULL,1);
INSERT INTO `llx_accounting_account` VALUES (4694,1,NULL,'2016-08-10 17:40:35','PCG08-PYME','VENTAS_E_INGRESOS','XXXXXX',755,4687,'Ingresos por servicios al personal',NULL,NULL,1);
INSERT INTO `llx_accounting_account` VALUES (4695,1,NULL,'2016-08-10 17:40:35','PCG08-PYME','VENTAS_E_INGRESOS','XXXXXX',759,4687,'Ingresos por servicios diversos',NULL,NULL,1);
INSERT INTO `llx_accounting_account` VALUES (4696,1,NULL,'2016-08-10 17:40:35','PCG08-PYME','VENTAS_E_INGRESOS','XXXXXX',76,4007,'Ingresos financieros',NULL,NULL,1);
INSERT INTO `llx_accounting_account` VALUES (4697,1,NULL,'2016-08-10 17:40:35','PCG08-PYME','VENTAS_E_INGRESOS','XXXXXX',760,4696,'Ingresos de participaciones en instrumentos de patrimonio',NULL,NULL,1);
INSERT INTO `llx_accounting_account` VALUES (4698,1,NULL,'2016-08-10 17:40:35','PCG08-PYME','VENTAS_E_INGRESOS','XXXXXX',7600,4697,'Ingresos de participaciones en instrumentos de patrimonio empresas del grupo',NULL,NULL,1);
INSERT INTO `llx_accounting_account` VALUES (4699,1,NULL,'2016-08-10 17:40:35','PCG08-PYME','VENTAS_E_INGRESOS','XXXXXX',7601,4697,'Ingresos de participaciones en instrumentos de patrimonio empresas asociadas',NULL,NULL,1);
INSERT INTO `llx_accounting_account` VALUES (4700,1,NULL,'2016-08-10 17:40:35','PCG08-PYME','VENTAS_E_INGRESOS','XXXXXX',7602,4697,'Ingresos de participaciones en instrumentos de patrimonio otras partes asociadas',NULL,NULL,1);
INSERT INTO `llx_accounting_account` VALUES (4701,1,NULL,'2016-08-10 17:40:35','PCG08-PYME','VENTAS_E_INGRESOS','XXXXXX',7603,4697,'Ingresos de participaciones en instrumentos de patrimonio otras empresas',NULL,NULL,1);
INSERT INTO `llx_accounting_account` VALUES (4702,1,NULL,'2016-08-10 17:40:35','PCG08-PYME','VENTAS_E_INGRESOS','XXXXXX',761,4696,'Ingresos de valores representativos de deuda',NULL,NULL,1);
INSERT INTO `llx_accounting_account` VALUES (4703,1,NULL,'2016-08-10 17:40:35','PCG08-PYME','VENTAS_E_INGRESOS','XXXXXX',7610,4702,'Ingresos de valores representativos de deuda empresas del grupo',NULL,NULL,1);
INSERT INTO `llx_accounting_account` VALUES (4704,1,NULL,'2016-08-10 17:40:35','PCG08-PYME','VENTAS_E_INGRESOS','XXXXXX',7611,4702,'Ingresos de valores representativos de deuda empresas asociadas',NULL,NULL,1);
INSERT INTO `llx_accounting_account` VALUES (4705,1,NULL,'2016-08-10 17:40:35','PCG08-PYME','VENTAS_E_INGRESOS','XXXXXX',7612,4702,'Ingresos de valores representativos de deuda otras partes asociadas',NULL,NULL,1);
INSERT INTO `llx_accounting_account` VALUES (4706,1,NULL,'2016-08-10 17:40:35','PCG08-PYME','VENTAS_E_INGRESOS','XXXXXX',7613,4702,'Ingresos de valores representativos de deuda otras empresas',NULL,NULL,1);
INSERT INTO `llx_accounting_account` VALUES (4707,1,NULL,'2016-08-10 17:40:35','PCG08-PYME','VENTAS_E_INGRESOS','XXXXXX',762,4696,'Ingresos de créditos',NULL,NULL,1);
INSERT INTO `llx_accounting_account` VALUES (4708,1,NULL,'2016-08-10 17:40:35','PCG08-PYME','VENTAS_E_INGRESOS','XXXXXX',7620,4707,'Ingresos de créditos a largo plazo',NULL,NULL,1);
INSERT INTO `llx_accounting_account` VALUES (4709,1,NULL,'2016-08-10 17:40:35','PCG08-PYME','VENTAS_E_INGRESOS','XXXXXX',76200,4708,'Ingresos de crédito a largo plazo empresas del grupo',NULL,NULL,1);
INSERT INTO `llx_accounting_account` VALUES (4710,1,NULL,'2016-08-10 17:40:35','PCG08-PYME','VENTAS_E_INGRESOS','XXXXXX',76201,4708,'Ingresos de crédito a largo plazo empresas asociadas',NULL,NULL,1);
INSERT INTO `llx_accounting_account` VALUES (4711,1,NULL,'2016-08-10 17:40:35','PCG08-PYME','VENTAS_E_INGRESOS','XXXXXX',76202,4708,'Ingresos de crédito a largo plazo otras partes asociadas',NULL,NULL,1);
INSERT INTO `llx_accounting_account` VALUES (4712,1,NULL,'2016-08-10 17:40:35','PCG08-PYME','VENTAS_E_INGRESOS','XXXXXX',76203,4708,'Ingresos de crédito a largo plazo otras empresas',NULL,NULL,1);
INSERT INTO `llx_accounting_account` VALUES (4713,1,NULL,'2016-08-10 17:40:35','PCG08-PYME','VENTAS_E_INGRESOS','XXXXXX',7621,4707,'Ingresos de créditos a corto plazo',NULL,NULL,1);
INSERT INTO `llx_accounting_account` VALUES (4714,1,NULL,'2016-08-10 17:40:35','PCG08-PYME','VENTAS_E_INGRESOS','XXXXXX',76210,4713,'Ingresos de crédito a corto plazo empresas del grupo',NULL,NULL,1);
INSERT INTO `llx_accounting_account` VALUES (4715,1,NULL,'2016-08-10 17:40:35','PCG08-PYME','VENTAS_E_INGRESOS','XXXXXX',76211,4713,'Ingresos de crédito a corto plazo empresas asociadas',NULL,NULL,1);
INSERT INTO `llx_accounting_account` VALUES (4716,1,NULL,'2016-08-10 17:40:35','PCG08-PYME','VENTAS_E_INGRESOS','XXXXXX',76212,4713,'Ingresos de crédito a corto plazo otras partes asociadas',NULL,NULL,1);
INSERT INTO `llx_accounting_account` VALUES (4717,1,NULL,'2016-08-10 17:40:35','PCG08-PYME','VENTAS_E_INGRESOS','XXXXXX',76213,4713,'Ingresos de crédito a corto plazo otras empresas',NULL,NULL,1);
INSERT INTO `llx_accounting_account` VALUES (4718,1,NULL,'2016-08-10 17:40:35','PCG08-PYME','VENTAS_E_INGRESOS','XXXXXX',763,4696,'Beneficios por valorización de activos y pasivos financieros por su valor razonable',NULL,NULL,1);
INSERT INTO `llx_accounting_account` VALUES (4719,1,NULL,'2016-08-10 17:40:35','PCG08-PYME','VENTAS_E_INGRESOS','XXXXXX',766,4696,'Beneficios en participaciones y valores representativos de deuda',NULL,NULL,1);
INSERT INTO `llx_accounting_account` VALUES (4720,1,NULL,'2016-08-10 17:40:35','PCG08-PYME','VENTAS_E_INGRESOS','XXXXXX',7660,4719,'Beneficios en participaciones y valores representativos de deuda a largo plazo empresas del grupo',NULL,NULL,1);
INSERT INTO `llx_accounting_account` VALUES (4721,1,NULL,'2016-08-10 17:40:35','PCG08-PYME','VENTAS_E_INGRESOS','XXXXXX',7661,4719,'Beneficios en participaciones y valores representativos de deuda a largo plazo empresas asociadas',NULL,NULL,1);
INSERT INTO `llx_accounting_account` VALUES (4722,1,NULL,'2016-08-10 17:40:35','PCG08-PYME','VENTAS_E_INGRESOS','XXXXXX',7662,4719,'Beneficios en participaciones y valores representativos de deuda a largo plazo otras partes asociadas',NULL,NULL,1);
INSERT INTO `llx_accounting_account` VALUES (4723,1,NULL,'2016-08-10 17:40:35','PCG08-PYME','VENTAS_E_INGRESOS','XXXXXX',7663,4719,'Beneficios en participaciones y valores representativos de deuda a largo plazo otras empresas',NULL,NULL,1);
INSERT INTO `llx_accounting_account` VALUES (4724,1,NULL,'2016-08-10 17:40:35','PCG08-PYME','VENTAS_E_INGRESOS','XXXXXX',7665,4719,'Beneficios en participaciones y valores representativos de deuda a corto plazo empresas del grupo',NULL,NULL,1);
INSERT INTO `llx_accounting_account` VALUES (4725,1,NULL,'2016-08-10 17:40:35','PCG08-PYME','VENTAS_E_INGRESOS','XXXXXX',7666,4719,'Beneficios en participaciones y valores representativos de deuda a corto plazo empresas asociadas',NULL,NULL,1);
INSERT INTO `llx_accounting_account` VALUES (4726,1,NULL,'2016-08-10 17:40:35','PCG08-PYME','VENTAS_E_INGRESOS','XXXXXX',7667,4719,'Beneficios en participaciones y valores representativos de deuda a corto plazo otras partes asociadas',NULL,NULL,1);
INSERT INTO `llx_accounting_account` VALUES (4727,1,NULL,'2016-08-10 17:40:35','PCG08-PYME','VENTAS_E_INGRESOS','XXXXXX',7668,4719,'Beneficios en participaciones y valores representativos de deuda a corto plazo otras empresas',NULL,NULL,1);
INSERT INTO `llx_accounting_account` VALUES (4728,1,NULL,'2016-08-10 17:40:35','PCG08-PYME','VENTAS_E_INGRESOS','XXXXXX',768,4696,'Diferencias positivas de cambio',NULL,NULL,1);
INSERT INTO `llx_accounting_account` VALUES (4729,1,NULL,'2016-08-10 17:40:35','PCG08-PYME','VENTAS_E_INGRESOS','XXXXXX',769,4696,'Otros ingresos financieros',NULL,NULL,1);
INSERT INTO `llx_accounting_account` VALUES (4730,1,NULL,'2016-08-10 17:40:35','PCG08-PYME','VENTAS_E_INGRESOS','XXXXXX',77,4007,'Beneficios procedentes de activos no corrientes e ingresos excepcionales',NULL,NULL,1);
INSERT INTO `llx_accounting_account` VALUES (4731,1,NULL,'2016-08-10 17:40:35','PCG08-PYME','VENTAS_E_INGRESOS','XXXXXX',770,4730,'Beneficios procedentes del inmovilizado intangible',NULL,NULL,1);
INSERT INTO `llx_accounting_account` VALUES (4732,1,NULL,'2016-08-10 17:40:35','PCG08-PYME','VENTAS_E_INGRESOS','XXXXXX',771,4730,'Beneficios procedentes del inmovilizado material',NULL,NULL,1);
INSERT INTO `llx_accounting_account` VALUES (4733,1,NULL,'2016-08-10 17:40:35','PCG08-PYME','VENTAS_E_INGRESOS','XXXXXX',772,4730,'Beneficios procedentes de las inversiones inmobiliarias',NULL,NULL,1);
INSERT INTO `llx_accounting_account` VALUES (4734,1,NULL,'2016-08-10 17:40:35','PCG08-PYME','VENTAS_E_INGRESOS','XXXXXX',773,4730,'Beneficios procedentes de participaciones a largo plazo en partes vinculadas',NULL,NULL,1);
INSERT INTO `llx_accounting_account` VALUES (4735,1,NULL,'2016-08-10 17:40:35','PCG08-PYME','VENTAS_E_INGRESOS','XXXXXX',7733,4734,'Beneficios procedentes de participaciones a largo plazo empresas del grupo',NULL,NULL,1);
INSERT INTO `llx_accounting_account` VALUES (4736,1,NULL,'2016-08-10 17:40:35','PCG08-PYME','VENTAS_E_INGRESOS','XXXXXX',7734,4734,'Beneficios procedentes de participaciones a largo plazo empresas asociadas',NULL,NULL,1);
INSERT INTO `llx_accounting_account` VALUES (4737,1,NULL,'2016-08-10 17:40:35','PCG08-PYME','VENTAS_E_INGRESOS','XXXXXX',7735,4734,'Beneficios procedentes de participaciones a largo plazo otras partes vinculadas',NULL,NULL,1);
INSERT INTO `llx_accounting_account` VALUES (4738,1,NULL,'2016-08-10 17:40:35','PCG08-PYME','VENTAS_E_INGRESOS','XXXXXX',775,4730,'Beneficios por operaciones con obligaciones propias',NULL,NULL,1);
INSERT INTO `llx_accounting_account` VALUES (4739,1,NULL,'2016-08-10 17:40:35','PCG08-PYME','VENTAS_E_INGRESOS','XXXXXX',778,4730,'Ingresos excepcionales',NULL,NULL,1);
INSERT INTO `llx_accounting_account` VALUES (4741,1,NULL,'2016-08-10 17:40:35','PCG08-PYME','VENTAS_E_INGRESOS','XXXXXX',79,4007,'Excesos y aplicaciones de provisiones y pérdidas por deterioro',NULL,NULL,1);
INSERT INTO `llx_accounting_account` VALUES (4742,1,NULL,'2016-08-10 17:40:35','PCG08-PYME','VENTAS_E_INGRESOS','XXXXXX',790,4741,'Revisión del deterioro del inmovilizado intangible',NULL,NULL,1);
INSERT INTO `llx_accounting_account` VALUES (4743,1,NULL,'2016-08-10 17:40:35','PCG08-PYME','VENTAS_E_INGRESOS','XXXXXX',791,4741,'Revisión del deterioro del inmovilizado material',NULL,NULL,1);
INSERT INTO `llx_accounting_account` VALUES (4744,1,NULL,'2016-08-10 17:40:35','PCG08-PYME','VENTAS_E_INGRESOS','XXXXXX',792,4741,'Revisión del deterioro de las inversiones inmobiliarias',NULL,NULL,1);
INSERT INTO `llx_accounting_account` VALUES (4745,1,NULL,'2016-08-10 17:40:35','PCG08-PYME','VENTAS_E_INGRESOS','XXXXXX',793,4741,'Revisión del deterioro de las existencias',NULL,NULL,1);
INSERT INTO `llx_accounting_account` VALUES (4746,1,NULL,'2016-08-10 17:40:35','PCG08-PYME','VENTAS_E_INGRESOS','XXXXXX',7930,4745,'Revisión del deterioro de productos terminados y en curso de fabricación',NULL,NULL,1);
INSERT INTO `llx_accounting_account` VALUES (4747,1,NULL,'2016-08-10 17:40:35','PCG08-PYME','VENTAS_E_INGRESOS','XXXXXX',7931,4745,'Revisión del deterioro de mercaderías',NULL,NULL,1);
INSERT INTO `llx_accounting_account` VALUES (4748,1,NULL,'2016-08-10 17:40:35','PCG08-PYME','VENTAS_E_INGRESOS','XXXXXX',7932,4745,'Revisión del deterioro de materias primas',NULL,NULL,1);
INSERT INTO `llx_accounting_account` VALUES (4749,1,NULL,'2016-08-10 17:40:35','PCG08-PYME','VENTAS_E_INGRESOS','XXXXXX',7933,4745,'Revisión del deterioro de otros aprovisionamientos',NULL,NULL,1);
INSERT INTO `llx_accounting_account` VALUES (4750,1,NULL,'2016-08-10 17:40:35','PCG08-PYME','VENTAS_E_INGRESOS','XXXXXX',794,4741,'Revisión del deterioro de créditos por operaciones comerciales',NULL,NULL,1);
INSERT INTO `llx_accounting_account` VALUES (4751,1,NULL,'2016-08-10 17:40:35','PCG08-PYME','VENTAS_E_INGRESOS','XXXXXX',795,4741,'Exceso de provisiones',NULL,NULL,1);
INSERT INTO `llx_accounting_account` VALUES (4752,1,NULL,'2016-08-10 17:40:35','PCG08-PYME','VENTAS_E_INGRESOS','XXXXXX',7951,4751,'Exceso de provisión para impuestos',NULL,NULL,1);
INSERT INTO `llx_accounting_account` VALUES (4753,1,NULL,'2016-08-10 17:40:35','PCG08-PYME','VENTAS_E_INGRESOS','XXXXXX',7952,4751,'Exceso de provisión para otras responsabilidades',NULL,NULL,1);
INSERT INTO `llx_accounting_account` VALUES (4755,1,NULL,'2016-08-10 17:40:35','PCG08-PYME','VENTAS_E_INGRESOS','XXXXXX',7954,4751,'Exceso de provisión para operaciones comerciales',NULL,NULL,1);
INSERT INTO `llx_accounting_account` VALUES (4756,1,NULL,'2016-08-10 17:40:35','PCG08-PYME','VENTAS_E_INGRESOS','XXXXXX',79544,4755,'Exceso de provisión por contratos onerosos',NULL,NULL,1);
INSERT INTO `llx_accounting_account` VALUES (4757,1,NULL,'2016-08-10 17:40:35','PCG08-PYME','VENTAS_E_INGRESOS','XXXXXX',79549,4755,'Exceso de provisión para otras operaciones comerciales',NULL,NULL,1);
INSERT INTO `llx_accounting_account` VALUES (4758,1,NULL,'2016-08-10 17:40:35','PCG08-PYME','VENTAS_E_INGRESOS','XXXXXX',7955,4751,'Exceso de provisión para actuaciones medioambienteales',NULL,NULL,1);
INSERT INTO `llx_accounting_account` VALUES (4759,1,NULL,'2016-08-10 17:40:35','PCG08-PYME','VENTAS_E_INGRESOS','XXXXXX',796,4741,'Revisión del deterioro de participaciones y valores representativos de deuda a largo plazo',NULL,NULL,1);
INSERT INTO `llx_accounting_account` VALUES (4760,1,NULL,'2016-08-10 17:40:35','PCG08-PYME','VENTAS_E_INGRESOS','XXXXXX',7960,4759,'Revisión del deterioro de participaciones en instrumentos de patrimonio neto a largo plazo empresas del grupo',NULL,NULL,1);
INSERT INTO `llx_accounting_account` VALUES (4761,1,NULL,'2016-08-10 17:40:35','PCG08-PYME','VENTAS_E_INGRESOS','XXXXXX',7961,4759,'Revisión del deterioro de participaciones en instrumentos de patrimonio neto a largo plazo empresas asociadas',NULL,NULL,1);
INSERT INTO `llx_accounting_account` VALUES (4762,1,NULL,'2016-08-10 17:40:35','PCG08-PYME','VENTAS_E_INGRESOS','XXXXXX',7962,4759,'Revisión del deterioro de participaciones en instrumentos de patrimonio neto a largo plazo otras partes vinculadas',NULL,NULL,1);
INSERT INTO `llx_accounting_account` VALUES (4763,1,NULL,'2016-08-10 17:40:35','PCG08-PYME','VENTAS_E_INGRESOS','XXXXXX',7963,4759,'Revisión del deterioro de participaciones en instrumentos de patrimonio neto a largo plazo otras empresas',NULL,NULL,1);
INSERT INTO `llx_accounting_account` VALUES (4764,1,NULL,'2016-08-10 17:40:35','PCG08-PYME','VENTAS_E_INGRESOS','XXXXXX',7965,4759,'Revisión del deterioro de valores representativos a largo plazo empresas del grupo',NULL,NULL,1);
INSERT INTO `llx_accounting_account` VALUES (4765,1,NULL,'2016-08-10 17:40:35','PCG08-PYME','VENTAS_E_INGRESOS','XXXXXX',7966,4759,'Revisión del deterioro de valores representativos a largo plazo empresas asociadas',NULL,NULL,1);
INSERT INTO `llx_accounting_account` VALUES (4766,1,NULL,'2016-08-10 17:40:35','PCG08-PYME','VENTAS_E_INGRESOS','XXXXXX',7967,4759,'Revisión del deterioro de valores representativos a largo otras partes vinculadas',NULL,NULL,1);
INSERT INTO `llx_accounting_account` VALUES (4767,1,NULL,'2016-08-10 17:40:35','PCG08-PYME','VENTAS_E_INGRESOS','XXXXXX',7968,4759,'Revisión del deterioro de valores representativos a largo plazo otras empresas',NULL,NULL,1);
INSERT INTO `llx_accounting_account` VALUES (4768,1,NULL,'2016-08-10 17:40:35','PCG08-PYME','VENTAS_E_INGRESOS','XXXXXX',797,4741,'Revisión del deterioro de créditos a largo plazo',NULL,NULL,1);
INSERT INTO `llx_accounting_account` VALUES (4769,1,NULL,'2016-08-10 17:40:35','PCG08-PYME','VENTAS_E_INGRESOS','XXXXXX',7970,4768,'Revisión del deterioro de créditos a largo plazo empresas del grupo',NULL,NULL,1);
INSERT INTO `llx_accounting_account` VALUES (4770,1,NULL,'2016-08-10 17:40:35','PCG08-PYME','VENTAS_E_INGRESOS','XXXXXX',7971,4768,'Revisión del deterioro de créditos a largo plazo empresas asociadas',NULL,NULL,1);
INSERT INTO `llx_accounting_account` VALUES (4771,1,NULL,'2016-08-10 17:40:35','PCG08-PYME','VENTAS_E_INGRESOS','XXXXXX',7972,4768,'Revisión del deterioro de créditos a largo plazo otras partes vinculadas',NULL,NULL,1);
INSERT INTO `llx_accounting_account` VALUES (4772,1,NULL,'2016-08-10 17:40:35','PCG08-PYME','VENTAS_E_INGRESOS','XXXXXX',7973,4768,'Revisión del deterioro de créditos a largo plazo otras empresas',NULL,NULL,1);
INSERT INTO `llx_accounting_account` VALUES (4773,1,NULL,'2016-08-10 17:40:35','PCG08-PYME','VENTAS_E_INGRESOS','XXXXXX',798,4741,'Revisión del deterioro de participaciones y valores representativos de deuda a corto plazo',NULL,NULL,1);
INSERT INTO `llx_accounting_account` VALUES (4774,1,NULL,'2016-08-10 17:40:35','PCG08-PYME','VENTAS_E_INGRESOS','XXXXXX',7980,4773,'Revisión del deterioro de participaciones en instrumentos de patrimonio neto a corto plazo empresas del grupo',NULL,NULL,1);
INSERT INTO `llx_accounting_account` VALUES (4775,1,NULL,'2016-08-10 17:40:35','PCG08-PYME','VENTAS_E_INGRESOS','XXXXXX',7981,4773,'Revisión del deterioro de participaciones en instrumentos de patrimonio neto a corto plazo empresas asociadas',NULL,NULL,1);
INSERT INTO `llx_accounting_account` VALUES (4776,1,NULL,'2016-08-10 17:40:35','PCG08-PYME','VENTAS_E_INGRESOS','XXXXXX',7985,4773,'Revisión del deterioro de valores representativos de deuda a corto plazo empresas del grupo',NULL,NULL,1);
INSERT INTO `llx_accounting_account` VALUES (4777,1,NULL,'2016-08-10 17:40:35','PCG08-PYME','VENTAS_E_INGRESOS','XXXXXX',7986,4773,'Revisión del deterioro de valores representativos de deuda a corto plazo empresas asociadas',NULL,NULL,1);
INSERT INTO `llx_accounting_account` VALUES (4778,1,NULL,'2016-08-10 17:40:35','PCG08-PYME','VENTAS_E_INGRESOS','XXXXXX',7987,4773,'Revisión del deterioro de valores representativos de deuda a corto plazo otras partes vinculadas',NULL,NULL,1);
INSERT INTO `llx_accounting_account` VALUES (4779,1,NULL,'2016-08-10 17:40:35','PCG08-PYME','VENTAS_E_INGRESOS','XXXXXX',7988,4773,'Revisión del deterioro de valores representativos de deuda a corto plazo otras empresas',NULL,NULL,1);
INSERT INTO `llx_accounting_account` VALUES (4780,1,NULL,'2016-08-10 17:40:35','PCG08-PYME','VENTAS_E_INGRESOS','XXXXXX',799,4741,'Revisión del deterioro de créditos a corto plazo',NULL,NULL,1);
INSERT INTO `llx_accounting_account` VALUES (4781,1,NULL,'2016-08-10 17:40:35','PCG08-PYME','VENTAS_E_INGRESOS','XXXXXX',7990,4780,'Revisión del deterioro de créditos a corto plazo empresas del grupo',NULL,NULL,1);
INSERT INTO `llx_accounting_account` VALUES (4782,1,NULL,'2016-08-10 17:40:35','PCG08-PYME','VENTAS_E_INGRESOS','XXXXXX',7991,4780,'Revisión del deterioro de créditos a corto plazo empresas asociadas',NULL,NULL,1);
INSERT INTO `llx_accounting_account` VALUES (4783,1,NULL,'2016-08-10 17:40:35','PCG08-PYME','VENTAS_E_INGRESOS','XXXXXX',7992,4780,'Revisión del deterioro de créditos a corto plazo otras partes vinculadas',NULL,NULL,1);
INSERT INTO `llx_accounting_account` VALUES (4784,1,NULL,'2016-08-10 17:40:35','PCG08-PYME','VENTAS_E_INGRESOS','XXXXXX',7993,4780,'Revisión del deterioro de créditos a corto plazo otras empresas',NULL,NULL,1);
ALTER TABLE `llx_accounting_account` ENABLE KEYS;
UNLOCK TABLES;




--
-- Table structure for table `llx_accounting_bookkeeping`
--
DROP TABLE IF EXISTS `llx_accounting_bookkeeping`;
CREATE TABLE `llx_accounting_bookkeeping` (
  `rowid` int(11) NOT NULL AUTO_INCREMENT,
  `doc_date` date NOT NULL,
  `doc_type` varchar(30) COLLATE latin1_general_ci NOT NULL,
  `doc_ref` varchar(300) COLLATE latin1_general_ci NOT NULL,
  `fk_doc` int(11) NOT NULL,
  `fk_docdet` int(11) NOT NULL,
  `code_tiers` varchar(24) COLLATE latin1_general_ci DEFAULT NULL,
  `numero_compte` varchar(32) COLLATE latin1_general_ci DEFAULT NULL,
  `label_compte` varchar(128) COLLATE latin1_general_ci NOT NULL,
  `debit` double NOT NULL,
  `credit` double NOT NULL,
  `montant` double NOT NULL,
  `sens` varchar(1) COLLATE latin1_general_ci DEFAULT NULL,
  `fk_user_author` int(11) NOT NULL,
  `import_key` varchar(14) COLLATE latin1_general_ci DEFAULT NULL,
  `code_journal` varchar(10) COLLATE latin1_general_ci DEFAULT NULL,
  `piece_num` int(11) NOT NULL,
  `validated` tinyint(4) NOT NULL DEFAULT '0',
  PRIMARY KEY (`rowid`)
) ENGINE=InnoDB DEFAULT CHARSET=latin1 COLLATE=latin1_general_ci;

--
-- Dumping data for table `llx_accounting_bookkeeping`
--
LOCK TABLES `llx_accounting_bookkeeping` WRITE;
ALTER TABLE `llx_accounting_bookkeeping` DISABLE KEYS;
ALTER TABLE `llx_accounting_bookkeeping` ENABLE KEYS;
UNLOCK TABLES;




--
-- Table structure for table `llx_accounting_fiscalyear`
--
DROP TABLE IF EXISTS `llx_accounting_fiscalyear`;
CREATE TABLE `llx_accounting_fiscalyear` (
  `rowid` int(11) NOT NULL AUTO_INCREMENT,
  `label` varchar(128) COLLATE latin1_general_ci NOT NULL,
  `date_start` date DEFAULT NULL,
  `date_end` date DEFAULT NULL,
  `statut` tinyint(4) NOT NULL DEFAULT '0',
  `entity` int(11) NOT NULL DEFAULT '1',
  `datec` datetime NOT NULL,
  `tms` timestamp NOT NULL DEFAULT CURRENT_TIMESTAMP ON UPDATE CURRENT_TIMESTAMP,
  `fk_user_author` int(11) DEFAULT NULL,
  `fk_user_modif` int(11) DEFAULT NULL,
  PRIMARY KEY (`rowid`)
) ENGINE=InnoDB DEFAULT CHARSET=latin1 COLLATE=latin1_general_ci;

--
-- Dumping data for table `llx_accounting_fiscalyear`
--
LOCK TABLES `llx_accounting_fiscalyear` WRITE;
ALTER TABLE `llx_accounting_fiscalyear` DISABLE KEYS;
ALTER TABLE `llx_accounting_fiscalyear` ENABLE KEYS;
UNLOCK TABLES;




--
-- Table structure for table `llx_accounting_system`
--
DROP TABLE IF EXISTS `llx_accounting_system`;
CREATE TABLE `llx_accounting_system` (
  `rowid` int(11) NOT NULL AUTO_INCREMENT,
  `pcg_version` varchar(32) COLLATE latin1_general_ci NOT NULL,
  `fk_pays` int(11) NOT NULL,
  `label` varchar(128) COLLATE latin1_general_ci NOT NULL,
  `active` smallint(6) DEFAULT '0',
  PRIMARY KEY (`rowid`),
  UNIQUE KEY `uk_accounting_system_pcg_version` (`pcg_version`)
) ENGINE=InnoDB AUTO_INCREMENT=5 DEFAULT CHARSET=latin1 COLLATE=latin1_general_ci;

--
-- Dumping data for table `llx_accounting_system`
--
LOCK TABLES `llx_accounting_system` WRITE;
ALTER TABLE `llx_accounting_system` DISABLE KEYS;
INSERT INTO `llx_accounting_system` VALUES (1,'PCG99-ABREGE',1,'The simple accountancy french plan',1);
INSERT INTO `llx_accounting_system` VALUES (2,'PCG99-BASE',1,'The base accountancy french plan',1);
INSERT INTO `llx_accounting_system` VALUES (3,'PCMN-BASE',2,'The base accountancy belgium plan',1);
INSERT INTO `llx_accounting_system` VALUES (4,'PCG08-PYME',4,'The PYME accountancy spanish plan',1);
ALTER TABLE `llx_accounting_system` ENABLE KEYS;
UNLOCK TABLES;




--
-- Table structure for table `llx_accountingdebcred`
--
DROP TABLE IF EXISTS `llx_accountingdebcred`;
CREATE TABLE `llx_accountingdebcred` (
  `fk_transaction` int(11) NOT NULL,
  `account_number` varchar(32) COLLATE latin1_general_ci NOT NULL,
  `amount` double NOT NULL,
  `direction` varchar(1) COLLATE latin1_general_ci NOT NULL
) ENGINE=InnoDB DEFAULT CHARSET=latin1 COLLATE=latin1_general_ci;

--
-- Dumping data for table `llx_accountingdebcred`
--
LOCK TABLES `llx_accountingdebcred` WRITE;
ALTER TABLE `llx_accountingdebcred` DISABLE KEYS;
ALTER TABLE `llx_accountingdebcred` ENABLE KEYS;
UNLOCK TABLES;




--
-- Table structure for table `llx_accountingtransaction`
--
DROP TABLE IF EXISTS `llx_accountingtransaction`;
CREATE TABLE `llx_accountingtransaction` (
  `rowid` int(11) NOT NULL AUTO_INCREMENT,
  `label` varchar(128) COLLATE latin1_general_ci NOT NULL,
  `datec` date NOT NULL,
  `fk_author` varchar(20) COLLATE latin1_general_ci NOT NULL,
  `tms` timestamp NOT NULL DEFAULT CURRENT_TIMESTAMP ON UPDATE CURRENT_TIMESTAMP,
  `fk_source` int(11) NOT NULL,
  `sourcetype` varchar(16) COLLATE latin1_general_ci NOT NULL,
  `url` varchar(255) COLLATE latin1_general_ci DEFAULT NULL,
  PRIMARY KEY (`rowid`)
) ENGINE=InnoDB DEFAULT CHARSET=latin1 COLLATE=latin1_general_ci;

--
-- Dumping data for table `llx_accountingtransaction`
--
LOCK TABLES `llx_accountingtransaction` WRITE;
ALTER TABLE `llx_accountingtransaction` DISABLE KEYS;
ALTER TABLE `llx_accountingtransaction` ENABLE KEYS;
UNLOCK TABLES;




--
-- Table structure for table `llx_actioncomm`
--
DROP TABLE IF EXISTS `llx_actioncomm`;
CREATE TABLE `llx_actioncomm` (
  `id` int(11) NOT NULL AUTO_INCREMENT,
  `ref_ext` varchar(128) COLLATE latin1_general_ci DEFAULT NULL,
  `entity` int(11) NOT NULL DEFAULT '1',
  `datep` datetime DEFAULT NULL,
  `datep2` datetime DEFAULT NULL,
  `fk_action` int(11) DEFAULT NULL,
  `code` varchar(32) COLLATE latin1_general_ci DEFAULT NULL,
  `datec` datetime DEFAULT NULL,
  `tms` timestamp NOT NULL DEFAULT CURRENT_TIMESTAMP ON UPDATE CURRENT_TIMESTAMP,
  `fk_user_author` int(11) DEFAULT NULL,
  `fk_user_mod` int(11) DEFAULT NULL,
  `fk_project` int(11) DEFAULT NULL,
  `fk_soc` int(11) DEFAULT NULL,
  `fk_contact` int(11) DEFAULT NULL,
  `fk_parent` int(11) NOT NULL DEFAULT '0',
  `fk_user_action` int(11) DEFAULT NULL,
  `fk_user_done` int(11) DEFAULT NULL,
  `transparency` int(11) DEFAULT NULL,
  `priority` smallint(6) DEFAULT NULL,
  `fulldayevent` smallint(6) NOT NULL DEFAULT '0',
  `punctual` smallint(6) NOT NULL DEFAULT '1',
  `percent` smallint(6) NOT NULL DEFAULT '0',
  `location` varchar(128) COLLATE latin1_general_ci DEFAULT NULL,
  `durationp` double DEFAULT NULL,
  `label` varchar(256) COLLATE latin1_general_ci NOT NULL,
  `note` text COLLATE latin1_general_ci,
  `email_subject` varchar(256) COLLATE latin1_general_ci DEFAULT NULL,
  `email_msgid` varchar(256) COLLATE latin1_general_ci DEFAULT NULL,
  `email_from` varchar(256) COLLATE latin1_general_ci DEFAULT NULL,
  `email_sender` varchar(256) COLLATE latin1_general_ci DEFAULT NULL,
  `email_to` varchar(256) COLLATE latin1_general_ci DEFAULT NULL,
  `email_tocc` varchar(256) COLLATE latin1_general_ci DEFAULT NULL,
  `email_tobcc` varchar(256) COLLATE latin1_general_ci DEFAULT NULL,
  `errors_to` varchar(256) COLLATE latin1_general_ci DEFAULT NULL,
  `recurid` varchar(128) COLLATE latin1_general_ci DEFAULT NULL,
  `recurrule` varchar(128) COLLATE latin1_general_ci DEFAULT NULL,
  `recurdateend` datetime DEFAULT NULL,
  `fk_element` int(11) DEFAULT NULL,
  `elementtype` varchar(32) COLLATE latin1_general_ci DEFAULT NULL,
  PRIMARY KEY (`id`),
  KEY `idx_actioncomm_fk_soc` (`fk_soc`),
  KEY `idx_actioncomm_fk_contact` (`fk_contact`),
  KEY `idx_actioncomm_code` (`code`),
  KEY `idx_actioncomm_fk_element` (`fk_element`)
) ENGINE=InnoDB AUTO_INCREMENT=323 DEFAULT CHARSET=latin1 COLLATE=latin1_general_ci;

--
-- Dumping data for table `llx_actioncomm`
--
LOCK TABLES `llx_actioncomm` WRITE;
ALTER TABLE `llx_actioncomm` DISABLE KEYS;
INSERT INTO `llx_actioncomm` VALUES (1,NULL,1,'2016-09-06 10:44:36','2016-09-06 10:44:36',40,'AC_OTH_AUTO','2016-09-06 10:44:36','2016-09-06 10:44:36',2,NULL,NULL,1,NULL,0,2,NULL,0,0,0,1,-1,'',NULL,'Tiers créé','Tiers créé\nAuteur: EDemeiller',NULL,NULL,NULL,NULL,NULL,NULL,NULL,NULL,NULL,NULL,NULL,1,'societe');
INSERT INTO `llx_actioncomm` VALUES (2,NULL,1,'2016-09-06 11:27:42','2016-09-06 11:27:42',40,'AC_OTH_AUTO','2016-09-06 11:27:42','2016-09-06 11:27:42',2,NULL,NULL,2,NULL,0,2,NULL,0,0,0,1,-1,'',NULL,'Tiers créé','Tiers créé\nAuteur: EDemeiller',NULL,NULL,NULL,NULL,NULL,NULL,NULL,NULL,NULL,NULL,NULL,2,'societe');
INSERT INTO `llx_actioncomm` VALUES (3,NULL,1,'2016-09-08 14:00:00','2016-09-08 16:00:00',50,'AC_OTH','2016-09-06 11:29:06','2016-10-11 10:56:15',2,2,NULL,2,NULL,0,2,NULL,1,0,0,1,100,NULL,7200,'Visite exploitation',NULL,NULL,NULL,NULL,NULL,NULL,NULL,NULL,NULL,NULL,NULL,NULL,NULL,NULL);
INSERT INTO `llx_actioncomm` VALUES (4,NULL,1,'2016-09-06 11:43:10','2016-09-06 11:43:10',40,'AC_OTH_AUTO','2016-09-06 11:43:10','2016-09-06 11:43:10',2,NULL,NULL,3,NULL,0,2,NULL,0,0,0,1,-1,'',NULL,'Tiers créé','Tiers créé\nAuteur: EDemeiller',NULL,NULL,NULL,NULL,NULL,NULL,NULL,NULL,NULL,NULL,NULL,3,'societe');
INSERT INTO `llx_actioncomm` VALUES (5,NULL,1,'2016-10-01 21:00:51','2016-10-01 21:00:51',40,'AC_OTH_AUTO','2016-10-01 21:00:51','2016-10-01 21:00:51',2,NULL,NULL,4,NULL,0,2,NULL,0,0,0,1,-1,'',NULL,'Tiers créé','Tiers créé\nAuteur: EDemeiller',NULL,NULL,NULL,NULL,NULL,NULL,NULL,NULL,NULL,NULL,NULL,4,'societe');
INSERT INTO `llx_actioncomm` VALUES (7,NULL,1,'2016-10-01 21:16:57','2016-10-01 21:16:57',40,'AC_OTH_AUTO','2016-10-01 21:16:57','2016-10-01 21:16:57',2,NULL,NULL,4,NULL,0,2,NULL,0,0,0,1,-1,'',NULL,'Proposition PR1610-0001 validée','Proposition PR1610-0001 validée\nAuteur: EDemeiller',NULL,NULL,NULL,NULL,NULL,NULL,NULL,NULL,NULL,NULL,NULL,2,'propal');
INSERT INTO `llx_actioncomm` VALUES (8,NULL,1,'2016-10-01 21:26:04','2016-10-01 21:26:04',40,'AC_OTH_AUTO','2016-10-01 21:26:04','2016-10-01 21:26:04',2,NULL,NULL,4,NULL,0,2,NULL,0,0,0,1,-1,'',NULL,'Proposition PR1610-0001 validée','Proposition PR1610-0001 validée\nAuteur: EDemeiller',NULL,NULL,NULL,NULL,NULL,NULL,NULL,NULL,NULL,NULL,NULL,3,'propal');
INSERT INTO `llx_actioncomm` VALUES (9,NULL,1,'2016-10-01 21:38:33','2016-10-01 21:38:33',40,'AC_OTH_AUTO','2016-10-01 21:38:33','2016-10-01 21:38:33',2,NULL,NULL,5,NULL,0,2,NULL,0,0,0,1,-1,'',NULL,'Tiers créé','Tiers créé\nAuteur: EDemeiller',NULL,NULL,NULL,NULL,NULL,NULL,NULL,NULL,NULL,NULL,NULL,5,'societe');
INSERT INTO `llx_actioncomm` VALUES (10,NULL,1,'2016-10-01 21:53:14','2016-10-01 21:53:14',40,'AC_OTH_AUTO','2016-10-01 21:53:14','2016-10-01 21:53:14',2,NULL,NULL,6,NULL,0,2,NULL,0,0,0,1,-1,'',NULL,'Tiers créé','Tiers créé\nAuteur: EDemeiller',NULL,NULL,NULL,NULL,NULL,NULL,NULL,NULL,NULL,NULL,NULL,6,'societe');
INSERT INTO `llx_actioncomm` VALUES (11,NULL,1,'2016-10-01 21:58:43','2016-10-01 21:58:43',40,'AC_OTH_AUTO','2016-10-01 21:58:43','2016-10-01 21:58:43',2,NULL,NULL,7,NULL,0,2,NULL,0,0,0,1,-1,'',NULL,'Tiers créé','Tiers créé\nAuteur: EDemeiller',NULL,NULL,NULL,NULL,NULL,NULL,NULL,NULL,NULL,NULL,NULL,7,'societe');
INSERT INTO `llx_actioncomm` VALUES (12,NULL,1,'2016-10-01 22:10:48','2016-10-01 22:10:48',40,'AC_OTH_AUTO','2016-10-01 22:10:48','2016-10-01 22:10:48',2,NULL,NULL,8,NULL,0,2,NULL,0,0,0,1,-1,'',NULL,'Tiers créé','Tiers créé\nAuteur: EDemeiller',NULL,NULL,NULL,NULL,NULL,NULL,NULL,NULL,NULL,NULL,NULL,8,'societe');
INSERT INTO `llx_actioncomm` VALUES (13,NULL,1,'2016-10-14 11:43:02','2016-10-14 11:43:02',40,'AC_OTH_AUTO','2016-10-14 11:43:02','2016-10-14 11:43:02',2,NULL,NULL,4,NULL,0,2,NULL,0,0,0,1,-1,'',NULL,'Facture FA1610-0001 validée','Facture FA1610-0001 validée\nAuteur: EDemeiller',NULL,NULL,NULL,NULL,NULL,NULL,NULL,NULL,NULL,NULL,NULL,2,'invoice');
INSERT INTO `llx_actioncomm` VALUES (14,NULL,1,'2016-10-14 11:55:25','2016-10-14 11:55:25',40,'AC_OTH_AUTO','2016-10-14 11:55:25','2016-10-14 11:55:25',2,NULL,NULL,9,NULL,0,2,NULL,0,0,0,1,-1,'',NULL,'Tiers créé','Tiers créé\nAuteur: EDemeiller',NULL,NULL,NULL,NULL,NULL,NULL,NULL,NULL,NULL,NULL,NULL,9,'societe');
INSERT INTO `llx_actioncomm` VALUES (15,NULL,1,'2016-10-14 12:18:47','2016-10-14 12:18:47',40,'AC_OTH_AUTO','2016-10-14 12:18:47','2016-10-14 12:18:47',2,NULL,NULL,10,NULL,0,2,NULL,0,0,0,1,-1,'',NULL,'Tiers créé','Tiers créé\nAuteur: EDemeiller',NULL,NULL,NULL,NULL,NULL,NULL,NULL,NULL,NULL,NULL,NULL,10,'societe');
INSERT INTO `llx_actioncomm` VALUES (16,NULL,1,'2016-10-17 11:33:51','2016-10-17 11:33:51',40,'AC_OTH_AUTO','2016-10-17 11:33:51','2016-10-17 11:33:51',2,NULL,NULL,4,NULL,0,2,NULL,0,0,0,1,-1,'',NULL,'Facture FA1610-0001 repassée en brouillon','Facture FA1610-0001 repassée en brouillon\nAuteur: EDemeiller',NULL,NULL,NULL,NULL,NULL,NULL,NULL,NULL,NULL,NULL,NULL,2,'invoice');
INSERT INTO `llx_actioncomm` VALUES (17,NULL,1,'2016-10-17 11:34:47','2016-10-17 11:34:47',40,'AC_OTH_AUTO','2016-10-17 11:34:47','2016-10-17 11:34:47',2,NULL,NULL,4,NULL,0,2,NULL,0,0,0,1,-1,'',NULL,'Facture FA1610-0001 validée','Facture FA1610-0001 validée\nAuteur: EDemeiller',NULL,NULL,NULL,NULL,NULL,NULL,NULL,NULL,NULL,NULL,NULL,2,'invoice');
INSERT INTO `llx_actioncomm` VALUES (18,NULL,1,'2016-10-17 11:36:42','2016-10-17 11:36:42',40,'AC_OTH_AUTO','2016-10-17 11:36:42','2016-10-17 11:36:42',2,NULL,NULL,4,NULL,0,2,NULL,0,0,0,1,-1,'',NULL,'Facture FA1610-0001 repassée en brouillon','Facture FA1610-0001 repassée en brouillon\nAuteur: EDemeiller',NULL,NULL,NULL,NULL,NULL,NULL,NULL,NULL,NULL,NULL,NULL,2,'invoice');
INSERT INTO `llx_actioncomm` VALUES (19,NULL,1,'2016-10-17 11:37:02','2016-10-17 11:37:02',40,'AC_OTH_AUTO','2016-10-17 11:37:02','2016-10-17 11:37:02',2,NULL,NULL,4,NULL,0,2,NULL,0,0,0,1,-1,'',NULL,'Facture FA1610-0001 validée','Facture FA1610-0001 validée\nAuteur: EDemeiller',NULL,NULL,NULL,NULL,NULL,NULL,NULL,NULL,NULL,NULL,NULL,2,'invoice');
INSERT INTO `llx_actioncomm` VALUES (20,NULL,1,'2016-10-17 11:45:28','2016-10-17 11:45:28',40,'AC_OTH_AUTO','2016-10-17 11:45:28','2016-10-17 11:45:28',2,NULL,NULL,4,2,0,2,NULL,0,0,0,1,-1,'',NULL,'Mail envoyé par Etienne DEMEILLER <etienne.demeiller@enerbioflex.fr> To François Thibaut <if.thibaut@orange.fr>','Mail envoyé par Etienne DEMEILLER <etienne.demeiller@enerbioflex.fr> To François Thibaut <if.thibaut@orange.fr><br>\nBcc: julien.delgove@enerbioflex.fr<br>\nObjet: Envoi de la facture FA1610-0001<br>\nCorps du message:<br>\n<p>Monsieur Thibaut,<br />\n<br />\nNous vous faisons parvenir ci-joint notre facture n&deg; FA1610 du 17 octobre 2016.<br />\nEsp&eacute;rant avoir r&eacute;pondu &agrave; vos attentes, nous vous remercions de la confiance que vous avez bien voulu nous t&eacute;moigner.<br />\nDans l&rsquo;attente de votre aimable r&egrave;glement par ch&egrave;que, notre &eacute;quipe reste &agrave; votre disposition pour toute pr&eacute;cision.</p>\nBonne r&eacute;ception.<br />\nEtienne Demeiller<br />\n&nbsp;\nFichiers et documents joints: FA1610-0001.pdf',NULL,NULL,NULL,NULL,NULL,NULL,NULL,NULL,NULL,NULL,NULL,2,'invoice');
INSERT INTO `llx_actioncomm` VALUES (21,NULL,1,'2016-10-20 18:37:03','2016-10-20 18:37:03',40,'AC_OTH_AUTO','2016-10-20 18:37:03','2016-10-20 18:37:03',2,NULL,NULL,11,NULL,0,2,NULL,0,0,0,1,-1,'',NULL,'Tiers créé','Tiers créé\nAuteur: EDemeiller',NULL,NULL,NULL,NULL,NULL,NULL,NULL,NULL,NULL,NULL,NULL,11,'societe');
INSERT INTO `llx_actioncomm` VALUES (22,NULL,1,'2016-10-20 18:43:55','2016-10-20 18:43:55',40,'AC_OTH_AUTO','2016-10-20 18:43:55','2016-10-20 18:43:55',2,NULL,NULL,11,NULL,0,2,NULL,0,0,0,1,-1,'',NULL,'Proposition PR1610-0002 validée','Proposition PR1610-0002 validée\nAuteur: EDemeiller',NULL,NULL,NULL,NULL,NULL,NULL,NULL,NULL,NULL,NULL,NULL,4,'propal');
INSERT INTO `llx_actioncomm` VALUES (23,NULL,1,'2016-10-25 17:48:09','2016-10-25 17:48:09',40,'AC_OTH_AUTO','2016-10-25 17:48:09','2016-10-25 17:48:09',2,NULL,NULL,2,NULL,0,2,NULL,0,0,0,1,-1,'',NULL,'Proposition PR1610-0003 validée','Proposition PR1610-0003 validée\nAuteur: EDemeiller',NULL,NULL,NULL,NULL,NULL,NULL,NULL,NULL,NULL,NULL,NULL,5,'propal');
INSERT INTO `llx_actioncomm` VALUES (24,NULL,1,'2016-11-02 14:40:57','2016-11-02 14:40:57',40,'AC_OTH_AUTO','2016-11-02 14:40:57','2016-11-02 14:40:57',1,NULL,NULL,12,NULL,0,1,NULL,0,0,0,1,-1,'',NULL,'Tiers créé','Tiers créé\nAuteur: JDelgove',NULL,NULL,NULL,NULL,NULL,NULL,NULL,NULL,NULL,NULL,NULL,12,'societe');
INSERT INTO `llx_actioncomm` VALUES (25,NULL,1,'2016-11-02 14:53:59','2016-11-02 14:53:59',40,'AC_OTH_AUTO','2016-11-02 14:53:59','2016-11-02 14:54:00',1,NULL,NULL,13,NULL,0,1,NULL,0,0,0,1,-1,'',NULL,'Tiers créé','Tiers créé\nAuteur: JDelgove',NULL,NULL,NULL,NULL,NULL,NULL,NULL,NULL,NULL,NULL,NULL,13,'societe');
INSERT INTO `llx_actioncomm` VALUES (26,NULL,1,'2016-11-02 16:36:31','2016-11-02 16:36:31',40,'AC_OTH_AUTO','2016-11-02 16:36:31','2016-11-02 16:36:31',2,NULL,NULL,14,NULL,0,2,NULL,0,0,0,1,-1,'',NULL,'Tiers créé','Tiers créé\nAuteur: EDemeiller',NULL,NULL,NULL,NULL,NULL,NULL,NULL,NULL,NULL,NULL,NULL,14,'societe');
INSERT INTO `llx_actioncomm` VALUES (27,NULL,1,'2016-11-03 09:54:28','2016-11-03 09:54:28',40,'AC_OTH_AUTO','2016-11-03 09:54:28','2016-11-03 09:54:28',1,NULL,NULL,15,NULL,0,1,NULL,0,0,0,1,-1,'',NULL,'Tiers créé','Tiers créé\nAuteur: JDelgove',NULL,NULL,NULL,NULL,NULL,NULL,NULL,NULL,NULL,NULL,NULL,15,'societe');
INSERT INTO `llx_actioncomm` VALUES (28,NULL,1,'2016-11-03 09:59:27','2016-11-03 09:59:27',40,'AC_OTH_AUTO','2016-11-03 09:59:27','2016-11-03 09:59:27',1,NULL,NULL,16,NULL,0,1,NULL,0,0,0,1,-1,'',NULL,'Tiers créé','Tiers créé\nAuteur: JDelgove',NULL,NULL,NULL,NULL,NULL,NULL,NULL,NULL,NULL,NULL,NULL,16,'societe');
INSERT INTO `llx_actioncomm` VALUES (29,NULL,1,'2016-11-03 10:04:16','2016-11-03 10:04:16',40,'AC_OTH_AUTO','2016-11-03 10:04:16','2016-11-03 10:04:16',1,NULL,NULL,17,NULL,0,1,NULL,0,0,0,1,-1,'',NULL,'Tiers créé','Tiers créé\nAuteur: JDelgove',NULL,NULL,NULL,NULL,NULL,NULL,NULL,NULL,NULL,NULL,NULL,17,'societe');
INSERT INTO `llx_actioncomm` VALUES (30,NULL,1,'2016-11-03 10:29:49','2016-11-03 10:29:49',40,'AC_OTH_AUTO','2016-11-03 10:29:49','2016-11-03 10:29:49',1,NULL,NULL,18,NULL,0,1,NULL,0,0,0,1,-1,'',NULL,'Tiers créé','Tiers créé\nAuteur: JDelgove',NULL,NULL,NULL,NULL,NULL,NULL,NULL,NULL,NULL,NULL,NULL,18,'societe');
INSERT INTO `llx_actioncomm` VALUES (31,NULL,1,'2016-11-03 10:34:35','2016-11-03 10:34:35',40,'AC_OTH_AUTO','2016-11-03 10:34:35','2016-11-03 10:34:35',1,NULL,NULL,19,NULL,0,1,NULL,0,0,0,1,-1,'',NULL,'Tiers créé','Tiers créé\nAuteur: JDelgove',NULL,NULL,NULL,NULL,NULL,NULL,NULL,NULL,NULL,NULL,NULL,19,'societe');
INSERT INTO `llx_actioncomm` VALUES (32,NULL,1,'2016-11-03 10:37:39','2016-11-03 10:37:39',40,'AC_OTH_AUTO','2016-11-03 10:37:39','2016-11-03 10:37:39',1,NULL,NULL,20,NULL,0,1,NULL,0,0,0,1,-1,'',NULL,'Tiers créé','Tiers créé\nAuteur: JDelgove',NULL,NULL,NULL,NULL,NULL,NULL,NULL,NULL,NULL,NULL,NULL,20,'societe');
INSERT INTO `llx_actioncomm` VALUES (33,NULL,1,'2016-11-03 10:58:54','2016-11-03 10:58:54',40,'AC_OTH_AUTO','2016-11-03 10:58:54','2016-11-03 10:58:54',1,NULL,NULL,21,NULL,0,1,NULL,0,0,0,1,-1,'',NULL,'Tiers créé','Tiers créé\nAuteur: JDelgove',NULL,NULL,NULL,NULL,NULL,NULL,NULL,NULL,NULL,NULL,NULL,21,'societe');
INSERT INTO `llx_actioncomm` VALUES (34,NULL,1,'2016-11-03 11:20:35','2016-11-03 11:20:35',40,'AC_OTH_AUTO','2016-11-03 11:20:35','2016-11-03 11:20:35',2,NULL,NULL,22,NULL,0,2,NULL,0,0,0,1,-1,'',NULL,'Tiers créé','Tiers créé\nAuteur: EDemeiller',NULL,NULL,NULL,NULL,NULL,NULL,NULL,NULL,NULL,NULL,NULL,22,'societe');
INSERT INTO `llx_actioncomm` VALUES (35,NULL,1,'2016-11-03 11:33:02','2016-11-03 11:33:02',40,'AC_OTH_AUTO','2016-11-03 11:33:02','2016-11-03 11:33:02',2,NULL,NULL,23,NULL,0,2,NULL,0,0,0,1,-1,'',NULL,'Tiers créé','Tiers créé\nAuteur: EDemeiller',NULL,NULL,NULL,NULL,NULL,NULL,NULL,NULL,NULL,NULL,NULL,23,'societe');
INSERT INTO `llx_actioncomm` VALUES (36,NULL,1,'2016-11-03 11:38:20','2016-11-03 11:38:20',40,'AC_OTH_AUTO','2016-11-03 11:38:20','2016-11-03 11:38:20',2,NULL,NULL,1,NULL,0,2,NULL,0,0,0,1,-1,'',NULL,'Proposition PR1611-0004 validée','Proposition PR1611-0004 validée\nAuteur: EDemeiller',NULL,NULL,NULL,NULL,NULL,NULL,NULL,NULL,NULL,NULL,NULL,1,'propal');
INSERT INTO `llx_actioncomm` VALUES (37,NULL,1,'2016-11-03 11:44:27','2016-11-03 11:44:27',40,'AC_OTH_AUTO','2016-11-03 11:44:27','2016-11-03 11:44:28',2,NULL,NULL,24,NULL,0,2,NULL,0,0,0,1,-1,'',NULL,'Tiers créé','Tiers créé\nAuteur: EDemeiller',NULL,NULL,NULL,NULL,NULL,NULL,NULL,NULL,NULL,NULL,NULL,24,'societe');
INSERT INTO `llx_actioncomm` VALUES (38,NULL,1,'2016-11-04 14:30:46','2016-11-04 14:30:46',40,'AC_OTH_AUTO','2016-11-04 14:30:46','2016-11-04 14:30:46',2,NULL,NULL,4,NULL,0,2,NULL,0,0,0,1,-1,'',NULL,'Facture FA1610-0001 passée à payée','Facture FA1610-0001 passée à payée\nAuteur: EDemeiller',NULL,NULL,NULL,NULL,NULL,NULL,NULL,NULL,NULL,NULL,NULL,2,'invoice');
INSERT INTO `llx_actioncomm` VALUES (39,NULL,1,'2016-11-07 19:58:09','2016-11-07 19:58:09',40,'AC_OTH_AUTO','2016-11-07 19:58:09','2016-11-07 19:58:09',2,NULL,NULL,23,NULL,0,2,NULL,0,0,0,1,-1,'',NULL,'Facture SI1611-0001 validée','Facture SI1611-0001 validée\nAuteur: EDemeiller',NULL,NULL,NULL,NULL,NULL,NULL,NULL,NULL,NULL,NULL,NULL,1,'invoice_supplier');
INSERT INTO `llx_actioncomm` VALUES (40,NULL,1,'2016-11-07 19:59:13','2016-11-07 19:59:13',40,'AC_OTH_AUTO','2016-11-07 19:59:13','2016-11-07 19:59:13',2,NULL,NULL,23,NULL,0,2,NULL,0,0,0,1,-1,'',NULL,'Facture SI1611-0001 validée','Facture SI1611-0001 validée\nAuteur: EDemeiller',NULL,NULL,NULL,NULL,NULL,NULL,NULL,NULL,NULL,NULL,NULL,1,'invoice_supplier');
INSERT INTO `llx_actioncomm` VALUES (41,NULL,1,'2016-11-07 19:59:23','2016-11-07 19:59:23',40,'AC_OTH_AUTO','2016-11-07 19:59:23','2016-11-07 19:59:23',2,NULL,NULL,23,NULL,0,2,NULL,0,0,0,1,-1,'',NULL,'Facture SI1611-0001 validée','Facture SI1611-0001 validée\nAuteur: EDemeiller',NULL,NULL,NULL,NULL,NULL,NULL,NULL,NULL,NULL,NULL,NULL,1,'invoice_supplier');
INSERT INTO `llx_actioncomm` VALUES (42,NULL,1,'2016-11-07 20:21:40','2016-11-07 20:21:40',40,'AC_OTH_AUTO','2016-11-07 20:21:40','2016-11-07 20:21:40',2,NULL,NULL,23,NULL,0,2,NULL,0,0,0,1,-1,'',NULL,'Facture SI1702-0002 validée','Facture SI1702-0002 validée\nAuteur: EDemeiller',NULL,NULL,NULL,NULL,NULL,NULL,NULL,NULL,NULL,NULL,NULL,2,'invoice_supplier');
INSERT INTO `llx_actioncomm` VALUES (43,NULL,1,'2016-11-07 20:31:47','2016-11-07 20:31:47',40,'AC_OTH_AUTO','2016-11-07 20:31:47','2016-11-07 20:31:47',2,NULL,NULL,23,NULL,0,2,NULL,0,0,0,1,-1,'',NULL,'Facture SI1702-0002 validée','Facture SI1702-0002 validée\nAuteur: EDemeiller',NULL,NULL,NULL,NULL,NULL,NULL,NULL,NULL,NULL,NULL,NULL,2,'invoice_supplier');
INSERT INTO `llx_actioncomm` VALUES (44,NULL,1,'2016-11-07 20:31:55','2016-11-07 20:31:55',40,'AC_OTH_AUTO','2016-11-07 20:31:55','2016-11-07 20:31:55',2,NULL,NULL,23,NULL,0,2,NULL,0,0,0,1,-1,'',NULL,'Facture SI1702-0002 validée','Facture SI1702-0002 validée\nAuteur: EDemeiller',NULL,NULL,NULL,NULL,NULL,NULL,NULL,NULL,NULL,NULL,NULL,2,'invoice_supplier');
INSERT INTO `llx_actioncomm` VALUES (45,NULL,1,'2016-11-08 10:21:32','2016-11-08 10:21:32',40,'AC_OTH_AUTO','2016-11-08 10:21:32','2016-11-08 10:21:32',2,NULL,NULL,1,NULL,0,2,NULL,0,0,0,1,-1,'',NULL,'Proposition PR1611-0004 validée','Proposition PR1611-0004 validée\nAuteur: EDemeiller',NULL,NULL,NULL,NULL,NULL,NULL,NULL,NULL,NULL,NULL,NULL,1,'propal');
INSERT INTO `llx_actioncomm` VALUES (46,NULL,1,'2016-11-08 10:28:46','2016-11-08 10:28:46',40,'AC_OTH_AUTO','2016-11-08 10:28:46','2016-11-08 10:28:46',2,NULL,NULL,23,NULL,0,2,NULL,0,0,0,1,-1,'',NULL,'Facture SI1611-0003 validée','Facture SI1611-0003 validée\nAuteur: EDemeiller',NULL,NULL,NULL,NULL,NULL,NULL,NULL,NULL,NULL,NULL,NULL,3,'invoice_supplier');
INSERT INTO `llx_actioncomm` VALUES (47,NULL,1,'2016-11-08 10:35:00','2016-11-08 10:35:00',40,'AC_OTH_AUTO','2016-11-08 10:35:00','2016-11-08 10:35:00',2,NULL,NULL,23,NULL,0,2,NULL,0,0,0,1,-1,'',NULL,'Facture SI1611-0004 validée','Facture SI1611-0004 validée\nAuteur: EDemeiller',NULL,NULL,NULL,NULL,NULL,NULL,NULL,NULL,NULL,NULL,NULL,4,'invoice_supplier');
INSERT INTO `llx_actioncomm` VALUES (48,NULL,1,'2016-11-08 10:58:27','2016-11-08 10:58:27',40,'AC_OTH_AUTO','2016-11-08 10:58:27','2016-11-08 10:58:27',2,NULL,NULL,25,NULL,0,2,NULL,0,0,0,1,-1,'',NULL,'Tiers créé','Tiers créé\nAuteur: EDemeiller',NULL,NULL,NULL,NULL,NULL,NULL,NULL,NULL,NULL,NULL,NULL,25,'societe');
INSERT INTO `llx_actioncomm` VALUES (49,NULL,1,'2016-11-08 11:07:25','2016-11-08 11:07:25',40,'AC_OTH_AUTO','2016-11-08 11:07:25','2016-11-08 11:07:25',2,NULL,NULL,26,NULL,0,2,NULL,0,0,0,1,-1,'',NULL,'Tiers créé','Tiers créé\nAuteur: EDemeiller',NULL,NULL,NULL,NULL,NULL,NULL,NULL,NULL,NULL,NULL,NULL,26,'societe');
INSERT INTO `llx_actioncomm` VALUES (50,NULL,1,'2016-11-08 11:20:09','2016-11-08 11:20:09',40,'AC_OTH_AUTO','2016-11-08 11:20:09','2016-11-08 11:20:09',2,NULL,NULL,27,NULL,0,2,NULL,0,0,0,1,-1,'',NULL,'Tiers créé','Tiers créé\nAuteur: EDemeiller',NULL,NULL,NULL,NULL,NULL,NULL,NULL,NULL,NULL,NULL,NULL,27,'societe');
INSERT INTO `llx_actioncomm` VALUES (51,NULL,1,'2016-11-08 11:35:56','2016-11-08 11:35:56',40,'AC_OTH_AUTO','2016-11-08 11:35:56','2016-11-08 11:35:56',2,NULL,NULL,28,NULL,0,2,NULL,0,0,0,1,-1,'',NULL,'Tiers créé','Tiers créé\nAuteur: EDemeiller',NULL,NULL,NULL,NULL,NULL,NULL,NULL,NULL,NULL,NULL,NULL,28,'societe');
INSERT INTO `llx_actioncomm` VALUES (52,NULL,1,'2016-11-08 11:43:47','2016-11-08 11:43:47',40,'AC_OTH_AUTO','2016-11-08 11:43:47','2016-11-08 11:43:47',2,NULL,NULL,29,NULL,0,2,NULL,0,0,0,1,-1,'',NULL,'Tiers créé','Tiers créé\nAuteur: EDemeiller',NULL,NULL,NULL,NULL,NULL,NULL,NULL,NULL,NULL,NULL,NULL,29,'societe');
INSERT INTO `llx_actioncomm` VALUES (53,NULL,1,'2016-11-08 11:57:29','2016-11-08 11:57:29',40,'AC_OTH_AUTO','2016-11-08 11:57:29','2016-11-08 11:57:29',2,NULL,NULL,30,NULL,0,2,NULL,0,0,0,1,-1,'',NULL,'Tiers créé','Tiers créé\nAuteur: EDemeiller',NULL,NULL,NULL,NULL,NULL,NULL,NULL,NULL,NULL,NULL,NULL,30,'societe');
INSERT INTO `llx_actioncomm` VALUES (54,NULL,1,'2016-11-08 12:25:57','2016-11-08 12:25:57',40,'AC_OTH_AUTO','2016-11-08 12:25:57','2016-11-08 12:25:57',2,NULL,NULL,31,NULL,0,2,NULL,0,0,0,1,-1,'',NULL,'Tiers créé','Tiers créé\nAuteur: EDemeiller',NULL,NULL,NULL,NULL,NULL,NULL,NULL,NULL,NULL,NULL,NULL,31,'societe');
INSERT INTO `llx_actioncomm` VALUES (55,NULL,1,'2016-11-08 14:25:53','2016-11-08 14:25:53',40,'AC_OTH_AUTO','2016-11-08 14:25:53','2016-11-08 14:25:53',2,NULL,NULL,32,NULL,0,2,NULL,0,0,0,1,-1,'',NULL,'Tiers créé','Tiers créé\nAuteur: EDemeiller',NULL,NULL,NULL,NULL,NULL,NULL,NULL,NULL,NULL,NULL,NULL,32,'societe');
INSERT INTO `llx_actioncomm` VALUES (56,NULL,1,'2016-11-27 18:31:18','2016-11-27 18:31:18',40,'AC_OTH_AUTO','2016-11-27 18:31:18','2016-11-27 18:31:18',2,NULL,NULL,11,NULL,0,2,NULL,0,0,0,1,-1,'',NULL,'Proposition PR1610-0002 validée','Proposition PR1610-0002 validée\nAuteur: EDemeiller',NULL,NULL,NULL,NULL,NULL,NULL,NULL,NULL,NULL,NULL,NULL,4,'propal');
INSERT INTO `llx_actioncomm` VALUES (57,NULL,1,'2016-11-27 18:35:27','2016-11-27 18:35:27',40,'AC_OTH_AUTO','2016-11-27 18:35:27','2016-11-27 18:35:27',2,NULL,NULL,11,NULL,0,2,NULL,0,0,0,1,-1,'',NULL,'Facture AC1611-0001 validée','Facture AC1611-0001 validée\nAuteur: EDemeiller',NULL,NULL,NULL,NULL,NULL,NULL,NULL,NULL,NULL,NULL,NULL,3,'invoice');
INSERT INTO `llx_actioncomm` VALUES (58,NULL,1,'2016-11-27 18:43:58','2016-11-27 18:43:58',40,'AC_OTH_AUTO','2016-11-27 18:43:58','2016-11-27 18:43:58',2,NULL,NULL,11,NULL,0,2,NULL,0,0,0,1,-1,'',NULL,'Facture AC1611-0001 repassée en brouillon','Facture AC1611-0001 repassée en brouillon\nAuteur: EDemeiller',NULL,NULL,NULL,NULL,NULL,NULL,NULL,NULL,NULL,NULL,NULL,3,'invoice');
INSERT INTO `llx_actioncomm` VALUES (59,NULL,1,'2016-11-27 18:46:23','2016-11-27 18:46:23',40,'AC_OTH_AUTO','2016-11-27 18:46:23','2016-11-27 18:46:23',2,NULL,NULL,11,NULL,0,2,NULL,0,0,0,1,-1,'',NULL,'Facture FA1611-0002 validée','Facture FA1611-0002 validée\nAuteur: EDemeiller',NULL,NULL,NULL,NULL,NULL,NULL,NULL,NULL,NULL,NULL,NULL,4,'invoice');
INSERT INTO `llx_actioncomm` VALUES (60,NULL,1,'2016-11-27 18:53:29','2016-11-27 18:53:29',40,'AC_OTH_AUTO','2016-11-27 18:53:29','2016-11-27 18:53:29',2,NULL,NULL,33,NULL,0,2,NULL,0,0,0,1,-1,'',NULL,'Tiers créé','Tiers créé\nAuteur: EDemeiller',NULL,NULL,NULL,NULL,NULL,NULL,NULL,NULL,NULL,NULL,NULL,33,'societe');
INSERT INTO `llx_actioncomm` VALUES (61,NULL,1,'2016-11-27 19:04:54','2016-11-27 19:04:54',40,'AC_OTH_AUTO','2016-11-27 19:04:54','2016-11-27 19:04:54',2,NULL,NULL,33,NULL,0,2,NULL,0,0,0,1,-1,'',NULL,'Facture FA1611-0003 validée','Facture FA1611-0003 validée\nAuteur: EDemeiller',NULL,NULL,NULL,NULL,NULL,NULL,NULL,NULL,NULL,NULL,NULL,5,'invoice');
INSERT INTO `llx_actioncomm` VALUES (62,NULL,1,'2016-11-27 19:12:08','2016-11-27 19:12:08',40,'AC_OTH_AUTO','2016-11-27 19:12:08','2016-11-27 19:12:08',2,NULL,NULL,34,NULL,0,2,NULL,0,0,0,1,-1,'',NULL,'Tiers créé','Tiers créé\nAuteur: EDemeiller',NULL,NULL,NULL,NULL,NULL,NULL,NULL,NULL,NULL,NULL,NULL,34,'societe');
INSERT INTO `llx_actioncomm` VALUES (63,NULL,1,'2016-11-27 19:23:26','2016-11-27 19:23:26',40,'AC_OTH_AUTO','2016-11-27 19:23:26','2016-11-27 19:23:26',2,NULL,NULL,34,NULL,0,2,NULL,0,0,0,1,-1,'',NULL,'Facture FA1611-0004 validée','Facture FA1611-0004 validée\nAuteur: EDemeiller',NULL,NULL,NULL,NULL,NULL,NULL,NULL,NULL,NULL,NULL,NULL,6,'invoice');
INSERT INTO `llx_actioncomm` VALUES (64,NULL,1,'2016-11-28 17:24:24','2016-11-28 17:24:24',40,'AC_OTH_AUTO','2016-11-28 17:24:24','2016-11-28 17:24:24',2,NULL,NULL,34,27,0,2,NULL,0,0,0,1,-1,'',NULL,'Mail envoyé par Etienne DEMEILLER <etienne.demeiller@enerbioflex.fr> To Xavier Teterel <xavier.teterel@agri60.fr>','Mail envoyé par Etienne DEMEILLER <etienne.demeiller@enerbioflex.fr> To Xavier Teterel <xavier.teterel@agri60.fr><br>\nBcc: julien.delgove@enerbioflex.fr<br>\nObjet: Envoi de la facture FA1611-0004<br>\nCorps du message:<br>\nBonjour Monsieur Teterel,<br />\n<br />\nVous trouverez ci-joint la facture FA1611-0004&nbsp;qui fait suite &agrave; notre formation professionnelle du 24/11 dernier.<br />\n<br />\nNous restons &agrave; votre disposition si besoin.\n<p>Cordialement<br />\nEtienne DEMEILLER<br />\nCofondateur EnerBioFlex<br />\n9 rue de la prairie, 60650 Saint Paul<br />\n06.80.45.39.59</p>\n\nFichiers et documents joints: FA1611-0004.pdf',NULL,NULL,NULL,NULL,NULL,NULL,NULL,NULL,NULL,NULL,NULL,6,'invoice');
INSERT INTO `llx_actioncomm` VALUES (65,NULL,1,'2016-11-29 08:56:52','2016-11-29 08:56:52',40,'AC_OTH_AUTO','2016-11-29 08:56:52','2016-11-29 08:56:52',1,NULL,NULL,35,NULL,0,1,NULL,0,0,0,1,-1,'',NULL,'Tiers créé','Tiers créé\nAuteur: JDelgove',NULL,NULL,NULL,NULL,NULL,NULL,NULL,NULL,NULL,NULL,NULL,35,'societe');
INSERT INTO `llx_actioncomm` VALUES (66,NULL,1,'2016-11-29 09:32:59','2016-11-29 09:32:59',40,'AC_OTH_AUTO','2016-11-29 09:32:59','2016-11-29 09:32:59',1,NULL,NULL,35,NULL,0,1,NULL,0,0,0,1,-1,'',NULL,'Proposition PR1611-0005 validée','Proposition PR1611-0005 validée\nAuteur: JDelgove',NULL,NULL,NULL,NULL,NULL,NULL,NULL,NULL,NULL,NULL,NULL,6,'propal');
INSERT INTO `llx_actioncomm` VALUES (67,NULL,1,'2016-11-29 09:34:39','2016-11-29 09:34:39',40,'AC_OTH_AUTO','2016-11-29 09:34:39','2016-11-29 09:34:39',1,NULL,NULL,35,NULL,0,1,NULL,0,0,0,1,-1,'',NULL,'Proposition PR1611-0005 validée','Proposition PR1611-0005 validée\nAuteur: JDelgove',NULL,NULL,NULL,NULL,NULL,NULL,NULL,NULL,NULL,NULL,NULL,6,'propal');
INSERT INTO `llx_actioncomm` VALUES (68,NULL,1,'2016-11-29 09:36:13','2016-11-29 09:36:13',40,'AC_OTH_AUTO','2016-11-29 09:36:13','2016-11-29 09:36:13',1,NULL,NULL,35,NULL,0,1,NULL,0,0,0,1,-1,'',NULL,'Proposition PR1611-0005 validée','Proposition PR1611-0005 validée\nAuteur: JDelgove',NULL,NULL,NULL,NULL,NULL,NULL,NULL,NULL,NULL,NULL,NULL,6,'propal');
INSERT INTO `llx_actioncomm` VALUES (69,NULL,1,'2016-11-29 10:02:54','2016-11-29 10:02:54',40,'AC_OTH_AUTO','2016-11-29 10:02:54','2016-11-29 10:02:54',1,NULL,NULL,35,NULL,0,1,NULL,0,0,0,1,-1,'',NULL,'Proposition PR1611-0006 validée','Proposition PR1611-0006 validée\nAuteur: JDelgove',NULL,NULL,NULL,NULL,NULL,NULL,NULL,NULL,NULL,NULL,NULL,7,'propal');
INSERT INTO `llx_actioncomm` VALUES (70,NULL,1,'2016-11-29 10:21:03','2016-11-29 10:21:03',40,'AC_OTH_AUTO','2016-11-29 10:21:03','2016-11-29 10:21:03',1,NULL,NULL,35,NULL,0,1,NULL,0,0,0,1,-1,'',NULL,'Proposition PR1611-0007 validée','Proposition PR1611-0007 validée\nAuteur: JDelgove',NULL,NULL,NULL,NULL,NULL,NULL,NULL,NULL,NULL,NULL,NULL,8,'propal');
INSERT INTO `llx_actioncomm` VALUES (71,NULL,1,'2016-11-29 10:22:11','2016-11-29 10:22:11',40,'AC_OTH_AUTO','2016-11-29 10:22:11','2016-11-29 10:22:11',1,NULL,NULL,35,NULL,0,1,NULL,0,0,0,1,-1,'',NULL,'Proposition PR1611-0007 validée','Proposition PR1611-0007 validée\nAuteur: JDelgove',NULL,NULL,NULL,NULL,NULL,NULL,NULL,NULL,NULL,NULL,NULL,8,'propal');
INSERT INTO `llx_actioncomm` VALUES (72,NULL,1,'2016-11-29 10:22:55','2016-11-29 10:22:55',40,'AC_OTH_AUTO','2016-11-29 10:22:55','2016-11-29 10:22:55',1,NULL,NULL,35,NULL,0,1,NULL,0,0,0,1,-1,'',NULL,'Proposition PR1611-0006 validée','Proposition PR1611-0006 validée\nAuteur: JDelgove',NULL,NULL,NULL,NULL,NULL,NULL,NULL,NULL,NULL,NULL,NULL,7,'propal');
INSERT INTO `llx_actioncomm` VALUES (73,NULL,1,'2016-11-29 15:50:33','2016-11-29 15:50:33',40,'AC_OTH_AUTO','2016-11-29 15:50:33','2016-11-29 15:50:33',1,NULL,NULL,35,NULL,0,1,NULL,0,0,0,1,-1,'',NULL,'Proposition PR1611-0005 validée','Proposition PR1611-0005 validée\nAuteur: JDelgove',NULL,NULL,NULL,NULL,NULL,NULL,NULL,NULL,NULL,NULL,NULL,6,'propal');
INSERT INTO `llx_actioncomm` VALUES (74,NULL,1,'2016-11-29 15:53:03','2016-11-29 15:53:03',40,'AC_OTH_AUTO','2016-11-29 15:53:03','2016-11-29 15:53:03',1,NULL,NULL,35,NULL,0,1,NULL,0,0,0,1,-1,'',NULL,'Proposition PR1611-0005 validée','Proposition PR1611-0005 validée\nAuteur: JDelgove',NULL,NULL,NULL,NULL,NULL,NULL,NULL,NULL,NULL,NULL,NULL,6,'propal');
INSERT INTO `llx_actioncomm` VALUES (75,NULL,1,'2016-12-01 09:44:05','2016-12-01 09:44:05',40,'AC_OTH_AUTO','2016-12-01 09:44:05','2016-12-01 09:44:05',1,NULL,NULL,31,NULL,0,1,NULL,0,0,0,1,-1,'',NULL,'Proposition PR1612-0008 validée','Proposition PR1612-0008 validée\nAuteur: JDelgove',NULL,NULL,NULL,NULL,NULL,NULL,NULL,NULL,NULL,NULL,NULL,9,'propal');
INSERT INTO `llx_actioncomm` VALUES (76,NULL,1,'2016-12-01 14:33:24','2016-12-01 14:33:24',40,'AC_OTH_AUTO','2016-12-01 14:33:24','2016-12-01 14:33:24',2,NULL,NULL,23,NULL,0,2,NULL,0,0,0,1,-1,'',NULL,'Facture SI1611-0001 validée','Facture SI1611-0001 validée\nAuteur: EDemeiller',NULL,NULL,NULL,NULL,NULL,NULL,NULL,NULL,NULL,NULL,NULL,5,'invoice_supplier');
INSERT INTO `llx_actioncomm` VALUES (77,NULL,1,'2016-12-01 14:49:35','2016-12-01 14:49:35',40,'AC_OTH_AUTO','2016-12-01 14:49:35','2016-12-01 14:49:35',2,NULL,NULL,23,NULL,0,2,NULL,0,0,0,1,-1,'',NULL,'Facture SI1612-0002 validée','Facture SI1612-0002 validée\nAuteur: EDemeiller',NULL,NULL,NULL,NULL,NULL,NULL,NULL,NULL,NULL,NULL,NULL,6,'invoice_supplier');
INSERT INTO `llx_actioncomm` VALUES (78,NULL,1,'2016-12-01 14:52:36','2016-12-01 14:52:36',40,'AC_OTH_AUTO','2016-12-01 14:52:36','2016-12-01 14:52:36',2,NULL,NULL,23,NULL,0,2,NULL,0,0,0,1,-1,'',NULL,'Facture SI1612-0002 validée','Facture SI1612-0002 validée\nAuteur: EDemeiller',NULL,NULL,NULL,NULL,NULL,NULL,NULL,NULL,NULL,NULL,NULL,6,'invoice_supplier');
INSERT INTO `llx_actioncomm` VALUES (79,NULL,1,'2016-12-01 14:54:05','2016-12-01 14:54:05',40,'AC_OTH_AUTO','2016-12-01 14:54:05','2016-12-01 14:54:05',2,NULL,NULL,23,NULL,0,2,NULL,0,0,0,1,-1,'',NULL,'Facture SI1612-0002 validée','Facture SI1612-0002 validée\nAuteur: EDemeiller',NULL,NULL,NULL,NULL,NULL,NULL,NULL,NULL,NULL,NULL,NULL,6,'invoice_supplier');
INSERT INTO `llx_actioncomm` VALUES (80,NULL,1,'2016-12-01 14:54:38','2016-12-01 14:54:38',40,'AC_OTH_AUTO','2016-12-01 14:54:38','2016-12-01 14:54:38',2,NULL,NULL,23,NULL,0,2,NULL,0,0,0,1,-1,'',NULL,'Facture SI1611-0001 validée','Facture SI1611-0001 validée\nAuteur: EDemeiller',NULL,NULL,NULL,NULL,NULL,NULL,NULL,NULL,NULL,NULL,NULL,5,'invoice_supplier');
INSERT INTO `llx_actioncomm` VALUES (81,NULL,1,'2016-12-01 14:55:01','2016-12-01 14:55:01',40,'AC_OTH_AUTO','2016-12-01 14:55:01','2016-12-01 14:55:01',2,NULL,NULL,23,NULL,0,2,NULL,0,0,0,1,-1,'',NULL,'Facture SI1611-0001 validée','Facture SI1611-0001 validée\nAuteur: EDemeiller',NULL,NULL,NULL,NULL,NULL,NULL,NULL,NULL,NULL,NULL,NULL,5,'invoice_supplier');
INSERT INTO `llx_actioncomm` VALUES (82,NULL,1,'2016-12-01 14:55:10','2016-12-01 14:55:10',40,'AC_OTH_AUTO','2016-12-01 14:55:10','2016-12-01 14:55:10',2,NULL,NULL,23,NULL,0,2,NULL,0,0,0,1,-1,'',NULL,'Facture SI1611-0001 validée','Facture SI1611-0001 validée\nAuteur: EDemeiller',NULL,NULL,NULL,NULL,NULL,NULL,NULL,NULL,NULL,NULL,NULL,5,'invoice_supplier');
INSERT INTO `llx_actioncomm` VALUES (83,NULL,1,'2016-12-01 14:55:52','2016-12-01 14:55:52',40,'AC_OTH_AUTO','2016-12-01 14:55:52','2016-12-01 14:55:52',2,NULL,NULL,23,NULL,0,2,NULL,0,0,0,1,-1,'',NULL,'Facture SI1611-0001 validée','Facture SI1611-0001 validée\nAuteur: EDemeiller',NULL,NULL,NULL,NULL,NULL,NULL,NULL,NULL,NULL,NULL,NULL,5,'invoice_supplier');
INSERT INTO `llx_actioncomm` VALUES (84,NULL,1,'2016-12-01 15:10:19','2016-12-01 15:10:19',40,'AC_OTH_AUTO','2016-12-01 15:10:19','2016-12-01 15:10:19',2,NULL,NULL,36,NULL,0,2,NULL,0,0,0,1,-1,'',NULL,'Tiers créé','Tiers créé\nAuteur: EDemeiller',NULL,NULL,NULL,NULL,NULL,NULL,NULL,NULL,NULL,NULL,NULL,36,'societe');
INSERT INTO `llx_actioncomm` VALUES (85,NULL,1,'2016-12-01 15:13:52','2016-12-01 15:13:52',40,'AC_OTH_AUTO','2016-12-01 15:13:52','2016-12-01 15:13:52',2,NULL,NULL,36,NULL,0,2,NULL,0,0,0,1,-1,'',NULL,'Facture SI1611-0003 validée','Facture SI1611-0003 validée\nAuteur: EDemeiller',NULL,NULL,NULL,NULL,NULL,NULL,NULL,NULL,NULL,NULL,NULL,8,'invoice_supplier');
INSERT INTO `llx_actioncomm` VALUES (86,NULL,1,'2016-12-02 08:52:46','2016-12-02 08:52:46',40,'AC_OTH_AUTO','2016-12-02 08:52:46','2016-12-02 08:52:46',2,NULL,NULL,1,NULL,0,2,NULL,0,0,0,1,-1,'',NULL,'Proposition PR1611-0004 validée','Proposition PR1611-0004 validée\nAuteur: EDemeiller',NULL,NULL,NULL,NULL,NULL,NULL,NULL,NULL,NULL,NULL,NULL,1,'propal');
INSERT INTO `llx_actioncomm` VALUES (87,NULL,1,'2016-12-02 08:53:23','2016-12-02 08:53:23',40,'AC_OTH_AUTO','2016-12-02 08:53:23','2016-12-02 08:53:23',2,NULL,NULL,1,NULL,0,2,NULL,0,0,0,1,-1,'',NULL,'Proposition PR1611-0004 validée','Proposition PR1611-0004 validée\nAuteur: EDemeiller',NULL,NULL,NULL,NULL,NULL,NULL,NULL,NULL,NULL,NULL,NULL,1,'propal');
INSERT INTO `llx_actioncomm` VALUES (88,NULL,1,'2016-12-02 08:53:42','2016-12-02 08:53:42',40,'AC_OTH_AUTO','2016-12-02 08:53:42','2016-12-02 08:53:42',2,NULL,NULL,1,NULL,0,2,NULL,0,0,0,1,-1,'',NULL,'Proposition PR1611-0004 validée','Proposition PR1611-0004 validée\nAuteur: EDemeiller',NULL,NULL,NULL,NULL,NULL,NULL,NULL,NULL,NULL,NULL,NULL,1,'propal');
INSERT INTO `llx_actioncomm` VALUES (89,NULL,1,'2016-12-08 11:15:34','2016-12-08 11:15:34',40,'AC_OTH_AUTO','2016-12-08 11:15:34','2016-12-08 11:15:34',2,NULL,NULL,37,NULL,0,2,NULL,0,0,0,1,-1,'',NULL,'Tiers créé','Tiers créé\nAuteur: EDemeiller',NULL,NULL,NULL,NULL,NULL,NULL,NULL,NULL,NULL,NULL,NULL,37,'societe');
INSERT INTO `llx_actioncomm` VALUES (90,NULL,1,'2016-12-12 11:26:00','2016-12-12 11:42:00',50,'AC_OTH','2016-12-12 11:44:01','2016-12-12 11:44:01',2,NULL,NULL,11,11,0,2,NULL,1,0,0,1,100,'',960,'Entretien téléphonique projet métha','Bien discut&eacute; sur son projet de m&eacute;tha,&nbsp;<br />\nEssayer vendre AMO et acceptation social.<br />\nA recontacter en f&eacute;vrier',NULL,NULL,NULL,NULL,NULL,NULL,NULL,NULL,NULL,NULL,NULL,NULL,NULL);
INSERT INTO `llx_actioncomm` VALUES (91,NULL,1,'2017-02-06 09:00:00','2017-02-06 09:00:00',50,'AC_OTH','2016-12-12 11:45:16','2017-04-19 09:48:23',2,2,NULL,11,11,0,2,NULL,1,0,0,1,100,NULL,NULL,'Contacter Nicolas Hennuyer','A recontacter pour projet m&eacute;tha<br />\nEn attente retour permis de construire',NULL,NULL,NULL,NULL,NULL,NULL,NULL,NULL,NULL,NULL,NULL,NULL,NULL);
INSERT INTO `llx_actioncomm` VALUES (92,NULL,1,'2016-12-12 16:17:21','2016-12-12 16:17:21',40,'AC_OTH_AUTO','2016-12-12 16:17:21','2016-12-12 16:17:21',2,NULL,NULL,38,NULL,0,2,NULL,0,0,0,1,-1,'',NULL,'Tiers créé','Tiers créé\nAuteur: EDemeiller',NULL,NULL,NULL,NULL,NULL,NULL,NULL,NULL,NULL,NULL,NULL,38,'societe');
INSERT INTO `llx_actioncomm` VALUES (93,NULL,1,'2016-12-12 16:24:50','2016-12-12 16:24:50',40,'AC_OTH_AUTO','2016-12-12 16:24:50','2016-12-12 16:24:50',2,NULL,NULL,39,NULL,0,2,NULL,0,0,0,1,-1,'',NULL,'Tiers créé','Tiers créé\nAuteur: EDemeiller',NULL,NULL,NULL,NULL,NULL,NULL,NULL,NULL,NULL,NULL,NULL,39,'societe');
INSERT INTO `llx_actioncomm` VALUES (94,NULL,1,'2016-12-13 15:05:47','2016-12-13 15:05:47',40,'AC_OTH_AUTO','2016-12-13 15:05:47','2016-12-13 15:05:47',2,NULL,NULL,40,NULL,0,2,NULL,0,0,0,1,-1,'',NULL,'Tiers créé','Tiers créé\nAuteur: EDemeiller',NULL,NULL,NULL,NULL,NULL,NULL,NULL,NULL,NULL,NULL,NULL,40,'societe');
INSERT INTO `llx_actioncomm` VALUES (95,NULL,1,'2016-12-13 15:10:49','2016-12-13 15:10:49',40,'AC_OTH_AUTO','2016-12-13 15:10:49','2016-12-13 15:10:49',2,NULL,NULL,40,NULL,0,2,NULL,0,0,0,1,-1,'',NULL,'Proposition PR1612-0009 validée','Proposition PR1612-0009 validée\nAuteur: EDemeiller',NULL,NULL,NULL,NULL,NULL,NULL,NULL,NULL,NULL,NULL,NULL,10,'propal');
INSERT INTO `llx_actioncomm` VALUES (96,NULL,1,'2016-12-13 15:23:07','2016-12-13 15:23:07',40,'AC_OTH_AUTO','2016-12-13 15:23:07','2016-12-13 15:23:07',2,NULL,NULL,40,NULL,0,2,NULL,0,0,0,1,-1,'',NULL,'Proposition PR1612-0009 validée','Proposition PR1612-0009 validée\nAuteur: EDemeiller',NULL,NULL,NULL,NULL,NULL,NULL,NULL,NULL,NULL,NULL,NULL,10,'propal');
INSERT INTO `llx_actioncomm` VALUES (97,NULL,1,'2016-12-13 15:27:17','2016-12-13 15:27:17',40,'AC_OTH_AUTO','2016-12-13 15:27:17','2016-12-13 15:27:17',2,NULL,NULL,40,NULL,0,2,NULL,0,0,0,1,-1,'',NULL,'Proposition PR1612-0009 validée','Proposition PR1612-0009 validée\nAuteur: EDemeiller',NULL,NULL,NULL,NULL,NULL,NULL,NULL,NULL,NULL,NULL,NULL,10,'propal');
INSERT INTO `llx_actioncomm` VALUES (98,NULL,1,'2016-12-13 18:13:28','2016-12-13 18:13:28',40,'AC_OTH_AUTO','2016-12-13 18:13:28','2016-12-13 18:13:28',2,NULL,NULL,40,NULL,0,2,NULL,0,0,0,1,-1,'',NULL,'Proposition PR1612-0009 validée','Proposition PR1612-0009 validée\nAuteur: EDemeiller',NULL,NULL,NULL,NULL,NULL,NULL,NULL,NULL,NULL,NULL,NULL,10,'propal');
INSERT INTO `llx_actioncomm` VALUES (99,NULL,1,'2016-12-15 14:38:30','2016-12-15 14:38:30',40,'AC_OTH_AUTO','2016-12-15 14:38:30','2016-12-15 14:38:30',2,NULL,NULL,41,NULL,0,2,NULL,0,0,0,1,-1,'',NULL,'Tiers créé','Tiers créé\nAuteur: EDemeiller',NULL,NULL,NULL,NULL,NULL,NULL,NULL,NULL,NULL,NULL,NULL,41,'societe');
INSERT INTO `llx_actioncomm` VALUES (100,NULL,1,'2016-12-15 14:45:38','2016-12-15 14:45:38',40,'AC_OTH_AUTO','2016-12-15 14:45:38','2016-12-15 14:45:38',2,NULL,NULL,41,NULL,0,2,NULL,0,0,0,1,-1,'',NULL,'Facture SI1612-0004 validée','Facture SI1612-0004 validée\nAuteur: EDemeiller',NULL,NULL,NULL,NULL,NULL,NULL,NULL,NULL,NULL,NULL,NULL,9,'invoice_supplier');
INSERT INTO `llx_actioncomm` VALUES (101,NULL,1,'2016-12-15 14:45:48','2016-12-15 14:45:48',40,'AC_OTH_AUTO','2016-12-15 14:45:48','2016-12-15 14:45:48',2,NULL,NULL,41,NULL,0,2,NULL,0,0,0,1,-1,'',NULL,'Facture SI1612-0004 validée','Facture SI1612-0004 validée\nAuteur: EDemeiller',NULL,NULL,NULL,NULL,NULL,NULL,NULL,NULL,NULL,NULL,NULL,9,'invoice_supplier');
INSERT INTO `llx_actioncomm` VALUES (102,NULL,1,'2016-12-15 14:46:34','2016-12-15 14:46:34',40,'AC_OTH_AUTO','2016-12-15 14:46:34','2016-12-15 14:46:34',2,NULL,NULL,41,NULL,0,2,NULL,0,0,0,1,-1,'',NULL,'Facture SI1612-0004 validée','Facture SI1612-0004 validée\nAuteur: EDemeiller',NULL,NULL,NULL,NULL,NULL,NULL,NULL,NULL,NULL,NULL,NULL,9,'invoice_supplier');
INSERT INTO `llx_actioncomm` VALUES (103,NULL,1,'2016-12-16 17:16:22','2016-12-16 17:16:22',40,'AC_OTH_AUTO','2016-12-16 17:16:22','2016-12-16 17:16:22',2,NULL,NULL,42,NULL,0,2,NULL,0,0,0,1,-1,'',NULL,'Tiers créé','Tiers créé\nAuteur: EDemeiller',NULL,NULL,NULL,NULL,NULL,NULL,NULL,NULL,NULL,NULL,NULL,42,'societe');
INSERT INTO `llx_actioncomm` VALUES (104,NULL,1,'2016-12-16 17:18:02','2016-12-16 17:18:02',40,'AC_OTH_AUTO','2016-12-16 17:18:02','2016-12-16 17:18:02',2,NULL,NULL,42,NULL,0,2,NULL,0,0,0,1,-1,'',NULL,'Facture SI1612-0005 validée','Facture SI1612-0005 validée\nAuteur: EDemeiller',NULL,NULL,NULL,NULL,NULL,NULL,NULL,NULL,NULL,NULL,NULL,10,'invoice_supplier');
INSERT INTO `llx_actioncomm` VALUES (105,NULL,1,'2016-12-21 20:11:28','2016-12-21 20:11:28',40,'AC_OTH_AUTO','2016-12-21 20:11:28','2016-12-21 20:11:28',1,NULL,NULL,43,NULL,0,1,NULL,0,0,0,1,-1,'',NULL,'Tiers créé','Tiers créé\nAuteur: JDelgove',NULL,NULL,NULL,NULL,NULL,NULL,NULL,NULL,NULL,NULL,NULL,43,'societe');
INSERT INTO `llx_actioncomm` VALUES (106,NULL,1,'2016-12-21 20:15:09','2016-12-21 20:15:09',40,'AC_OTH_AUTO','2016-12-21 20:15:09','2016-12-21 20:15:09',1,NULL,NULL,43,NULL,0,1,NULL,0,0,0,1,-1,'',NULL,'Facture SI1612-0006 validée','Facture SI1612-0006 validée\nAuteur: JDelgove',NULL,NULL,NULL,NULL,NULL,NULL,NULL,NULL,NULL,NULL,NULL,11,'invoice_supplier');
INSERT INTO `llx_actioncomm` VALUES (107,NULL,1,'2016-12-28 15:42:40','2016-12-28 15:42:40',40,'AC_OTH_AUTO','2016-12-28 15:42:40','2016-12-28 15:42:40',2,NULL,NULL,10,NULL,0,2,NULL,0,0,0,1,-1,'',NULL,'Facture FA1612-0005 validée','Facture FA1612-0005 validée\nAuteur: EDemeiller',NULL,NULL,NULL,NULL,NULL,NULL,NULL,NULL,NULL,NULL,NULL,7,'invoice');
INSERT INTO `llx_actioncomm` VALUES (108,NULL,1,'2017-01-03 16:52:36','2017-01-03 16:52:36',40,'AC_OTH_AUTO','2017-01-03 16:52:36','2017-01-03 16:52:36',1,NULL,NULL,44,NULL,0,1,NULL,0,0,0,1,-1,'',NULL,'Tiers créé','Tiers créé\nAuteur: JDelgove',NULL,NULL,NULL,NULL,NULL,NULL,NULL,NULL,NULL,NULL,NULL,44,'societe');
INSERT INTO `llx_actioncomm` VALUES (109,NULL,1,'2017-01-03 16:56:08','2017-01-03 16:56:08',40,'AC_OTH_AUTO','2017-01-03 16:56:08','2017-01-03 16:56:08',1,NULL,NULL,44,NULL,0,1,NULL,0,0,0,1,-1,'',NULL,'Proposition PR1701-0010 validée','Proposition PR1701-0010 validée\nAuteur: JDelgove',NULL,NULL,NULL,NULL,NULL,NULL,NULL,NULL,NULL,NULL,NULL,11,'propal');
INSERT INTO `llx_actioncomm` VALUES (110,NULL,1,'2017-01-06 18:19:37','2017-01-06 18:19:37',40,'AC_OTH_AUTO','2017-01-06 18:19:37','2017-01-06 18:19:37',2,NULL,NULL,45,NULL,0,2,NULL,0,0,0,1,-1,'',NULL,'Tiers créé','Tiers créé\nAuteur: EDemeiller',NULL,NULL,NULL,NULL,NULL,NULL,NULL,NULL,NULL,NULL,NULL,45,'societe');
INSERT INTO `llx_actioncomm` VALUES (111,NULL,1,'2017-01-06 18:34:41','2017-01-06 18:34:41',40,'AC_OTH_AUTO','2017-01-06 18:34:41','2017-01-06 18:34:41',2,NULL,NULL,45,NULL,0,2,NULL,0,0,0,1,-1,'',NULL,'Proposition PR1701-0011 validée','Proposition PR1701-0011 validée\nAuteur: EDemeiller',NULL,NULL,NULL,NULL,NULL,NULL,NULL,NULL,NULL,NULL,NULL,12,'propal');
INSERT INTO `llx_actioncomm` VALUES (112,NULL,1,'2017-01-06 18:39:06','2017-01-06 18:39:06',40,'AC_OTH_AUTO','2017-01-06 18:39:06','2017-01-06 18:39:06',2,NULL,NULL,45,NULL,0,2,NULL,0,0,0,1,-1,'',NULL,'Proposition PR1701-0012 validée','Proposition PR1701-0012 validée\nAuteur: EDemeiller',NULL,NULL,NULL,NULL,NULL,NULL,NULL,NULL,NULL,NULL,NULL,13,'propal');
INSERT INTO `llx_actioncomm` VALUES (113,NULL,1,'2017-01-06 18:45:15','2017-01-06 18:45:15',40,'AC_OTH_AUTO','2017-01-06 18:45:15','2017-01-06 18:45:15',2,NULL,NULL,45,NULL,0,2,NULL,0,0,0,1,-1,'',NULL,'Proposition PR1701-0012 validée','Proposition PR1701-0012 validée\nAuteur: EDemeiller',NULL,NULL,NULL,NULL,NULL,NULL,NULL,NULL,NULL,NULL,NULL,14,'propal');
INSERT INTO `llx_actioncomm` VALUES (114,NULL,1,'2017-01-06 19:04:15','2017-01-06 19:04:15',40,'AC_OTH_AUTO','2017-01-06 19:04:15','2017-01-06 19:04:15',2,NULL,NULL,45,NULL,0,2,NULL,0,0,0,1,-1,'',NULL,'Proposition PR1701-0012 validée','Proposition PR1701-0012 validée\nAuteur: EDemeiller',NULL,NULL,NULL,NULL,NULL,NULL,NULL,NULL,NULL,NULL,NULL,14,'propal');
INSERT INTO `llx_actioncomm` VALUES (115,NULL,1,'2017-01-06 19:29:47','2017-01-06 19:29:47',40,'AC_OTH_AUTO','2017-01-06 19:29:47','2017-01-06 19:29:47',2,NULL,NULL,46,NULL,0,2,NULL,0,0,0,1,-1,'',NULL,'Tiers créé','Tiers créé\nAuteur: EDemeiller',NULL,NULL,NULL,NULL,NULL,NULL,NULL,NULL,NULL,NULL,NULL,46,'societe');
INSERT INTO `llx_actioncomm` VALUES (116,NULL,1,'2017-01-06 19:32:05','2017-01-06 19:32:05',40,'AC_OTH_AUTO','2017-01-06 19:32:05','2017-01-06 19:32:05',2,NULL,NULL,46,NULL,0,2,NULL,0,0,0,1,-1,'',NULL,'Facture SI1701-0007 validée','Facture SI1701-0007 validée\nAuteur: EDemeiller',NULL,NULL,NULL,NULL,NULL,NULL,NULL,NULL,NULL,NULL,NULL,12,'invoice_supplier');
INSERT INTO `llx_actioncomm` VALUES (117,NULL,1,'2017-01-06 19:34:28','2017-01-06 19:34:28',40,'AC_OTH_AUTO','2017-01-06 19:34:28','2017-01-06 19:34:28',2,NULL,NULL,47,NULL,0,2,NULL,0,0,0,1,-1,'',NULL,'Tiers créé','Tiers créé\nAuteur: EDemeiller',NULL,NULL,NULL,NULL,NULL,NULL,NULL,NULL,NULL,NULL,NULL,47,'societe');
INSERT INTO `llx_actioncomm` VALUES (118,NULL,1,'2017-01-06 19:45:45','2017-01-06 19:45:45',40,'AC_OTH_AUTO','2017-01-06 19:45:45','2017-01-06 19:45:45',2,NULL,NULL,47,NULL,0,2,NULL,0,0,0,1,-1,'',NULL,'Facture SI1612-0008 validée','Facture SI1612-0008 validée\nAuteur: EDemeiller',NULL,NULL,NULL,NULL,NULL,NULL,NULL,NULL,NULL,NULL,NULL,13,'invoice_supplier');
INSERT INTO `llx_actioncomm` VALUES (119,NULL,1,'2017-01-06 19:47:58','2017-01-06 19:47:58',40,'AC_OTH_AUTO','2017-01-06 19:47:58','2017-01-06 19:47:58',2,NULL,NULL,24,NULL,0,2,NULL,0,0,0,1,-1,'',NULL,'Facture SI1612-0009 validée','Facture SI1612-0009 validée\nAuteur: EDemeiller',NULL,NULL,NULL,NULL,NULL,NULL,NULL,NULL,NULL,NULL,NULL,14,'invoice_supplier');
INSERT INTO `llx_actioncomm` VALUES (120,NULL,1,'2017-01-10 10:06:03','2017-01-10 10:06:03',40,'AC_OTH_AUTO','2017-01-10 10:06:03','2017-01-10 10:06:03',1,NULL,NULL,48,NULL,0,1,NULL,0,0,0,1,-1,'',NULL,'Tiers créé','Tiers créé\nAuteur: JDelgove',NULL,NULL,NULL,NULL,NULL,NULL,NULL,NULL,NULL,NULL,NULL,48,'societe');
INSERT INTO `llx_actioncomm` VALUES (121,NULL,1,'2017-01-10 10:08:43','2017-01-10 10:08:43',40,'AC_OTH_AUTO','2017-01-10 10:08:43','2017-01-10 10:08:43',1,NULL,NULL,48,NULL,0,1,NULL,0,0,0,1,-1,'',NULL,'Facture SI1701-0010 validée','Facture SI1701-0010 validée\nAuteur: JDelgove',NULL,NULL,NULL,NULL,NULL,NULL,NULL,NULL,NULL,NULL,NULL,15,'invoice_supplier');
INSERT INTO `llx_actioncomm` VALUES (122,NULL,1,'2017-01-10 17:40:19','2017-01-10 17:40:19',40,'AC_OTH_AUTO','2017-01-10 17:40:19','2017-01-10 17:40:19',1,NULL,NULL,49,NULL,0,1,NULL,0,0,0,1,-1,'',NULL,'Tiers créé','Tiers créé\nAuteur: JDelgove',NULL,NULL,NULL,NULL,NULL,NULL,NULL,NULL,NULL,NULL,NULL,49,'societe');
INSERT INTO `llx_actioncomm` VALUES (123,NULL,1,'2017-01-10 17:44:15','2017-01-10 17:44:15',40,'AC_OTH_AUTO','2017-01-10 17:44:15','2017-01-10 17:44:15',1,NULL,NULL,49,NULL,0,1,NULL,0,0,0,1,-1,'',NULL,'Facture SI1701-0011 validée','Facture SI1701-0011 validée\nAuteur: JDelgove',NULL,NULL,NULL,NULL,NULL,NULL,NULL,NULL,NULL,NULL,NULL,16,'invoice_supplier');
INSERT INTO `llx_actioncomm` VALUES (124,NULL,1,'2017-01-17 09:00:00','2017-04-24 14:28:00',50,'AC_OTH','2017-01-10 22:28:58','2017-04-24 14:28:25',2,2,NULL,38,34,0,2,NULL,1,0,0,1,100,NULL,8396880,'Relancer si pas de news du compte edf',NULL,NULL,NULL,NULL,NULL,NULL,NULL,NULL,NULL,NULL,NULL,NULL,NULL,NULL);
INSERT INTO `llx_actioncomm` VALUES (125,NULL,1,'2017-01-11 13:43:37','2017-01-11 13:43:37',40,'AC_OTH_AUTO','2017-01-11 13:43:37','2017-01-11 13:43:37',1,NULL,NULL,50,NULL,0,1,NULL,0,0,0,1,-1,'',NULL,'Tiers créé','Tiers créé\nAuteur: JDelgove',NULL,NULL,NULL,NULL,NULL,NULL,NULL,NULL,NULL,NULL,NULL,50,'societe');
INSERT INTO `llx_actioncomm` VALUES (126,NULL,1,'2017-01-11 13:49:32','2017-01-11 13:49:32',40,'AC_OTH_AUTO','2017-01-11 13:49:32','2017-01-11 13:49:32',1,NULL,NULL,50,NULL,0,1,NULL,0,0,0,1,-1,'',NULL,'Facture SI1701-0012 validée','Facture SI1701-0012 validée\nAuteur: JDelgove',NULL,NULL,NULL,NULL,NULL,NULL,NULL,NULL,NULL,NULL,NULL,17,'invoice_supplier');
INSERT INTO `llx_actioncomm` VALUES (127,NULL,1,'2017-01-11 18:00:15','2017-01-11 18:00:15',40,'AC_OTH_AUTO','2017-01-11 18:00:15','2017-01-11 18:00:15',2,NULL,NULL,10,NULL,0,2,NULL,0,0,0,1,-1,'',NULL,'Facture SI1701-0013 validée','Facture SI1701-0013 validée\nAuteur: EDemeiller',NULL,NULL,NULL,NULL,NULL,NULL,NULL,NULL,NULL,NULL,NULL,18,'invoice_supplier');
INSERT INTO `llx_actioncomm` VALUES (128,NULL,1,'2017-01-11 18:29:36','2017-01-11 18:29:36',40,'AC_OTH_AUTO','2017-01-11 18:29:36','2017-01-11 18:29:36',2,NULL,NULL,50,NULL,0,2,NULL,0,0,0,1,-1,'',NULL,'Facture SI1701-0014 validée','Facture SI1701-0014 validée\nAuteur: EDemeiller',NULL,NULL,NULL,NULL,NULL,NULL,NULL,NULL,NULL,NULL,NULL,19,'invoice_supplier');
INSERT INTO `llx_actioncomm` VALUES (129,NULL,1,'2017-01-13 21:53:59','2017-01-13 21:53:59',40,'AC_OTH_AUTO','2017-01-13 21:53:59','2017-01-13 21:53:59',2,NULL,NULL,34,NULL,0,2,NULL,0,0,0,1,-1,'',NULL,'Facture FA1701-0006 validée','Facture FA1701-0006 validée\nAuteur: EDemeiller',NULL,NULL,NULL,NULL,NULL,NULL,NULL,NULL,NULL,NULL,NULL,8,'invoice');
INSERT INTO `llx_actioncomm` VALUES (130,NULL,1,'2017-01-16 15:35:19','2017-01-16 15:35:19',40,'AC_OTH_AUTO','2017-01-16 15:35:19','2017-01-16 15:35:19',2,NULL,NULL,10,NULL,0,2,NULL,0,0,0,1,-1,'',NULL,'Facture FA1612-0005 passée à payée','Facture FA1612-0005 passée à payée\nAuteur: EDemeiller',NULL,NULL,NULL,NULL,NULL,NULL,NULL,NULL,NULL,NULL,NULL,7,'invoice');
INSERT INTO `llx_actioncomm` VALUES (131,NULL,1,'2017-01-16 16:46:01','2017-01-16 16:46:01',40,'AC_OTH_AUTO','2017-01-16 16:46:01','2017-01-16 16:46:01',2,NULL,NULL,4,NULL,0,2,NULL,0,0,0,1,-1,'',NULL,'Facture FA1610-0001 passée à payée','Facture FA1610-0001 passée à payée\nAuteur: EDemeiller',NULL,NULL,NULL,NULL,NULL,NULL,NULL,NULL,NULL,NULL,NULL,2,'invoice');
INSERT INTO `llx_actioncomm` VALUES (132,NULL,1,'2017-01-20 10:38:20','2017-01-20 10:38:20',40,'AC_OTH_AUTO','2017-01-20 10:38:20','2017-01-20 10:38:20',2,NULL,NULL,34,27,0,2,NULL,0,0,0,1,-1,'',NULL,'Mail envoyé par Etienne DEMEILLER <etienne.demeiller@enerbioflex.fr> To Xavier Teterel <xavier.teterel@agri60.fr>','Mail envoyé par Etienne DEMEILLER <etienne.demeiller@enerbioflex.fr> To Xavier Teterel <xavier.teterel@agri60.fr><br>\nBcc: julien.delgove@enerbioflex.fr<br>\nObjet: Envoi de la facture FA1701-0006<br>\nCorps du message:<br>\nBonjour Xavier,<br />\n<br />\nVous trouverez ci-joint notre facture FA1701-0006 d&#39;un montant de 1050&euro; HT.<br />\n<br />\nNous restons &agrave; votre disposition pour toute pr&eacute;cison.<br />\nEn vous remerciant de votre confiance,<br />\n<br />\nBien cordialement<br />\nL&#39;&eacute;quipe EnerBioFlex\nFichiers et documents joints: FA1701-0006.pdf',NULL,NULL,NULL,NULL,NULL,NULL,NULL,NULL,NULL,NULL,NULL,8,'invoice');
INSERT INTO `llx_actioncomm` VALUES (133,NULL,1,'2017-01-20 17:51:27','2017-01-20 17:51:27',40,'AC_OTH_AUTO','2017-01-20 17:51:27','2017-01-20 17:51:27',1,NULL,NULL,51,NULL,0,1,NULL,0,0,0,1,-1,'',NULL,'Tiers créé','Tiers créé\nAuteur: JDelgove',NULL,NULL,NULL,NULL,NULL,NULL,NULL,NULL,NULL,NULL,NULL,51,'societe');
INSERT INTO `llx_actioncomm` VALUES (134,NULL,1,'2017-01-20 18:01:19','2017-01-20 18:01:19',40,'AC_OTH_AUTO','2017-01-20 18:01:19','2017-01-20 18:01:19',1,NULL,NULL,51,NULL,0,1,NULL,0,0,0,1,-1,'',NULL,'Facture SI1701-0015 validée','Facture SI1701-0015 validée\nAuteur: JDelgove',NULL,NULL,NULL,NULL,NULL,NULL,NULL,NULL,NULL,NULL,NULL,20,'invoice_supplier');
INSERT INTO `llx_actioncomm` VALUES (135,NULL,1,'2017-01-20 18:22:13','2017-01-20 18:22:13',40,'AC_OTH_AUTO','2017-01-20 18:22:13','2017-01-20 18:22:13',1,NULL,NULL,52,NULL,0,1,NULL,0,0,0,1,-1,'',NULL,'Tiers créé','Tiers créé\nAuteur: JDelgove',NULL,NULL,NULL,NULL,NULL,NULL,NULL,NULL,NULL,NULL,NULL,52,'societe');
INSERT INTO `llx_actioncomm` VALUES (136,NULL,1,'2017-01-20 18:23:58','2017-01-20 18:23:58',40,'AC_OTH_AUTO','2017-01-20 18:23:58','2017-01-20 18:23:58',1,NULL,NULL,52,NULL,0,1,NULL,0,0,0,1,-1,'',NULL,'Facture SI1701-0016 validée','Facture SI1701-0016 validée\nAuteur: JDelgove',NULL,NULL,NULL,NULL,NULL,NULL,NULL,NULL,NULL,NULL,NULL,21,'invoice_supplier');
INSERT INTO `llx_actioncomm` VALUES (137,NULL,1,'2017-01-28 11:59:04','2017-01-28 11:59:04',40,'AC_OTH_AUTO','2017-01-28 11:59:04','2017-01-28 11:59:04',2,NULL,NULL,11,NULL,0,2,NULL,0,0,0,1,-1,'',NULL,'Facture FA1611-0002 passée à payée','Facture FA1611-0002 passée à payée\nAuteur: EDemeiller',NULL,NULL,NULL,NULL,NULL,NULL,NULL,NULL,NULL,NULL,NULL,4,'invoice');
INSERT INTO `llx_actioncomm` VALUES (138,NULL,1,'2017-01-28 12:00:46','2017-01-28 12:00:46',40,'AC_OTH_AUTO','2017-01-28 12:00:46','2017-01-28 12:00:46',2,NULL,NULL,34,NULL,0,2,NULL,0,0,0,1,-1,'',NULL,'Facture FA1611-0004 passée à payée','Facture FA1611-0004 passée à payée\nAuteur: EDemeiller',NULL,NULL,NULL,NULL,NULL,NULL,NULL,NULL,NULL,NULL,NULL,6,'invoice');
INSERT INTO `llx_actioncomm` VALUES (139,NULL,1,'2017-01-28 12:17:29','2017-01-28 12:17:29',40,'AC_OTH_AUTO','2017-01-28 12:17:29','2017-01-28 12:17:29',2,NULL,NULL,10,NULL,0,2,NULL,0,0,0,1,-1,'',NULL,'Facture FA1612-0005 passée à payée','Facture FA1612-0005 passée à payée\nAuteur: EDemeiller',NULL,NULL,NULL,NULL,NULL,NULL,NULL,NULL,NULL,NULL,NULL,7,'invoice');
INSERT INTO `llx_actioncomm` VALUES (140,NULL,1,'2017-01-29 17:59:22','2017-01-29 17:59:22',40,'AC_OTH_AUTO','2017-01-29 17:59:22','2017-01-29 17:59:22',2,NULL,NULL,31,NULL,0,2,NULL,0,0,0,1,-1,'',NULL,'Proposition PR1612-0008 validée','Proposition PR1612-0008 validée\nAuteur: EDemeiller',NULL,NULL,NULL,NULL,NULL,NULL,NULL,NULL,NULL,NULL,NULL,9,'propal');
INSERT INTO `llx_actioncomm` VALUES (141,NULL,1,'2017-01-31 17:58:43','2017-01-31 17:58:43',40,'AC_OTH_AUTO','2017-01-31 17:58:43','2017-01-31 17:58:43',1,NULL,NULL,52,NULL,0,1,NULL,0,0,0,1,-1,'',NULL,'Facture SI1701-0017 validée','Facture SI1701-0017 validée\nAuteur: JDelgove',NULL,NULL,NULL,NULL,NULL,NULL,NULL,NULL,NULL,NULL,NULL,22,'invoice_supplier');
INSERT INTO `llx_actioncomm` VALUES (142,NULL,1,'2017-02-09 12:59:02','2017-02-09 12:59:02',40,'AC_OTH_AUTO','2017-02-09 12:59:02','2017-02-09 12:59:02',2,NULL,NULL,10,NULL,0,2,NULL,0,0,0,1,-1,'',NULL,'Facture AV1702-0001 validée','Facture AV1702-0001 validée\nAuteur: EDemeiller',NULL,NULL,NULL,NULL,NULL,NULL,NULL,NULL,NULL,NULL,NULL,9,'invoice');
INSERT INTO `llx_actioncomm` VALUES (143,NULL,1,'2017-02-09 13:03:33','2017-02-09 13:03:33',40,'AC_OTH_AUTO','2017-02-09 13:03:33','2017-02-09 13:03:33',2,NULL,NULL,10,NULL,0,2,NULL,0,0,0,1,-1,'',NULL,'Facture AV1702-0001 passée à payée','Facture AV1702-0001 passée à payée\nAuteur: EDemeiller',NULL,NULL,NULL,NULL,NULL,NULL,NULL,NULL,NULL,NULL,NULL,9,'invoice');
INSERT INTO `llx_actioncomm` VALUES (144,NULL,1,'2017-02-09 13:10:41','2017-02-09 13:10:41',40,'AC_OTH_AUTO','2017-02-09 13:10:41','2017-02-09 13:10:41',2,NULL,NULL,10,NULL,0,2,NULL,0,0,0,1,-1,'',NULL,'Facture FA1702-0007 validée','Facture FA1702-0007 validée\nAuteur: EDemeiller',NULL,NULL,NULL,NULL,NULL,NULL,NULL,NULL,NULL,NULL,NULL,10,'invoice');
INSERT INTO `llx_actioncomm` VALUES (145,NULL,1,'2017-02-09 13:22:29','2017-02-09 13:22:29',40,'AC_OTH_AUTO','2017-02-09 13:22:29','2017-02-09 13:22:29',2,NULL,NULL,10,NULL,0,2,NULL,0,0,0,1,-1,'',NULL,'Facture FA1702-0007 passée à payée','Facture FA1702-0007 passée à payée\nAuteur: EDemeiller',NULL,NULL,NULL,NULL,NULL,NULL,NULL,NULL,NULL,NULL,NULL,10,'invoice');
INSERT INTO `llx_actioncomm` VALUES (146,NULL,1,'2017-02-11 10:35:41','2017-02-11 10:35:41',40,'AC_OTH_AUTO','2017-02-11 10:35:41','2017-02-11 10:35:41',1,NULL,NULL,54,NULL,0,1,NULL,0,0,0,1,-1,'',NULL,'Tiers créé','Tiers créé\nAuteur: JDelgove',NULL,NULL,NULL,NULL,NULL,NULL,NULL,NULL,NULL,NULL,NULL,54,'societe');
INSERT INTO `llx_actioncomm` VALUES (147,NULL,1,'2017-02-11 10:56:12','2017-02-11 10:56:12',40,'AC_OTH_AUTO','2017-02-11 10:56:12','2017-02-11 10:56:12',1,NULL,NULL,54,NULL,0,1,NULL,0,0,0,1,-1,'',NULL,'Proposition PR1702-0013 validée','Proposition PR1702-0013 validée\nAuteur: JDelgove',NULL,NULL,NULL,NULL,NULL,NULL,NULL,NULL,NULL,NULL,NULL,15,'propal');
INSERT INTO `llx_actioncomm` VALUES (148,NULL,1,'2017-02-16 13:07:46','2017-02-16 13:07:46',40,'AC_OTH_AUTO','2017-02-16 13:07:46','2017-02-16 13:07:46',2,NULL,NULL,34,NULL,0,2,NULL,0,0,0,1,-1,'',NULL,'Facture FA1701-0006 passée à payée','Facture FA1701-0006 passée à payée\nAuteur: EDemeiller',NULL,NULL,NULL,NULL,NULL,NULL,NULL,NULL,NULL,NULL,NULL,8,'invoice');
INSERT INTO `llx_actioncomm` VALUES (149,NULL,1,'2017-02-16 13:42:47','2017-02-16 13:42:47',40,'AC_OTH_AUTO','2017-02-16 13:42:47','2017-02-16 13:42:47',2,NULL,NULL,55,NULL,0,2,NULL,0,0,0,1,-1,'',NULL,'Tiers créé','Tiers créé\nAuteur: EDemeiller',NULL,NULL,NULL,NULL,NULL,NULL,NULL,NULL,NULL,NULL,NULL,55,'societe');
INSERT INTO `llx_actioncomm` VALUES (150,NULL,1,'2017-02-16 13:45:04','2017-02-16 13:45:04',40,'AC_OTH_AUTO','2017-02-16 13:45:04','2017-02-16 13:45:04',2,NULL,NULL,55,NULL,0,2,NULL,0,0,0,1,-1,'',NULL,'Facture SI1702-0018 validée','Facture SI1702-0018 validée\nAuteur: EDemeiller',NULL,NULL,NULL,NULL,NULL,NULL,NULL,NULL,NULL,NULL,NULL,23,'invoice_supplier');
INSERT INTO `llx_actioncomm` VALUES (151,NULL,1,'2017-02-22 13:51:46','2017-02-22 13:51:46',40,'AC_OTH_AUTO','2017-02-22 13:51:46','2017-02-22 13:51:46',2,NULL,NULL,33,NULL,0,2,NULL,0,0,0,1,-1,'',NULL,'Facture FA1611-0003 passée à payée','Facture FA1611-0003 passée à payée\nAuteur: EDemeiller',NULL,NULL,NULL,NULL,NULL,NULL,NULL,NULL,NULL,NULL,NULL,5,'invoice');
INSERT INTO `llx_actioncomm` VALUES (152,NULL,1,'2017-03-03 14:09:46','2017-03-03 14:09:46',40,'AC_OTH_AUTO','2017-03-03 14:09:46','2017-03-03 14:09:46',2,NULL,NULL,56,NULL,0,2,NULL,0,0,0,1,-1,'',NULL,'Tiers créé','Tiers créé\nAuteur: EDemeiller',NULL,NULL,NULL,NULL,NULL,NULL,NULL,NULL,NULL,NULL,NULL,56,'societe');
INSERT INTO `llx_actioncomm` VALUES (153,NULL,1,'2017-03-03 14:11:14','2017-03-03 14:11:14',40,'AC_OTH_AUTO','2017-03-03 14:11:14','2017-03-03 14:11:14',2,NULL,NULL,56,NULL,0,2,NULL,0,0,0,1,-1,'',NULL,'Facture FA1703-0008 validée','Facture FA1703-0008 validée\nAuteur: EDemeiller',NULL,NULL,NULL,NULL,NULL,NULL,NULL,NULL,NULL,NULL,NULL,11,'invoice');
INSERT INTO `llx_actioncomm` VALUES (154,NULL,1,'2017-03-03 14:19:09','2017-03-03 14:19:09',40,'AC_OTH_AUTO','2017-03-03 14:19:09','2017-03-03 14:19:09',2,NULL,NULL,56,NULL,0,2,NULL,0,0,0,1,-1,'',NULL,'Mail envoyé par Etienne DEMEILLER <etienne.demeiller@enerbioflex.fr> To francois.arnouts@weenat.com','Mail envoyé par Etienne DEMEILLER <etienne.demeiller@enerbioflex.fr> To francois.arnouts@weenat.com<br>\nObjet: Envoi de la facture FA1703-0008<br>\nCorps du message:<br>\nBonjour Francois<br />\n<br />\nVous trouverez ci-joint notre facture FA1703-0008 d&#39;un montant de 480&euro; HT.<br />\n<br />\nNous restons &agrave; votre disposition pour toute pr&eacute;cison.<br />\nEn vous remerciant de votre confiance,<br />\n<br />\nBien cordialement<br />\nL&#39;&eacute;quipe EnerBioFlex\nFichiers et documents joints: FA1703-0008.pdf',NULL,NULL,NULL,NULL,NULL,NULL,NULL,NULL,NULL,NULL,NULL,11,'invoice');
INSERT INTO `llx_actioncomm` VALUES (155,NULL,1,'2017-03-03 15:36:24','2017-03-03 15:36:24',40,'AC_OTH_AUTO','2017-03-03 15:36:24','2017-03-03 15:36:24',2,NULL,NULL,41,NULL,0,2,NULL,0,0,0,1,-1,'',NULL,'Facture SI1702-0019 validée','Facture SI1702-0019 validée\nAuteur: EDemeiller',NULL,NULL,NULL,NULL,NULL,NULL,NULL,NULL,NULL,NULL,NULL,24,'invoice_supplier');
INSERT INTO `llx_actioncomm` VALUES (156,NULL,1,'2017-03-03 15:37:42','2017-03-03 15:37:42',40,'AC_OTH_AUTO','2017-03-03 15:37:42','2017-03-03 15:37:42',2,NULL,NULL,57,NULL,0,2,NULL,0,0,0,1,-1,'',NULL,'Tiers créé','Tiers créé\nAuteur: EDemeiller',NULL,NULL,NULL,NULL,NULL,NULL,NULL,NULL,NULL,NULL,NULL,57,'societe');
INSERT INTO `llx_actioncomm` VALUES (157,NULL,1,'2017-03-03 15:38:48','2017-03-03 15:38:48',40,'AC_OTH_AUTO','2017-03-03 15:38:48','2017-03-03 15:38:48',2,NULL,NULL,57,NULL,0,2,NULL,0,0,0,1,-1,'',NULL,'Facture SI1702-0020 validée','Facture SI1702-0020 validée\nAuteur: EDemeiller',NULL,NULL,NULL,NULL,NULL,NULL,NULL,NULL,NULL,NULL,NULL,25,'invoice_supplier');
INSERT INTO `llx_actioncomm` VALUES (158,NULL,1,'2017-03-03 15:59:09','2017-03-03 15:59:09',40,'AC_OTH_AUTO','2017-03-03 15:59:09','2017-03-03 15:59:09',2,NULL,NULL,46,NULL,0,2,NULL,0,0,0,1,-1,'',NULL,'Facture SI1702-0021 validée','Facture SI1702-0021 validée\nAuteur: EDemeiller',NULL,NULL,NULL,NULL,NULL,NULL,NULL,NULL,NULL,NULL,NULL,26,'invoice_supplier');
INSERT INTO `llx_actioncomm` VALUES (159,NULL,1,'2017-03-05 17:41:18','2017-03-05 17:41:18',40,'AC_OTH_AUTO','2017-03-05 17:41:18','2017-03-05 17:41:18',2,NULL,NULL,58,NULL,0,2,NULL,0,0,0,1,-1,'',NULL,'Tiers créé','Tiers créé\nAuteur: EDemeiller',NULL,NULL,NULL,NULL,NULL,NULL,NULL,NULL,NULL,NULL,NULL,58,'societe');
INSERT INTO `llx_actioncomm` VALUES (160,NULL,1,'2017-03-05 17:43:11','2017-03-05 17:43:11',40,'AC_OTH_AUTO','2017-03-05 17:43:11','2017-03-05 17:43:11',2,NULL,NULL,58,NULL,0,2,NULL,0,0,0,1,-1,'',NULL,'Facture SI1702-0022 validée','Facture SI1702-0022 validée\nAuteur: EDemeiller',NULL,NULL,NULL,NULL,NULL,NULL,NULL,NULL,NULL,NULL,NULL,27,'invoice_supplier');
INSERT INTO `llx_actioncomm` VALUES (161,NULL,1,'2017-03-05 17:45:08','2017-03-05 17:45:08',40,'AC_OTH_AUTO','2017-03-05 17:45:08','2017-03-05 17:45:08',2,NULL,NULL,58,NULL,0,2,NULL,0,0,0,1,-1,'',NULL,'Facture SI1702-0023 validée','Facture SI1702-0023 validée\nAuteur: EDemeiller',NULL,NULL,NULL,NULL,NULL,NULL,NULL,NULL,NULL,NULL,NULL,28,'invoice_supplier');
INSERT INTO `llx_actioncomm` VALUES (162,NULL,1,'2017-03-05 17:48:58','2017-03-05 17:48:58',40,'AC_OTH_AUTO','2017-03-05 17:48:58','2017-03-05 17:48:58',2,NULL,NULL,59,NULL,0,2,NULL,0,0,0,1,-1,'',NULL,'Tiers créé','Tiers créé\nAuteur: EDemeiller',NULL,NULL,NULL,NULL,NULL,NULL,NULL,NULL,NULL,NULL,NULL,59,'societe');
INSERT INTO `llx_actioncomm` VALUES (163,NULL,1,'2017-03-05 17:50:59','2017-03-05 17:50:59',40,'AC_OTH_AUTO','2017-03-05 17:50:59','2017-03-05 17:50:59',2,NULL,NULL,59,NULL,0,2,NULL,0,0,0,1,-1,'',NULL,'Facture SI1702-0024 validée','Facture SI1702-0024 validée\nAuteur: EDemeiller',NULL,NULL,NULL,NULL,NULL,NULL,NULL,NULL,NULL,NULL,NULL,29,'invoice_supplier');
INSERT INTO `llx_actioncomm` VALUES (164,NULL,1,'2017-03-05 18:00:09','2017-03-05 18:00:09',40,'AC_OTH_AUTO','2017-03-05 18:00:09','2017-03-05 18:00:09',2,NULL,NULL,55,NULL,0,2,NULL,0,0,0,1,-1,'',NULL,'Facture SI1703-0025 validée','Facture SI1703-0025 validée\nAuteur: EDemeiller',NULL,NULL,NULL,NULL,NULL,NULL,NULL,NULL,NULL,NULL,NULL,30,'invoice_supplier');
INSERT INTO `llx_actioncomm` VALUES (165,NULL,1,'2017-03-07 13:32:44','2017-03-07 13:32:44',40,'AC_OTH_AUTO','2017-03-07 13:32:44','2017-03-07 13:32:44',2,NULL,NULL,60,NULL,0,2,NULL,0,0,0,1,-1,'',NULL,'Tiers créé','Tiers créé\nAuteur: EDemeiller',NULL,NULL,NULL,NULL,NULL,NULL,NULL,NULL,NULL,NULL,NULL,60,'societe');
INSERT INTO `llx_actioncomm` VALUES (166,NULL,1,'2017-03-07 14:10:00','2017-03-07 14:10:00',40,'AC_OTH_AUTO','2017-03-07 14:10:00','2017-03-07 14:10:00',2,NULL,NULL,61,NULL,0,2,NULL,0,0,0,1,-1,'',NULL,'Tiers créé','Tiers créé\nAuteur: EDemeiller',NULL,NULL,NULL,NULL,NULL,NULL,NULL,NULL,NULL,NULL,NULL,61,'societe');
INSERT INTO `llx_actioncomm` VALUES (167,NULL,1,'2017-03-07 14:12:12','2017-03-07 14:12:12',40,'AC_OTH_AUTO','2017-03-07 14:12:12','2017-03-07 14:12:12',2,NULL,NULL,62,NULL,0,2,NULL,0,0,0,1,-1,'',NULL,'Tiers créé','Tiers créé\nAuteur: EDemeiller',NULL,NULL,NULL,NULL,NULL,NULL,NULL,NULL,NULL,NULL,NULL,62,'societe');
INSERT INTO `llx_actioncomm` VALUES (168,NULL,1,'2017-03-07 14:22:23','2017-03-07 14:22:23',40,'AC_OTH_AUTO','2017-03-07 14:22:23','2017-03-07 14:22:23',2,NULL,NULL,63,NULL,0,2,NULL,0,0,0,1,-1,'',NULL,'Tiers créé','Tiers créé\nAuteur: EDemeiller',NULL,NULL,NULL,NULL,NULL,NULL,NULL,NULL,NULL,NULL,NULL,63,'societe');
INSERT INTO `llx_actioncomm` VALUES (169,NULL,1,'2017-03-07 14:40:46','2017-03-07 14:40:46',40,'AC_OTH_AUTO','2017-03-07 14:40:46','2017-03-07 14:40:46',2,NULL,NULL,64,NULL,0,2,NULL,0,0,0,1,-1,'',NULL,'Tiers créé','Tiers créé\nAuteur: EDemeiller',NULL,NULL,NULL,NULL,NULL,NULL,NULL,NULL,NULL,NULL,NULL,64,'societe');
INSERT INTO `llx_actioncomm` VALUES (170,NULL,1,'2017-03-07 14:52:09','2017-03-07 14:52:09',40,'AC_OTH_AUTO','2017-03-07 14:52:09','2017-03-07 14:52:09',2,NULL,NULL,65,NULL,0,2,NULL,0,0,0,1,-1,'',NULL,'Tiers créé','Tiers créé\nAuteur: EDemeiller',NULL,NULL,NULL,NULL,NULL,NULL,NULL,NULL,NULL,NULL,NULL,65,'societe');
INSERT INTO `llx_actioncomm` VALUES (171,NULL,1,'2017-03-07 15:15:49','2017-03-07 15:15:49',40,'AC_OTH_AUTO','2017-03-07 15:15:49','2017-03-07 15:15:49',2,NULL,NULL,66,NULL,0,2,NULL,0,0,0,1,-1,'',NULL,'Tiers créé','Tiers créé\nAuteur: EDemeiller',NULL,NULL,NULL,NULL,NULL,NULL,NULL,NULL,NULL,NULL,NULL,66,'societe');
INSERT INTO `llx_actioncomm` VALUES (172,NULL,1,'2017-03-07 15:18:55','2017-03-07 15:18:55',40,'AC_OTH_AUTO','2017-03-07 15:18:55','2017-03-07 15:18:55',2,NULL,NULL,67,NULL,0,2,NULL,0,0,0,1,-1,'',NULL,'Tiers créé','Tiers créé\nAuteur: EDemeiller',NULL,NULL,NULL,NULL,NULL,NULL,NULL,NULL,NULL,NULL,NULL,67,'societe');
INSERT INTO `llx_actioncomm` VALUES (173,NULL,1,'2017-03-07 15:22:31','2017-03-07 15:22:31',40,'AC_OTH_AUTO','2017-03-07 15:22:31','2017-03-07 15:22:31',2,NULL,NULL,68,NULL,0,2,NULL,0,0,0,1,-1,'',NULL,'Tiers créé','Tiers créé\nAuteur: EDemeiller',NULL,NULL,NULL,NULL,NULL,NULL,NULL,NULL,NULL,NULL,NULL,68,'societe');
INSERT INTO `llx_actioncomm` VALUES (174,NULL,1,'2017-03-07 15:28:29','2017-03-07 15:28:29',40,'AC_OTH_AUTO','2017-03-07 15:28:29','2017-03-07 15:28:29',2,NULL,NULL,69,NULL,0,2,NULL,0,0,0,1,-1,'',NULL,'Tiers créé','Tiers créé\nAuteur: EDemeiller',NULL,NULL,NULL,NULL,NULL,NULL,NULL,NULL,NULL,NULL,NULL,69,'societe');
INSERT INTO `llx_actioncomm` VALUES (175,NULL,1,'2017-03-07 15:36:11','2017-03-07 15:36:11',40,'AC_OTH_AUTO','2017-03-07 15:36:11','2017-03-07 15:36:11',2,NULL,NULL,70,NULL,0,2,NULL,0,0,0,1,-1,'',NULL,'Tiers créé','Tiers créé\nAuteur: EDemeiller',NULL,NULL,NULL,NULL,NULL,NULL,NULL,NULL,NULL,NULL,NULL,70,'societe');
INSERT INTO `llx_actioncomm` VALUES (176,NULL,1,'2017-03-07 15:49:09','2017-03-07 15:49:09',40,'AC_OTH_AUTO','2017-03-07 15:49:09','2017-03-07 15:49:09',2,NULL,NULL,71,NULL,0,2,NULL,0,0,0,1,-1,'',NULL,'Tiers créé','Tiers créé\nAuteur: EDemeiller',NULL,NULL,NULL,NULL,NULL,NULL,NULL,NULL,NULL,NULL,NULL,71,'societe');
INSERT INTO `llx_actioncomm` VALUES (177,NULL,1,'2017-03-07 15:51:40','2017-03-07 15:51:40',40,'AC_OTH_AUTO','2017-03-07 15:51:40','2017-03-07 15:51:40',2,NULL,NULL,72,NULL,0,2,NULL,0,0,0,1,-1,'',NULL,'Tiers créé','Tiers créé\nAuteur: EDemeiller',NULL,NULL,NULL,NULL,NULL,NULL,NULL,NULL,NULL,NULL,NULL,72,'societe');
INSERT INTO `llx_actioncomm` VALUES (178,NULL,1,'2017-03-07 16:00:43','2017-03-07 16:00:43',40,'AC_OTH_AUTO','2017-03-07 16:00:43','2017-03-07 16:00:43',2,NULL,NULL,73,NULL,0,2,NULL,0,0,0,1,-1,'',NULL,'Tiers créé','Tiers créé\nAuteur: EDemeiller',NULL,NULL,NULL,NULL,NULL,NULL,NULL,NULL,NULL,NULL,NULL,73,'societe');
INSERT INTO `llx_actioncomm` VALUES (179,NULL,1,'2017-03-07 16:05:22','2017-03-07 16:05:22',40,'AC_OTH_AUTO','2017-03-07 16:05:22','2017-03-07 16:05:22',2,NULL,NULL,74,NULL,0,2,NULL,0,0,0,1,-1,'',NULL,'Tiers créé','Tiers créé\nAuteur: EDemeiller',NULL,NULL,NULL,NULL,NULL,NULL,NULL,NULL,NULL,NULL,NULL,74,'societe');
INSERT INTO `llx_actioncomm` VALUES (180,NULL,1,'2017-03-07 16:10:53','2017-03-07 16:10:53',40,'AC_OTH_AUTO','2017-03-07 16:10:53','2017-03-07 16:10:53',2,NULL,NULL,75,NULL,0,2,NULL,0,0,0,1,-1,'',NULL,'Tiers créé','Tiers créé\nAuteur: EDemeiller',NULL,NULL,NULL,NULL,NULL,NULL,NULL,NULL,NULL,NULL,NULL,75,'societe');
INSERT INTO `llx_actioncomm` VALUES (181,NULL,1,'2017-03-07 16:17:26','2017-03-07 16:17:26',40,'AC_OTH_AUTO','2017-03-07 16:17:26','2017-03-07 16:17:26',2,NULL,NULL,76,NULL,0,2,NULL,0,0,0,1,-1,'',NULL,'Tiers créé','Tiers créé\nAuteur: EDemeiller',NULL,NULL,NULL,NULL,NULL,NULL,NULL,NULL,NULL,NULL,NULL,76,'societe');
INSERT INTO `llx_actioncomm` VALUES (182,NULL,1,'2017-03-07 16:36:35','2017-03-07 16:36:35',40,'AC_OTH_AUTO','2017-03-07 16:36:35','2017-03-07 16:36:35',2,NULL,NULL,77,NULL,0,2,NULL,0,0,0,1,-1,'',NULL,'Tiers créé','Tiers créé\nAuteur: EDemeiller',NULL,NULL,NULL,NULL,NULL,NULL,NULL,NULL,NULL,NULL,NULL,77,'societe');
INSERT INTO `llx_actioncomm` VALUES (183,NULL,1,'2017-03-07 16:41:56','2017-03-07 16:41:56',40,'AC_OTH_AUTO','2017-03-07 16:41:56','2017-03-07 16:41:56',2,NULL,NULL,78,NULL,0,2,NULL,0,0,0,1,-1,'',NULL,'Tiers créé','Tiers créé\nAuteur: EDemeiller',NULL,NULL,NULL,NULL,NULL,NULL,NULL,NULL,NULL,NULL,NULL,78,'societe');
INSERT INTO `llx_actioncomm` VALUES (184,NULL,1,'2017-03-07 16:47:00','2017-03-07 16:47:00',40,'AC_OTH_AUTO','2017-03-07 16:47:00','2017-03-07 16:47:00',2,NULL,NULL,79,NULL,0,2,NULL,0,0,0,1,-1,'',NULL,'Tiers créé','Tiers créé\nAuteur: EDemeiller',NULL,NULL,NULL,NULL,NULL,NULL,NULL,NULL,NULL,NULL,NULL,79,'societe');
INSERT INTO `llx_actioncomm` VALUES (185,NULL,1,'2017-03-07 16:48:58','2017-03-07 16:48:58',40,'AC_OTH_AUTO','2017-03-07 16:48:58','2017-03-07 16:48:58',2,NULL,NULL,80,NULL,0,2,NULL,0,0,0,1,-1,'',NULL,'Tiers créé','Tiers créé\nAuteur: EDemeiller',NULL,NULL,NULL,NULL,NULL,NULL,NULL,NULL,NULL,NULL,NULL,80,'societe');
INSERT INTO `llx_actioncomm` VALUES (186,NULL,1,'2017-03-09 11:41:00','2017-03-09 11:41:00',40,'AC_OTH_AUTO','2017-03-09 11:41:00','2017-03-09 11:41:00',2,NULL,NULL,81,NULL,0,2,NULL,0,0,0,1,-1,'',NULL,'Tiers créé','Tiers créé\nAuteur: EDemeiller',NULL,NULL,NULL,NULL,NULL,NULL,NULL,NULL,NULL,NULL,NULL,81,'societe');
INSERT INTO `llx_actioncomm` VALUES (187,NULL,1,'2017-03-09 11:45:41','2017-03-09 11:45:41',40,'AC_OTH_AUTO','2017-03-09 11:45:41','2017-03-09 11:45:41',2,NULL,NULL,82,NULL,0,2,NULL,0,0,0,1,-1,'',NULL,'Tiers créé','Tiers créé\nAuteur: EDemeiller',NULL,NULL,NULL,NULL,NULL,NULL,NULL,NULL,NULL,NULL,NULL,82,'societe');
INSERT INTO `llx_actioncomm` VALUES (188,NULL,1,'2017-03-09 11:54:33','2017-03-09 11:54:33',40,'AC_OTH_AUTO','2017-03-09 11:54:33','2017-03-09 11:54:33',2,NULL,NULL,83,NULL,0,2,NULL,0,0,0,1,-1,'',NULL,'Tiers créé','Tiers créé\nAuteur: EDemeiller',NULL,NULL,NULL,NULL,NULL,NULL,NULL,NULL,NULL,NULL,NULL,83,'societe');
INSERT INTO `llx_actioncomm` VALUES (189,NULL,1,'2017-03-09 11:59:27','2017-03-09 11:59:27',40,'AC_OTH_AUTO','2017-03-09 11:59:27','2017-03-09 11:59:27',2,NULL,NULL,84,NULL,0,2,NULL,0,0,0,1,-1,'',NULL,'Tiers créé','Tiers créé\nAuteur: EDemeiller',NULL,NULL,NULL,NULL,NULL,NULL,NULL,NULL,NULL,NULL,NULL,84,'societe');
INSERT INTO `llx_actioncomm` VALUES (190,NULL,1,'2017-03-09 12:05:53','2017-03-09 12:05:53',40,'AC_OTH_AUTO','2017-03-09 12:05:53','2017-03-09 12:05:53',2,NULL,NULL,85,NULL,0,2,NULL,0,0,0,1,-1,'',NULL,'Tiers créé','Tiers créé\nAuteur: EDemeiller',NULL,NULL,NULL,NULL,NULL,NULL,NULL,NULL,NULL,NULL,NULL,85,'societe');
INSERT INTO `llx_actioncomm` VALUES (191,NULL,1,'2017-03-09 12:11:59','2017-03-09 12:11:59',40,'AC_OTH_AUTO','2017-03-09 12:11:59','2017-03-09 12:11:59',2,NULL,NULL,86,NULL,0,2,NULL,0,0,0,1,-1,'',NULL,'Tiers créé','Tiers créé\nAuteur: EDemeiller',NULL,NULL,NULL,NULL,NULL,NULL,NULL,NULL,NULL,NULL,NULL,86,'societe');
INSERT INTO `llx_actioncomm` VALUES (192,NULL,1,'2017-03-09 12:17:15','2017-03-09 12:17:15',40,'AC_OTH_AUTO','2017-03-09 12:17:15','2017-03-09 12:17:15',2,NULL,NULL,87,NULL,0,2,NULL,0,0,0,1,-1,'',NULL,'Tiers créé','Tiers créé\nAuteur: EDemeiller',NULL,NULL,NULL,NULL,NULL,NULL,NULL,NULL,NULL,NULL,NULL,87,'societe');
INSERT INTO `llx_actioncomm` VALUES (193,NULL,1,'2017-03-09 12:18:33','2017-03-09 12:18:33',40,'AC_OTH_AUTO','2017-03-09 12:18:33','2017-03-09 12:18:33',2,NULL,NULL,88,NULL,0,2,NULL,0,0,0,1,-1,'',NULL,'Tiers créé','Tiers créé\nAuteur: EDemeiller',NULL,NULL,NULL,NULL,NULL,NULL,NULL,NULL,NULL,NULL,NULL,88,'societe');
INSERT INTO `llx_actioncomm` VALUES (194,NULL,1,'2017-03-09 12:24:37','2017-03-09 12:24:37',40,'AC_OTH_AUTO','2017-03-09 12:24:37','2017-03-09 12:24:37',2,NULL,NULL,89,NULL,0,2,NULL,0,0,0,1,-1,'',NULL,'Tiers créé','Tiers créé\nAuteur: EDemeiller',NULL,NULL,NULL,NULL,NULL,NULL,NULL,NULL,NULL,NULL,NULL,89,'societe');
INSERT INTO `llx_actioncomm` VALUES (195,NULL,1,'2017-03-09 12:35:14','2017-03-09 12:35:14',40,'AC_OTH_AUTO','2017-03-09 12:35:14','2017-03-09 12:35:14',2,NULL,NULL,90,NULL,0,2,NULL,0,0,0,1,-1,'',NULL,'Tiers créé','Tiers créé\nAuteur: EDemeiller',NULL,NULL,NULL,NULL,NULL,NULL,NULL,NULL,NULL,NULL,NULL,90,'societe');
INSERT INTO `llx_actioncomm` VALUES (196,NULL,1,'2017-03-09 12:43:05','2017-03-09 12:43:05',40,'AC_OTH_AUTO','2017-03-09 12:43:05','2017-03-09 12:43:05',2,NULL,NULL,91,NULL,0,2,NULL,0,0,0,1,-1,'',NULL,'Tiers créé','Tiers créé\nAuteur: EDemeiller',NULL,NULL,NULL,NULL,NULL,NULL,NULL,NULL,NULL,NULL,NULL,91,'societe');
INSERT INTO `llx_actioncomm` VALUES (197,NULL,1,'2017-03-09 12:46:29','2017-03-09 12:46:29',40,'AC_OTH_AUTO','2017-03-09 12:46:29','2017-03-09 12:46:29',2,NULL,NULL,92,NULL,0,2,NULL,0,0,0,1,-1,'',NULL,'Tiers créé','Tiers créé\nAuteur: EDemeiller',NULL,NULL,NULL,NULL,NULL,NULL,NULL,NULL,NULL,NULL,NULL,92,'societe');
INSERT INTO `llx_actioncomm` VALUES (198,NULL,1,'2017-03-09 12:55:15','2017-03-09 12:55:15',40,'AC_OTH_AUTO','2017-03-09 12:55:15','2017-03-09 12:55:15',2,NULL,NULL,93,NULL,0,2,NULL,0,0,0,1,-1,'',NULL,'Tiers créé','Tiers créé\nAuteur: EDemeiller',NULL,NULL,NULL,NULL,NULL,NULL,NULL,NULL,NULL,NULL,NULL,93,'societe');
INSERT INTO `llx_actioncomm` VALUES (199,NULL,1,'2017-03-09 13:10:04','2017-03-09 13:10:04',40,'AC_OTH_AUTO','2017-03-09 13:10:04','2017-03-09 13:10:04',2,NULL,NULL,94,NULL,0,2,NULL,0,0,0,1,-1,'',NULL,'Tiers créé','Tiers créé\nAuteur: EDemeiller',NULL,NULL,NULL,NULL,NULL,NULL,NULL,NULL,NULL,NULL,NULL,94,'societe');
INSERT INTO `llx_actioncomm` VALUES (200,NULL,1,'2017-03-09 13:16:38','2017-03-09 13:16:38',40,'AC_OTH_AUTO','2017-03-09 13:16:38','2017-03-09 13:16:38',2,NULL,NULL,95,NULL,0,2,NULL,0,0,0,1,-1,'',NULL,'Tiers créé','Tiers créé\nAuteur: EDemeiller',NULL,NULL,NULL,NULL,NULL,NULL,NULL,NULL,NULL,NULL,NULL,95,'societe');
INSERT INTO `llx_actioncomm` VALUES (201,NULL,1,'2017-03-09 13:19:02','2017-03-09 13:19:02',40,'AC_OTH_AUTO','2017-03-09 13:19:02','2017-03-09 13:19:02',2,NULL,NULL,96,NULL,0,2,NULL,0,0,0,1,-1,'',NULL,'Tiers créé','Tiers créé\nAuteur: EDemeiller',NULL,NULL,NULL,NULL,NULL,NULL,NULL,NULL,NULL,NULL,NULL,96,'societe');
INSERT INTO `llx_actioncomm` VALUES (202,NULL,1,'2017-03-09 13:21:21','2017-03-09 13:21:21',40,'AC_OTH_AUTO','2017-03-09 13:21:21','2017-03-09 13:21:21',2,NULL,NULL,97,NULL,0,2,NULL,0,0,0,1,-1,'',NULL,'Tiers créé','Tiers créé\nAuteur: EDemeiller',NULL,NULL,NULL,NULL,NULL,NULL,NULL,NULL,NULL,NULL,NULL,97,'societe');
INSERT INTO `llx_actioncomm` VALUES (203,NULL,1,'2017-03-09 13:23:26','2017-03-09 13:23:26',40,'AC_OTH_AUTO','2017-03-09 13:23:26','2017-03-09 13:23:26',2,NULL,NULL,98,NULL,0,2,NULL,0,0,0,1,-1,'',NULL,'Tiers créé','Tiers créé\nAuteur: EDemeiller',NULL,NULL,NULL,NULL,NULL,NULL,NULL,NULL,NULL,NULL,NULL,98,'societe');
INSERT INTO `llx_actioncomm` VALUES (204,NULL,1,'2017-03-09 13:29:42','2017-03-09 13:29:42',40,'AC_OTH_AUTO','2017-03-09 13:29:42','2017-03-09 13:29:42',2,NULL,NULL,99,NULL,0,2,NULL,0,0,0,1,-1,'',NULL,'Tiers créé','Tiers créé\nAuteur: EDemeiller',NULL,NULL,NULL,NULL,NULL,NULL,NULL,NULL,NULL,NULL,NULL,99,'societe');
INSERT INTO `llx_actioncomm` VALUES (205,NULL,1,'2017-03-10 17:22:59','2017-03-10 17:22:59',40,'AC_OTH_AUTO','2017-03-10 17:22:59','2017-03-10 17:22:59',2,NULL,NULL,100,NULL,0,2,NULL,0,0,0,1,-1,'',NULL,'Tiers créé','Tiers créé\nAuteur: EDemeiller',NULL,NULL,NULL,NULL,NULL,NULL,NULL,NULL,NULL,NULL,NULL,100,'societe');
INSERT INTO `llx_actioncomm` VALUES (206,NULL,1,'2017-03-13 15:44:40','2017-03-13 15:44:40',40,'AC_OTH_AUTO','2017-03-13 15:44:40','2017-03-13 15:44:40',2,NULL,NULL,101,NULL,0,2,NULL,0,0,0,1,-1,'',NULL,'Tiers créé','Tiers créé\nAuteur: EDemeiller',NULL,NULL,NULL,NULL,NULL,NULL,NULL,NULL,NULL,NULL,NULL,101,'societe');
INSERT INTO `llx_actioncomm` VALUES (207,NULL,1,'2019-03-15 08:00:00',NULL,50,'AC_OTH','2017-03-13 16:04:14','2017-03-13 16:04:14',2,NULL,NULL,77,58,0,2,NULL,1,0,0,1,0,'',NULL,'Recontacter pour groupement d\'achat','Recontacter car fin du contrat avec proxelia estim&eacute; pour juillet 2019.<br />\n&nbsp;',NULL,NULL,NULL,NULL,NULL,NULL,NULL,NULL,NULL,NULL,NULL,NULL,NULL);
INSERT INTO `llx_actioncomm` VALUES (208,NULL,1,'2017-03-28 10:00:00','2017-04-04 11:17:00',50,'AC_OTH','2017-03-13 16:15:07','2017-04-04 11:17:12',2,2,NULL,75,53,0,2,NULL,1,0,0,1,100,'Brouchy',609420,'Rendez vous client','Aller voir pour projet PV',NULL,NULL,NULL,NULL,NULL,NULL,NULL,NULL,NULL,NULL,NULL,NULL,NULL);
INSERT INTO `llx_actioncomm` VALUES (209,NULL,1,'2017-03-13 17:21:35','2017-03-13 17:21:35',40,'AC_OTH_AUTO','2017-03-13 17:21:35','2017-03-13 17:21:35',2,NULL,NULL,69,NULL,0,2,NULL,0,0,0,1,-1,'',NULL,'Proposition PR1703-0014 validée','Proposition PR1703-0014 validée\nAuteur: EDemeiller',NULL,NULL,NULL,NULL,NULL,NULL,NULL,NULL,NULL,NULL,NULL,16,'propal');
INSERT INTO `llx_actioncomm` VALUES (210,NULL,1,'2017-03-13 17:22:35','2017-03-13 17:22:35',40,'AC_OTH_AUTO','2017-03-13 17:22:35','2017-03-13 17:22:35',2,NULL,NULL,69,NULL,0,2,NULL,0,0,0,1,-1,'',NULL,'Proposition PR1703-0014 validée','Proposition PR1703-0014 validée\nAuteur: EDemeiller',NULL,NULL,NULL,NULL,NULL,NULL,NULL,NULL,NULL,NULL,NULL,16,'propal');
INSERT INTO `llx_actioncomm` VALUES (211,NULL,1,'2017-03-13 17:26:32','2017-03-13 17:26:32',40,'AC_OTH_AUTO','2017-03-13 17:26:32','2017-03-13 17:26:32',2,NULL,NULL,69,NULL,0,2,NULL,0,0,0,1,-1,'',NULL,'Proposition PR1703-0014 validée','Proposition PR1703-0014 validée\nAuteur: EDemeiller',NULL,NULL,NULL,NULL,NULL,NULL,NULL,NULL,NULL,NULL,NULL,16,'propal');
INSERT INTO `llx_actioncomm` VALUES (212,NULL,1,'2017-03-13 18:17:43','2017-03-13 18:17:43',40,'AC_OTH_AUTO','2017-03-13 18:17:43','2017-03-13 18:17:43',2,NULL,NULL,69,NULL,0,2,NULL,0,0,0,1,-1,'',NULL,'Proposition PR1703-0014 validée','Proposition PR1703-0014 validée\nAuteur: EDemeiller',NULL,NULL,NULL,NULL,NULL,NULL,NULL,NULL,NULL,NULL,NULL,16,'propal');
INSERT INTO `llx_actioncomm` VALUES (213,NULL,1,'2017-03-13 18:22:58','2017-03-13 18:22:58',40,'AC_OTH_AUTO','2017-03-13 18:22:58','2017-03-13 18:22:58',2,NULL,NULL,69,NULL,0,2,NULL,0,0,0,1,-1,'',NULL,'Proposition PR1703-0014 validée','Proposition PR1703-0014 validée\nAuteur: EDemeiller',NULL,NULL,NULL,NULL,NULL,NULL,NULL,NULL,NULL,NULL,NULL,16,'propal');
INSERT INTO `llx_actioncomm` VALUES (214,NULL,1,'2017-03-13 18:24:10','2017-03-13 18:24:10',40,'AC_OTH_AUTO','2017-03-13 18:24:10','2017-03-13 18:24:10',2,NULL,NULL,69,NULL,0,2,NULL,0,0,0,1,-1,'',NULL,'Proposition PR1703-0014 validée','Proposition PR1703-0014 validée\nAuteur: EDemeiller',NULL,NULL,NULL,NULL,NULL,NULL,NULL,NULL,NULL,NULL,NULL,16,'propal');
INSERT INTO `llx_actioncomm` VALUES (215,NULL,1,'2017-03-13 18:26:05','2017-03-13 18:26:05',40,'AC_OTH_AUTO','2017-03-13 18:26:05','2017-03-13 18:26:05',2,NULL,NULL,69,NULL,0,2,NULL,0,0,0,1,-1,'',NULL,'Proposition PR1703-0014 validée','Proposition PR1703-0014 validée\nAuteur: EDemeiller',NULL,NULL,NULL,NULL,NULL,NULL,NULL,NULL,NULL,NULL,NULL,16,'propal');
INSERT INTO `llx_actioncomm` VALUES (216,NULL,1,'2017-03-13 18:33:34','2017-03-13 18:33:34',40,'AC_OTH_AUTO','2017-03-13 18:33:34','2017-03-13 18:33:34',2,NULL,NULL,69,47,0,2,NULL,0,0,0,1,-1,'',NULL,'Mail envoyé par Etienne DEMEILLER <etienne.demeiller@enerbioflex.fr> To Antoine Lecherbault <gaec-la-besnardais@orange.fr>','Mail envoyé par Etienne DEMEILLER <etienne.demeiller@enerbioflex.fr> To Antoine Lecherbault <gaec-la-besnardais@orange.fr><br>\nBcc: julien.delgove@enerbioflex.fr<br>\nObjet: Envoi de la proposition commerciale PR1703-0014<br>\nCorps du message:<br>\nMonsieur Lecherbault,\n<p>Suite &agrave; notre conversation t&eacute;l&eacute;phonique relative &agrave; votre projets photovolta&iuml;que, je vous prie de trouver ci-jointe une proposition commerciale.</p>\n\n<p>Je reste &agrave; votre disposition pour toute information compl&eacute;mentaire.</p>\n\n<p>Dans l&rsquo;attente d&rsquo;une suite de votre part, veuillez agr&eacute;er, Monsieur mes meilleures salutations</p>\nCordialement<br />\nEtienne DEMEILLER<br />\n06.80.45.39.59<br />\n&nbsp;\nFichiers et documents joints: PR1703-0014.pdf',NULL,NULL,NULL,NULL,NULL,NULL,NULL,NULL,NULL,NULL,NULL,16,'propal');
INSERT INTO `llx_actioncomm` VALUES (217,NULL,1,'2017-03-14 12:22:35','2017-03-14 12:22:35',40,'AC_OTH_AUTO','2017-03-14 12:22:35','2017-03-14 12:22:35',2,NULL,NULL,102,NULL,0,2,NULL,0,0,0,1,-1,'',NULL,'Tiers créé','Tiers créé\nAuteur: EDemeiller',NULL,NULL,NULL,NULL,NULL,NULL,NULL,NULL,NULL,NULL,NULL,102,'societe');
INSERT INTO `llx_actioncomm` VALUES (218,NULL,1,'2017-03-14 12:24:24','2017-03-14 12:24:24',40,'AC_OTH_AUTO','2017-03-14 12:24:24','2017-03-14 12:24:24',2,NULL,NULL,102,NULL,0,2,NULL,0,0,0,1,-1,'',NULL,'Facture SI1703-0026 validée','Facture SI1703-0026 validée\nAuteur: EDemeiller',NULL,NULL,NULL,NULL,NULL,NULL,NULL,NULL,NULL,NULL,NULL,31,'invoice_supplier');
INSERT INTO `llx_actioncomm` VALUES (219,NULL,1,'2017-03-14 12:28:30','2017-03-14 12:28:30',40,'AC_OTH_AUTO','2017-03-14 12:28:30','2017-03-14 12:28:30',2,NULL,NULL,103,NULL,0,2,NULL,0,0,0,1,-1,'',NULL,'Tiers créé','Tiers créé\nAuteur: EDemeiller',NULL,NULL,NULL,NULL,NULL,NULL,NULL,NULL,NULL,NULL,NULL,103,'societe');
INSERT INTO `llx_actioncomm` VALUES (220,NULL,1,'2017-03-14 12:30:53','2017-03-14 12:30:53',40,'AC_OTH_AUTO','2017-03-14 12:30:53','2017-03-14 12:30:53',2,NULL,NULL,103,NULL,0,2,NULL,0,0,0,1,-1,'',NULL,'Facture SI1703-0027 validée','Facture SI1703-0027 validée\nAuteur: EDemeiller',NULL,NULL,NULL,NULL,NULL,NULL,NULL,NULL,NULL,NULL,NULL,32,'invoice_supplier');
INSERT INTO `llx_actioncomm` VALUES (221,NULL,1,'2017-03-14 12:31:16','2017-03-14 12:31:16',40,'AC_OTH_AUTO','2017-03-14 12:31:16','2017-03-14 12:31:16',2,NULL,NULL,103,NULL,0,2,NULL,0,0,0,1,-1,'',NULL,'Facture SI1703-0027 validée','Facture SI1703-0027 validée\nAuteur: EDemeiller',NULL,NULL,NULL,NULL,NULL,NULL,NULL,NULL,NULL,NULL,NULL,32,'invoice_supplier');
INSERT INTO `llx_actioncomm` VALUES (222,NULL,1,'2017-03-14 12:31:47','2017-03-14 12:31:47',40,'AC_OTH_AUTO','2017-03-14 12:31:47','2017-03-14 12:31:47',2,NULL,NULL,103,NULL,0,2,NULL,0,0,0,1,-1,'',NULL,'Facture SI1703-0027 validée','Facture SI1703-0027 validée\nAuteur: EDemeiller',NULL,NULL,NULL,NULL,NULL,NULL,NULL,NULL,NULL,NULL,NULL,32,'invoice_supplier');
INSERT INTO `llx_actioncomm` VALUES (223,NULL,1,'2017-03-14 12:45:04','2017-03-14 12:45:04',40,'AC_OTH_AUTO','2017-03-14 12:45:04','2017-03-14 12:45:04',2,NULL,NULL,104,NULL,0,2,NULL,0,0,0,1,-1,'',NULL,'Tiers créé','Tiers créé\nAuteur: EDemeiller',NULL,NULL,NULL,NULL,NULL,NULL,NULL,NULL,NULL,NULL,NULL,104,'societe');
INSERT INTO `llx_actioncomm` VALUES (224,NULL,1,'2017-03-14 12:48:33','2017-03-14 12:48:33',40,'AC_OTH_AUTO','2017-03-14 12:48:33','2017-03-14 12:48:33',2,NULL,NULL,104,NULL,0,2,NULL,0,0,0,1,-1,'',NULL,'Facture SI1703-0028 validée','Facture SI1703-0028 validée\nAuteur: EDemeiller',NULL,NULL,NULL,NULL,NULL,NULL,NULL,NULL,NULL,NULL,NULL,33,'invoice_supplier');
INSERT INTO `llx_actioncomm` VALUES (225,NULL,1,'2017-03-14 12:49:32','2017-03-14 12:49:32',40,'AC_OTH_AUTO','2017-03-14 12:49:32','2017-03-14 12:49:32',2,NULL,NULL,104,NULL,0,2,NULL,0,0,0,1,-1,'',NULL,'Facture SI1703-0029 validée','Facture SI1703-0029 validée\nAuteur: EDemeiller',NULL,NULL,NULL,NULL,NULL,NULL,NULL,NULL,NULL,NULL,NULL,34,'invoice_supplier');
INSERT INTO `llx_actioncomm` VALUES (226,NULL,1,'2017-03-14 13:34:24','2017-03-14 13:34:24',40,'AC_OTH_AUTO','2017-03-14 13:34:24','2017-03-14 13:34:24',2,NULL,NULL,41,NULL,0,2,NULL,0,0,0,1,-1,'',NULL,'Facture SI1702-0030 validée','Facture SI1702-0030 validée\nAuteur: EDemeiller',NULL,NULL,NULL,NULL,NULL,NULL,NULL,NULL,NULL,NULL,NULL,35,'invoice_supplier');
INSERT INTO `llx_actioncomm` VALUES (227,NULL,1,'2017-03-14 13:37:08','2017-03-14 13:37:08',40,'AC_OTH_AUTO','2017-03-14 13:37:08','2017-03-14 13:37:08',2,NULL,NULL,24,NULL,0,2,NULL,0,0,0,1,-1,'',NULL,'Facture SI1702-0031 validée','Facture SI1702-0031 validée\nAuteur: EDemeiller',NULL,NULL,NULL,NULL,NULL,NULL,NULL,NULL,NULL,NULL,NULL,36,'invoice_supplier');
INSERT INTO `llx_actioncomm` VALUES (228,NULL,1,'2017-03-14 13:40:25','2017-03-14 13:40:25',40,'AC_OTH_AUTO','2017-03-14 13:40:25','2017-03-14 13:40:25',2,NULL,NULL,48,NULL,0,2,NULL,0,0,0,1,-1,'',NULL,'Facture SI1702-0032 validée','Facture SI1702-0032 validée\nAuteur: EDemeiller',NULL,NULL,NULL,NULL,NULL,NULL,NULL,NULL,NULL,NULL,NULL,37,'invoice_supplier');
INSERT INTO `llx_actioncomm` VALUES (229,NULL,1,'2017-03-14 13:47:09','2017-03-14 13:47:09',40,'AC_OTH_AUTO','2017-03-14 13:47:09','2017-03-14 13:47:09',2,NULL,NULL,24,NULL,0,2,NULL,0,0,0,1,-1,'',NULL,'Facture SI1703-0033 validée','Facture SI1703-0033 validée\nAuteur: EDemeiller',NULL,NULL,NULL,NULL,NULL,NULL,NULL,NULL,NULL,NULL,NULL,38,'invoice_supplier');
INSERT INTO `llx_actioncomm` VALUES (230,NULL,1,'2017-03-14 14:12:34','2017-03-14 14:12:34',40,'AC_OTH_AUTO','2017-03-14 14:12:34','2017-03-14 14:12:34',2,NULL,NULL,10,NULL,0,2,NULL,0,0,0,1,-1,'',NULL,'Facture FA1612-0005 passée à payée','Facture FA1612-0005 passée à payée\nAuteur: EDemeiller',NULL,NULL,NULL,NULL,NULL,NULL,NULL,NULL,NULL,NULL,NULL,7,'invoice');
INSERT INTO `llx_actioncomm` VALUES (231,NULL,1,'2017-03-16 10:54:21','2017-03-16 10:54:21',40,'AC_OTH_AUTO','2017-03-16 10:54:21','2017-03-16 10:54:21',1,NULL,NULL,105,NULL,0,1,NULL,0,0,0,1,-1,'',NULL,'Tiers créé','Tiers créé\nAuteur: JDelgove',NULL,NULL,NULL,NULL,NULL,NULL,NULL,NULL,NULL,NULL,NULL,105,'societe');
INSERT INTO `llx_actioncomm` VALUES (232,NULL,1,'2017-03-17 15:07:23','2017-03-17 15:07:23',40,'AC_OTH_AUTO','2017-03-17 15:07:23','2017-03-17 15:07:23',2,NULL,NULL,106,NULL,0,2,NULL,0,0,0,1,-1,'',NULL,'Tiers créé','Tiers créé\nAuteur: EDemeiller',NULL,NULL,NULL,NULL,NULL,NULL,NULL,NULL,NULL,NULL,NULL,106,'societe');
INSERT INTO `llx_actioncomm` VALUES (233,NULL,1,'2017-03-17 15:17:06','2017-03-17 15:17:06',40,'AC_OTH_AUTO','2017-03-17 15:17:06','2017-03-17 15:17:06',2,NULL,NULL,106,NULL,0,2,NULL,0,0,0,1,-1,'',NULL,'Proposition PR1703-0015 validée','Proposition PR1703-0015 validée\nAuteur: EDemeiller',NULL,NULL,NULL,NULL,NULL,NULL,NULL,NULL,NULL,NULL,NULL,17,'propal');
INSERT INTO `llx_actioncomm` VALUES (234,NULL,1,'2017-03-17 15:20:44','2017-03-17 15:20:44',40,'AC_OTH_AUTO','2017-03-17 15:20:44','2017-03-17 15:20:44',2,NULL,NULL,106,NULL,0,2,NULL,0,0,0,1,-1,'',NULL,'Proposition PR1703-0016 validée','Proposition PR1703-0016 validée\nAuteur: EDemeiller',NULL,NULL,NULL,NULL,NULL,NULL,NULL,NULL,NULL,NULL,NULL,18,'propal');
INSERT INTO `llx_actioncomm` VALUES (235,NULL,1,'2017-03-20 16:09:53','2017-03-20 16:09:53',40,'AC_OTH_AUTO','2017-03-20 16:09:53','2017-03-20 16:09:53',2,NULL,NULL,106,NULL,0,2,NULL,0,0,0,1,-1,'',NULL,'Proposition PR1703-0015 validée','Proposition PR1703-0015 validée\nAuteur: EDemeiller',NULL,NULL,NULL,NULL,NULL,NULL,NULL,NULL,NULL,NULL,NULL,17,'propal');
INSERT INTO `llx_actioncomm` VALUES (236,NULL,1,'2017-03-20 16:12:19','2017-03-20 16:12:19',40,'AC_OTH_AUTO','2017-03-20 16:12:19','2017-03-20 16:12:19',2,NULL,NULL,106,NULL,0,2,NULL,0,0,0,1,-1,'',NULL,'Proposition PR1703-0016 validée','Proposition PR1703-0016 validée\nAuteur: EDemeiller',NULL,NULL,NULL,NULL,NULL,NULL,NULL,NULL,NULL,NULL,NULL,18,'propal');
INSERT INTO `llx_actioncomm` VALUES (237,NULL,1,'2017-03-20 16:19:20','2017-03-20 16:19:20',40,'AC_OTH_AUTO','2017-03-20 16:19:20','2017-03-20 16:19:20',2,NULL,NULL,106,NULL,0,2,NULL,0,0,0,1,-1,'',NULL,'Proposition PR1703-0015 validée','Proposition PR1703-0015 validée\nAuteur: EDemeiller',NULL,NULL,NULL,NULL,NULL,NULL,NULL,NULL,NULL,NULL,NULL,17,'propal');
INSERT INTO `llx_actioncomm` VALUES (238,NULL,1,'2017-03-20 16:19:34','2017-03-20 16:19:34',40,'AC_OTH_AUTO','2017-03-20 16:19:34','2017-03-20 16:19:34',2,NULL,NULL,106,NULL,0,2,NULL,0,0,0,1,-1,'',NULL,'Proposition PR1703-0016 validée','Proposition PR1703-0016 validée\nAuteur: EDemeiller',NULL,NULL,NULL,NULL,NULL,NULL,NULL,NULL,NULL,NULL,NULL,18,'propal');
INSERT INTO `llx_actioncomm` VALUES (239,NULL,1,'2017-03-20 16:22:24','2017-03-20 16:22:24',40,'AC_OTH_AUTO','2017-03-20 16:22:24','2017-03-20 16:22:24',2,NULL,NULL,106,NULL,0,2,NULL,0,0,0,1,-1,'',NULL,'Proposition PR1703-0016 validée','Proposition PR1703-0016 validée\nAuteur: EDemeiller',NULL,NULL,NULL,NULL,NULL,NULL,NULL,NULL,NULL,NULL,NULL,18,'propal');
INSERT INTO `llx_actioncomm` VALUES (240,NULL,1,'2017-03-20 16:24:04','2017-03-20 16:24:04',40,'AC_OTH_AUTO','2017-03-20 16:24:04','2017-03-20 16:24:04',2,NULL,NULL,106,NULL,0,2,NULL,0,0,0,1,-1,'',NULL,'Proposition PR1703-0016 validée','Proposition PR1703-0016 validée\nAuteur: EDemeiller',NULL,NULL,NULL,NULL,NULL,NULL,NULL,NULL,NULL,NULL,NULL,18,'propal');
INSERT INTO `llx_actioncomm` VALUES (241,NULL,1,'2017-03-21 12:31:46','2017-03-21 12:31:46',40,'AC_OTH_AUTO','2017-03-21 12:31:46','2017-03-21 12:31:46',1,NULL,NULL,107,NULL,0,1,NULL,0,0,0,1,-1,'',NULL,'Tiers créé','Tiers créé\nAuteur: JDelgove',NULL,NULL,NULL,NULL,NULL,NULL,NULL,NULL,NULL,NULL,NULL,107,'societe');
INSERT INTO `llx_actioncomm` VALUES (242,NULL,1,'2017-03-21 12:35:13','2017-03-21 12:35:13',40,'AC_OTH_AUTO','2017-03-21 12:35:13','2017-03-21 12:35:13',1,NULL,NULL,108,NULL,0,1,NULL,0,0,0,1,-1,'',NULL,'Tiers créé','Tiers créé\nAuteur: JDelgove',NULL,NULL,NULL,NULL,NULL,NULL,NULL,NULL,NULL,NULL,NULL,108,'societe');
INSERT INTO `llx_actioncomm` VALUES (243,NULL,1,'2017-03-21 12:35:49','2017-03-21 12:35:49',40,'AC_OTH_AUTO','2017-03-21 12:35:49','2017-03-21 12:35:49',1,NULL,NULL,109,NULL,0,1,NULL,0,0,0,1,-1,'',NULL,'Tiers créé','Tiers créé\nAuteur: JDelgove',NULL,NULL,NULL,NULL,NULL,NULL,NULL,NULL,NULL,NULL,NULL,109,'societe');
INSERT INTO `llx_actioncomm` VALUES (244,NULL,1,'2017-03-21 12:36:55','2017-03-21 12:36:55',40,'AC_OTH_AUTO','2017-03-21 12:36:55','2017-03-21 12:36:55',1,NULL,NULL,110,NULL,0,1,NULL,0,0,0,1,-1,'',NULL,'Tiers créé','Tiers créé\nAuteur: JDelgove',NULL,NULL,NULL,NULL,NULL,NULL,NULL,NULL,NULL,NULL,NULL,110,'societe');
INSERT INTO `llx_actioncomm` VALUES (245,NULL,1,'2017-03-21 22:20:24','2017-03-21 22:20:24',40,'AC_OTH_AUTO','2017-03-21 22:20:24','2017-03-21 22:20:24',2,NULL,NULL,111,NULL,0,2,NULL,0,0,0,1,-1,'',NULL,'Tiers créé','Tiers créé\nAuteur: EDemeiller',NULL,NULL,NULL,NULL,NULL,NULL,NULL,NULL,NULL,NULL,NULL,111,'societe');
INSERT INTO `llx_actioncomm` VALUES (246,NULL,1,'2017-03-21 22:47:17','2017-03-21 22:47:17',40,'AC_OTH_AUTO','2017-03-21 22:47:17','2017-03-21 22:47:17',2,NULL,NULL,112,NULL,0,2,NULL,0,0,0,1,-1,'',NULL,'Tiers créé','Tiers créé\nAuteur: EDemeiller',NULL,NULL,NULL,NULL,NULL,NULL,NULL,NULL,NULL,NULL,NULL,112,'societe');
INSERT INTO `llx_actioncomm` VALUES (247,NULL,1,'2017-03-27 13:18:38','2017-03-27 13:18:38',40,'AC_OTH_AUTO','2017-03-27 13:18:38','2017-03-27 13:18:38',2,NULL,NULL,45,NULL,0,2,NULL,0,0,0,1,-1,'',NULL,'Facture FA1703-0009 validée','Facture FA1703-0009 validée\nAuteur: EDemeiller',NULL,NULL,NULL,NULL,NULL,NULL,NULL,NULL,NULL,NULL,NULL,12,'invoice');
INSERT INTO `llx_actioncomm` VALUES (248,NULL,1,'2017-03-27 13:24:39','2017-03-27 13:24:39',40,'AC_OTH_AUTO','2017-03-27 13:24:39','2017-03-27 13:24:39',2,NULL,NULL,45,38,0,2,NULL,0,0,0,1,-1,'',NULL,'Mail envoyé par Etienne DEMEILLER <etienne.demeiller@enerbioflex.fr> To Guillaume Rautureau <guillaume.rautureau@ma02.org>','Mail envoyé par Etienne DEMEILLER <etienne.demeiller@enerbioflex.fr> To Guillaume Rautureau <guillaume.rautureau@ma02.org><br>\nBcc: julien.delgove@enerbioflex.fr<br>\nObjet: Envoi de la facture FA1703-0009<br>\nCorps du message:<br>\nBonjour Guillaume,<br />\n<br />\nTu trouveras ci-joint notre facture FA1703-0009 d&#39;un montant de 778&euro; HT suite &agrave; la formation de jeudi.<br />\n<br />\nN&#39;h&eacute;sites pas &agrave; nous sollciter &agrave; nouveau pour d&#39;autres formations sur les probl&eacute;matiques &eacute;nerg&eacute;tiques.<br />\n<br />\nNous restons &agrave; ta disposition pour toute pr&eacute;cison.<br />\nEn te remerciant de ta confiance,<br />\n<br />\nBien cordialement<br />\nEtienne DEMEILLER\nFichiers et documents joints: FA1703-0009.pdf',NULL,NULL,NULL,NULL,NULL,NULL,NULL,NULL,NULL,NULL,NULL,12,'invoice');
INSERT INTO `llx_actioncomm` VALUES (249,NULL,1,'2017-03-27 13:26:53','2017-03-27 13:26:53',40,'AC_OTH_AUTO','2017-03-27 13:26:53','2017-03-27 13:26:53',2,NULL,NULL,56,NULL,0,2,NULL,0,0,0,1,-1,'',NULL,'Facture FA1703-0008 passée à payée','Facture FA1703-0008 passée à payée\nAuteur: EDemeiller',NULL,NULL,NULL,NULL,NULL,NULL,NULL,NULL,NULL,NULL,NULL,11,'invoice');
INSERT INTO `llx_actioncomm` VALUES (250,NULL,1,'2017-03-27 13:28:40','2017-03-27 13:28:40',40,'AC_OTH_AUTO','2017-03-27 13:28:40','2017-03-27 13:28:40',2,NULL,NULL,10,NULL,0,2,NULL,0,0,0,1,-1,'',NULL,'Facture FA1612-0005 passée à payée','Facture FA1612-0005 passée à payée\nAuteur: EDemeiller',NULL,NULL,NULL,NULL,NULL,NULL,NULL,NULL,NULL,NULL,NULL,7,'invoice');
INSERT INTO `llx_actioncomm` VALUES (251,NULL,1,'2017-03-27 15:28:07','2017-03-27 15:28:07',40,'AC_OTH_AUTO','2017-03-27 15:28:07','2017-03-27 15:28:07',2,NULL,NULL,22,NULL,0,2,NULL,0,0,0,1,-1,'',NULL,'Facture SI1703-0034 validée','Facture SI1703-0034 validée\nAuteur: EDemeiller',NULL,NULL,NULL,NULL,NULL,NULL,NULL,NULL,NULL,NULL,NULL,39,'invoice_supplier');
INSERT INTO `llx_actioncomm` VALUES (252,NULL,1,'2017-03-29 16:51:31','2017-03-29 16:51:31',40,'AC_OTH_AUTO','2017-03-29 16:51:31','2017-03-29 16:51:31',2,NULL,NULL,113,NULL,0,2,NULL,0,0,0,1,-1,'',NULL,'Tiers créé','Tiers créé\nAuteur: EDemeiller',NULL,NULL,NULL,NULL,NULL,NULL,NULL,NULL,NULL,NULL,NULL,113,'societe');
INSERT INTO `llx_actioncomm` VALUES (253,NULL,1,'2017-03-29 16:58:28','2017-03-29 16:58:28',40,'AC_OTH_AUTO','2017-03-29 16:58:28','2017-03-29 16:58:28',2,NULL,NULL,114,NULL,0,2,NULL,0,0,0,1,-1,'',NULL,'Tiers créé','Tiers créé\nAuteur: EDemeiller',NULL,NULL,NULL,NULL,NULL,NULL,NULL,NULL,NULL,NULL,NULL,114,'societe');
INSERT INTO `llx_actioncomm` VALUES (254,NULL,1,'2017-03-29 17:00:28','2017-03-29 17:00:28',40,'AC_OTH_AUTO','2017-03-29 17:00:28','2017-03-29 17:00:28',2,NULL,NULL,119,NULL,0,2,NULL,0,0,0,1,-1,'',NULL,'Tiers créé','Tiers créé\nAuteur: EDemeiller',NULL,NULL,NULL,NULL,NULL,NULL,NULL,NULL,NULL,NULL,NULL,119,'societe');
INSERT INTO `llx_actioncomm` VALUES (255,NULL,1,'2017-03-29 17:06:50','2017-03-29 17:06:50',40,'AC_OTH_AUTO','2017-03-29 17:06:50','2017-03-29 17:06:50',2,NULL,NULL,120,NULL,0,2,NULL,0,0,0,1,-1,'',NULL,'Tiers créé','Tiers créé\nAuteur: EDemeiller',NULL,NULL,NULL,NULL,NULL,NULL,NULL,NULL,NULL,NULL,NULL,120,'societe');
INSERT INTO `llx_actioncomm` VALUES (256,NULL,1,'2019-10-01 09:00:00',NULL,50,'AC_OTH','2017-04-04 11:28:41','2017-04-04 11:49:09',2,2,NULL,75,53,0,2,NULL,1,0,0,1,0,NULL,NULL,'Recontacter pour groupement d\'achat','Recontacter Hugues Deblock pour une iscription au groupment d&#39;achat.<br />\nSon contrat actuel est chez proxelia, il se termine le 31/12/2019.&nbsp;<br />\nA recontacter en octobre 2019',NULL,NULL,NULL,NULL,NULL,NULL,NULL,NULL,NULL,NULL,NULL,NULL,NULL);
INSERT INTO `llx_actioncomm` VALUES (257,NULL,1,'2017-04-04 11:38:15','2017-04-04 11:38:15',40,'AC_OTH_AUTO','2017-04-04 11:38:15','2017-04-04 11:38:15',2,NULL,NULL,121,NULL,0,2,NULL,0,0,0,1,-1,'',NULL,'Tiers créé','Tiers créé\nAuteur: EDemeiller',NULL,NULL,NULL,NULL,NULL,NULL,NULL,NULL,NULL,NULL,NULL,121,'societe');
INSERT INTO `llx_actioncomm` VALUES (258,NULL,1,'2017-04-04 15:30:26','2017-04-04 15:30:26',40,'AC_OTH_AUTO','2017-04-04 15:30:26','2017-04-04 15:30:26',2,NULL,NULL,55,NULL,0,2,NULL,0,0,0,1,-1,'',NULL,'Facture SI1704-0035 validée','Facture SI1704-0035 validée\nAuteur: EDemeiller',NULL,NULL,NULL,NULL,NULL,NULL,NULL,NULL,NULL,NULL,NULL,40,'invoice_supplier');
INSERT INTO `llx_actioncomm` VALUES (259,NULL,1,'2017-04-04 15:52:49','2017-04-04 15:52:49',40,'AC_OTH_AUTO','2017-04-04 15:52:49','2017-04-04 15:52:49',2,NULL,NULL,122,NULL,0,2,NULL,0,0,0,1,-1,'',NULL,'Tiers créé','Tiers créé\nAuteur: EDemeiller',NULL,NULL,NULL,NULL,NULL,NULL,NULL,NULL,NULL,NULL,NULL,122,'societe');
INSERT INTO `llx_actioncomm` VALUES (260,NULL,1,'2017-04-04 16:00:00','2017-04-04 16:00:00',40,'AC_OTH_AUTO','2017-04-04 16:00:00','2017-04-04 16:00:00',2,NULL,NULL,122,NULL,0,2,NULL,0,0,0,1,-1,'',NULL,'Facture SI1704-0036 validée','Facture SI1704-0036 validée\nAuteur: EDemeiller',NULL,NULL,NULL,NULL,NULL,NULL,NULL,NULL,NULL,NULL,NULL,41,'invoice_supplier');
INSERT INTO `llx_actioncomm` VALUES (261,NULL,1,'2017-04-04 16:02:55','2017-04-04 16:02:55',40,'AC_OTH_AUTO','2017-04-04 16:02:56','2017-04-04 16:02:56',2,NULL,NULL,122,NULL,0,2,NULL,0,0,0,1,-1,'',NULL,'Facture SI1704-0037 validée','Facture SI1704-0037 validée\nAuteur: EDemeiller',NULL,NULL,NULL,NULL,NULL,NULL,NULL,NULL,NULL,NULL,NULL,43,'invoice_supplier');
INSERT INTO `llx_actioncomm` VALUES (262,NULL,1,'2017-04-04 16:11:33','2017-04-04 16:11:33',40,'AC_OTH_AUTO','2017-04-04 16:11:33','2017-04-04 16:11:34',2,NULL,NULL,123,NULL,0,2,NULL,0,0,0,1,-1,'',NULL,'Tiers créé','Tiers créé\nAuteur: EDemeiller',NULL,NULL,NULL,NULL,NULL,NULL,NULL,NULL,NULL,NULL,NULL,123,'societe');
INSERT INTO `llx_actioncomm` VALUES (263,NULL,1,'2017-04-04 16:16:25','2017-04-04 16:16:25',40,'AC_OTH_AUTO','2017-04-04 16:16:25','2017-04-04 16:16:25',2,NULL,NULL,47,NULL,0,2,NULL,0,0,0,1,-1,'',NULL,'Facture SI1703-0038 validée','Facture SI1703-0038 validée\nAuteur: EDemeiller',NULL,NULL,NULL,NULL,NULL,NULL,NULL,NULL,NULL,NULL,NULL,44,'invoice_supplier');
INSERT INTO `llx_actioncomm` VALUES (264,NULL,1,'2017-04-04 16:30:33','2017-04-04 16:30:33',40,'AC_OTH_AUTO','2017-04-04 16:30:33','2017-04-04 16:30:33',2,NULL,NULL,48,NULL,0,2,NULL,0,0,0,1,-1,'',NULL,'Facture SI1703-0039 validée','Facture SI1703-0039 validée\nAuteur: EDemeiller',NULL,NULL,NULL,NULL,NULL,NULL,NULL,NULL,NULL,NULL,NULL,45,'invoice_supplier');
INSERT INTO `llx_actioncomm` VALUES (265,NULL,1,'2017-04-06 15:22:01','2017-04-06 15:22:01',40,'AC_OTH_AUTO','2017-04-06 15:22:01','2017-04-06 15:22:01',2,NULL,NULL,75,NULL,0,2,NULL,0,0,0,1,-1,'',NULL,'Proposition PR1704-0017 validée','Proposition PR1704-0017 validée\nAuteur: EDemeiller',NULL,NULL,NULL,NULL,NULL,NULL,NULL,NULL,NULL,NULL,NULL,19,'propal');
INSERT INTO `llx_actioncomm` VALUES (266,NULL,1,'2017-04-06 15:28:35','2017-04-06 15:28:35',40,'AC_OTH_AUTO','2017-04-06 15:28:35','2017-04-06 15:28:35',2,NULL,NULL,75,53,0,2,NULL,0,0,0,1,-1,'',NULL,'Mail envoyé par Etienne DEMEILLER <etienne.demeiller@enerbioflex.fr> To Hugues Deblock <deblock.earl@orange.fr>','Mail envoyé par Etienne DEMEILLER <etienne.demeiller@enerbioflex.fr> To Hugues Deblock <deblock.earl@orange.fr><br>\nObjet: Envoi de la proposition commerciale PR1704-0017<br>\nCorps du message:<br>\nBonjour Monsieur Hugues Deblock,<br />\n<br />\nSuite &agrave; votre demande, je vous prie de trouver ci-joint notre proposition de tarif pour l&#39;&eacute;tude d&#39;opportunit&eacute; de votre projet de solaire photovolta&iuml;que.<br />\n<br />\nJe vous souhaite bonne r&eacute;ception, et je reste &agrave; votre enti&egrave;re disposition pour toute question concernant ce devis.<br />\nCordialement<br />\n<br />\nEtienne DEMEILLER<br />\netienne.demeiller@enerbioflex.fr<br />\n06.80.45.39.59&nbsp;\nFichiers et documents joints: PR1704-0017.pdf',NULL,NULL,NULL,NULL,NULL,NULL,NULL,NULL,NULL,NULL,NULL,19,'propal');
INSERT INTO `llx_actioncomm` VALUES (267,NULL,1,'2017-04-07 08:50:53','2017-04-07 08:50:53',40,'AC_OTH_AUTO','2017-04-07 08:50:53','2017-04-07 08:50:53',1,NULL,NULL,124,NULL,0,1,NULL,0,0,0,1,-1,'',NULL,'Tiers créé','Tiers créé\nAuteur: JDelgove',NULL,NULL,NULL,NULL,NULL,NULL,NULL,NULL,NULL,NULL,NULL,124,'societe');
INSERT INTO `llx_actioncomm` VALUES (268,NULL,1,'2017-04-07 08:55:40','2017-04-07 08:55:40',40,'AC_OTH_AUTO','2017-04-07 08:55:40','2017-04-07 08:55:40',1,NULL,NULL,125,NULL,0,1,NULL,0,0,0,1,-1,'',NULL,'Tiers créé','Tiers créé\nAuteur: JDelgove',NULL,NULL,NULL,NULL,NULL,NULL,NULL,NULL,NULL,NULL,NULL,125,'societe');
INSERT INTO `llx_actioncomm` VALUES (269,NULL,1,'2017-04-07 09:00:41','2017-04-07 09:00:41',40,'AC_OTH_AUTO','2017-04-07 09:00:41','2017-04-07 09:00:41',1,NULL,NULL,126,NULL,0,1,NULL,0,0,0,1,-1,'',NULL,'Tiers créé','Tiers créé\nAuteur: JDelgove',NULL,NULL,NULL,NULL,NULL,NULL,NULL,NULL,NULL,NULL,NULL,126,'societe');
INSERT INTO `llx_actioncomm` VALUES (270,NULL,1,'2017-04-07 09:08:47','2017-04-07 09:08:47',40,'AC_OTH_AUTO','2017-04-07 09:08:47','2017-04-07 09:08:47',1,NULL,NULL,127,NULL,0,1,NULL,0,0,0,1,-1,'',NULL,'Tiers créé','Tiers créé\nAuteur: JDelgove',NULL,NULL,NULL,NULL,NULL,NULL,NULL,NULL,NULL,NULL,NULL,127,'societe');
INSERT INTO `llx_actioncomm` VALUES (271,NULL,1,'2017-04-07 09:15:02','2017-04-07 09:15:02',40,'AC_OTH_AUTO','2017-04-07 09:15:02','2017-04-07 09:15:02',1,NULL,NULL,128,NULL,0,1,NULL,0,0,0,1,-1,'',NULL,'Tiers créé','Tiers créé\nAuteur: JDelgove',NULL,NULL,NULL,NULL,NULL,NULL,NULL,NULL,NULL,NULL,NULL,128,'societe');
INSERT INTO `llx_actioncomm` VALUES (272,NULL,1,'2017-04-07 09:20:39','2017-04-07 09:20:39',40,'AC_OTH_AUTO','2017-04-07 09:20:39','2017-04-07 09:20:39',1,NULL,NULL,129,NULL,0,1,NULL,0,0,0,1,-1,'',NULL,'Tiers créé','Tiers créé\nAuteur: JDelgove',NULL,NULL,NULL,NULL,NULL,NULL,NULL,NULL,NULL,NULL,NULL,129,'societe');
INSERT INTO `llx_actioncomm` VALUES (273,NULL,1,'2017-04-07 09:36:29','2017-04-07 09:36:29',40,'AC_OTH_AUTO','2017-04-07 09:36:29','2017-04-07 09:36:29',1,NULL,NULL,130,NULL,0,1,NULL,0,0,0,1,-1,'',NULL,'Tiers créé','Tiers créé\nAuteur: JDelgove',NULL,NULL,NULL,NULL,NULL,NULL,NULL,NULL,NULL,NULL,NULL,130,'societe');
INSERT INTO `llx_actioncomm` VALUES (274,NULL,1,'2017-04-07 09:46:03','2017-04-07 09:46:03',40,'AC_OTH_AUTO','2017-04-07 09:46:03','2017-04-07 09:46:03',1,NULL,NULL,131,NULL,0,1,NULL,0,0,0,1,-1,'',NULL,'Tiers créé','Tiers créé\nAuteur: JDelgove',NULL,NULL,NULL,NULL,NULL,NULL,NULL,NULL,NULL,NULL,NULL,131,'societe');
INSERT INTO `llx_actioncomm` VALUES (275,NULL,1,'2017-04-10 14:58:04','2017-04-10 14:58:04',40,'AC_OTH_AUTO','2017-04-10 14:58:04','2017-04-10 14:58:04',2,NULL,NULL,121,NULL,0,2,NULL,0,0,0,1,-1,'',NULL,'Proposition PR1704-0018 validée','Proposition PR1704-0018 validée\nAuteur: EDemeiller',NULL,NULL,NULL,NULL,NULL,NULL,NULL,NULL,NULL,NULL,NULL,20,'propal');
INSERT INTO `llx_actioncomm` VALUES (276,NULL,1,'2017-04-10 14:59:59','2017-04-10 14:59:59',40,'AC_OTH_AUTO','2017-04-10 14:59:59','2017-04-10 14:59:59',2,NULL,NULL,106,NULL,0,2,NULL,0,0,0,1,-1,'',NULL,'Proposition PR1704-0019 validée','Proposition PR1704-0019 validée\nAuteur: EDemeiller',NULL,NULL,NULL,NULL,NULL,NULL,NULL,NULL,NULL,NULL,NULL,21,'propal');
INSERT INTO `llx_actioncomm` VALUES (277,NULL,1,'2017-04-10 15:01:12','2017-04-10 15:01:12',40,'AC_OTH_AUTO','2017-04-10 15:01:12','2017-04-10 15:01:12',2,NULL,NULL,63,NULL,0,2,NULL,0,0,0,1,-1,'',NULL,'Proposition PR1704-0020 validée','Proposition PR1704-0020 validée\nAuteur: EDemeiller',NULL,NULL,NULL,NULL,NULL,NULL,NULL,NULL,NULL,NULL,NULL,22,'propal');
INSERT INTO `llx_actioncomm` VALUES (278,NULL,1,'2017-04-12 14:18:38','2017-04-12 14:18:38',40,'AC_OTH_AUTO','2017-04-12 14:18:38','2017-04-12 14:18:38',2,NULL,NULL,102,NULL,0,2,NULL,0,0,0,1,-1,'',NULL,'Facture SI1704-0040 validée','Facture SI1704-0040 validée\nAuteur: EDemeiller',NULL,NULL,NULL,NULL,NULL,NULL,NULL,NULL,NULL,NULL,NULL,46,'invoice_supplier');
INSERT INTO `llx_actioncomm` VALUES (279,NULL,1,'2017-04-12 14:19:46','2017-04-12 14:19:46',40,'AC_OTH_AUTO','2017-04-12 14:19:46','2017-04-12 14:19:46',2,NULL,NULL,47,NULL,0,2,NULL,0,0,0,1,-1,'',NULL,'Facture SI1704-0041 validée','Facture SI1704-0041 validée\nAuteur: EDemeiller',NULL,NULL,NULL,NULL,NULL,NULL,NULL,NULL,NULL,NULL,NULL,47,'invoice_supplier');
INSERT INTO `llx_actioncomm` VALUES (280,NULL,1,'2017-04-19 11:34:53','2017-04-19 11:34:53',40,'AC_OTH_AUTO','2017-04-19 11:34:53','2017-04-19 11:34:53',2,NULL,NULL,201,NULL,0,2,NULL,0,0,0,1,-1,'',NULL,'Tiers créé','Tiers créé\nAuteur: EDemeiller',NULL,NULL,NULL,NULL,NULL,NULL,NULL,NULL,NULL,NULL,NULL,201,'societe');
INSERT INTO `llx_actioncomm` VALUES (281,NULL,1,'2017-04-20 15:23:20','2017-04-20 15:23:20',40,'AC_OTH_AUTO','2017-04-20 15:23:20','2017-04-20 15:23:20',2,NULL,NULL,202,NULL,0,2,NULL,0,0,0,1,-1,'',NULL,'Tiers créé','Tiers créé\nAuteur: EDemeiller',NULL,NULL,NULL,NULL,NULL,NULL,NULL,NULL,NULL,NULL,NULL,202,'societe');
INSERT INTO `llx_actioncomm` VALUES (282,NULL,1,'2017-04-21 15:21:03','2017-04-21 15:21:03',40,'AC_OTH_AUTO','2017-04-21 15:21:03','2017-04-21 15:21:03',2,NULL,NULL,11,NULL,0,2,NULL,0,0,0,1,-1,'',NULL,'Proposition PR1704-0021 validée','Proposition PR1704-0021 validée\nAuteur: EDemeiller',NULL,NULL,NULL,NULL,NULL,NULL,NULL,NULL,NULL,NULL,NULL,23,'propal');
INSERT INTO `llx_actioncomm` VALUES (283,NULL,1,'2017-04-21 15:27:38','2017-04-21 15:27:38',40,'AC_OTH_AUTO','2017-04-21 15:27:38','2017-04-21 15:27:38',2,NULL,NULL,11,11,0,2,NULL,0,0,0,1,-1,'',NULL,'Mail envoyé par Etienne DEMEILLER <etienne.demeiller@enerbioflex.fr> To Nicolas Hennuyer <gaechennuyer@live.fr>','Mail envoyé par Etienne DEMEILLER <etienne.demeiller@enerbioflex.fr> To Nicolas Hennuyer <gaechennuyer@live.fr><br>\nObjet: Envoi de la proposition commerciale PR1704-0021<br>\nCorps du message:<br>\nBonjour Monsieur Hennuyer<br />\n<br />\nSuite &agrave; votre demande de devis, nous vous prions de trouver ci-joint la proposition commerciale PR1704-0021.<br />\n<br />\nNous vous remercions vivement de nous avoir consult&eacute;s et restons &agrave; votre disposition pour r&eacute;pondre &agrave; toute question concernant ce devis.<br />\n<br />\nCordialement<br />\nEtienne DEMEILLER<br />\n06.80.45.39.59\nFichiers et documents joints: PR1704-0021.pdf',NULL,NULL,NULL,NULL,NULL,NULL,NULL,NULL,NULL,NULL,NULL,23,'propal');
INSERT INTO `llx_actioncomm` VALUES (284,NULL,1,'2017-04-24 11:05:33','2017-04-24 11:05:33',40,'AC_OTH_AUTO','2017-04-24 11:05:33','2017-04-24 11:05:33',2,NULL,NULL,68,NULL,0,2,NULL,0,0,0,1,-1,'',NULL,'Proposition PR1704-0022 validée','Proposition PR1704-0022 validée\nAuteur: EDemeiller',NULL,NULL,NULL,NULL,NULL,NULL,NULL,NULL,NULL,NULL,NULL,24,'propal');
INSERT INTO `llx_actioncomm` VALUES (285,NULL,1,'2017-05-15 08:00:00','2017-05-23 09:53:00',50,'AC_OTH','2017-04-24 11:11:08','2017-05-23 09:53:43',2,2,NULL,163,NULL,0,2,NULL,1,0,0,1,100,NULL,697980,'recontacter','recontacter par t&eacute;l&eacute;phone&nbsp;',NULL,NULL,NULL,NULL,NULL,NULL,NULL,NULL,NULL,NULL,NULL,NULL,NULL);
INSERT INTO `llx_actioncomm` VALUES (286,NULL,1,'2017-04-25 12:05:00','2017-04-25 13:05:00',50,'AC_OTH','2017-04-24 12:05:41','2017-05-08 19:32:41',2,2,NULL,157,NULL,0,2,NULL,1,0,0,1,100,NULL,3600,'rappeler','appeler sur le 06',NULL,NULL,NULL,NULL,NULL,NULL,NULL,NULL,NULL,NULL,NULL,NULL,NULL);
INSERT INTO `llx_actioncomm` VALUES (287,NULL,1,'2019-02-01 08:00:00','2019-02-01 12:20:00',50,'AC_OTH','2017-04-24 12:21:46','2017-04-24 12:22:10',2,2,NULL,160,122,0,2,NULL,1,0,0,1,0,NULL,15600,'Contacter pour groupement d\'achat','Contacter pour groupement d&#39;achat<br />\nfin du contrat edf',NULL,NULL,NULL,NULL,NULL,NULL,NULL,NULL,NULL,NULL,NULL,NULL,NULL);
INSERT INTO `llx_actioncomm` VALUES (288,NULL,1,'2017-11-01 08:05:00',NULL,50,'AC_OTH','2017-04-24 12:54:28','2017-04-24 12:54:28',2,NULL,NULL,171,124,0,2,NULL,1,0,0,1,0,'',NULL,'Recontacter pour groupement d\'achat','voir notes entreprise',NULL,NULL,NULL,NULL,NULL,NULL,NULL,NULL,NULL,NULL,NULL,NULL,NULL);
INSERT INTO `llx_actioncomm` VALUES (289,NULL,1,'2017-05-15 08:00:00',NULL,50,'AC_OTH','2017-04-24 13:21:15','2017-04-24 14:29:09',2,2,NULL,179,125,0,2,NULL,1,0,0,1,0,NULL,NULL,'Rappeller pour groupement d\'achat','Voir notes',NULL,NULL,NULL,NULL,NULL,NULL,NULL,NULL,NULL,NULL,NULL,NULL,NULL);
INSERT INTO `llx_actioncomm` VALUES (290,NULL,1,'2017-04-24 13:23:00','2017-05-08 19:33:00',50,'AC_OTH','2017-04-24 13:24:32','2017-05-08 19:33:12',2,2,NULL,178,126,0,2,NULL,1,0,0,1,100,NULL,1231800,'Recontacter','Voir notes',NULL,NULL,NULL,NULL,NULL,NULL,NULL,NULL,NULL,NULL,NULL,NULL,NULL);
INSERT INTO `llx_actioncomm` VALUES (291,NULL,1,'2017-05-04 14:00:00','2017-05-12 16:32:00',50,'AC_OTH','2017-04-24 14:58:14','2017-05-12 16:33:04',2,2,NULL,194,NULL,0,2,NULL,1,0,0,1,100,NULL,700320,'Appeler','rappler&nbsp;<br />\nvoir notes',NULL,NULL,NULL,NULL,NULL,NULL,NULL,NULL,NULL,NULL,NULL,NULL,NULL);
INSERT INTO `llx_actioncomm` VALUES (292,NULL,1,'2017-05-04 08:00:00','2017-05-23 09:47:00',50,'AC_OTH','2017-04-24 15:04:34','2017-05-23 09:47:28',2,2,NULL,196,NULL,0,2,NULL,1,0,0,1,100,NULL,1648020,'Rappeler',NULL,NULL,NULL,NULL,NULL,NULL,NULL,NULL,NULL,NULL,NULL,NULL,NULL,NULL);
INSERT INTO `llx_actioncomm` VALUES (293,NULL,1,'2017-04-24 15:52:27','2017-04-24 15:52:27',40,'AC_OTH_AUTO','2017-04-24 15:52:27','2017-04-24 15:52:27',2,NULL,NULL,203,NULL,0,2,NULL,0,0,0,1,-1,'',NULL,'Tiers créé','Tiers créé\nAuteur: EDemeiller',NULL,NULL,NULL,NULL,NULL,NULL,NULL,NULL,NULL,NULL,NULL,203,'societe');
INSERT INTO `llx_actioncomm` VALUES (294,NULL,1,'2017-05-04 09:00:00','2017-05-23 09:49:00',50,'AC_OTH','2017-04-24 16:17:19','2017-05-23 09:49:28',2,2,NULL,203,138,0,2,NULL,1,0,0,1,100,NULL,1644540,'appeler','mail envoy&eacute; le 24/04/2017',NULL,NULL,NULL,NULL,NULL,NULL,NULL,NULL,NULL,NULL,NULL,NULL,NULL);
INSERT INTO `llx_actioncomm` VALUES (295,NULL,1,'2017-04-24 16:18:30','2017-04-24 16:18:30',40,'AC_OTH_AUTO','2017-04-24 16:18:30','2017-04-24 16:18:30',2,NULL,NULL,204,NULL,0,2,NULL,0,0,0,1,-1,'',NULL,'Tiers créé','Tiers créé\nAuteur: EDemeiller',NULL,NULL,NULL,NULL,NULL,NULL,NULL,NULL,NULL,NULL,NULL,204,'societe');
INSERT INTO `llx_actioncomm` VALUES (296,NULL,1,'2017-05-04 09:00:00','2017-05-23 09:48:00',50,'AC_OTH','2017-04-24 16:29:42','2017-05-23 09:49:01',2,2,NULL,204,NULL,0,2,NULL,1,0,0,1,100,NULL,1644480,'appeler','email envoy&eacute; le 24/04/2017',NULL,NULL,NULL,NULL,NULL,NULL,NULL,NULL,NULL,NULL,NULL,NULL,NULL);
INSERT INTO `llx_actioncomm` VALUES (297,NULL,1,'2017-04-24 18:06:32','2017-04-24 18:06:32',40,'AC_OTH_AUTO','2017-04-24 18:06:32','2017-04-24 18:06:32',2,NULL,NULL,205,NULL,0,2,NULL,0,0,0,1,-1,'',NULL,'Tiers créé','Tiers créé\nAuteur: EDemeiller',NULL,NULL,NULL,NULL,NULL,NULL,NULL,NULL,NULL,NULL,NULL,205,'societe');
INSERT INTO `llx_actioncomm` VALUES (298,NULL,1,'2017-04-25 15:13:11','2017-04-25 15:13:11',40,'AC_OTH_AUTO','2017-04-25 15:13:11','2017-04-25 15:13:11',2,NULL,NULL,206,NULL,0,2,NULL,0,0,0,1,-1,'',NULL,'Tiers créé','Tiers créé\nAuteur: EDemeiller',NULL,NULL,NULL,NULL,NULL,NULL,NULL,NULL,NULL,NULL,NULL,206,'societe');
INSERT INTO `llx_actioncomm` VALUES (299,NULL,1,'2017-04-25 15:21:09','2017-04-25 15:21:09',40,'AC_OTH_AUTO','2017-04-25 15:21:09','2017-04-25 15:21:09',2,NULL,NULL,207,NULL,0,2,NULL,0,0,0,1,-1,'',NULL,'Tiers créé','Tiers créé\nAuteur: EDemeiller',NULL,NULL,NULL,NULL,NULL,NULL,NULL,NULL,NULL,NULL,NULL,207,'societe');
INSERT INTO `llx_actioncomm` VALUES (300,NULL,1,'2017-05-05 15:19:42','2017-05-05 15:19:42',40,'AC_OTH_AUTO','2017-05-05 15:19:42','2017-05-05 15:19:42',2,NULL,NULL,208,NULL,0,2,NULL,0,0,0,1,-1,'',NULL,'Tiers créé','Tiers créé\nAuteur: EDemeiller',NULL,NULL,NULL,NULL,NULL,NULL,NULL,NULL,NULL,NULL,NULL,208,'societe');
INSERT INTO `llx_actioncomm` VALUES (301,NULL,1,'2017-05-05 15:20:55','2017-05-05 15:20:55',40,'AC_OTH_AUTO','2017-05-05 15:20:55','2017-05-05 15:20:55',2,NULL,NULL,208,NULL,0,2,NULL,0,0,0,1,-1,'',NULL,'Facture SI1704-0042 validée','Facture SI1704-0042 validée\nAuteur: EDemeiller',NULL,NULL,NULL,NULL,NULL,NULL,NULL,NULL,NULL,NULL,NULL,48,'invoice_supplier');
INSERT INTO `llx_actioncomm` VALUES (302,NULL,1,'2017-05-05 15:35:44','2017-05-05 15:35:44',40,'AC_OTH_AUTO','2017-05-05 15:35:44','2017-05-05 15:35:44',2,NULL,NULL,55,NULL,0,2,NULL,0,0,0,1,-1,'',NULL,'Facture SI1705-0043 validée','Facture SI1705-0043 validée\nAuteur: EDemeiller',NULL,NULL,NULL,NULL,NULL,NULL,NULL,NULL,NULL,NULL,NULL,49,'invoice_supplier');
INSERT INTO `llx_actioncomm` VALUES (303,NULL,1,'2017-05-05 15:51:21','2017-05-05 15:51:21',40,'AC_OTH_AUTO','2017-05-05 15:51:21','2017-05-05 15:51:21',2,NULL,NULL,209,NULL,0,2,NULL,0,0,0,1,-1,'',NULL,'Tiers créé','Tiers créé\nAuteur: EDemeiller',NULL,NULL,NULL,NULL,NULL,NULL,NULL,NULL,NULL,NULL,NULL,209,'societe');
INSERT INTO `llx_actioncomm` VALUES (304,NULL,1,'2017-06-30 08:54:00',NULL,50,'AC_OTH','2017-05-05 15:55:23','2017-05-12 16:24:53',2,2,NULL,209,144,0,2,NULL,1,0,0,1,0,NULL,NULL,'relancer sur ATC','relancer pour savoir si ca reflexion avance sur l&#39;ATC',NULL,NULL,NULL,NULL,NULL,NULL,NULL,NULL,NULL,NULL,NULL,NULL,NULL);
INSERT INTO `llx_actioncomm` VALUES (305,NULL,1,'2017-07-01 16:00:00',NULL,50,'AC_OTH','2017-05-05 16:01:40','2017-05-12 16:25:01',2,2,NULL,201,116,0,2,NULL,1,0,0,1,0,NULL,NULL,'relancer pour savoir s\'il a des nouvelles de son be','pour savoir s&#39;il a des nouvelles de son be',NULL,NULL,NULL,NULL,NULL,NULL,NULL,NULL,NULL,NULL,NULL,NULL,NULL);
INSERT INTO `llx_actioncomm` VALUES (306,NULL,1,'2017-05-05 16:08:02','2017-05-05 16:08:02',40,'AC_OTH_AUTO','2017-05-05 16:08:02','2017-05-05 16:08:02',2,NULL,NULL,210,NULL,0,2,NULL,0,0,0,1,-1,'',NULL,'Tiers créé','Tiers créé\nAuteur: EDemeiller',NULL,NULL,NULL,NULL,NULL,NULL,NULL,NULL,NULL,NULL,NULL,210,'societe');
INSERT INTO `llx_actioncomm` VALUES (307,NULL,1,'2017-05-11 08:00:00','2017-05-23 10:05:00',50,'AC_OTH','2017-05-05 16:09:48','2017-05-23 10:05:56',2,2,NULL,210,145,0,2,NULL,1,0,0,1,100,NULL,1044300,'appeler','rappler pour la journ&eacute;e ferme pilote',NULL,NULL,NULL,NULL,NULL,NULL,NULL,NULL,NULL,NULL,NULL,NULL,NULL);
INSERT INTO `llx_actioncomm` VALUES (308,NULL,1,'2017-05-08 19:36:23','2017-05-08 19:36:23',40,'AC_OTH_AUTO','2017-05-08 19:36:23','2017-05-08 19:36:23',2,NULL,NULL,202,NULL,0,2,NULL,0,0,0,1,-1,'',NULL,'Proposition PR1705-0023 validée','Proposition PR1705-0023 validée\nAuteur: EDemeiller',NULL,NULL,NULL,NULL,NULL,NULL,NULL,NULL,NULL,NULL,NULL,25,'propal');
INSERT INTO `llx_actioncomm` VALUES (309,NULL,1,'2017-05-11 12:13:23','2017-05-11 12:13:23',40,'AC_OTH_AUTO','2017-05-11 12:13:23','2017-05-11 12:13:23',2,NULL,NULL,211,NULL,0,2,NULL,0,0,0,1,-1,'',NULL,'Tiers créé','Tiers créé\nAuteur: EDemeiller',NULL,NULL,NULL,NULL,NULL,NULL,NULL,NULL,NULL,NULL,NULL,211,'societe');
INSERT INTO `llx_actioncomm` VALUES (310,NULL,1,'2017-05-16 10:17:00',NULL,50,'AC_OTH','2017-05-11 12:18:01','2017-05-12 16:24:44',2,2,NULL,211,NULL,0,2,NULL,1,0,0,1,0,NULL,NULL,'Rappeler','rappler suite au mail',NULL,NULL,NULL,NULL,NULL,NULL,NULL,NULL,NULL,NULL,NULL,NULL,NULL);
INSERT INTO `llx_actioncomm` VALUES (311,NULL,1,'2017-05-11 13:30:03','2017-05-11 13:30:03',40,'AC_OTH_AUTO','2017-05-11 13:30:03','2017-05-11 13:30:03',2,NULL,NULL,212,NULL,0,2,NULL,0,0,0,1,-1,'',NULL,'Tiers créé','Tiers créé\nAuteur: EDemeiller',NULL,NULL,NULL,NULL,NULL,NULL,NULL,NULL,NULL,NULL,NULL,212,'societe');
INSERT INTO `llx_actioncomm` VALUES (312,NULL,1,'2017-05-15 08:25:47','2017-05-15 08:25:47',40,'AC_OTH_AUTO','2017-05-15 08:25:47','2017-05-15 08:25:47',2,NULL,NULL,68,NULL,0,2,NULL,0,0,0,1,-1,'',NULL,'Proposition PR1704-0022 validée','Proposition PR1704-0022 validée\nAuteur: EDemeiller',NULL,NULL,NULL,NULL,NULL,NULL,NULL,NULL,NULL,NULL,NULL,24,'propal');
INSERT INTO `llx_actioncomm` VALUES (313,NULL,1,'2017-05-15 17:38:10','2017-05-15 17:38:10',40,'AC_OTH_AUTO','2017-05-15 17:38:10','2017-05-15 17:38:10',2,NULL,NULL,62,NULL,0,2,NULL,0,0,0,1,-1,'',NULL,'Proposition PR1705-0024 validée','Proposition PR1705-0024 validée\nAuteur: EDemeiller',NULL,NULL,NULL,NULL,NULL,NULL,NULL,NULL,NULL,NULL,NULL,26,'propal');
INSERT INTO `llx_actioncomm` VALUES (314,NULL,1,'2017-05-29 08:00:00',NULL,50,'AC_OTH','2017-05-22 11:35:46','2017-05-22 11:35:46',3,NULL,NULL,258,NULL,0,3,NULL,1,0,0,1,0,'',NULL,'rappeler','',NULL,NULL,NULL,NULL,NULL,NULL,NULL,NULL,NULL,NULL,NULL,NULL,NULL);
INSERT INTO `llx_actioncomm` VALUES (315,NULL,1,'2017-05-29 09:56:00','2017-05-29 09:56:00',50,'AC_OTH','2017-05-22 12:56:58','2017-05-22 12:58:46',3,3,NULL,254,NULL,0,3,NULL,1,0,0,1,100,NULL,NULL,'rappeler',NULL,NULL,NULL,NULL,NULL,NULL,NULL,NULL,NULL,NULL,NULL,NULL,NULL,NULL);
INSERT INTO `llx_actioncomm` VALUES (316,NULL,1,'2017-05-29 09:56:00','2017-05-29 09:56:00',50,'AC_OTH','2017-05-22 12:57:59','2017-05-22 12:59:08',3,3,NULL,254,188,0,2,NULL,0,0,0,1,100,NULL,NULL,'rappeler',NULL,NULL,NULL,NULL,NULL,NULL,NULL,NULL,NULL,NULL,NULL,NULL,NULL,NULL);
INSERT INTO `llx_actioncomm` VALUES (317,NULL,1,'2017-05-29 09:56:00',NULL,50,'AC_OTH','2017-05-22 12:58:13','2017-05-22 12:58:13',3,NULL,NULL,254,188,0,2,NULL,0,0,0,1,0,'',NULL,'rappeler','',NULL,NULL,NULL,NULL,NULL,NULL,NULL,NULL,NULL,NULL,NULL,NULL,NULL);
INSERT INTO `llx_actioncomm` VALUES (318,NULL,1,'2017-06-06 00:00:00',NULL,50,'AC_OTH','2017-05-22 13:24:06','2017-05-22 13:24:06',3,NULL,NULL,263,NULL,0,3,NULL,1,0,0,1,0,'',NULL,'rappeler','',NULL,NULL,NULL,NULL,NULL,NULL,NULL,NULL,NULL,NULL,NULL,NULL,NULL);
INSERT INTO `llx_actioncomm` VALUES (319,NULL,1,'2017-05-23 09:00:00',NULL,50,'AC_OTH','2017-05-22 13:47:33','2017-05-22 13:47:33',3,NULL,NULL,255,NULL,0,3,NULL,1,0,0,1,0,'',NULL,'rappeler','',NULL,NULL,NULL,NULL,NULL,NULL,NULL,NULL,NULL,NULL,NULL,NULL,NULL);
INSERT INTO `llx_actioncomm` VALUES (320,NULL,1,'2017-05-22 09:00:00',NULL,50,'AC_OTH','2017-05-22 14:03:10','2017-05-22 14:03:10',3,NULL,NULL,249,NULL,0,3,NULL,1,0,0,1,0,'',NULL,'rappeler','',NULL,NULL,NULL,NULL,NULL,NULL,NULL,NULL,NULL,NULL,NULL,NULL,NULL);
INSERT INTO `llx_actioncomm` VALUES (321,NULL,1,'2017-05-23 10:20:18','2017-05-23 10:20:18',40,'AC_OTH_AUTO','2017-05-23 10:20:18','2017-05-23 10:20:18',2,NULL,NULL,68,NULL,0,2,NULL,0,0,0,1,-1,'',NULL,'Proposition PR1705-0025 validée','Proposition PR1705-0025 validée\nAuteur: EDemeiller',NULL,NULL,NULL,NULL,NULL,NULL,NULL,NULL,NULL,NULL,NULL,27,'propal');
INSERT INTO `llx_actioncomm` VALUES (322,NULL,1,'2017-05-23 10:43:12','2017-05-23 10:43:12',40,'AC_OTH_AUTO','2017-05-23 10:43:12','2017-05-23 10:43:12',1,NULL,NULL,102,NULL,0,1,NULL,0,0,0,1,-1,'',NULL,'Facture SI1705-0044 validée','Facture SI1705-0044 validée\nAuteur: JDelgove',NULL,NULL,NULL,NULL,NULL,NULL,NULL,NULL,NULL,NULL,NULL,50,'invoice_supplier');
ALTER TABLE `llx_actioncomm` ENABLE KEYS;
UNLOCK TABLES;




--
-- Table structure for table `llx_actioncomm_extrafields`
--
DROP TABLE IF EXISTS `llx_actioncomm_extrafields`;
CREATE TABLE `llx_actioncomm_extrafields` (
  `rowid` int(11) NOT NULL AUTO_INCREMENT,
  `tms` timestamp NOT NULL DEFAULT CURRENT_TIMESTAMP ON UPDATE CURRENT_TIMESTAMP,
  `fk_object` int(11) NOT NULL,
  `import_key` varchar(14) COLLATE latin1_general_ci DEFAULT NULL,
  PRIMARY KEY (`rowid`),
  KEY `idx_actioncomm_extrafields` (`fk_object`)
) ENGINE=InnoDB DEFAULT CHARSET=latin1 COLLATE=latin1_general_ci;

--
-- Dumping data for table `llx_actioncomm_extrafields`
--
LOCK TABLES `llx_actioncomm_extrafields` WRITE;
ALTER TABLE `llx_actioncomm_extrafields` DISABLE KEYS;
ALTER TABLE `llx_actioncomm_extrafields` ENABLE KEYS;
UNLOCK TABLES;




--
-- Table structure for table `llx_actioncomm_resources`
--
DROP TABLE IF EXISTS `llx_actioncomm_resources`;
CREATE TABLE `llx_actioncomm_resources` (
  `rowid` int(11) NOT NULL AUTO_INCREMENT,
  `fk_actioncomm` int(11) NOT NULL,
  `element_type` varchar(50) COLLATE latin1_general_ci NOT NULL,
  `fk_element` int(11) NOT NULL,
  `answer_status` varchar(50) COLLATE latin1_general_ci DEFAULT NULL,
  `mandatory` smallint(6) DEFAULT NULL,
  `transparency` smallint(6) DEFAULT '1',
  PRIMARY KEY (`rowid`),
  UNIQUE KEY `uk_actioncomm_resources` (`fk_actioncomm`,`element_type`,`fk_element`),
  KEY `idx_actioncomm_resources_fk_element` (`fk_element`)
) ENGINE=InnoDB AUTO_INCREMENT=354 DEFAULT CHARSET=latin1 COLLATE=latin1_general_ci;

--
-- Dumping data for table `llx_actioncomm_resources`
--
LOCK TABLES `llx_actioncomm_resources` WRITE;
ALTER TABLE `llx_actioncomm_resources` DISABLE KEYS;
INSERT INTO `llx_actioncomm_resources` VALUES (1,1,'user',2,0,0,0);
INSERT INTO `llx_actioncomm_resources` VALUES (2,2,'user',2,0,0,0);
INSERT INTO `llx_actioncomm_resources` VALUES (5,4,'user',2,0,0,0);
INSERT INTO `llx_actioncomm_resources` VALUES (6,5,'user',2,0,0,0);
INSERT INTO `llx_actioncomm_resources` VALUES (8,7,'user',2,0,0,0);
INSERT INTO `llx_actioncomm_resources` VALUES (9,8,'user',2,0,0,0);
INSERT INTO `llx_actioncomm_resources` VALUES (10,9,'user',2,0,0,0);
INSERT INTO `llx_actioncomm_resources` VALUES (11,10,'user',2,0,0,0);
INSERT INTO `llx_actioncomm_resources` VALUES (12,11,'user',2,0,0,0);
INSERT INTO `llx_actioncomm_resources` VALUES (13,12,'user',2,0,0,0);
INSERT INTO `llx_actioncomm_resources` VALUES (14,3,'user',2,0,0,1);
INSERT INTO `llx_actioncomm_resources` VALUES (15,3,'user',1,0,0,0);
INSERT INTO `llx_actioncomm_resources` VALUES (16,13,'user',2,0,0,0);
INSERT INTO `llx_actioncomm_resources` VALUES (17,14,'user',2,0,0,0);
INSERT INTO `llx_actioncomm_resources` VALUES (18,15,'user',2,0,0,0);
INSERT INTO `llx_actioncomm_resources` VALUES (19,16,'user',2,0,0,0);
INSERT INTO `llx_actioncomm_resources` VALUES (20,17,'user',2,0,0,0);
INSERT INTO `llx_actioncomm_resources` VALUES (21,18,'user',2,0,0,0);
INSERT INTO `llx_actioncomm_resources` VALUES (22,19,'user',2,0,0,0);
INSERT INTO `llx_actioncomm_resources` VALUES (23,20,'user',2,0,0,0);
INSERT INTO `llx_actioncomm_resources` VALUES (24,21,'user',2,0,0,0);
INSERT INTO `llx_actioncomm_resources` VALUES (25,22,'user',2,0,0,0);
INSERT INTO `llx_actioncomm_resources` VALUES (26,23,'user',2,0,0,0);
INSERT INTO `llx_actioncomm_resources` VALUES (27,24,'user',1,0,0,0);
INSERT INTO `llx_actioncomm_resources` VALUES (28,25,'user',1,0,0,0);
INSERT INTO `llx_actioncomm_resources` VALUES (29,26,'user',2,0,0,0);
INSERT INTO `llx_actioncomm_resources` VALUES (30,27,'user',1,0,0,0);
INSERT INTO `llx_actioncomm_resources` VALUES (31,28,'user',1,0,0,0);
INSERT INTO `llx_actioncomm_resources` VALUES (32,29,'user',1,0,0,0);
INSERT INTO `llx_actioncomm_resources` VALUES (33,30,'user',1,0,0,0);
INSERT INTO `llx_actioncomm_resources` VALUES (34,31,'user',1,0,0,0);
INSERT INTO `llx_actioncomm_resources` VALUES (35,32,'user',1,0,0,0);
INSERT INTO `llx_actioncomm_resources` VALUES (36,33,'user',1,0,0,0);
INSERT INTO `llx_actioncomm_resources` VALUES (37,34,'user',2,0,0,0);
INSERT INTO `llx_actioncomm_resources` VALUES (38,35,'user',2,0,0,0);
INSERT INTO `llx_actioncomm_resources` VALUES (39,36,'user',2,0,0,0);
INSERT INTO `llx_actioncomm_resources` VALUES (40,37,'user',2,0,0,0);
INSERT INTO `llx_actioncomm_resources` VALUES (41,38,'user',2,0,0,0);
INSERT INTO `llx_actioncomm_resources` VALUES (42,39,'user',2,0,0,0);
INSERT INTO `llx_actioncomm_resources` VALUES (43,40,'user',2,0,0,0);
INSERT INTO `llx_actioncomm_resources` VALUES (44,41,'user',2,0,0,0);
INSERT INTO `llx_actioncomm_resources` VALUES (45,42,'user',2,0,0,0);
INSERT INTO `llx_actioncomm_resources` VALUES (46,43,'user',2,0,0,0);
INSERT INTO `llx_actioncomm_resources` VALUES (47,44,'user',2,0,0,0);
INSERT INTO `llx_actioncomm_resources` VALUES (48,45,'user',2,0,0,0);
INSERT INTO `llx_actioncomm_resources` VALUES (49,46,'user',2,0,0,0);
INSERT INTO `llx_actioncomm_resources` VALUES (50,47,'user',2,0,0,0);
INSERT INTO `llx_actioncomm_resources` VALUES (51,48,'user',2,0,0,0);
INSERT INTO `llx_actioncomm_resources` VALUES (52,49,'user',2,0,0,0);
INSERT INTO `llx_actioncomm_resources` VALUES (53,50,'user',2,0,0,0);
INSERT INTO `llx_actioncomm_resources` VALUES (54,51,'user',2,0,0,0);
INSERT INTO `llx_actioncomm_resources` VALUES (55,52,'user',2,0,0,0);
INSERT INTO `llx_actioncomm_resources` VALUES (56,53,'user',2,0,0,0);
INSERT INTO `llx_actioncomm_resources` VALUES (57,54,'user',2,0,0,0);
INSERT INTO `llx_actioncomm_resources` VALUES (58,55,'user',2,0,0,0);
INSERT INTO `llx_actioncomm_resources` VALUES (59,56,'user',2,0,0,0);
INSERT INTO `llx_actioncomm_resources` VALUES (60,57,'user',2,0,0,0);
INSERT INTO `llx_actioncomm_resources` VALUES (61,58,'user',2,0,0,0);
INSERT INTO `llx_actioncomm_resources` VALUES (62,59,'user',2,0,0,0);
INSERT INTO `llx_actioncomm_resources` VALUES (63,60,'user',2,0,0,0);
INSERT INTO `llx_actioncomm_resources` VALUES (64,61,'user',2,0,0,0);
INSERT INTO `llx_actioncomm_resources` VALUES (65,62,'user',2,0,0,0);
INSERT INTO `llx_actioncomm_resources` VALUES (66,63,'user',2,0,0,0);
INSERT INTO `llx_actioncomm_resources` VALUES (67,64,'user',2,0,0,0);
INSERT INTO `llx_actioncomm_resources` VALUES (68,65,'user',1,0,0,0);
INSERT INTO `llx_actioncomm_resources` VALUES (69,66,'user',1,0,0,0);
INSERT INTO `llx_actioncomm_resources` VALUES (70,67,'user',1,0,0,0);
INSERT INTO `llx_actioncomm_resources` VALUES (71,68,'user',1,0,0,0);
INSERT INTO `llx_actioncomm_resources` VALUES (72,69,'user',1,0,0,0);
INSERT INTO `llx_actioncomm_resources` VALUES (73,70,'user',1,0,0,0);
INSERT INTO `llx_actioncomm_resources` VALUES (74,71,'user',1,0,0,0);
INSERT INTO `llx_actioncomm_resources` VALUES (75,72,'user',1,0,0,0);
INSERT INTO `llx_actioncomm_resources` VALUES (76,73,'user',1,0,0,0);
INSERT INTO `llx_actioncomm_resources` VALUES (77,74,'user',1,0,0,0);
INSERT INTO `llx_actioncomm_resources` VALUES (78,75,'user',1,0,0,0);
INSERT INTO `llx_actioncomm_resources` VALUES (79,76,'user',2,0,0,0);
INSERT INTO `llx_actioncomm_resources` VALUES (80,77,'user',2,0,0,0);
INSERT INTO `llx_actioncomm_resources` VALUES (81,78,'user',2,0,0,0);
INSERT INTO `llx_actioncomm_resources` VALUES (82,79,'user',2,0,0,0);
INSERT INTO `llx_actioncomm_resources` VALUES (83,80,'user',2,0,0,0);
INSERT INTO `llx_actioncomm_resources` VALUES (84,81,'user',2,0,0,0);
INSERT INTO `llx_actioncomm_resources` VALUES (85,82,'user',2,0,0,0);
INSERT INTO `llx_actioncomm_resources` VALUES (86,83,'user',2,0,0,0);
INSERT INTO `llx_actioncomm_resources` VALUES (87,84,'user',2,0,0,0);
INSERT INTO `llx_actioncomm_resources` VALUES (88,85,'user',2,0,0,0);
INSERT INTO `llx_actioncomm_resources` VALUES (89,86,'user',2,0,0,0);
INSERT INTO `llx_actioncomm_resources` VALUES (90,87,'user',2,0,0,0);
INSERT INTO `llx_actioncomm_resources` VALUES (91,88,'user',2,0,0,0);
INSERT INTO `llx_actioncomm_resources` VALUES (92,89,'user',2,0,0,0);
INSERT INTO `llx_actioncomm_resources` VALUES (93,90,'user',2,0,0,1);
INSERT INTO `llx_actioncomm_resources` VALUES (95,92,'user',2,0,0,0);
INSERT INTO `llx_actioncomm_resources` VALUES (96,93,'user',2,0,0,0);
INSERT INTO `llx_actioncomm_resources` VALUES (97,94,'user',2,0,0,0);
INSERT INTO `llx_actioncomm_resources` VALUES (98,95,'user',2,0,0,0);
INSERT INTO `llx_actioncomm_resources` VALUES (99,96,'user',2,0,0,0);
INSERT INTO `llx_actioncomm_resources` VALUES (100,97,'user',2,0,0,0);
INSERT INTO `llx_actioncomm_resources` VALUES (101,98,'user',2,0,0,0);
INSERT INTO `llx_actioncomm_resources` VALUES (102,99,'user',2,0,0,0);
INSERT INTO `llx_actioncomm_resources` VALUES (103,100,'user',2,0,0,0);
INSERT INTO `llx_actioncomm_resources` VALUES (104,101,'user',2,0,0,0);
INSERT INTO `llx_actioncomm_resources` VALUES (105,102,'user',2,0,0,0);
INSERT INTO `llx_actioncomm_resources` VALUES (106,103,'user',2,0,0,0);
INSERT INTO `llx_actioncomm_resources` VALUES (107,104,'user',2,0,0,0);
INSERT INTO `llx_actioncomm_resources` VALUES (108,105,'user',1,0,0,0);
INSERT INTO `llx_actioncomm_resources` VALUES (109,106,'user',1,0,0,0);
INSERT INTO `llx_actioncomm_resources` VALUES (110,107,'user',2,0,0,0);
INSERT INTO `llx_actioncomm_resources` VALUES (111,108,'user',1,0,0,0);
INSERT INTO `llx_actioncomm_resources` VALUES (112,109,'user',1,0,0,0);
INSERT INTO `llx_actioncomm_resources` VALUES (113,110,'user',2,0,0,0);
INSERT INTO `llx_actioncomm_resources` VALUES (114,111,'user',2,0,0,0);
INSERT INTO `llx_actioncomm_resources` VALUES (115,112,'user',2,0,0,0);
INSERT INTO `llx_actioncomm_resources` VALUES (116,113,'user',2,0,0,0);
INSERT INTO `llx_actioncomm_resources` VALUES (117,114,'user',2,0,0,0);
INSERT INTO `llx_actioncomm_resources` VALUES (118,115,'user',2,0,0,0);
INSERT INTO `llx_actioncomm_resources` VALUES (119,116,'user',2,0,0,0);
INSERT INTO `llx_actioncomm_resources` VALUES (120,117,'user',2,0,0,0);
INSERT INTO `llx_actioncomm_resources` VALUES (121,118,'user',2,0,0,0);
INSERT INTO `llx_actioncomm_resources` VALUES (122,119,'user',2,0,0,0);
INSERT INTO `llx_actioncomm_resources` VALUES (123,120,'user',1,0,0,0);
INSERT INTO `llx_actioncomm_resources` VALUES (124,121,'user',1,0,0,0);
INSERT INTO `llx_actioncomm_resources` VALUES (125,122,'user',1,0,0,0);
INSERT INTO `llx_actioncomm_resources` VALUES (126,123,'user',1,0,0,0);
INSERT INTO `llx_actioncomm_resources` VALUES (128,125,'user',1,0,0,0);
INSERT INTO `llx_actioncomm_resources` VALUES (129,126,'user',1,0,0,0);
INSERT INTO `llx_actioncomm_resources` VALUES (130,127,'user',2,0,0,0);
INSERT INTO `llx_actioncomm_resources` VALUES (131,128,'user',2,0,0,0);
INSERT INTO `llx_actioncomm_resources` VALUES (132,129,'user',2,0,0,0);
INSERT INTO `llx_actioncomm_resources` VALUES (133,130,'user',2,0,0,0);
INSERT INTO `llx_actioncomm_resources` VALUES (134,131,'user',2,0,0,0);
INSERT INTO `llx_actioncomm_resources` VALUES (135,132,'user',2,0,0,0);
INSERT INTO `llx_actioncomm_resources` VALUES (136,133,'user',1,0,0,0);
INSERT INTO `llx_actioncomm_resources` VALUES (137,134,'user',1,0,0,0);
INSERT INTO `llx_actioncomm_resources` VALUES (138,135,'user',1,0,0,0);
INSERT INTO `llx_actioncomm_resources` VALUES (139,136,'user',1,0,0,0);
INSERT INTO `llx_actioncomm_resources` VALUES (140,137,'user',2,0,0,0);
INSERT INTO `llx_actioncomm_resources` VALUES (141,138,'user',2,0,0,0);
INSERT INTO `llx_actioncomm_resources` VALUES (142,139,'user',2,0,0,0);
INSERT INTO `llx_actioncomm_resources` VALUES (143,140,'user',2,0,0,0);
INSERT INTO `llx_actioncomm_resources` VALUES (144,141,'user',1,0,0,0);
INSERT INTO `llx_actioncomm_resources` VALUES (145,142,'user',2,0,0,0);
INSERT INTO `llx_actioncomm_resources` VALUES (146,143,'user',2,0,0,0);
INSERT INTO `llx_actioncomm_resources` VALUES (147,144,'user',2,0,0,0);
INSERT INTO `llx_actioncomm_resources` VALUES (148,145,'user',2,0,0,0);
INSERT INTO `llx_actioncomm_resources` VALUES (149,146,'user',1,0,0,0);
INSERT INTO `llx_actioncomm_resources` VALUES (150,147,'user',1,0,0,0);
INSERT INTO `llx_actioncomm_resources` VALUES (151,148,'user',2,0,0,0);
INSERT INTO `llx_actioncomm_resources` VALUES (152,149,'user',2,0,0,0);
INSERT INTO `llx_actioncomm_resources` VALUES (153,150,'user',2,0,0,0);
INSERT INTO `llx_actioncomm_resources` VALUES (154,151,'user',2,0,0,0);
INSERT INTO `llx_actioncomm_resources` VALUES (155,152,'user',2,0,0,0);
INSERT INTO `llx_actioncomm_resources` VALUES (156,153,'user',2,0,0,0);
INSERT INTO `llx_actioncomm_resources` VALUES (157,154,'user',2,0,0,0);
INSERT INTO `llx_actioncomm_resources` VALUES (158,155,'user',2,0,0,0);
INSERT INTO `llx_actioncomm_resources` VALUES (159,156,'user',2,0,0,0);
INSERT INTO `llx_actioncomm_resources` VALUES (160,157,'user',2,0,0,0);
INSERT INTO `llx_actioncomm_resources` VALUES (161,158,'user',2,0,0,0);
INSERT INTO `llx_actioncomm_resources` VALUES (162,159,'user',2,0,0,0);
INSERT INTO `llx_actioncomm_resources` VALUES (163,160,'user',2,0,0,0);
INSERT INTO `llx_actioncomm_resources` VALUES (164,161,'user',2,0,0,0);
INSERT INTO `llx_actioncomm_resources` VALUES (165,162,'user',2,0,0,0);
INSERT INTO `llx_actioncomm_resources` VALUES (166,163,'user',2,0,0,0);
INSERT INTO `llx_actioncomm_resources` VALUES (167,164,'user',2,0,0,0);
INSERT INTO `llx_actioncomm_resources` VALUES (168,165,'user',2,0,0,0);
INSERT INTO `llx_actioncomm_resources` VALUES (169,166,'user',2,0,0,0);
INSERT INTO `llx_actioncomm_resources` VALUES (170,167,'user',2,0,0,0);
INSERT INTO `llx_actioncomm_resources` VALUES (171,168,'user',2,0,0,0);
INSERT INTO `llx_actioncomm_resources` VALUES (172,169,'user',2,0,0,0);
INSERT INTO `llx_actioncomm_resources` VALUES (173,170,'user',2,0,0,0);
INSERT INTO `llx_actioncomm_resources` VALUES (174,171,'user',2,0,0,0);
INSERT INTO `llx_actioncomm_resources` VALUES (175,172,'user',2,0,0,0);
INSERT INTO `llx_actioncomm_resources` VALUES (176,173,'user',2,0,0,0);
INSERT INTO `llx_actioncomm_resources` VALUES (177,174,'user',2,0,0,0);
INSERT INTO `llx_actioncomm_resources` VALUES (178,175,'user',2,0,0,0);
INSERT INTO `llx_actioncomm_resources` VALUES (179,176,'user',2,0,0,0);
INSERT INTO `llx_actioncomm_resources` VALUES (180,177,'user',2,0,0,0);
INSERT INTO `llx_actioncomm_resources` VALUES (181,178,'user',2,0,0,0);
INSERT INTO `llx_actioncomm_resources` VALUES (182,179,'user',2,0,0,0);
INSERT INTO `llx_actioncomm_resources` VALUES (183,180,'user',2,0,0,0);
INSERT INTO `llx_actioncomm_resources` VALUES (184,181,'user',2,0,0,0);
INSERT INTO `llx_actioncomm_resources` VALUES (185,182,'user',2,0,0,0);
INSERT INTO `llx_actioncomm_resources` VALUES (186,183,'user',2,0,0,0);
INSERT INTO `llx_actioncomm_resources` VALUES (187,184,'user',2,0,0,0);
INSERT INTO `llx_actioncomm_resources` VALUES (188,185,'user',2,0,0,0);
INSERT INTO `llx_actioncomm_resources` VALUES (189,186,'user',2,0,0,0);
INSERT INTO `llx_actioncomm_resources` VALUES (190,187,'user',2,0,0,0);
INSERT INTO `llx_actioncomm_resources` VALUES (191,188,'user',2,0,0,0);
INSERT INTO `llx_actioncomm_resources` VALUES (192,189,'user',2,0,0,0);
INSERT INTO `llx_actioncomm_resources` VALUES (193,190,'user',2,0,0,0);
INSERT INTO `llx_actioncomm_resources` VALUES (194,191,'user',2,0,0,0);
INSERT INTO `llx_actioncomm_resources` VALUES (195,192,'user',2,0,0,0);
INSERT INTO `llx_actioncomm_resources` VALUES (196,193,'user',2,0,0,0);
INSERT INTO `llx_actioncomm_resources` VALUES (197,194,'user',2,0,0,0);
INSERT INTO `llx_actioncomm_resources` VALUES (198,195,'user',2,0,0,0);
INSERT INTO `llx_actioncomm_resources` VALUES (199,196,'user',2,0,0,0);
INSERT INTO `llx_actioncomm_resources` VALUES (200,197,'user',2,0,0,0);
INSERT INTO `llx_actioncomm_resources` VALUES (201,198,'user',2,0,0,0);
INSERT INTO `llx_actioncomm_resources` VALUES (202,199,'user',2,0,0,0);
INSERT INTO `llx_actioncomm_resources` VALUES (203,200,'user',2,0,0,0);
INSERT INTO `llx_actioncomm_resources` VALUES (204,201,'user',2,0,0,0);
INSERT INTO `llx_actioncomm_resources` VALUES (205,202,'user',2,0,0,0);
INSERT INTO `llx_actioncomm_resources` VALUES (206,203,'user',2,0,0,0);
INSERT INTO `llx_actioncomm_resources` VALUES (207,204,'user',2,0,0,0);
INSERT INTO `llx_actioncomm_resources` VALUES (208,205,'user',2,0,0,0);
INSERT INTO `llx_actioncomm_resources` VALUES (209,206,'user',2,0,0,0);
INSERT INTO `llx_actioncomm_resources` VALUES (210,207,'user',2,0,0,1);
INSERT INTO `llx_actioncomm_resources` VALUES (213,209,'user',2,0,0,0);
INSERT INTO `llx_actioncomm_resources` VALUES (214,210,'user',2,0,0,0);
INSERT INTO `llx_actioncomm_resources` VALUES (215,211,'user',2,0,0,0);
INSERT INTO `llx_actioncomm_resources` VALUES (216,212,'user',2,0,0,0);
INSERT INTO `llx_actioncomm_resources` VALUES (217,213,'user',2,0,0,0);
INSERT INTO `llx_actioncomm_resources` VALUES (218,214,'user',2,0,0,0);
INSERT INTO `llx_actioncomm_resources` VALUES (219,215,'user',2,0,0,0);
INSERT INTO `llx_actioncomm_resources` VALUES (220,216,'user',2,0,0,0);
INSERT INTO `llx_actioncomm_resources` VALUES (221,217,'user',2,0,0,0);
INSERT INTO `llx_actioncomm_resources` VALUES (222,218,'user',2,0,0,0);
INSERT INTO `llx_actioncomm_resources` VALUES (223,219,'user',2,0,0,0);
INSERT INTO `llx_actioncomm_resources` VALUES (224,220,'user',2,0,0,0);
INSERT INTO `llx_actioncomm_resources` VALUES (225,221,'user',2,0,0,0);
INSERT INTO `llx_actioncomm_resources` VALUES (226,222,'user',2,0,0,0);
INSERT INTO `llx_actioncomm_resources` VALUES (227,223,'user',2,0,0,0);
INSERT INTO `llx_actioncomm_resources` VALUES (228,224,'user',2,0,0,0);
INSERT INTO `llx_actioncomm_resources` VALUES (229,225,'user',2,0,0,0);
INSERT INTO `llx_actioncomm_resources` VALUES (230,226,'user',2,0,0,0);
INSERT INTO `llx_actioncomm_resources` VALUES (231,227,'user',2,0,0,0);
INSERT INTO `llx_actioncomm_resources` VALUES (232,228,'user',2,0,0,0);
INSERT INTO `llx_actioncomm_resources` VALUES (233,229,'user',2,0,0,0);
INSERT INTO `llx_actioncomm_resources` VALUES (234,230,'user',2,0,0,0);
INSERT INTO `llx_actioncomm_resources` VALUES (235,231,'user',1,0,0,0);
INSERT INTO `llx_actioncomm_resources` VALUES (236,232,'user',2,0,0,0);
INSERT INTO `llx_actioncomm_resources` VALUES (237,233,'user',2,0,0,0);
INSERT INTO `llx_actioncomm_resources` VALUES (238,234,'user',2,0,0,0);
INSERT INTO `llx_actioncomm_resources` VALUES (239,235,'user',2,0,0,0);
INSERT INTO `llx_actioncomm_resources` VALUES (240,236,'user',2,0,0,0);
INSERT INTO `llx_actioncomm_resources` VALUES (241,237,'user',2,0,0,0);
INSERT INTO `llx_actioncomm_resources` VALUES (242,238,'user',2,0,0,0);
INSERT INTO `llx_actioncomm_resources` VALUES (243,239,'user',2,0,0,0);
INSERT INTO `llx_actioncomm_resources` VALUES (244,240,'user',2,0,0,0);
INSERT INTO `llx_actioncomm_resources` VALUES (245,241,'user',1,0,0,0);
INSERT INTO `llx_actioncomm_resources` VALUES (246,242,'user',1,0,0,0);
INSERT INTO `llx_actioncomm_resources` VALUES (247,243,'user',1,0,0,0);
INSERT INTO `llx_actioncomm_resources` VALUES (248,244,'user',1,0,0,0);
INSERT INTO `llx_actioncomm_resources` VALUES (249,245,'user',2,0,0,0);
INSERT INTO `llx_actioncomm_resources` VALUES (250,246,'user',2,0,0,0);
INSERT INTO `llx_actioncomm_resources` VALUES (251,247,'user',2,0,0,0);
INSERT INTO `llx_actioncomm_resources` VALUES (252,248,'user',2,0,0,0);
INSERT INTO `llx_actioncomm_resources` VALUES (253,249,'user',2,0,0,0);
INSERT INTO `llx_actioncomm_resources` VALUES (254,250,'user',2,0,0,0);
INSERT INTO `llx_actioncomm_resources` VALUES (255,251,'user',2,0,0,0);
INSERT INTO `llx_actioncomm_resources` VALUES (256,252,'user',2,0,0,0);
INSERT INTO `llx_actioncomm_resources` VALUES (257,253,'user',2,0,0,0);
INSERT INTO `llx_actioncomm_resources` VALUES (258,254,'user',2,0,0,0);
INSERT INTO `llx_actioncomm_resources` VALUES (259,255,'user',2,0,0,0);
INSERT INTO `llx_actioncomm_resources` VALUES (260,208,'user',2,0,0,1);
INSERT INTO `llx_actioncomm_resources` VALUES (262,257,'user',2,0,0,0);
INSERT INTO `llx_actioncomm_resources` VALUES (263,256,'user',2,0,0,1);
INSERT INTO `llx_actioncomm_resources` VALUES (264,258,'user',2,0,0,0);
INSERT INTO `llx_actioncomm_resources` VALUES (265,259,'user',2,0,0,0);
INSERT INTO `llx_actioncomm_resources` VALUES (266,260,'user',2,0,0,0);
INSERT INTO `llx_actioncomm_resources` VALUES (267,261,'user',2,0,0,0);
INSERT INTO `llx_actioncomm_resources` VALUES (268,262,'user',2,0,0,0);
INSERT INTO `llx_actioncomm_resources` VALUES (269,263,'user',2,0,0,0);
INSERT INTO `llx_actioncomm_resources` VALUES (270,264,'user',2,0,0,0);
INSERT INTO `llx_actioncomm_resources` VALUES (271,265,'user',2,0,0,0);
INSERT INTO `llx_actioncomm_resources` VALUES (272,266,'user',2,0,0,0);
INSERT INTO `llx_actioncomm_resources` VALUES (273,267,'user',1,0,0,0);
INSERT INTO `llx_actioncomm_resources` VALUES (274,268,'user',1,0,0,0);
INSERT INTO `llx_actioncomm_resources` VALUES (275,269,'user',1,0,0,0);
INSERT INTO `llx_actioncomm_resources` VALUES (276,270,'user',1,0,0,0);
INSERT INTO `llx_actioncomm_resources` VALUES (277,271,'user',1,0,0,0);
INSERT INTO `llx_actioncomm_resources` VALUES (278,272,'user',1,0,0,0);
INSERT INTO `llx_actioncomm_resources` VALUES (279,273,'user',1,0,0,0);
INSERT INTO `llx_actioncomm_resources` VALUES (280,274,'user',1,0,0,0);
INSERT INTO `llx_actioncomm_resources` VALUES (281,275,'user',2,0,0,0);
INSERT INTO `llx_actioncomm_resources` VALUES (282,276,'user',2,0,0,0);
INSERT INTO `llx_actioncomm_resources` VALUES (283,277,'user',2,0,0,0);
INSERT INTO `llx_actioncomm_resources` VALUES (284,278,'user',2,0,0,0);
INSERT INTO `llx_actioncomm_resources` VALUES (285,279,'user',2,0,0,0);
INSERT INTO `llx_actioncomm_resources` VALUES (286,91,'user',2,0,0,1);
INSERT INTO `llx_actioncomm_resources` VALUES (287,280,'user',2,0,0,0);
INSERT INTO `llx_actioncomm_resources` VALUES (288,281,'user',2,0,0,0);
INSERT INTO `llx_actioncomm_resources` VALUES (289,282,'user',2,0,0,0);
INSERT INTO `llx_actioncomm_resources` VALUES (290,283,'user',2,0,0,0);
INSERT INTO `llx_actioncomm_resources` VALUES (291,284,'user',2,0,0,0);
INSERT INTO `llx_actioncomm_resources` VALUES (295,287,'user',2,0,0,1);
INSERT INTO `llx_actioncomm_resources` VALUES (296,288,'user',2,0,0,1);
INSERT INTO `llx_actioncomm_resources` VALUES (299,124,'user',2,0,0,1);
INSERT INTO `llx_actioncomm_resources` VALUES (301,289,'user',2,0,0,1);
INSERT INTO `llx_actioncomm_resources` VALUES (304,293,'user',2,0,0,0);
INSERT INTO `llx_actioncomm_resources` VALUES (306,295,'user',2,0,0,0);
INSERT INTO `llx_actioncomm_resources` VALUES (308,297,'user',2,0,0,0);
INSERT INTO `llx_actioncomm_resources` VALUES (309,298,'user',2,0,0,0);
INSERT INTO `llx_actioncomm_resources` VALUES (310,299,'user',2,0,0,0);
INSERT INTO `llx_actioncomm_resources` VALUES (311,300,'user',2,0,0,0);
INSERT INTO `llx_actioncomm_resources` VALUES (312,301,'user',2,0,0,0);
INSERT INTO `llx_actioncomm_resources` VALUES (313,302,'user',2,0,0,0);
INSERT INTO `llx_actioncomm_resources` VALUES (314,303,'user',2,0,0,0);
INSERT INTO `llx_actioncomm_resources` VALUES (317,306,'user',2,0,0,0);
INSERT INTO `llx_actioncomm_resources` VALUES (319,286,'user',2,0,0,1);
INSERT INTO `llx_actioncomm_resources` VALUES (320,290,'user',2,0,0,1);
INSERT INTO `llx_actioncomm_resources` VALUES (321,308,'user',2,0,0,0);
INSERT INTO `llx_actioncomm_resources` VALUES (322,309,'user',2,0,0,0);
INSERT INTO `llx_actioncomm_resources` VALUES (324,311,'user',2,0,0,0);
INSERT INTO `llx_actioncomm_resources` VALUES (327,310,'user',2,0,0,1);
INSERT INTO `llx_actioncomm_resources` VALUES (328,304,'user',2,0,0,1);
INSERT INTO `llx_actioncomm_resources` VALUES (329,305,'user',2,0,0,1);
INSERT INTO `llx_actioncomm_resources` VALUES (330,291,'user',2,0,0,1);
INSERT INTO `llx_actioncomm_resources` VALUES (331,312,'user',2,0,0,0);
INSERT INTO `llx_actioncomm_resources` VALUES (332,313,'user',2,0,0,0);
INSERT INTO `llx_actioncomm_resources` VALUES (333,314,'user',3,0,0,1);
INSERT INTO `llx_actioncomm_resources` VALUES (337,317,'user',2,0,0,0);
INSERT INTO `llx_actioncomm_resources` VALUES (338,315,'user',3,0,0,1);
INSERT INTO `llx_actioncomm_resources` VALUES (339,315,'user',1,0,0,0);
INSERT INTO `llx_actioncomm_resources` VALUES (340,316,'user',2,0,0,0);
INSERT INTO `llx_actioncomm_resources` VALUES (341,318,'user',3,0,0,1);
INSERT INTO `llx_actioncomm_resources` VALUES (342,318,'user',2,0,0,1);
INSERT INTO `llx_actioncomm_resources` VALUES (343,319,'user',3,0,0,1);
INSERT INTO `llx_actioncomm_resources` VALUES (344,319,'user',2,0,0,1);
INSERT INTO `llx_actioncomm_resources` VALUES (345,320,'user',3,0,0,1);
INSERT INTO `llx_actioncomm_resources` VALUES (346,320,'user',2,0,0,1);
INSERT INTO `llx_actioncomm_resources` VALUES (347,292,'user',2,0,0,1);
INSERT INTO `llx_actioncomm_resources` VALUES (348,296,'user',2,0,0,1);
INSERT INTO `llx_actioncomm_resources` VALUES (349,294,'user',2,0,0,1);
INSERT INTO `llx_actioncomm_resources` VALUES (350,285,'user',2,0,0,1);
INSERT INTO `llx_actioncomm_resources` VALUES (351,307,'user',2,0,0,1);
INSERT INTO `llx_actioncomm_resources` VALUES (352,321,'user',2,0,0,0);
INSERT INTO `llx_actioncomm_resources` VALUES (353,322,'user',1,0,0,0);
ALTER TABLE `llx_actioncomm_resources` ENABLE KEYS;
UNLOCK TABLES;




--
-- Table structure for table `llx_adherent`
--
DROP TABLE IF EXISTS `llx_adherent`;
CREATE TABLE `llx_adherent` (
  `rowid` int(11) NOT NULL AUTO_INCREMENT,
  `entity` int(11) NOT NULL DEFAULT '1',
  `ref_ext` varchar(128) COLLATE latin1_general_ci DEFAULT NULL,
  `civility` varchar(6) COLLATE latin1_general_ci DEFAULT NULL,
  `lastname` varchar(50) COLLATE latin1_general_ci DEFAULT NULL,
  `firstname` varchar(50) COLLATE latin1_general_ci DEFAULT NULL,
  `login` varchar(50) COLLATE latin1_general_ci DEFAULT NULL,
  `pass` varchar(50) COLLATE latin1_general_ci DEFAULT NULL,
  `pass_crypted` varchar(128) COLLATE latin1_general_ci DEFAULT NULL,
  `fk_adherent_type` int(11) NOT NULL,
  `morphy` varchar(3) COLLATE latin1_general_ci NOT NULL,
  `societe` varchar(128) COLLATE latin1_general_ci DEFAULT NULL,
  `fk_soc` int(11) DEFAULT NULL,
  `address` text COLLATE latin1_general_ci,
  `zip` varchar(30) COLLATE latin1_general_ci DEFAULT NULL,
  `town` varchar(50) COLLATE latin1_general_ci DEFAULT NULL,
  `state_id` int(11) DEFAULT NULL,
  `country` int(11) DEFAULT NULL,
  `email` varchar(255) COLLATE latin1_general_ci DEFAULT NULL,
  `skype` varchar(255) COLLATE latin1_general_ci DEFAULT NULL,
  `phone` varchar(30) COLLATE latin1_general_ci DEFAULT NULL,
  `phone_perso` varchar(30) COLLATE latin1_general_ci DEFAULT NULL,
  `phone_mobile` varchar(30) COLLATE latin1_general_ci DEFAULT NULL,
  `birth` date DEFAULT NULL,
  `photo` varchar(255) COLLATE latin1_general_ci DEFAULT NULL,
  `statut` smallint(6) NOT NULL DEFAULT '0',
  `public` smallint(6) NOT NULL DEFAULT '0',
  `datefin` datetime DEFAULT NULL,
  `note_private` text COLLATE latin1_general_ci,
  `note_public` text COLLATE latin1_general_ci,
  `datevalid` datetime DEFAULT NULL,
  `datec` datetime DEFAULT NULL,
  `tms` timestamp NOT NULL DEFAULT CURRENT_TIMESTAMP ON UPDATE CURRENT_TIMESTAMP,
  `fk_user_author` int(11) DEFAULT NULL,
  `fk_user_mod` int(11) DEFAULT NULL,
  `fk_user_valid` int(11) DEFAULT NULL,
  `canvas` varchar(32) COLLATE latin1_general_ci DEFAULT NULL,
  `import_key` varchar(14) COLLATE latin1_general_ci DEFAULT NULL,
  PRIMARY KEY (`rowid`),
  UNIQUE KEY `uk_adherent_login` (`login`,`entity`),
  UNIQUE KEY `uk_adherent_fk_soc` (`fk_soc`),
  KEY `idx_adherent_fk_adherent_type` (`fk_adherent_type`),
  CONSTRAINT `adherent_fk_soc` FOREIGN KEY (`fk_soc`) REFERENCES `llx_societe` (`rowid`),
  CONSTRAINT `fk_adherent_adherent_type` FOREIGN KEY (`fk_adherent_type`) REFERENCES `llx_adherent_type` (`rowid`)
) ENGINE=InnoDB DEFAULT CHARSET=latin1 COLLATE=latin1_general_ci;

--
-- Dumping data for table `llx_adherent`
--
LOCK TABLES `llx_adherent` WRITE;
ALTER TABLE `llx_adherent` DISABLE KEYS;
ALTER TABLE `llx_adherent` ENABLE KEYS;
UNLOCK TABLES;




--
-- Table structure for table `llx_adherent_extrafields`
--
DROP TABLE IF EXISTS `llx_adherent_extrafields`;
CREATE TABLE `llx_adherent_extrafields` (
  `rowid` int(11) NOT NULL AUTO_INCREMENT,
  `tms` timestamp NOT NULL DEFAULT CURRENT_TIMESTAMP ON UPDATE CURRENT_TIMESTAMP,
  `fk_object` int(11) NOT NULL,
  `import_key` varchar(14) COLLATE latin1_general_ci DEFAULT NULL,
  PRIMARY KEY (`rowid`),
  KEY `idx_adherent_extrafields` (`fk_object`)
) ENGINE=InnoDB DEFAULT CHARSET=latin1 COLLATE=latin1_general_ci;

--
-- Dumping data for table `llx_adherent_extrafields`
--
LOCK TABLES `llx_adherent_extrafields` WRITE;
ALTER TABLE `llx_adherent_extrafields` DISABLE KEYS;
ALTER TABLE `llx_adherent_extrafields` ENABLE KEYS;
UNLOCK TABLES;




--
-- Table structure for table `llx_adherent_type`
--
DROP TABLE IF EXISTS `llx_adherent_type`;
CREATE TABLE `llx_adherent_type` (
  `rowid` int(11) NOT NULL AUTO_INCREMENT,
  `entity` int(11) NOT NULL DEFAULT '1',
  `tms` timestamp NOT NULL DEFAULT CURRENT_TIMESTAMP ON UPDATE CURRENT_TIMESTAMP,
  `statut` smallint(6) NOT NULL DEFAULT '0',
  `libelle` varchar(50) COLLATE latin1_general_ci NOT NULL,
  `cotisation` varchar(3) COLLATE latin1_general_ci NOT NULL DEFAULT 'yes',
  `vote` varchar(3) COLLATE latin1_general_ci NOT NULL DEFAULT 'yes',
  `note` text COLLATE latin1_general_ci,
  `mail_valid` text COLLATE latin1_general_ci,
  PRIMARY KEY (`rowid`),
  UNIQUE KEY `uk_adherent_type_libelle` (`libelle`,`entity`)
) ENGINE=InnoDB DEFAULT CHARSET=latin1 COLLATE=latin1_general_ci;

--
-- Dumping data for table `llx_adherent_type`
--
LOCK TABLES `llx_adherent_type` WRITE;
ALTER TABLE `llx_adherent_type` DISABLE KEYS;
ALTER TABLE `llx_adherent_type` ENABLE KEYS;
UNLOCK TABLES;




--
-- Table structure for table `llx_adherent_type_extrafields`
--
DROP TABLE IF EXISTS `llx_adherent_type_extrafields`;
CREATE TABLE `llx_adherent_type_extrafields` (
  `rowid` int(11) NOT NULL AUTO_INCREMENT,
  `tms` timestamp NOT NULL DEFAULT CURRENT_TIMESTAMP ON UPDATE CURRENT_TIMESTAMP,
  `fk_object` int(11) NOT NULL,
  `import_key` varchar(14) COLLATE latin1_general_ci DEFAULT NULL,
  PRIMARY KEY (`rowid`),
  KEY `idx_adherent_type_extrafields` (`fk_object`)
) ENGINE=InnoDB DEFAULT CHARSET=latin1 COLLATE=latin1_general_ci;

--
-- Dumping data for table `llx_adherent_type_extrafields`
--
LOCK TABLES `llx_adherent_type_extrafields` WRITE;
ALTER TABLE `llx_adherent_type_extrafields` DISABLE KEYS;
ALTER TABLE `llx_adherent_type_extrafields` ENABLE KEYS;
UNLOCK TABLES;




--
-- Table structure for table `llx_bank`
--
DROP TABLE IF EXISTS `llx_bank`;
CREATE TABLE `llx_bank` (
  `rowid` int(11) NOT NULL AUTO_INCREMENT,
  `datec` datetime DEFAULT NULL,
  `tms` timestamp NOT NULL DEFAULT CURRENT_TIMESTAMP ON UPDATE CURRENT_TIMESTAMP,
  `datev` date DEFAULT NULL,
  `dateo` date DEFAULT NULL,
  `amount` double(24,8) NOT NULL DEFAULT '0.00000000',
  `label` varchar(255) COLLATE latin1_general_ci DEFAULT NULL,
  `fk_account` int(11) DEFAULT NULL,
  `fk_user_author` int(11) DEFAULT NULL,
  `fk_user_rappro` int(11) DEFAULT NULL,
  `fk_type` varchar(6) COLLATE latin1_general_ci DEFAULT NULL,
  `num_releve` varchar(50) COLLATE latin1_general_ci DEFAULT NULL,
  `num_chq` varchar(50) COLLATE latin1_general_ci DEFAULT NULL,
  `rappro` tinyint(4) DEFAULT '0',
  `note` text COLLATE latin1_general_ci,
  `fk_bordereau` int(11) DEFAULT '0',
  `banque` varchar(255) COLLATE latin1_general_ci DEFAULT NULL,
  `emetteur` varchar(255) COLLATE latin1_general_ci DEFAULT NULL,
  `author` varchar(40) COLLATE latin1_general_ci DEFAULT NULL,
  PRIMARY KEY (`rowid`),
  KEY `idx_bank_datev` (`datev`),
  KEY `idx_bank_dateo` (`dateo`),
  KEY `idx_bank_fk_account` (`fk_account`),
  KEY `idx_bank_rappro` (`rappro`),
  KEY `idx_bank_num_releve` (`num_releve`)
) ENGINE=InnoDB AUTO_INCREMENT=85 DEFAULT CHARSET=latin1 COLLATE=latin1_general_ci;

--
-- Dumping data for table `llx_bank`
--
LOCK TABLES `llx_bank` WRITE;
ALTER TABLE `llx_bank` DISABLE KEYS;
INSERT INTO `llx_bank` VALUES (1,'2016-10-14 11:37:58','2016-12-16 15:21:11','2016-10-14','2016-10-14','10000.00000000','(Solde initial)',1,NULL,2,'SOLD',20161130,NULL,1,NULL,0,NULL,NULL,NULL);
INSERT INTO `llx_bank` VALUES (2,'2016-11-04 14:30:46','2017-01-22 17:23:51','2016-11-04','2016-11-04','122.40000000','(CustomerInvoicePayment)',1,2,2,'CHQ',20161130,'3633636 80018706908 023060400156',1,NULL,2,'Crédit Agricole','GAEC d\'Anjou',NULL);
INSERT INTO `llx_bank` VALUES (3,'2016-12-01 14:56:47','2017-01-06 19:56:42','2016-12-01','2016-12-01','-657.00000000','(SupplierInvoicePayment)',1,2,2,'CHQ',20161231,5420391,1,NULL,0,NULL,NULL,NULL);
INSERT INTO `llx_bank` VALUES (4,'2016-12-01 15:01:12','2017-01-06 19:56:42','2016-12-05','2016-12-05','-58.65000000','Règlement fournisseur',1,2,2,'PRE',20161231,'',1,NULL,0,'','',NULL);
INSERT INTO `llx_bank` VALUES (5,'2016-12-01 15:17:10','2017-01-06 19:56:42','2016-12-01','2016-12-01','-6615.00000000','(SupplierInvoicePayment)',1,2,2,'CHQ',20161231,5420392,1,NULL,0,NULL,NULL,NULL);
INSERT INTO `llx_bank` VALUES (6,'2016-12-15 11:52:56','2017-01-06 19:56:42','2016-12-14','2016-12-14','5000.00000000','APPORT DELGOVE',1,1,2,'VIR',20161231,NULL,1,NULL,0,NULL,NULL,NULL);
INSERT INTO `llx_bank` VALUES (7,'2016-12-15 14:03:57','2017-01-06 19:56:42','2016-12-12','2016-12-12','3000.00000000','Apport DEMEILLER',1,2,2,'VIR',20161231,NULL,1,NULL,0,NULL,NULL,NULL);
INSERT INTO `llx_bank` VALUES (8,'2016-12-15 14:10:01','2017-01-06 19:56:42','2016-12-09','2016-12-09','-17.32000000','Cotisation CAC Pro',1,2,2,'PRE',20161231,1634400229954,1,NULL,0,NULL,NULL,NULL);
INSERT INTO `llx_bank` VALUES (9,'2016-12-16 14:59:38','2017-01-06 19:56:42','2016-12-16','2016-12-16','-2976.00000000','(SupplierInvoicePayment)',1,2,2,'CHQ',20161231,5420393,1,NULL,0,NULL,NULL,NULL);
INSERT INTO `llx_bank` VALUES (10,'2016-12-16 17:19:07','2017-01-06 19:56:42','2016-12-16','2016-12-16','-57.60000000','(SupplierInvoicePayment)',1,2,2,'VIR',20161231,NULL,1,NULL,0,NULL,NULL,NULL);
INSERT INTO `llx_bank` VALUES (11,'2016-12-22 12:59:32','2017-01-06 19:56:42','2016-12-22','2016-12-22','2000.00000000','Apport DEMEILLER',1,2,2,'VIR',20161231,NULL,1,NULL,0,NULL,NULL,NULL);
INSERT INTO `llx_bank` VALUES (12,'2017-01-06 20:35:20','2017-02-16 14:31:28','2017-01-05','2017-01-05','-24.75000000','(SupplierInvoicePayment)',1,2,2,'PRE',31012017,'Ms0010319879290',1,NULL,0,NULL,NULL,NULL);
INSERT INTO `llx_bank` VALUES (17,'2017-01-11 19:46:55','2017-02-16 14:31:29','2017-01-11','2017-01-11','1000.00000000','Apport EDemeiller Pret honneur',1,2,2,'VIR',31012017,NULL,1,NULL,0,NULL,NULL,NULL);
INSERT INTO `llx_bank` VALUES (18,'2017-01-16 15:35:19','2017-02-16 14:31:29','2017-01-18','2017-01-18','2025.00000000','Règlement client',1,2,2,'CHQ',31012017,2457884,1,NULL,3,'Crédit Agricole','Institut Saint Eloi',NULL);
INSERT INTO `llx_bank` VALUES (19,'2017-01-16 15:52:35','2017-02-16 14:31:29','2017-01-12','2017-01-12','-1185.77000000','(SupplierInvoicePayment)',1,2,2,'CB',31012017,NULL,1,NULL,0,NULL,NULL,NULL);
INSERT INTO `llx_bank` VALUES (20,'2017-01-16 15:53:41','2017-02-16 14:31:29','2017-01-12','2017-01-12','-967.98000000','(SupplierInvoicePayment)',1,2,2,'CB',31012017,NULL,1,NULL,0,NULL,NULL,NULL);
INSERT INTO `llx_bank` VALUES (21,'2017-01-16 15:57:31','2017-02-16 14:31:28','2017-01-03','2017-01-03','-66.71000000','(SupplierInvoicePayment)',1,2,2,'CB',31012017,NULL,1,NULL,0,NULL,NULL,NULL);
INSERT INTO `llx_bank` VALUES (24,'2017-01-16 16:03:56','2017-01-16 16:21:51','2016-12-22','2016-12-22','-29.10000000','(SupplierInvoicePayment)',1,2,2,'CB',20161231,NULL,1,NULL,0,NULL,NULL,NULL);
INSERT INTO `llx_bank` VALUES (25,'2017-01-16 16:10:32','2017-02-16 14:31:29','2017-01-10','2017-01-10','4000.00000000','Apport JDelgove Pret honneur',1,2,2,'VIR',31012017,NULL,1,NULL,0,NULL,NULL,NULL);
INSERT INTO `llx_bank` VALUES (26,'2017-01-16 16:26:01','2017-02-16 14:31:28','2017-01-05','2017-01-05','-22.92000000','(SupplierInvoicePayment)',1,2,2,'CB',31012017,NULL,1,NULL,0,NULL,NULL,NULL);
INSERT INTO `llx_bank` VALUES (27,'2017-01-16 16:33:47','2017-02-16 14:31:28','2017-01-03','2017-01-03','-4.20000000','(SupplierInvoicePayment)',1,2,2,'CB',31012017,NULL,1,NULL,0,NULL,NULL,NULL);
INSERT INTO `llx_bank` VALUES (28,'2017-01-28 11:59:04','2017-02-16 14:35:23','2017-01-05','2017-01-05','120.00000000','(CustomerInvoicePayment)',1,2,2,'CHQ',31012017,5870787,1,NULL,4,'Crédit Agricole','GAEC HENNUYER',NULL);
INSERT INTO `llx_bank` VALUES (29,'2017-01-28 12:00:46','2017-02-16 14:35:23','2017-01-24','2017-01-24','840.00000000','(CustomerInvoicePayment)',1,2,2,'CHQ',31012017,5037905,1,NULL,4,'Crédit Agricole','Chambre d’Agriculture de l’Oise',NULL);
INSERT INTO `llx_bank` VALUES (30,'2017-02-16 13:07:46','2017-03-14 13:30:46','2017-02-16','2017-02-16','1260.00000000','(CustomerInvoicePayment)',1,2,2,'CHQ','28/02/2017',8939300,1,NULL,5,'Crédit Agricole','Chambre d’Agriculture de l’Oise',NULL);
INSERT INTO `llx_bank` VALUES (31,'2017-02-16 13:45:34','2017-03-14 13:30:46','2017-02-06','2017-02-06','-19.99000000','(SupplierInvoicePayment)',1,2,2,'PRE','28/02/2017',NULL,1,NULL,0,NULL,NULL,NULL);
INSERT INTO `llx_bank` VALUES (32,'2017-02-16 13:47:55','2017-03-14 13:30:46','2017-02-06','2017-02-06','-6.59000000','(SupplierInvoicePayment)',1,2,2,'CB','28/02/2017',NULL,1,NULL,0,NULL,NULL,NULL);
INSERT INTO `llx_bank` VALUES (33,'2017-02-16 13:49:39','2017-03-14 13:30:46','2017-02-06','2017-02-06','-24.75000000','(SupplierInvoicePayment)',1,2,2,'PRE','28/02/2017',NULL,1,NULL,0,NULL,NULL,NULL);
INSERT INTO `llx_bank` VALUES (34,'2017-02-16 13:51:32','2017-02-16 14:38:03','2017-01-23','2017-01-23','-158.26000000','Règlement fournisseur',1,2,NULL,'CB',31012017,'',1,NULL,0,'','',NULL);
INSERT INTO `llx_bank` VALUES (35,'2017-02-16 13:55:41','2017-02-16 14:35:23','2017-01-26','2017-01-26','-13.55000000','Super U Rennes',1,2,2,'CB',31012017,NULL,1,NULL,0,NULL,NULL,NULL);
INSERT INTO `llx_bank` VALUES (36,'2017-02-16 14:01:26','2017-02-16 14:35:23','2017-01-23','2017-01-23','-38.00000000','(SupplierInvoicePayment)',1,2,2,'CB',31012017,NULL,1,NULL,0,NULL,NULL,NULL);
INSERT INTO `llx_bank` VALUES (37,'2017-02-16 14:03:33','2017-02-16 14:31:29','2017-01-20','2017-01-20','-1296.00000000','(SupplierInvoicePayment)',1,2,2,'CHQ',31012017,NULL,1,NULL,0,NULL,NULL,NULL);
INSERT INTO `llx_bank` VALUES (38,'2017-02-16 14:14:40','2017-02-16 14:35:23','2017-01-20','2017-01-20','-107.88000000','Roll Up Salon Biogaz',1,2,2,'CB',31012017,NULL,1,NULL,0,NULL,NULL,NULL);
INSERT INTO `llx_bank` VALUES (39,'2017-02-16 14:16:32','2017-02-16 14:35:23','2017-01-19','2017-01-19','-46.04000000','(SupplierInvoicePayment)',1,2,2,'CB',31012017,NULL,1,NULL,0,NULL,NULL,NULL);
INSERT INTO `llx_bank` VALUES (40,'2017-02-16 14:18:50','2017-02-16 14:31:58','2017-01-18','2017-01-18','-62.34000000','Promocash',1,2,NULL,'CB',31012017,'ED',1,NULL,0,'','',NULL);
INSERT INTO `llx_bank` VALUES (41,'2017-02-16 14:20:25','2017-02-16 14:31:29','2017-01-16','2017-01-16','-8.35000000','Laposte Recommandé',1,2,2,'CB',31012017,'ED',1,NULL,0,NULL,NULL,NULL);
INSERT INTO `llx_bank` VALUES (43,'2017-02-22 13:51:46','2017-03-14 13:30:46','2017-02-22','2017-02-22','180.00000000','(CustomerInvoicePayment)',1,2,2,'CHQ','28/02/2017',2289645,1,NULL,5,'crédit mutuel','COOPERATIVE FRUITIERE LAIT PRAIRIES DU BOULONNAIS',NULL);
INSERT INTO `llx_bank` VALUES (44,'2017-03-03 15:36:54','2017-03-14 13:30:46','2017-02-17','2017-02-17','-171.30000000','(SupplierInvoicePayment)',1,2,2,'CHQ','28/02/2017',5420398,1,NULL,0,NULL,NULL,NULL);
INSERT INTO `llx_bank` VALUES (45,'2017-03-03 15:39:11','2017-03-14 13:30:46','2017-02-24','2017-02-24','-72.00000000','(SupplierInvoicePayment)',1,2,2,'CHQ','28/02/2017',5420399,1,NULL,0,NULL,NULL,NULL);
INSERT INTO `llx_bank` VALUES (46,'2017-03-03 15:40:37','2017-04-04 16:37:01','2017-03-03','2017-03-03','-406.00000000','(SupplierInvoicePayment)',1,2,2,'CHQ',31032017,5420401,1,NULL,0,NULL,NULL,NULL);
INSERT INTO `llx_bank` VALUES (47,'2017-03-03 15:59:27','2017-03-14 13:30:46','2017-02-25','2017-02-25','-106.42000000','(SupplierInvoicePayment)',1,2,2,'CB','28/02/2017',NULL,1,NULL,0,NULL,NULL,NULL);
INSERT INTO `llx_bank` VALUES (48,'2017-03-05 17:43:29','2017-03-14 13:30:46','2017-02-20','2017-02-20','-302.28000000','(SupplierInvoicePayment)',1,2,2,'CB','28/02/2017',NULL,1,NULL,0,NULL,NULL,NULL);
INSERT INTO `llx_bank` VALUES (49,'2017-03-05 17:45:22','2017-03-14 13:30:46','2017-02-20','2017-02-20','-57.48000000','(SupplierInvoicePayment)',1,2,2,'CB','28/02/2017',NULL,1,NULL,0,NULL,NULL,NULL);
INSERT INTO `llx_bank` VALUES (50,'2017-03-05 17:51:12','2017-03-14 13:30:46','2017-02-20','2017-02-20','-95.88000000','(SupplierInvoicePayment)',1,2,2,'CB','28/02/2017',NULL,1,NULL,0,NULL,NULL,NULL);
INSERT INTO `llx_bank` VALUES (51,'2017-03-05 18:00:23','2017-04-04 16:37:01','2017-03-02','2017-03-02','-4.99000000','(SupplierInvoicePayment)',1,2,2,'CB',31032017,NULL,1,NULL,0,NULL,NULL,NULL);
INSERT INTO `llx_bank` VALUES (52,'2017-03-06 18:16:56','2017-03-14 13:30:46','2017-02-27','2017-02-27','-55.80000000','Relieuse',1,1,2,'CB','28/02/2017',NULL,1,NULL,0,NULL,NULL,NULL);
INSERT INTO `llx_bank` VALUES (53,'2017-03-14 12:24:54','2017-04-04 16:37:01','2017-03-07','2017-03-07','-17.26000000','(SupplierInvoicePayment)',1,2,2,'CB',31032017,NULL,1,NULL,0,NULL,NULL,NULL);
INSERT INTO `llx_bank` VALUES (54,'2017-03-14 12:32:06','2017-04-04 16:37:00','2017-02-25','2017-02-25','-300.00000000','(SupplierInvoicePayment)',1,2,2,'CHQ',31032017,NULL,1,NULL,0,NULL,NULL,NULL);
INSERT INTO `llx_bank` VALUES (55,'2017-03-14 12:49:58','2017-04-04 16:37:01','2017-03-14','2017-03-14','-420.00000000','(SupplierInvoicePayment)',1,2,2,'CB',31032017,NULL,1,NULL,0,NULL,NULL,NULL);
INSERT INTO `llx_bank` VALUES (56,'2017-03-14 13:35:28','2017-03-14 13:38:53','2017-02-27','2017-02-27','-87.00000000','(SupplierInvoicePayment)',1,2,2,'CB','28/02/2017',NULL,1,NULL,0,NULL,NULL,NULL);
INSERT INTO `llx_bank` VALUES (57,'2017-03-14 13:37:25','2017-03-14 13:38:53','2017-02-09','2017-02-09','-17.32000000','(SupplierInvoicePayment)',1,2,2,'PRE','28/02/2017',NULL,1,NULL,0,NULL,NULL,NULL);
INSERT INTO `llx_bank` VALUES (58,'2017-03-14 13:41:00','2017-03-14 13:41:27','2017-02-01','2017-02-01','-20.00000000','(SupplierInvoicePayment)',1,2,2,'CB','28/02/2017',NULL,1,NULL,0,NULL,NULL,NULL);
INSERT INTO `llx_bank` VALUES (59,'2017-03-14 13:47:31','2017-04-04 16:37:01','2017-03-09','2017-03-09','-17.32000000','(SupplierInvoicePayment)',1,2,2,'PRE',31032017,NULL,1,NULL,0,NULL,NULL,NULL);
INSERT INTO `llx_bank` VALUES (60,'2017-03-14 13:49:59','2017-04-04 16:37:01','2017-03-07','2017-03-07','-13.30000000','sandish sima',1,2,2,'CHQ',31032017,5420400,1,NULL,0,NULL,NULL,NULL);
INSERT INTO `llx_bank` VALUES (61,'2017-03-14 13:52:51','2017-04-04 16:37:01','2017-03-06','2017-03-06','-24.75000000','(SupplierInvoicePayment)',1,2,2,'PRE',31032017,106054,1,NULL,0,NULL,NULL,NULL);
INSERT INTO `llx_bank` VALUES (62,'2017-03-14 13:57:00','2017-04-04 16:37:01','2017-03-02','2017-03-02','-25.00000000','Gazole camping car',1,2,2,'CB',31032017,'ED',1,NULL,0,NULL,NULL,NULL);
INSERT INTO `llx_bank` VALUES (63,'2017-03-27 13:26:53','2017-04-04 16:37:01','2017-03-12','2017-03-12','480.00000000','(CustomerInvoicePayment)',1,2,2,'VIR',31032017,NULL,1,NULL,0,NULL,'Weenat',NULL);
INSERT INTO `llx_bank` VALUES (64,'2017-03-27 15:35:37','2017-04-04 16:37:01','2017-03-27','2017-03-27','-400.00000000','(SupplierInvoicePayment)',1,2,2,'CHQ',31032017,5420402,1,NULL,0,NULL,NULL,NULL);
INSERT INTO `llx_bank` VALUES (65,'2017-03-27 15:36:22','2017-05-05 15:15:23','2017-04-15','2017-04-15','-400.00000000','(SupplierInvoicePayment)',1,2,2,'CHQ',20170430,5420403,1,NULL,0,NULL,NULL,NULL);
INSERT INTO `llx_bank` VALUES (66,'2017-03-27 15:36:54','2017-03-27 15:36:54','2017-05-15','2017-05-15','-400.00000000','(SupplierInvoicePayment)',1,2,NULL,'CHQ',NULL,5420404,0,NULL,0,NULL,NULL,NULL);
INSERT INTO `llx_bank` VALUES (67,'2017-03-27 15:39:37','2017-03-27 15:39:37','2017-06-15','2017-06-15','-1200.00000000','(SupplierInvoicePayment)',1,2,NULL,'CHQ',NULL,NULL,0,NULL,0,NULL,NULL,NULL);
INSERT INTO `llx_bank` VALUES (68,'2017-04-03 16:36:55','2017-05-05 15:15:23','2017-03-31','2017-03-31','-9.75000000','Laposte appel d\'offre guadeloupe enr',1,1,2,'CB',20170430,NULL,1,NULL,0,NULL,NULL,NULL);
INSERT INTO `llx_bank` VALUES (69,'2017-04-03 16:37:52','2017-05-05 15:15:23','2017-04-03','2017-04-03','-118.00000000','Restaurant ilv mba rse',1,1,2,'CB',20170430,NULL,1,NULL,0,NULL,NULL,NULL);
INSERT INTO `llx_bank` VALUES (70,'2017-04-04 15:30:47','2017-05-05 15:15:23','2017-04-04','2017-04-04','-4.99000000','(SupplierInvoicePayment)',1,2,2,'PRE',20170430,NULL,1,NULL,0,NULL,NULL,NULL);
INSERT INTO `llx_bank` VALUES (71,'2017-04-04 15:36:00','2017-04-04 15:36:00','2017-04-06','2017-04-06','3000.00000000','Apport EDEMEILLER NACRE',1,2,NULL,'VIR',NULL,NULL,0,NULL,0,NULL,NULL,NULL);
INSERT INTO `llx_bank` VALUES (72,'2017-04-04 15:47:37','2017-04-04 16:37:01','2017-03-15','2017-03-15','2000.00000000','Subvention France Active',1,2,2,'VIR',31032017,'0317-000002',1,NULL,0,NULL,NULL,NULL);
INSERT INTO `llx_bank` VALUES (73,'2017-04-04 16:04:11','2017-04-04 16:37:01','2017-04-03','2017-04-03','-78.88000000','(SupplierInvoicePayment)',1,2,2,'CB',31032017,NULL,1,NULL,0,NULL,NULL,NULL);
INSERT INTO `llx_bank` VALUES (74,'2017-04-04 16:10:34','2017-04-04 16:37:01','2017-04-04','2017-04-04','-50.00000000','(SupplierInvoicePayment)',1,2,2,'CHQ',31032017,5420394,1,NULL,0,NULL,NULL,NULL);
INSERT INTO `llx_bank` VALUES (75,'2017-04-04 16:12:46','2017-04-04 16:37:01','2017-03-28','2017-03-28','-330.00000000','Cotisation reseau entreprendre',1,2,2,'CB',31032017,5420396,1,NULL,0,NULL,NULL,NULL);
INSERT INTO `llx_bank` VALUES (76,'2017-04-04 16:16:46','2017-04-04 16:37:01','2017-03-20','2017-03-20','-6.94000000','(SupplierInvoicePayment)',1,2,2,'CB',31032017,NULL,1,NULL,0,NULL,NULL,NULL);
INSERT INTO `llx_bank` VALUES (77,'2017-04-04 16:30:57','2017-04-04 16:37:00','2017-03-01','2017-03-01','-10.00000000','(SupplierInvoicePayment)',1,2,2,'PRE',31032017,NULL,1,NULL,0,NULL,NULL,NULL);
INSERT INTO `llx_bank` VALUES (78,'2017-04-12 14:20:03','2017-05-05 15:15:23','2017-04-10','2017-04-10','-12.95000000','(SupplierInvoicePayment)',1,2,2,'CB',20170430,NULL,1,NULL,0,NULL,NULL,NULL);
INSERT INTO `llx_bank` VALUES (79,'2017-04-12 14:20:26','2017-05-05 15:15:23','2017-04-10','2017-04-10','-156.00000000','(SupplierInvoicePayment)',1,2,2,'CB',20170430,NULL,1,NULL,0,NULL,NULL,NULL);
INSERT INTO `llx_bank` VALUES (80,'2017-04-21 11:40:22','2017-05-05 15:15:23','2017-04-21','2017-04-21','-972.51000000','LENOVO 3 PC',1,1,2,'CB',20170430,NULL,1,NULL,0,NULL,NULL,NULL);
INSERT INTO `llx_bank` VALUES (81,'2017-05-05 15:04:37','2017-05-05 15:04:37','2017-04-30','2017-04-30','-579.60000000','Règlement salaire',1,2,NULL,'CHQ',NULL,5441075,0,NULL,0,NULL,NULL,NULL);
INSERT INTO `llx_bank` VALUES (82,'2017-05-05 15:21:11','2017-05-05 15:40:44','2017-04-21','2017-04-21','-92.64000000','(SupplierInvoicePayment)',1,2,2,'CB',20170430,NULL,1,NULL,0,NULL,NULL,NULL);
INSERT INTO `llx_bank` VALUES (83,'2017-05-05 15:22:18','2017-05-05 15:40:44','2017-04-05','2017-04-05','-24.75000000','(SupplierInvoicePayment)',1,2,2,'PRE',20170430,NULL,1,NULL,0,NULL,NULL,NULL);
INSERT INTO `llx_bank` VALUES (84,'2017-05-05 15:36:01','2017-05-05 15:36:01','2017-05-02','2017-05-02','-6.99000000','(SupplierInvoicePayment)',1,2,NULL,'CB',NULL,NULL,0,NULL,0,NULL,NULL,NULL);
ALTER TABLE `llx_bank` ENABLE KEYS;
UNLOCK TABLES;




--
-- Table structure for table `llx_bank_account`
--
DROP TABLE IF EXISTS `llx_bank_account`;
CREATE TABLE `llx_bank_account` (
  `rowid` int(11) NOT NULL AUTO_INCREMENT,
  `datec` datetime DEFAULT NULL,
  `tms` timestamp NOT NULL DEFAULT CURRENT_TIMESTAMP ON UPDATE CURRENT_TIMESTAMP,
  `ref` varchar(12) COLLATE latin1_general_ci NOT NULL,
  `label` varchar(30) COLLATE latin1_general_ci NOT NULL,
  `entity` int(11) NOT NULL DEFAULT '1',
  `fk_user_author` int(11) DEFAULT NULL,
  `fk_user_modif` int(11) DEFAULT NULL,
  `bank` varchar(60) COLLATE latin1_general_ci DEFAULT NULL,
  `code_banque` varchar(128) COLLATE latin1_general_ci DEFAULT NULL,
  `code_guichet` varchar(6) COLLATE latin1_general_ci DEFAULT NULL,
  `number` varchar(255) COLLATE latin1_general_ci DEFAULT NULL,
  `cle_rib` varchar(5) COLLATE latin1_general_ci DEFAULT NULL,
  `bic` varchar(11) COLLATE latin1_general_ci DEFAULT NULL,
  `iban_prefix` varchar(34) COLLATE latin1_general_ci DEFAULT NULL,
  `country_iban` varchar(2) COLLATE latin1_general_ci DEFAULT NULL,
  `cle_iban` varchar(2) COLLATE latin1_general_ci DEFAULT NULL,
  `domiciliation` varchar(255) COLLATE latin1_general_ci DEFAULT NULL,
  `state_id` int(11) DEFAULT NULL,
  `fk_pays` int(11) NOT NULL,
  `proprio` varchar(60) COLLATE latin1_general_ci DEFAULT NULL,
  `owner_address` varchar(255) COLLATE latin1_general_ci DEFAULT NULL,
  `courant` smallint(6) NOT NULL DEFAULT '0',
  `clos` smallint(6) NOT NULL DEFAULT '0',
  `rappro` smallint(6) DEFAULT '1',
  `url` varchar(128) COLLATE latin1_general_ci DEFAULT NULL,
  `account_number` varchar(32) COLLATE latin1_general_ci DEFAULT NULL,
  `accountancy_journal` varchar(3) COLLATE latin1_general_ci DEFAULT NULL,
  `currency_code` varchar(3) COLLATE latin1_general_ci NOT NULL,
  `min_allowed` int(11) DEFAULT '0',
  `min_desired` int(11) DEFAULT '0',
  `comment` text COLLATE latin1_general_ci,
  PRIMARY KEY (`rowid`),
  UNIQUE KEY `uk_bank_account_label` (`label`,`entity`)
) ENGINE=InnoDB AUTO_INCREMENT=2 DEFAULT CHARSET=latin1 COLLATE=latin1_general_ci;

--
-- Dumping data for table `llx_bank_account`
--
LOCK TABLES `llx_bank_account` WRITE;
ALTER TABLE `llx_bank_account` DISABLE KEYS;
INSERT INTO `llx_bank_account` VALUES (1,'2016-10-14 11:37:58','2017-01-28 12:05:16','Courant-CA','Compte courant d\'entreprise',1,NULL,NULL,'Crédit Agricole',18706,'00000',97518123029,18,'AGRIFRPP887','FR76 1870 6000 0097 5181 2302 918',NULL,NULL,'Meru Centre',67,1,'SAS Enerbioflex','9 rue de la prairie 60650 Saint Paul',1,0,1,NULL,'','','EUR',1000,2000,'');
ALTER TABLE `llx_bank_account` ENABLE KEYS;
UNLOCK TABLES;




--
-- Table structure for table `llx_bank_account_extrafields`
--
DROP TABLE IF EXISTS `llx_bank_account_extrafields`;
CREATE TABLE `llx_bank_account_extrafields` (
  `rowid` int(11) NOT NULL AUTO_INCREMENT,
  `tms` timestamp NOT NULL DEFAULT CURRENT_TIMESTAMP ON UPDATE CURRENT_TIMESTAMP,
  `fk_object` int(11) NOT NULL,
  `import_key` varchar(14) COLLATE latin1_general_ci DEFAULT NULL,
  PRIMARY KEY (`rowid`),
  KEY `idx_bank_account_extrafields` (`fk_object`)
) ENGINE=InnoDB DEFAULT CHARSET=latin1 COLLATE=latin1_general_ci;

--
-- Dumping data for table `llx_bank_account_extrafields`
--
LOCK TABLES `llx_bank_account_extrafields` WRITE;
ALTER TABLE `llx_bank_account_extrafields` DISABLE KEYS;
ALTER TABLE `llx_bank_account_extrafields` ENABLE KEYS;
UNLOCK TABLES;




--
-- Table structure for table `llx_bank_categ`
--
DROP TABLE IF EXISTS `llx_bank_categ`;
CREATE TABLE `llx_bank_categ` (
  `rowid` int(11) NOT NULL AUTO_INCREMENT,
  `label` varchar(255) COLLATE latin1_general_ci DEFAULT NULL,
  `entity` int(11) NOT NULL DEFAULT '1',
  PRIMARY KEY (`rowid`)
) ENGINE=InnoDB DEFAULT CHARSET=latin1 COLLATE=latin1_general_ci;

--
-- Dumping data for table `llx_bank_categ`
--
LOCK TABLES `llx_bank_categ` WRITE;
ALTER TABLE `llx_bank_categ` DISABLE KEYS;
ALTER TABLE `llx_bank_categ` ENABLE KEYS;
UNLOCK TABLES;




--
-- Table structure for table `llx_bank_class`
--
DROP TABLE IF EXISTS `llx_bank_class`;
CREATE TABLE `llx_bank_class` (
  `lineid` int(11) NOT NULL,
  `fk_categ` int(11) NOT NULL,
  UNIQUE KEY `uk_bank_class_lineid` (`lineid`,`fk_categ`)
) ENGINE=InnoDB DEFAULT CHARSET=latin1 COLLATE=latin1_general_ci;

--
-- Dumping data for table `llx_bank_class`
--
LOCK TABLES `llx_bank_class` WRITE;
ALTER TABLE `llx_bank_class` DISABLE KEYS;
INSERT INTO `llx_bank_class` VALUES (54,0);
ALTER TABLE `llx_bank_class` ENABLE KEYS;
UNLOCK TABLES;




--
-- Table structure for table `llx_bank_url`
--
DROP TABLE IF EXISTS `llx_bank_url`;
CREATE TABLE `llx_bank_url` (
  `rowid` int(11) NOT NULL AUTO_INCREMENT,
  `fk_bank` int(11) DEFAULT NULL,
  `url_id` int(11) DEFAULT NULL,
  `url` varchar(255) COLLATE latin1_general_ci DEFAULT NULL,
  `label` varchar(255) COLLATE latin1_general_ci DEFAULT NULL,
  `type` varchar(24) COLLATE latin1_general_ci NOT NULL,
  PRIMARY KEY (`rowid`),
  UNIQUE KEY `uk_bank_url` (`fk_bank`,`type`)
) ENGINE=InnoDB AUTO_INCREMENT=121 DEFAULT CHARSET=latin1 COLLATE=latin1_general_ci;

--
-- Dumping data for table `llx_bank_url`
--
LOCK TABLES `llx_bank_url` WRITE;
ALTER TABLE `llx_bank_url` DISABLE KEYS;
INSERT INTO `llx_bank_url` VALUES (1,2,1,'/dolibarr-3.9.3/dolibarr-3.9.3/htdocs/compta/paiement/card.php?id=','(paiement)','payment');
INSERT INTO `llx_bank_url` VALUES (2,2,4,'/dolibarr-3.9.3/dolibarr-3.9.3/htdocs/comm/card.php?socid=','GAEC d\'Anjou','company');
INSERT INTO `llx_bank_url` VALUES (3,3,1,'/dolibarr-3.9.3/dolibarr-3.9.3/htdocs/fourn/paiement/card.php?id=','(paiement)','payment_supplier');
INSERT INTO `llx_bank_url` VALUES (4,3,23,'/dolibarr-3.9.3/dolibarr-3.9.3/htdocs/fourn/card.php?socid=','MMA Beauvais','company');
INSERT INTO `llx_bank_url` VALUES (5,4,2,'/dolibarr-3.9.3/dolibarr-3.9.3/htdocs/fourn/paiement/card.php?id=','(paiement)','payment_supplier');
INSERT INTO `llx_bank_url` VALUES (6,4,23,'/dolibarr-3.9.3/dolibarr-3.9.3/htdocs/fourn/card.php?socid=','MMA Beauvais','company');
INSERT INTO `llx_bank_url` VALUES (7,5,3,'/dolibarr-3.9.3/dolibarr-3.9.3/htdocs/fourn/paiement/card.php?id=','(paiement)','payment_supplier');
INSERT INTO `llx_bank_url` VALUES (8,5,36,'/dolibarr-3.9.3/dolibarr-3.9.3/htdocs/fourn/card.php?socid=','Chauvin Arnoux Test & Mesure','company');
INSERT INTO `llx_bank_url` VALUES (9,9,4,'/dolibarr-3.9.3/dolibarr-3.9.3/htdocs/fourn/paiement/card.php?id=','(paiement)','payment_supplier');
INSERT INTO `llx_bank_url` VALUES (10,9,41,'/dolibarr-3.9.3/dolibarr-3.9.3/htdocs/fourn/card.php?socid=','EXPOSIMA','company');
INSERT INTO `llx_bank_url` VALUES (11,10,5,'/dolibarr-3.9.3/dolibarr-3.9.3/htdocs/fourn/paiement/card.php?id=','(paiement)','payment_supplier');
INSERT INTO `llx_bank_url` VALUES (12,10,42,'/dolibarr-3.9.3/dolibarr-3.9.3/htdocs/fourn/card.php?socid=','AXMAPRESSE','company');
INSERT INTO `llx_bank_url` VALUES (13,12,6,'/dolibarr-3.9.3/dolibarr-3.9.3/htdocs/fourn/paiement/card.php?id=','(paiement)','payment_supplier');
INSERT INTO `llx_bank_url` VALUES (14,12,23,'/dolibarr-3.9.3/dolibarr-3.9.3/htdocs/fourn/card.php?socid=','MMA Beauvais','company');
INSERT INTO `llx_bank_url` VALUES (17,18,2,'/dolibarr-3.9.3/dolibarr-3.9.3/htdocs/compta/paiement/card.php?id=','(paiement)','payment');
INSERT INTO `llx_bank_url` VALUES (18,18,10,'/dolibarr-3.9.3/dolibarr-3.9.3/htdocs/comm/card.php?socid=','Institut Saint Eloi','company');
INSERT INTO `llx_bank_url` VALUES (19,19,8,'/dolibarr-3.9.3/dolibarr-3.9.3/htdocs/fourn/paiement/card.php?id=','(paiement)','payment_supplier');
INSERT INTO `llx_bank_url` VALUES (20,19,50,'/dolibarr-3.9.3/dolibarr-3.9.3/htdocs/fourn/card.php?socid=','RUE DU COMMERCE','company');
INSERT INTO `llx_bank_url` VALUES (21,20,9,'/dolibarr-3.9.3/dolibarr-3.9.3/htdocs/fourn/paiement/card.php?id=','(paiement)','payment_supplier');
INSERT INTO `llx_bank_url` VALUES (22,20,50,'/dolibarr-3.9.3/dolibarr-3.9.3/htdocs/fourn/card.php?socid=','RUE DU COMMERCE','company');
INSERT INTO `llx_bank_url` VALUES (23,21,10,'/dolibarr-3.9.3/dolibarr-3.9.3/htdocs/fourn/paiement/card.php?id=','(paiement)','payment_supplier');
INSERT INTO `llx_bank_url` VALUES (24,21,47,'/dolibarr-3.9.3/dolibarr-3.9.3/htdocs/fourn/card.php?socid=','AMAZON EU SARL','company');
INSERT INTO `llx_bank_url` VALUES (29,24,13,'/dolibarr-3.9.3/dolibarr-3.9.3/htdocs/fourn/paiement/card.php?id=','(paiement)','payment_supplier');
INSERT INTO `llx_bank_url` VALUES (30,24,43,'/dolibarr-3.9.3/dolibarr-3.9.3/htdocs/fourn/card.php?socid=','VISTA PRINT','company');
INSERT INTO `llx_bank_url` VALUES (31,26,14,'/dolibarr-3.9.3/dolibarr-3.9.3/htdocs/fourn/paiement/card.php?id=','(paiement)','payment_supplier');
INSERT INTO `llx_bank_url` VALUES (32,26,48,'/dolibarr-3.9.3/dolibarr-3.9.3/htdocs/fourn/card.php?socid=','FACEBOOK','company');
INSERT INTO `llx_bank_url` VALUES (33,27,15,'/dolibarr-3.9.3/dolibarr-3.9.3/htdocs/fourn/paiement/card.php?id=','(paiement)','payment_supplier');
INSERT INTO `llx_bank_url` VALUES (34,27,46,'/dolibarr-3.9.3/dolibarr-3.9.3/htdocs/fourn/card.php?socid=','SA Tilguit','company');
INSERT INTO `llx_bank_url` VALUES (35,28,3,'/dolibarr-3.9.3/dolibarr-3.9.3/htdocs/compta/paiement/card.php?id=','(paiement)','payment');
INSERT INTO `llx_bank_url` VALUES (36,28,11,'/dolibarr-3.9.3/dolibarr-3.9.3/htdocs/comm/card.php?socid=','GAEC HENNUYER','company');
INSERT INTO `llx_bank_url` VALUES (37,29,4,'/dolibarr-3.9.3/dolibarr-3.9.3/htdocs/compta/paiement/card.php?id=','(paiement)','payment');
INSERT INTO `llx_bank_url` VALUES (38,29,34,'/dolibarr-3.9.3/dolibarr-3.9.3/htdocs/comm/card.php?socid=','Chambre d’Agriculture de l’Oise','company');
INSERT INTO `llx_bank_url` VALUES (39,30,6,'/dolibarr-3.9.3/dolibarr-3.9.3/htdocs/compta/paiement/card.php?id=','(paiement)','payment');
INSERT INTO `llx_bank_url` VALUES (40,30,34,'/dolibarr-3.9.3/dolibarr-3.9.3/htdocs/comm/card.php?socid=','Chambre d’Agriculture de l’Oise','company');
INSERT INTO `llx_bank_url` VALUES (41,31,16,'/dolibarr-3.9.3/dolibarr-3.9.3/htdocs/fourn/paiement/card.php?id=','(paiement)','payment_supplier');
INSERT INTO `llx_bank_url` VALUES (42,31,55,'/dolibarr-3.9.3/dolibarr-3.9.3/htdocs/fourn/card.php?socid=','HP Instant Ink','company');
INSERT INTO `llx_bank_url` VALUES (43,32,17,'/dolibarr-3.9.3/dolibarr-3.9.3/htdocs/fourn/paiement/card.php?id=','(paiement)','payment_supplier');
INSERT INTO `llx_bank_url` VALUES (44,32,52,'/dolibarr-3.9.3/dolibarr-3.9.3/htdocs/fourn/card.php?socid=','OVH','company');
INSERT INTO `llx_bank_url` VALUES (45,33,18,'/dolibarr-3.9.3/dolibarr-3.9.3/htdocs/fourn/paiement/card.php?id=','(paiement)','payment_supplier');
INSERT INTO `llx_bank_url` VALUES (46,33,23,'/dolibarr-3.9.3/dolibarr-3.9.3/htdocs/fourn/card.php?socid=','MMA Beauvais','company');
INSERT INTO `llx_bank_url` VALUES (47,34,19,'/dolibarr-3.9.3/dolibarr-3.9.3/htdocs/fourn/paiement/card.php?id=','(paiement)','payment_supplier');
INSERT INTO `llx_bank_url` VALUES (48,34,52,'/dolibarr-3.9.3/dolibarr-3.9.3/htdocs/fourn/card.php?socid=','OVH','company');
INSERT INTO `llx_bank_url` VALUES (49,36,20,'/dolibarr-3.9.3/dolibarr-3.9.3/htdocs/fourn/paiement/card.php?id=','(paiement)','payment_supplier');
INSERT INTO `llx_bank_url` VALUES (50,36,50,'/dolibarr-3.9.3/dolibarr-3.9.3/htdocs/fourn/card.php?socid=','RUE DU COMMERCE','company');
INSERT INTO `llx_bank_url` VALUES (51,37,21,'/dolibarr-3.9.3/dolibarr-3.9.3/htdocs/fourn/paiement/card.php?id=','(paiement)','payment_supplier');
INSERT INTO `llx_bank_url` VALUES (52,37,49,'/dolibarr-3.9.3/dolibarr-3.9.3/htdocs/fourn/card.php?socid=','BEES','company');
INSERT INTO `llx_bank_url` VALUES (53,39,22,'/dolibarr-3.9.3/dolibarr-3.9.3/htdocs/fourn/paiement/card.php?id=','(paiement)','payment_supplier');
INSERT INTO `llx_bank_url` VALUES (54,39,51,'/dolibarr-3.9.3/dolibarr-3.9.3/htdocs/fourn/card.php?socid=','auchan','company');
INSERT INTO `llx_bank_url` VALUES (55,43,7,'/dolibarr-3.9.3/dolibarr-3.9.3/htdocs/compta/paiement/card.php?id=','(paiement)','payment');
INSERT INTO `llx_bank_url` VALUES (56,43,33,'/dolibarr-3.9.3/dolibarr-3.9.3/htdocs/comm/card.php?socid=','COOPERATIVE FRUITIERE LAIT PRAIRIES DU BOULONNAIS','company');
INSERT INTO `llx_bank_url` VALUES (57,44,23,'/dolibarr-3.9.3/dolibarr-3.9.3/htdocs/fourn/paiement/card.php?id=','(paiement)','payment_supplier');
INSERT INTO `llx_bank_url` VALUES (58,44,41,'/dolibarr-3.9.3/dolibarr-3.9.3/htdocs/fourn/card.php?socid=','EXPOSIMA','company');
INSERT INTO `llx_bank_url` VALUES (59,45,24,'/dolibarr-3.9.3/dolibarr-3.9.3/htdocs/fourn/paiement/card.php?id=','(paiement)','payment_supplier');
INSERT INTO `llx_bank_url` VALUES (60,45,57,'/dolibarr-3.9.3/dolibarr-3.9.3/htdocs/fourn/card.php?socid=','SMI','company');
INSERT INTO `llx_bank_url` VALUES (61,46,25,'/dolibarr-3.9.3/dolibarr-3.9.3/htdocs/fourn/paiement/card.php?id=','(paiement)','payment_supplier');
INSERT INTO `llx_bank_url` VALUES (62,46,23,'/dolibarr-3.9.3/dolibarr-3.9.3/htdocs/fourn/card.php?socid=','MMA Beauvais','company');
INSERT INTO `llx_bank_url` VALUES (63,47,26,'/dolibarr-3.9.3/dolibarr-3.9.3/htdocs/fourn/paiement/card.php?id=','(paiement)','payment_supplier');
INSERT INTO `llx_bank_url` VALUES (64,47,46,'/dolibarr-3.9.3/dolibarr-3.9.3/htdocs/fourn/card.php?socid=','SA Tilguit','company');
INSERT INTO `llx_bank_url` VALUES (65,48,27,'/dolibarr-3.9.3/dolibarr-3.9.3/htdocs/fourn/paiement/card.php?id=','(paiement)','payment_supplier');
INSERT INTO `llx_bank_url` VALUES (66,48,58,'/dolibarr-3.9.3/dolibarr-3.9.3/htdocs/fourn/card.php?socid=','Helloprint','company');
INSERT INTO `llx_bank_url` VALUES (67,49,28,'/dolibarr-3.9.3/dolibarr-3.9.3/htdocs/fourn/paiement/card.php?id=','(paiement)','payment_supplier');
INSERT INTO `llx_bank_url` VALUES (68,49,58,'/dolibarr-3.9.3/dolibarr-3.9.3/htdocs/fourn/card.php?socid=','Helloprint','company');
INSERT INTO `llx_bank_url` VALUES (69,50,29,'/dolibarr-3.9.3/dolibarr-3.9.3/htdocs/fourn/paiement/card.php?id=','(paiement)','payment_supplier');
INSERT INTO `llx_bank_url` VALUES (70,50,59,'/dolibarr-3.9.3/dolibarr-3.9.3/htdocs/fourn/card.php?socid=','SARL IN-PRINT','company');
INSERT INTO `llx_bank_url` VALUES (71,51,30,'/dolibarr-3.9.3/dolibarr-3.9.3/htdocs/fourn/paiement/card.php?id=','(paiement)','payment_supplier');
INSERT INTO `llx_bank_url` VALUES (72,51,55,'/dolibarr-3.9.3/dolibarr-3.9.3/htdocs/fourn/card.php?socid=','HP Instant Ink','company');
INSERT INTO `llx_bank_url` VALUES (73,53,31,'/dolibarr-3.9.3/dolibarr-3.9.3/htdocs/fourn/paiement/card.php?id=','(paiement)','payment_supplier');
INSERT INTO `llx_bank_url` VALUES (74,53,102,'/dolibarr-3.9.3/dolibarr-3.9.3/htdocs/fourn/card.php?socid=','Laposte','company');
INSERT INTO `llx_bank_url` VALUES (75,54,32,'/dolibarr-3.9.3/dolibarr-3.9.3/htdocs/fourn/paiement/card.php?id=','(paiement)','payment_supplier');
INSERT INTO `llx_bank_url` VALUES (76,54,103,'/dolibarr-3.9.3/dolibarr-3.9.3/htdocs/fourn/card.php?socid=','Guillaume Hazouard','company');
INSERT INTO `llx_bank_url` VALUES (77,55,33,'/dolibarr-3.9.3/dolibarr-3.9.3/htdocs/fourn/paiement/card.php?id=','(paiement)','payment_supplier');
INSERT INTO `llx_bank_url` VALUES (78,55,104,'/dolibarr-3.9.3/dolibarr-3.9.3/htdocs/fourn/card.php?socid=','INPI','company');
INSERT INTO `llx_bank_url` VALUES (79,56,34,'/dolibarr-3.9.3/dolibarr-3.9.3/htdocs/fourn/paiement/card.php?id=','(paiement)','payment_supplier');
INSERT INTO `llx_bank_url` VALUES (80,56,41,'/dolibarr-3.9.3/dolibarr-3.9.3/htdocs/fourn/card.php?socid=','EXPOSIMA','company');
INSERT INTO `llx_bank_url` VALUES (81,57,35,'/dolibarr-3.9.3/dolibarr-3.9.3/htdocs/fourn/paiement/card.php?id=','(paiement)','payment_supplier');
INSERT INTO `llx_bank_url` VALUES (82,57,24,'/dolibarr-3.9.3/dolibarr-3.9.3/htdocs/fourn/card.php?socid=','CREDIT AGRICOLE MERU','company');
INSERT INTO `llx_bank_url` VALUES (83,58,36,'/dolibarr-3.9.3/dolibarr-3.9.3/htdocs/fourn/paiement/card.php?id=','(paiement)','payment_supplier');
INSERT INTO `llx_bank_url` VALUES (84,58,48,'/dolibarr-3.9.3/dolibarr-3.9.3/htdocs/fourn/card.php?socid=','FACEBOOK','company');
INSERT INTO `llx_bank_url` VALUES (85,59,37,'/dolibarr-3.9.3/dolibarr-3.9.3/htdocs/fourn/paiement/card.php?id=','(paiement)','payment_supplier');
INSERT INTO `llx_bank_url` VALUES (86,59,24,'/dolibarr-3.9.3/dolibarr-3.9.3/htdocs/fourn/card.php?socid=','CREDIT AGRICOLE MERU','company');
INSERT INTO `llx_bank_url` VALUES (87,61,38,'/dolibarr-3.9.3/dolibarr-3.9.3/htdocs/fourn/paiement/card.php?id=','(paiement)','payment_supplier');
INSERT INTO `llx_bank_url` VALUES (88,61,23,'/dolibarr-3.9.3/dolibarr-3.9.3/htdocs/fourn/card.php?socid=','MMA Beauvais','company');
INSERT INTO `llx_bank_url` VALUES (89,63,8,'/dolibarr-3.9.3/dolibarr-3.9.3/htdocs/compta/paiement/card.php?id=','(paiement)','payment');
INSERT INTO `llx_bank_url` VALUES (90,63,56,'/dolibarr-3.9.3/dolibarr-3.9.3/htdocs/comm/card.php?socid=','Weenat','company');
INSERT INTO `llx_bank_url` VALUES (91,64,39,'/dolibarr-3.9.3/dolibarr-3.9.3/htdocs/fourn/paiement/card.php?id=','(paiement)','payment_supplier');
INSERT INTO `llx_bank_url` VALUES (92,64,22,'/dolibarr-3.9.3/dolibarr-3.9.3/htdocs/fourn/card.php?socid=','SEC OBJECTIFS','company');
INSERT INTO `llx_bank_url` VALUES (93,65,40,'/dolibarr-3.9.3/dolibarr-3.9.3/htdocs/fourn/paiement/card.php?id=','(paiement)','payment_supplier');
INSERT INTO `llx_bank_url` VALUES (94,65,22,'/dolibarr-3.9.3/dolibarr-3.9.3/htdocs/fourn/card.php?socid=','SEC OBJECTIFS','company');
INSERT INTO `llx_bank_url` VALUES (95,66,41,'/dolibarr-3.9.3/dolibarr-3.9.3/htdocs/fourn/paiement/card.php?id=','(paiement)','payment_supplier');
INSERT INTO `llx_bank_url` VALUES (96,66,22,'/dolibarr-3.9.3/dolibarr-3.9.3/htdocs/fourn/card.php?socid=','SEC OBJECTIFS','company');
INSERT INTO `llx_bank_url` VALUES (97,67,42,'/dolibarr-3.9.3/dolibarr-3.9.3/htdocs/fourn/paiement/card.php?id=','(paiement)','payment_supplier');
INSERT INTO `llx_bank_url` VALUES (98,67,22,'/dolibarr-3.9.3/dolibarr-3.9.3/htdocs/fourn/card.php?socid=','SEC OBJECTIFS','company');
INSERT INTO `llx_bank_url` VALUES (99,70,43,'/dolibarr-3.9.3/dolibarr-3.9.3/htdocs/fourn/paiement/card.php?id=','(paiement)','payment_supplier');
INSERT INTO `llx_bank_url` VALUES (100,70,55,'/dolibarr-3.9.3/dolibarr-3.9.3/htdocs/fourn/card.php?socid=','HP Instant Ink','company');
INSERT INTO `llx_bank_url` VALUES (101,73,44,'/dolibarr-3.9.3/dolibarr-3.9.3/htdocs/fourn/paiement/card.php?id=','(paiement)','payment_supplier');
INSERT INTO `llx_bank_url` VALUES (102,73,122,'/dolibarr-3.9.3/dolibarr-3.9.3/htdocs/fourn/card.php?socid=','CDISCOUNT','company');
INSERT INTO `llx_bank_url` VALUES (103,74,45,'/dolibarr-3.9.3/dolibarr-3.9.3/htdocs/fourn/paiement/card.php?id=','(paiement)','payment_supplier');
INSERT INTO `llx_bank_url` VALUES (104,74,10,'/dolibarr-3.9.3/dolibarr-3.9.3/htdocs/fourn/card.php?socid=','Institut Saint Eloi','company');
INSERT INTO `llx_bank_url` VALUES (105,76,46,'/dolibarr-3.9.3/dolibarr-3.9.3/htdocs/fourn/paiement/card.php?id=','(paiement)','payment_supplier');
INSERT INTO `llx_bank_url` VALUES (106,76,47,'/dolibarr-3.9.3/dolibarr-3.9.3/htdocs/fourn/card.php?socid=','AMAZON EU SARL','company');
INSERT INTO `llx_bank_url` VALUES (107,77,47,'/dolibarr-3.9.3/dolibarr-3.9.3/htdocs/fourn/paiement/card.php?id=','(paiement)','payment_supplier');
INSERT INTO `llx_bank_url` VALUES (108,77,48,'/dolibarr-3.9.3/dolibarr-3.9.3/htdocs/fourn/card.php?socid=','FACEBOOK','company');
INSERT INTO `llx_bank_url` VALUES (109,78,48,'/dolibarr-3.9.3/dolibarr-3.9.3/htdocs/fourn/paiement/card.php?id=','(paiement)','payment_supplier');
INSERT INTO `llx_bank_url` VALUES (110,78,47,'/dolibarr-3.9.3/dolibarr-3.9.3/htdocs/fourn/card.php?socid=','AMAZON EU SARL','company');
INSERT INTO `llx_bank_url` VALUES (111,79,49,'/dolibarr-3.9.3/dolibarr-3.9.3/htdocs/fourn/paiement/card.php?id=','(paiement)','payment_supplier');
INSERT INTO `llx_bank_url` VALUES (112,79,102,'/dolibarr-3.9.3/dolibarr-3.9.3/htdocs/fourn/card.php?socid=','Laposte','company');
INSERT INTO `llx_bank_url` VALUES (113,81,1,'/dolibarr-3.9.3/dolibarr-3.9.3/htdocs/compta/salaries/card.php?id=','(SalaryPayment)','payment_salary');
INSERT INTO `llx_bank_url` VALUES (114,81,4,'/dolibarr-3.9.3/dolibarr-3.9.3/htdocs/user/card.php?id=','Badara BA','user');
INSERT INTO `llx_bank_url` VALUES (115,82,50,'/dolibarr-3.9.3/dolibarr-3.9.3/htdocs/fourn/paiement/card.php?id=','(paiement)','payment_supplier');
INSERT INTO `llx_bank_url` VALUES (116,82,208,'/dolibarr-3.9.3/dolibarr-3.9.3/htdocs/fourn/card.php?socid=','Bitable','company');
INSERT INTO `llx_bank_url` VALUES (117,83,51,'/dolibarr-3.9.3/dolibarr-3.9.3/htdocs/fourn/paiement/card.php?id=','(paiement)','payment_supplier');
INSERT INTO `llx_bank_url` VALUES (118,83,23,'/dolibarr-3.9.3/dolibarr-3.9.3/htdocs/fourn/card.php?socid=','MMA Beauvais','company');
INSERT INTO `llx_bank_url` VALUES (119,84,52,'/dolibarr-3.9.3/dolibarr-3.9.3/htdocs/fourn/paiement/card.php?id=','(paiement)','payment_supplier');
INSERT INTO `llx_bank_url` VALUES (120,84,55,'/dolibarr-3.9.3/dolibarr-3.9.3/htdocs/fourn/card.php?socid=','HP Instant Ink','company');
ALTER TABLE `llx_bank_url` ENABLE KEYS;
UNLOCK TABLES;




--
-- Table structure for table `llx_bookmark`
--
DROP TABLE IF EXISTS `llx_bookmark`;
CREATE TABLE `llx_bookmark` (
  `rowid` int(11) NOT NULL AUTO_INCREMENT,
  `fk_soc` int(11) DEFAULT NULL,
  `fk_user` int(11) NOT NULL,
  `dateb` datetime DEFAULT NULL,
  `url` varchar(255) COLLATE latin1_general_ci NOT NULL,
  `target` varchar(16) COLLATE latin1_general_ci DEFAULT NULL,
  `title` varchar(64) COLLATE latin1_general_ci DEFAULT NULL,
  `favicon` varchar(24) COLLATE latin1_general_ci DEFAULT NULL,
  `position` int(11) DEFAULT '0',
  `entity` int(11) NOT NULL DEFAULT '1',
  PRIMARY KEY (`rowid`),
  UNIQUE KEY `uk_bookmark_url` (`fk_user`,`url`),
  UNIQUE KEY `uk_bookmark_title` (`fk_user`,`title`)
) ENGINE=InnoDB DEFAULT CHARSET=latin1 COLLATE=latin1_general_ci;

--
-- Dumping data for table `llx_bookmark`
--
LOCK TABLES `llx_bookmark` WRITE;
ALTER TABLE `llx_bookmark` DISABLE KEYS;
ALTER TABLE `llx_bookmark` ENABLE KEYS;
UNLOCK TABLES;




--
-- Table structure for table `llx_bordereau_cheque`
--
DROP TABLE IF EXISTS `llx_bordereau_cheque`;
CREATE TABLE `llx_bordereau_cheque` (
  `rowid` int(11) NOT NULL AUTO_INCREMENT,
  `number` varchar(16) COLLATE latin1_general_ci NOT NULL,
  `ref_ext` varchar(255) COLLATE latin1_general_ci DEFAULT NULL,
  `datec` datetime NOT NULL,
  `date_bordereau` date DEFAULT NULL,
  `amount` double(24,8) NOT NULL,
  `nbcheque` smallint(6) NOT NULL,
  `fk_bank_account` int(11) DEFAULT NULL,
  `fk_user_author` int(11) DEFAULT NULL,
  `statut` smallint(6) NOT NULL DEFAULT '0',
  `tms` timestamp NOT NULL DEFAULT CURRENT_TIMESTAMP ON UPDATE CURRENT_TIMESTAMP,
  `note` text COLLATE latin1_general_ci,
  `entity` int(11) NOT NULL DEFAULT '1',
  PRIMARY KEY (`rowid`),
  UNIQUE KEY `uk_bordereau_cheque` (`number`,`entity`)
) ENGINE=InnoDB AUTO_INCREMENT=6 DEFAULT CHARSET=latin1 COLLATE=latin1_general_ci;

--
-- Dumping data for table `llx_bordereau_cheque`
--
LOCK TABLES `llx_bordereau_cheque` WRITE;
ALTER TABLE `llx_bordereau_cheque` DISABLE KEYS;
INSERT INTO `llx_bordereau_cheque` VALUES (2,1,'','2017-01-22 17:23:51','2017-01-22','122.40000000',1,1,2,1,'2017-01-22 17:24:03',NULL,1);
INSERT INTO `llx_bordereau_cheque` VALUES (3,2,'','2017-01-22 17:24:53','2017-01-22','2025.00000000',1,1,2,1,'2017-01-22 17:24:59',NULL,1);
INSERT INTO `llx_bordereau_cheque` VALUES (4,3,'','2017-01-28 12:01:15','2017-01-28','960.00000000',2,1,2,1,'2017-01-28 12:01:42',NULL,1);
INSERT INTO `llx_bordereau_cheque` VALUES (5,4,'','2017-02-22 13:53:07','2017-02-22','1440.00000000',2,1,2,1,'2017-02-22 13:53:17',NULL,1);
ALTER TABLE `llx_bordereau_cheque` ENABLE KEYS;
UNLOCK TABLES;




--
-- Table structure for table `llx_boxes`
--
DROP TABLE IF EXISTS `llx_boxes`;
CREATE TABLE `llx_boxes` (
  `rowid` int(11) NOT NULL AUTO_INCREMENT,
  `entity` int(11) NOT NULL DEFAULT '1',
  `box_id` int(11) NOT NULL,
  `position` smallint(6) NOT NULL,
  `box_order` varchar(3) COLLATE latin1_general_ci NOT NULL,
  `fk_user` int(11) NOT NULL DEFAULT '0',
  `maxline` int(11) DEFAULT NULL,
  `params` varchar(255) COLLATE latin1_general_ci DEFAULT NULL,
  PRIMARY KEY (`rowid`),
  UNIQUE KEY `uk_boxes` (`entity`,`box_id`,`position`,`fk_user`),
  KEY `idx_boxes_boxid` (`box_id`),
  KEY `idx_boxes_fk_user` (`fk_user`),
  CONSTRAINT `fk_boxes_box_id` FOREIGN KEY (`box_id`) REFERENCES `llx_boxes_def` (`rowid`)
) ENGINE=InnoDB AUTO_INCREMENT=328 DEFAULT CHARSET=latin1 COLLATE=latin1_general_ci;

--
-- Dumping data for table `llx_boxes`
--
LOCK TABLES `llx_boxes` WRITE;
ALTER TABLE `llx_boxes` DISABLE KEYS;
INSERT INTO `llx_boxes` VALUES (1,1,1,0,'B04',0,NULL,NULL);
INSERT INTO `llx_boxes` VALUES (2,1,2,0,'B10',0,NULL,NULL);
INSERT INTO `llx_boxes` VALUES (3,1,3,0,'A21',0,NULL,NULL);
INSERT INTO `llx_boxes` VALUES (4,1,4,0,'A11',0,NULL,NULL);
INSERT INTO `llx_boxes` VALUES (9,1,9,0,'B22',0,NULL,NULL);
INSERT INTO `llx_boxes` VALUES (10,1,10,0,'B12',0,NULL,NULL);
INSERT INTO `llx_boxes` VALUES (13,1,13,0,'A23',0,NULL,NULL);
INSERT INTO `llx_boxes` VALUES (22,1,22,0,'A13',0,NULL,NULL);
INSERT INTO `llx_boxes` VALUES (23,1,23,0,'B24',0,NULL,NULL);
INSERT INTO `llx_boxes` VALUES (27,1,27,0,'B14',0,NULL,NULL);
INSERT INTO `llx_boxes` VALUES (28,1,28,0,'A25',0,NULL,NULL);
INSERT INTO `llx_boxes` VALUES (29,1,29,0,'A15',0,NULL,NULL);
INSERT INTO `llx_boxes` VALUES (30,1,30,0,'B20',0,NULL,NULL);
INSERT INTO `llx_boxes` VALUES (31,1,31,0,'A09',0,NULL,NULL);
INSERT INTO `llx_boxes` VALUES (32,1,32,0,'B16',0,NULL,NULL);
INSERT INTO `llx_boxes` VALUES (33,1,33,0,'A05',0,NULL,NULL);
INSERT INTO `llx_boxes` VALUES (34,1,34,0,'A17',0,NULL,NULL);
INSERT INTO `llx_boxes` VALUES (35,1,35,0,'B06',0,NULL,NULL);
INSERT INTO `llx_boxes` VALUES (36,1,36,0,'B18',0,NULL,NULL);
INSERT INTO `llx_boxes` VALUES (37,1,37,0,'A07',0,NULL,NULL);
INSERT INTO `llx_boxes` VALUES (44,1,44,0,'B08',0,NULL,NULL);
INSERT INTO `llx_boxes` VALUES (45,1,45,0,'A19',0,NULL,NULL);
INSERT INTO `llx_boxes` VALUES (46,1,46,0,'B26',0,NULL,NULL);
INSERT INTO `llx_boxes` VALUES (74,1,47,0,'A03',0,NULL,NULL);
INSERT INTO `llx_boxes` VALUES (75,1,48,0,'B02',0,NULL,NULL);
INSERT INTO `llx_boxes` VALUES (76,1,49,0,'A01',0,NULL,NULL);
INSERT INTO `llx_boxes` VALUES (312,1,29,0,'A01',1,NULL,NULL);
INSERT INTO `llx_boxes` VALUES (313,1,22,0,'A02',1,NULL,NULL);
INSERT INTO `llx_boxes` VALUES (314,1,1,0,'A03',1,NULL,NULL);
INSERT INTO `llx_boxes` VALUES (315,1,33,0,'A04',1,NULL,NULL);
INSERT INTO `llx_boxes` VALUES (316,1,34,0,'A05',1,NULL,NULL);
INSERT INTO `llx_boxes` VALUES (317,1,35,0,'A06',1,NULL,NULL);
INSERT INTO `llx_boxes` VALUES (318,1,36,0,'A07',1,NULL,NULL);
INSERT INTO `llx_boxes` VALUES (319,1,44,0,'A08',1,NULL,NULL);
INSERT INTO `llx_boxes` VALUES (320,1,45,0,'A09',1,NULL,NULL);
INSERT INTO `llx_boxes` VALUES (321,1,31,0,'B01',1,NULL,NULL);
INSERT INTO `llx_boxes` VALUES (322,1,30,0,'B02',1,NULL,NULL);
INSERT INTO `llx_boxes` VALUES (323,1,2,0,'B03',1,NULL,NULL);
INSERT INTO `llx_boxes` VALUES (324,1,3,0,'B04',1,NULL,NULL);
INSERT INTO `llx_boxes` VALUES (325,1,23,0,'B05',1,NULL,NULL);
INSERT INTO `llx_boxes` VALUES (326,1,27,0,'B06',1,NULL,NULL);
INSERT INTO `llx_boxes` VALUES (327,1,28,0,'B07',1,NULL,NULL);
ALTER TABLE `llx_boxes` ENABLE KEYS;
UNLOCK TABLES;




--
-- Table structure for table `llx_boxes_def`
--
DROP TABLE IF EXISTS `llx_boxes_def`;
CREATE TABLE `llx_boxes_def` (
  `rowid` int(11) NOT NULL AUTO_INCREMENT,
  `file` varchar(200) COLLATE latin1_general_ci NOT NULL,
  `entity` int(11) NOT NULL DEFAULT '1',
  `tms` timestamp NOT NULL DEFAULT CURRENT_TIMESTAMP ON UPDATE CURRENT_TIMESTAMP,
  `note` varchar(130) COLLATE latin1_general_ci DEFAULT NULL,
  PRIMARY KEY (`rowid`),
  UNIQUE KEY `uk_boxes_def` (`file`,`entity`,`note`)
) ENGINE=InnoDB AUTO_INCREMENT=50 DEFAULT CHARSET=latin1 COLLATE=latin1_general_ci;

--
-- Dumping data for table `llx_boxes_def`
--
LOCK TABLES `llx_boxes_def` WRITE;
ALTER TABLE `llx_boxes_def` DISABLE KEYS;
INSERT INTO `llx_boxes_def` VALUES (1,'box_clients.php',1,'2016-08-09 11:40:24',NULL);
INSERT INTO `llx_boxes_def` VALUES (2,'box_prospect.php',1,'2016-08-09 11:40:24',NULL);
INSERT INTO `llx_boxes_def` VALUES (3,'box_contacts.php',1,'2016-08-09 11:40:24',NULL);
INSERT INTO `llx_boxes_def` VALUES (4,'box_activity.php',1,'2016-08-09 11:40:24','(WarningUsingThisBoxSlowDown)');
INSERT INTO `llx_boxes_def` VALUES (9,'box_commandes.php',1,'2016-08-09 11:40:33',NULL);
INSERT INTO `llx_boxes_def` VALUES (10,'box_graph_orders_permonth.php',1,'2016-08-09 11:40:33',NULL);
INSERT INTO `llx_boxes_def` VALUES (13,'box_ficheinter.php',1,'2016-08-09 11:40:42',NULL);
INSERT INTO `llx_boxes_def` VALUES (22,'box_graph_propales_permonth.php',1,'2016-08-09 11:41:13',NULL);
INSERT INTO `llx_boxes_def` VALUES (23,'box_propales.php',1,'2016-08-09 11:41:13',NULL);
INSERT INTO `llx_boxes_def` VALUES (27,'box_factures_imp.php',1,'2016-08-09 11:41:19',NULL);
INSERT INTO `llx_boxes_def` VALUES (28,'box_factures.php',1,'2016-08-09 11:41:19',NULL);
INSERT INTO `llx_boxes_def` VALUES (29,'box_graph_invoices_permonth.php',1,'2016-08-09 11:41:19',NULL);
INSERT INTO `llx_boxes_def` VALUES (30,'box_comptes.php',1,'2016-08-09 11:41:19',NULL);
INSERT INTO `llx_boxes_def` VALUES (31,'box_graph_invoices_supplier_permonth.php',1,'2016-08-09 11:41:25',NULL);
INSERT INTO `llx_boxes_def` VALUES (32,'box_graph_orders_supplier_permonth.php',1,'2016-08-09 11:41:25',NULL);
INSERT INTO `llx_boxes_def` VALUES (33,'box_fournisseurs.php',1,'2016-08-09 11:41:25',NULL);
INSERT INTO `llx_boxes_def` VALUES (34,'box_factures_fourn_imp.php',1,'2016-08-09 11:41:25',NULL);
INSERT INTO `llx_boxes_def` VALUES (35,'box_factures_fourn.php',1,'2016-08-09 11:41:25',NULL);
INSERT INTO `llx_boxes_def` VALUES (36,'box_supplier_orders.php',1,'2016-08-09 11:41:25',NULL);
INSERT INTO `llx_boxes_def` VALUES (37,'box_services_contracts.php',1,'2016-08-09 11:41:28',NULL);
INSERT INTO `llx_boxes_def` VALUES (44,'box_actions.php',1,'2016-08-09 11:42:02',NULL);
INSERT INTO `llx_boxes_def` VALUES (45,'box_bookmarks.php',1,'2016-08-09 11:42:49',NULL);
INSERT INTO `llx_boxes_def` VALUES (46,'box_members.php',1,'2016-08-09 11:43:30',NULL);
INSERT INTO `llx_boxes_def` VALUES (47,'box_approval.php@timesheet',1,'2017-03-05 18:03:16','timesheetApproval');
INSERT INTO `llx_boxes_def` VALUES (48,'box_project.php',1,'2017-03-05 18:03:16',NULL);
INSERT INTO `llx_boxes_def` VALUES (49,'box_task.php',1,'2017-03-05 18:03:16',NULL);
ALTER TABLE `llx_boxes_def` ENABLE KEYS;
UNLOCK TABLES;




--
-- Table structure for table `llx_budget`
--
DROP TABLE IF EXISTS `llx_budget`;
CREATE TABLE `llx_budget` (
  `rowid` int(11) NOT NULL AUTO_INCREMENT,
  `entity` int(11) NOT NULL DEFAULT '1',
  `label` varchar(255) COLLATE latin1_general_ci NOT NULL,
  `status` int(11) DEFAULT NULL,
  `note` text COLLATE latin1_general_ci,
  `date_start` date DEFAULT NULL,
  `date_end` date DEFAULT NULL,
  `datec` datetime DEFAULT NULL,
  `tms` timestamp NOT NULL DEFAULT CURRENT_TIMESTAMP ON UPDATE CURRENT_TIMESTAMP,
  `fk_user_creat` int(11) DEFAULT NULL,
  `fk_user_modif` int(11) DEFAULT NULL,
  `import_key` int(11) DEFAULT NULL,
  PRIMARY KEY (`rowid`)
) ENGINE=InnoDB DEFAULT CHARSET=latin1 COLLATE=latin1_general_ci;

--
-- Dumping data for table `llx_budget`
--
LOCK TABLES `llx_budget` WRITE;
ALTER TABLE `llx_budget` DISABLE KEYS;
ALTER TABLE `llx_budget` ENABLE KEYS;
UNLOCK TABLES;




--
-- Table structure for table `llx_budget_lines`
--
DROP TABLE IF EXISTS `llx_budget_lines`;
CREATE TABLE `llx_budget_lines` (
  `rowid` int(11) NOT NULL AUTO_INCREMENT,
  `fk_budget` int(11) NOT NULL,
  `fk_project_ids` varchar(255) COLLATE latin1_general_ci NOT NULL,
  `amount` double(24,8) NOT NULL,
  `datec` datetime DEFAULT NULL,
  `tms` timestamp NOT NULL DEFAULT CURRENT_TIMESTAMP ON UPDATE CURRENT_TIMESTAMP,
  `fk_user_creat` int(11) DEFAULT NULL,
  `fk_user_modif` int(11) DEFAULT NULL,
  `import_key` int(11) DEFAULT NULL,
  PRIMARY KEY (`rowid`),
  UNIQUE KEY `uk_budget_lines` (`fk_budget`,`fk_project_ids`),
  CONSTRAINT `fk_budget_lines_budget` FOREIGN KEY (`fk_budget`) REFERENCES `llx_budget` (`rowid`)
) ENGINE=InnoDB DEFAULT CHARSET=latin1 COLLATE=latin1_general_ci;

--
-- Dumping data for table `llx_budget_lines`
--
LOCK TABLES `llx_budget_lines` WRITE;
ALTER TABLE `llx_budget_lines` DISABLE KEYS;
ALTER TABLE `llx_budget_lines` ENABLE KEYS;
UNLOCK TABLES;




--
-- Table structure for table `llx_c_action_trigger`
--
DROP TABLE IF EXISTS `llx_c_action_trigger`;
CREATE TABLE `llx_c_action_trigger` (
  `rowid` int(11) NOT NULL AUTO_INCREMENT,
  `elementtype` varchar(16) COLLATE latin1_general_ci NOT NULL,
  `code` varchar(32) COLLATE latin1_general_ci NOT NULL,
  `label` varchar(128) COLLATE latin1_general_ci NOT NULL,
  `description` varchar(255) COLLATE latin1_general_ci DEFAULT NULL,
  `rang` int(11) DEFAULT '0',
  PRIMARY KEY (`rowid`),
  UNIQUE KEY `uk_action_trigger_code` (`code`),
  KEY `idx_action_trigger_rang` (`rang`)
) ENGINE=InnoDB AUTO_INCREMENT=87 DEFAULT CHARSET=latin1 COLLATE=latin1_general_ci;

--
-- Dumping data for table `llx_c_action_trigger`
--
LOCK TABLES `llx_c_action_trigger` WRITE;
ALTER TABLE `llx_c_action_trigger` DISABLE KEYS;
INSERT INTO `llx_c_action_trigger` VALUES (44,'societe','COMPANY_SENTBYMAIL','Mails sent from third party card','Executed when you send email from third party card',1);
INSERT INTO `llx_c_action_trigger` VALUES (45,'societe','COMPANY_CREATE','Third party created','Executed when a third party is created',1);
INSERT INTO `llx_c_action_trigger` VALUES (46,'propal','PROPAL_VALIDATE','Customer proposal validated','Executed when a commercial proposal is validated',2);
INSERT INTO `llx_c_action_trigger` VALUES (47,'propal','PROPAL_SENTBYMAIL','Commercial proposal sent by mail','Executed when a commercial proposal is sent by mail',3);
INSERT INTO `llx_c_action_trigger` VALUES (48,'commande','ORDER_VALIDATE','Customer order validate','Executed when a customer order is validated',4);
INSERT INTO `llx_c_action_trigger` VALUES (49,'commande','ORDER_CLOSE','Customer order classify delivered','Executed when a customer order is set delivered',5);
INSERT INTO `llx_c_action_trigger` VALUES (50,'commande','ORDER_CLASSIFY_BILLED','Customer order classify billed','Executed when a customer order is set to billed',5);
INSERT INTO `llx_c_action_trigger` VALUES (51,'commande','ORDER_CANCEL','Customer order canceled','Executed when a customer order is canceled',5);
INSERT INTO `llx_c_action_trigger` VALUES (52,'commande','ORDER_SENTBYMAIL','Customer order sent by mail','Executed when a customer order is sent by mail ',5);
INSERT INTO `llx_c_action_trigger` VALUES (53,'facture','BILL_VALIDATE','Customer invoice validated','Executed when a customer invoice is approved',6);
INSERT INTO `llx_c_action_trigger` VALUES (54,'facture','BILL_PAYED','Customer invoice payed','Executed when a customer invoice is payed',7);
INSERT INTO `llx_c_action_trigger` VALUES (55,'facture','BILL_CANCEL','Customer invoice canceled','Executed when a customer invoice is conceled',8);
INSERT INTO `llx_c_action_trigger` VALUES (56,'facture','BILL_SENTBYMAIL','Customer invoice sent by mail','Executed when a customer invoice is sent by mail',9);
INSERT INTO `llx_c_action_trigger` VALUES (57,'facture','BILL_UNVALIDATE','Customer invoice unvalidated','Executed when a customer invoice status set back to draft',10);
INSERT INTO `llx_c_action_trigger` VALUES (58,'order_supplier','ORDER_SUPPLIER_VALIDATE','Supplier order validated','Executed when a supplier order is validated',11);
INSERT INTO `llx_c_action_trigger` VALUES (59,'order_supplier','ORDER_SUPPLIER_APPROVE','Supplier order request approved','Executed when a supplier order is approved',12);
INSERT INTO `llx_c_action_trigger` VALUES (60,'order_supplier','ORDER_SUPPLIER_REFUSE','Supplier order request refused','Executed when a supplier order is refused',13);
INSERT INTO `llx_c_action_trigger` VALUES (61,'order_supplier','ORDER_SUPPLIER_SENTBYMAIL','Supplier order sent by mail','Executed when a supplier order is sent by mail',14);
INSERT INTO `llx_c_action_trigger` VALUES (62,'invoice_supplier','BILL_SUPPLIER_VALIDATE','Supplier invoice validated','Executed when a supplier invoice is validated',15);
INSERT INTO `llx_c_action_trigger` VALUES (63,'invoice_supplier','BILL_SUPPLIER_PAYED','Supplier invoice payed','Executed when a supplier invoice is payed',16);
INSERT INTO `llx_c_action_trigger` VALUES (64,'invoice_supplier','BILL_SUPPLIER_SENTBYMAIL','Supplier invoice sent by mail','Executed when a supplier invoice is sent by mail',17);
INSERT INTO `llx_c_action_trigger` VALUES (65,'invoice_supplier','BILL_SUPPLIER_CANCELED','Supplier invoice cancelled','Executed when a supplier invoice is cancelled',17);
INSERT INTO `llx_c_action_trigger` VALUES (66,'contrat','CONTRACT_VALIDATE','Contract validated','Executed when a contract is validated',18);
INSERT INTO `llx_c_action_trigger` VALUES (67,'shipping','SHIPPING_VALIDATE','Shipping validated','Executed when a shipping is validated',20);
INSERT INTO `llx_c_action_trigger` VALUES (68,'shipping','SHIPPING_SENTBYMAIL','Shipping sent by mail','Executed when a shipping is sent by mail',21);
INSERT INTO `llx_c_action_trigger` VALUES (69,'member','MEMBER_VALIDATE','Member validated','Executed when a member is validated',22);
INSERT INTO `llx_c_action_trigger` VALUES (70,'member','MEMBER_SUBSCRIPTION','Member subscribed','Executed when a member is subscribed',23);
INSERT INTO `llx_c_action_trigger` VALUES (71,'member','MEMBER_RESILIATE','Member resiliated','Executed when a member is resiliated',24);
INSERT INTO `llx_c_action_trigger` VALUES (72,'member','MEMBER_MODIFY','Member modified','Executed when a member is modified',24);
INSERT INTO `llx_c_action_trigger` VALUES (73,'member','MEMBER_DELETE','Member deleted','Executed when a member is deleted',25);
INSERT INTO `llx_c_action_trigger` VALUES (74,'ficheinter','FICHINTER_VALIDATE','Intervention validated','Executed when a intervention is validated',19);
INSERT INTO `llx_c_action_trigger` VALUES (75,'ficheinter','FICHINTER_CLASSIFY_BILLED','Intervention set billed','Executed when a intervention is set to billed (when option FICHINTER_CLASSIFY_BILLED is set)',19);
INSERT INTO `llx_c_action_trigger` VALUES (76,'ficheinter','FICHINTER_CLASSIFY_UNBILLED','Intervention set unbilled','Executed when a intervention is set to unbilled (when option FICHINTER_CLASSIFY_BILLED is set)',19);
INSERT INTO `llx_c_action_trigger` VALUES (77,'ficheinter','FICHINTER_REOPEN','Intervention opened','Executed when a intervention is re-opened',19);
INSERT INTO `llx_c_action_trigger` VALUES (78,'ficheinter','FICHINTER_SENTBYMAIL','Intervention sent by mail','Executed when a intervention is sent by mail',19);
INSERT INTO `llx_c_action_trigger` VALUES (79,'project','PROJECT_CREATE','Project creation','Executed when a project is created',30);
INSERT INTO `llx_c_action_trigger` VALUES (80,'propal','PROPAL_CLOSE_SIGNED','Customer proposal closed signed','Executed when a customer proposal is closed signed',2);
INSERT INTO `llx_c_action_trigger` VALUES (81,'propal','PROPAL_CLOSE_REFUSED','Customer proposal closed refused','Executed when a customer proposal is closed refused',2);
INSERT INTO `llx_c_action_trigger` VALUES (82,'propal','PROPAL_CLASSIFY_BILLED','Customer proposal set billed','Executed when a customer proposal is set to billed',2);
INSERT INTO `llx_c_action_trigger` VALUES (83,'project','TASK_CREATE','Task created','Executed when a project task is created',35);
INSERT INTO `llx_c_action_trigger` VALUES (84,'project','TASK_MODIFY','Task modified','Executed when a project task is modified',36);
INSERT INTO `llx_c_action_trigger` VALUES (85,'project','TASK_DELETE','Task deleted','Executed when a project task is deleted',37);
INSERT INTO `llx_c_action_trigger` VALUES (86,'invoice_supplier','BILL_SUPPLIER_UNVALIDATE','Supplier invoice unvalidated','Executed when a supplier invoice status is set back to draft',15);
ALTER TABLE `llx_c_action_trigger` ENABLE KEYS;
UNLOCK TABLES;




--
-- Table structure for table `llx_c_actioncomm`
--
DROP TABLE IF EXISTS `llx_c_actioncomm`;
CREATE TABLE `llx_c_actioncomm` (
  `id` int(11) NOT NULL,
  `code` varchar(12) COLLATE latin1_general_ci NOT NULL,
  `type` varchar(10) COLLATE latin1_general_ci NOT NULL DEFAULT 'system',
  `libelle` varchar(48) COLLATE latin1_general_ci NOT NULL,
  `module` varchar(16) COLLATE latin1_general_ci DEFAULT NULL,
  `active` tinyint(4) NOT NULL DEFAULT '1',
  `todo` tinyint(4) DEFAULT NULL,
  `color` varchar(9) COLLATE latin1_general_ci DEFAULT NULL,
  `position` int(11) NOT NULL DEFAULT '0',
  PRIMARY KEY (`id`),
  UNIQUE KEY `uk_c_actioncomm` (`code`)
) ENGINE=InnoDB DEFAULT CHARSET=latin1 COLLATE=latin1_general_ci;

--
-- Dumping data for table `llx_c_actioncomm`
--
LOCK TABLES `llx_c_actioncomm` WRITE;
ALTER TABLE `llx_c_actioncomm` DISABLE KEYS;
INSERT INTO `llx_c_actioncomm` VALUES (1,'AC_TEL','system','Phone call',NULL,1,NULL,NULL,2);
INSERT INTO `llx_c_actioncomm` VALUES (2,'AC_FAX','system','Send Fax',NULL,1,NULL,NULL,3);
INSERT INTO `llx_c_actioncomm` VALUES (3,'AC_PROP','systemauto','Send commercial proposal by email','propal',0,NULL,NULL,10);
INSERT INTO `llx_c_actioncomm` VALUES (4,'AC_EMAIL','system','Send Email',NULL,1,NULL,NULL,4);
INSERT INTO `llx_c_actioncomm` VALUES (5,'AC_RDV','system','Rendez-vous',NULL,1,NULL,NULL,1);
INSERT INTO `llx_c_actioncomm` VALUES (8,'AC_COM','systemauto','Send customer order by email','order',0,NULL,NULL,8);
INSERT INTO `llx_c_actioncomm` VALUES (9,'AC_FAC','systemauto','Send customer invoice by email','invoice',0,NULL,NULL,6);
INSERT INTO `llx_c_actioncomm` VALUES (10,'AC_SHIP','systemauto','Send shipping by email','shipping',0,NULL,NULL,11);
INSERT INTO `llx_c_actioncomm` VALUES (11,'AC_INT','system','Intervention on site',NULL,1,NULL,NULL,4);
INSERT INTO `llx_c_actioncomm` VALUES (30,'AC_SUP_ORD','systemauto','Send supplier order by email','order_supplier',0,NULL,NULL,9);
INSERT INTO `llx_c_actioncomm` VALUES (31,'AC_SUP_INV','systemauto','Send supplier invoice by email','invoice_supplier',0,NULL,NULL,7);
INSERT INTO `llx_c_actioncomm` VALUES (40,'AC_OTH_AUTO','systemauto','Other (automatically inserted events)',NULL,1,NULL,NULL,20);
INSERT INTO `llx_c_actioncomm` VALUES (50,'AC_OTH','system','Other (manually inserted events)',NULL,1,NULL,NULL,5);
ALTER TABLE `llx_c_actioncomm` ENABLE KEYS;
UNLOCK TABLES;




--
-- Table structure for table `llx_c_availability`
--
DROP TABLE IF EXISTS `llx_c_availability`;
CREATE TABLE `llx_c_availability` (
  `rowid` int(11) NOT NULL AUTO_INCREMENT,
  `code` varchar(30) COLLATE latin1_general_ci NOT NULL,
  `label` varchar(60) COLLATE latin1_general_ci NOT NULL,
  `active` tinyint(4) NOT NULL DEFAULT '1',
  PRIMARY KEY (`rowid`),
  UNIQUE KEY `uk_c_availability` (`code`)
) ENGINE=InnoDB AUTO_INCREMENT=5 DEFAULT CHARSET=latin1 COLLATE=latin1_general_ci;

--
-- Dumping data for table `llx_c_availability`
--
LOCK TABLES `llx_c_availability` WRITE;
ALTER TABLE `llx_c_availability` DISABLE KEYS;
INSERT INTO `llx_c_availability` VALUES (1,'AV_NOW','Immediate',1);
INSERT INTO `llx_c_availability` VALUES (2,'AV_1W','1 week',1);
INSERT INTO `llx_c_availability` VALUES (3,'AV_2W','2 weeks',1);
INSERT INTO `llx_c_availability` VALUES (4,'AV_3W','3 weeks',1);
ALTER TABLE `llx_c_availability` ENABLE KEYS;
UNLOCK TABLES;




--
-- Table structure for table `llx_c_barcode_type`
--
DROP TABLE IF EXISTS `llx_c_barcode_type`;
CREATE TABLE `llx_c_barcode_type` (
  `rowid` int(11) NOT NULL AUTO_INCREMENT,
  `code` varchar(16) COLLATE latin1_general_ci NOT NULL,
  `entity` int(11) NOT NULL DEFAULT '1',
  `libelle` varchar(50) COLLATE latin1_general_ci NOT NULL,
  `coder` varchar(16) COLLATE latin1_general_ci NOT NULL,
  `example` varchar(16) COLLATE latin1_general_ci NOT NULL,
  PRIMARY KEY (`rowid`),
  UNIQUE KEY `uk_c_barcode_type` (`code`,`entity`)
) ENGINE=InnoDB AUTO_INCREMENT=9 DEFAULT CHARSET=latin1 COLLATE=latin1_general_ci;

--
-- Dumping data for table `llx_c_barcode_type`
--
LOCK TABLES `llx_c_barcode_type` WRITE;
ALTER TABLE `llx_c_barcode_type` DISABLE KEYS;
INSERT INTO `llx_c_barcode_type` VALUES (1,'EAN8',1,'EAN8',0,1234567);
INSERT INTO `llx_c_barcode_type` VALUES (2,'EAN13',1,'EAN13',0,123456789012);
INSERT INTO `llx_c_barcode_type` VALUES (3,'UPC',1,'UPC',0,123456789012);
INSERT INTO `llx_c_barcode_type` VALUES (4,'ISBN',1,'ISBN',0,123456789);
INSERT INTO `llx_c_barcode_type` VALUES (5,'C39',1,'Code 39',0,1234567890);
INSERT INTO `llx_c_barcode_type` VALUES (6,'C128',1,'Code 128',0,'ABCD1234567890');
INSERT INTO `llx_c_barcode_type` VALUES (7,'DATAMATRIX',1,'Datamatrix',0,'1234567xyz');
INSERT INTO `llx_c_barcode_type` VALUES (8,'QRCODE',1,'Qr Code',0,'www.dolibarr.org');
ALTER TABLE `llx_c_barcode_type` ENABLE KEYS;
UNLOCK TABLES;




--
-- Table structure for table `llx_c_chargesociales`
--
DROP TABLE IF EXISTS `llx_c_chargesociales`;
CREATE TABLE `llx_c_chargesociales` (
  `id` int(11) NOT NULL AUTO_INCREMENT,
  `libelle` varchar(80) COLLATE latin1_general_ci DEFAULT NULL,
  `deductible` smallint(6) NOT NULL DEFAULT '0',
  `active` tinyint(4) NOT NULL DEFAULT '1',
  `code` varchar(12) COLLATE latin1_general_ci NOT NULL,
  `accountancy_code` varchar(32) COLLATE latin1_general_ci DEFAULT NULL,
  `fk_pays` int(11) NOT NULL DEFAULT '1',
  `module` varchar(32) COLLATE latin1_general_ci DEFAULT NULL,
  PRIMARY KEY (`id`)
) ENGINE=InnoDB AUTO_INCREMENT=4110 DEFAULT CHARSET=latin1 COLLATE=latin1_general_ci;

--
-- Dumping data for table `llx_c_chargesociales`
--
LOCK TABLES `llx_c_chargesociales` WRITE;
ALTER TABLE `llx_c_chargesociales` DISABLE KEYS;
INSERT INTO `llx_c_chargesociales` VALUES (1,'Allocations familiales',1,1,'TAXFAM',NULL,1,NULL);
INSERT INTO `llx_c_chargesociales` VALUES (2,'CSG Deductible',1,1,'TAXCSGD',NULL,1,NULL);
INSERT INTO `llx_c_chargesociales` VALUES (3,'CSG/CRDS NON Deductible',0,1,'TAXCSGND',NULL,1,NULL);
INSERT INTO `llx_c_chargesociales` VALUES (10,'Taxe apprentissage',0,1,'TAXAPP',NULL,1,NULL);
INSERT INTO `llx_c_chargesociales` VALUES (11,'Taxe professionnelle',0,1,'TAXPRO',NULL,1,NULL);
INSERT INTO `llx_c_chargesociales` VALUES (12,'Cotisation fonciere des entreprises',0,1,'TAXCFE',NULL,1,NULL);
INSERT INTO `llx_c_chargesociales` VALUES (13,'Cotisation sur la valeur ajoutee des entreprises',0,1,'TAXCVAE',NULL,1,NULL);
INSERT INTO `llx_c_chargesociales` VALUES (20,'Impots locaux/fonciers',0,1,'TAXFON',NULL,1,NULL);
INSERT INTO `llx_c_chargesociales` VALUES (25,'Impots revenus',0,1,'TAXREV',NULL,1,NULL);
INSERT INTO `llx_c_chargesociales` VALUES (30,'Assurance Sante',0,1,'TAXSECU',NULL,1,NULL);
INSERT INTO `llx_c_chargesociales` VALUES (40,'Mutuelle',0,1,'TAXMUT',NULL,1,NULL);
INSERT INTO `llx_c_chargesociales` VALUES (50,'Assurance vieillesse',0,1,'TAXRET',NULL,1,NULL);
INSERT INTO `llx_c_chargesociales` VALUES (60,'Assurance Chomage',0,1,'TAXCHOM',NULL,1,NULL);
INSERT INTO `llx_c_chargesociales` VALUES (201,'ONSS',1,1,'TAXBEONSS',NULL,2,NULL);
INSERT INTO `llx_c_chargesociales` VALUES (210,'Precompte professionnel',1,1,'TAXBEPREPRO',NULL,2,NULL);
INSERT INTO `llx_c_chargesociales` VALUES (220,'Prime existence',1,1,'TAXBEPRIEXI',NULL,2,NULL);
INSERT INTO `llx_c_chargesociales` VALUES (230,'Precompte immobilier',1,1,'TAXBEPREIMMO',NULL,2,NULL);
INSERT INTO `llx_c_chargesociales` VALUES (4101,'Krankenversicherung',1,1,'TAXATKV',NULL,41,NULL);
INSERT INTO `llx_c_chargesociales` VALUES (4102,'Unfallversicherung',1,1,'TAXATUV',NULL,41,NULL);
INSERT INTO `llx_c_chargesociales` VALUES (4103,'Pensionsversicherung',1,1,'TAXATPV',NULL,41,NULL);
INSERT INTO `llx_c_chargesociales` VALUES (4104,'Arbeitslosenversicherung',1,1,'TAXATAV',NULL,41,NULL);
INSERT INTO `llx_c_chargesociales` VALUES (4105,'Insolvenzentgeltsicherungsfond',1,1,'TAXATIESG',NULL,41,NULL);
INSERT INTO `llx_c_chargesociales` VALUES (4106,'Wohnbauförderung',1,1,'TAXATWF',NULL,41,NULL);
INSERT INTO `llx_c_chargesociales` VALUES (4107,'Arbeiterkammerumlage',1,1,'TAXATAK',NULL,41,NULL);
INSERT INTO `llx_c_chargesociales` VALUES (4108,'Mitarbeitervorsorgekasse',1,1,'TAXATMVK',NULL,41,NULL);
INSERT INTO `llx_c_chargesociales` VALUES (4109,'Familienlastenausgleichsfond',1,1,'TAXATFLAF',NULL,41,NULL);
ALTER TABLE `llx_c_chargesociales` ENABLE KEYS;
UNLOCK TABLES;




--
-- Table structure for table `llx_c_civility`
--
DROP TABLE IF EXISTS `llx_c_civility`;
CREATE TABLE `llx_c_civility` (
  `rowid` int(11) NOT NULL,
  `code` varchar(6) COLLATE latin1_general_ci NOT NULL,
  `label` varchar(50) COLLATE latin1_general_ci DEFAULT NULL,
  `active` tinyint(4) NOT NULL DEFAULT '1',
  `module` varchar(32) COLLATE latin1_general_ci DEFAULT NULL,
  PRIMARY KEY (`rowid`),
  UNIQUE KEY `uk_c_civility` (`code`)
) ENGINE=InnoDB DEFAULT CHARSET=latin1 COLLATE=latin1_general_ci;

--
-- Dumping data for table `llx_c_civility`
--
LOCK TABLES `llx_c_civility` WRITE;
ALTER TABLE `llx_c_civility` DISABLE KEYS;
INSERT INTO `llx_c_civility` VALUES (1,'MME','Madame',1,NULL);
INSERT INTO `llx_c_civility` VALUES (3,'MR','Monsieur',1,NULL);
INSERT INTO `llx_c_civility` VALUES (5,'MLE','Mademoiselle',1,NULL);
INSERT INTO `llx_c_civility` VALUES (7,'MTRE','Maître',1,NULL);
INSERT INTO `llx_c_civility` VALUES (8,'DR','Docteur',1,NULL);
ALTER TABLE `llx_c_civility` ENABLE KEYS;
UNLOCK TABLES;




--
-- Table structure for table `llx_c_country`
--
DROP TABLE IF EXISTS `llx_c_country`;
CREATE TABLE `llx_c_country` (
  `rowid` int(11) NOT NULL,
  `code` varchar(2) COLLATE latin1_general_ci NOT NULL,
  `code_iso` varchar(3) COLLATE latin1_general_ci DEFAULT NULL,
  `label` varchar(50) COLLATE latin1_general_ci NOT NULL,
  `active` tinyint(4) NOT NULL DEFAULT '1',
  `favorite` tinyint(4) NOT NULL DEFAULT '0',
  PRIMARY KEY (`rowid`),
  UNIQUE KEY `idx_c_country_code` (`code`),
  UNIQUE KEY `idx_c_country_label` (`label`),
  UNIQUE KEY `idx_c_country_code_iso` (`code_iso`)
) ENGINE=InnoDB DEFAULT CHARSET=latin1 COLLATE=latin1_general_ci;

--
-- Dumping data for table `llx_c_country`
--
LOCK TABLES `llx_c_country` WRITE;
ALTER TABLE `llx_c_country` DISABLE KEYS;
INSERT INTO `llx_c_country` VALUES (0,'',NULL,'-',1,1);
INSERT INTO `llx_c_country` VALUES (1,'FR','FRA','France',1,0);
INSERT INTO `llx_c_country` VALUES (2,'BE','BEL','Belgium',1,0);
INSERT INTO `llx_c_country` VALUES (3,'IT','ITA','Italy',1,0);
INSERT INTO `llx_c_country` VALUES (4,'ES','ESP','Spain',1,0);
INSERT INTO `llx_c_country` VALUES (5,'DE','DEU','Germany',1,0);
INSERT INTO `llx_c_country` VALUES (6,'CH','CHE','Switzerland',1,0);
INSERT INTO `llx_c_country` VALUES (7,'GB','GBR','United Kingdom',1,0);
INSERT INTO `llx_c_country` VALUES (8,'IE','IRL','Irland',1,0);
INSERT INTO `llx_c_country` VALUES (9,'CN','CHN','China',1,0);
INSERT INTO `llx_c_country` VALUES (10,'TN','TUN','Tunisia',1,0);
INSERT INTO `llx_c_country` VALUES (11,'US','USA','United States',1,0);
INSERT INTO `llx_c_country` VALUES (12,'MA','MAR','Maroc',1,0);
INSERT INTO `llx_c_country` VALUES (13,'DZ','DZA','Algeria',1,0);
INSERT INTO `llx_c_country` VALUES (14,'CA','CAN','Canada',1,0);
INSERT INTO `llx_c_country` VALUES (15,'TG','TGO','Togo',1,0);
INSERT INTO `llx_c_country` VALUES (16,'GA','GAB','Gabon',1,0);
INSERT INTO `llx_c_country` VALUES (17,'NL','NLD','Nerderland',1,0);
INSERT INTO `llx_c_country` VALUES (18,'HU','HUN','Hongrie',1,0);
INSERT INTO `llx_c_country` VALUES (19,'RU','RUS','Russia',1,0);
INSERT INTO `llx_c_country` VALUES (20,'SE','SWE','Sweden',1,0);
INSERT INTO `llx_c_country` VALUES (21,'CI','CIV','Côte d\'Ivoire',1,0);
INSERT INTO `llx_c_country` VALUES (22,'SN','SEN','Senegal',1,0);
INSERT INTO `llx_c_country` VALUES (23,'AR','ARG','Argentine',1,0);
INSERT INTO `llx_c_country` VALUES (24,'CM','CMR','Cameroun',1,0);
INSERT INTO `llx_c_country` VALUES (25,'PT','PRT','Portugal',1,0);
INSERT INTO `llx_c_country` VALUES (26,'SA','SAU','Saudi Arabia',1,0);
INSERT INTO `llx_c_country` VALUES (27,'MC','MCO','Monaco',1,0);
INSERT INTO `llx_c_country` VALUES (28,'AU','AUS','Australia',1,0);
INSERT INTO `llx_c_country` VALUES (29,'SG','SGP','Singapour',1,0);
INSERT INTO `llx_c_country` VALUES (30,'AF','AFG','Afghanistan',1,0);
INSERT INTO `llx_c_country` VALUES (31,'AX','ALA','Iles Aland',1,0);
INSERT INTO `llx_c_country` VALUES (32,'AL','ALB','Albanie',1,0);
INSERT INTO `llx_c_country` VALUES (33,'AS','ASM','Samoa américaines',1,0);
INSERT INTO `llx_c_country` VALUES (34,'AD','AND','Andorre',1,0);
INSERT INTO `llx_c_country` VALUES (35,'AO','AGO','Angola',1,0);
INSERT INTO `llx_c_country` VALUES (36,'AI','AIA','Anguilla',1,0);
INSERT INTO `llx_c_country` VALUES (37,'AQ','ATA','Antarctique',1,0);
INSERT INTO `llx_c_country` VALUES (38,'AG','ATG','Antigua-et-Barbuda',1,0);
INSERT INTO `llx_c_country` VALUES (39,'AM','ARM','Arménie',1,0);
INSERT INTO `llx_c_country` VALUES (40,'AW','ABW','Aruba',1,0);
INSERT INTO `llx_c_country` VALUES (41,'AT','AUT','Autriche',1,0);
INSERT INTO `llx_c_country` VALUES (42,'AZ','AZE','Azerbaïdjan',1,0);
INSERT INTO `llx_c_country` VALUES (43,'BS','BHS','Bahamas',1,0);
INSERT INTO `llx_c_country` VALUES (44,'BH','BHR','Bahreïn',1,0);
INSERT INTO `llx_c_country` VALUES (45,'BD','BGD','Bangladesh',1,0);
INSERT INTO `llx_c_country` VALUES (46,'BB','BRB','Barbade',1,0);
INSERT INTO `llx_c_country` VALUES (47,'BY','BLR','Biélorussie',1,0);
INSERT INTO `llx_c_country` VALUES (48,'BZ','BLZ','Belize',1,0);
INSERT INTO `llx_c_country` VALUES (49,'BJ','BEN','Bénin',1,0);
INSERT INTO `llx_c_country` VALUES (50,'BM','BMU','Bermudes',1,0);
INSERT INTO `llx_c_country` VALUES (51,'BT','BTN','Bhoutan',1,0);
INSERT INTO `llx_c_country` VALUES (52,'BO','BOL','Bolivie',1,0);
INSERT INTO `llx_c_country` VALUES (53,'BA','BIH','Bosnie-Herzégovine',1,0);
INSERT INTO `llx_c_country` VALUES (54,'BW','BWA','Botswana',1,0);
INSERT INTO `llx_c_country` VALUES (55,'BV','BVT','Ile Bouvet',1,0);
INSERT INTO `llx_c_country` VALUES (56,'BR','BRA','Brazil',1,0);
INSERT INTO `llx_c_country` VALUES (57,'IO','IOT','Territoire britannique de l\'Océan Indien',1,0);
INSERT INTO `llx_c_country` VALUES (58,'BN','BRN','Brunei',1,0);
INSERT INTO `llx_c_country` VALUES (59,'BG','BGR','Bulgarie',1,0);
INSERT INTO `llx_c_country` VALUES (60,'BF','BFA','Burkina Faso',1,0);
INSERT INTO `llx_c_country` VALUES (61,'BI','BDI','Burundi',1,0);
INSERT INTO `llx_c_country` VALUES (62,'KH','KHM','Cambodge',1,0);
INSERT INTO `llx_c_country` VALUES (63,'CV','CPV','Cap-Vert',1,0);
INSERT INTO `llx_c_country` VALUES (64,'KY','CYM','Iles Cayman',1,0);
INSERT INTO `llx_c_country` VALUES (65,'CF','CAF','République centrafricaine',1,0);
INSERT INTO `llx_c_country` VALUES (66,'TD','TCD','Tchad',1,0);
INSERT INTO `llx_c_country` VALUES (67,'CL','CHL','Chili',1,0);
INSERT INTO `llx_c_country` VALUES (68,'CX','CXR','Ile Christmas',1,0);
INSERT INTO `llx_c_country` VALUES (69,'CC','CCK','Iles des Cocos (Keeling)',1,0);
INSERT INTO `llx_c_country` VALUES (70,'CO','COL','Colombie',1,0);
INSERT INTO `llx_c_country` VALUES (71,'KM','COM','Comores',1,0);
INSERT INTO `llx_c_country` VALUES (72,'CG','COG','Congo',1,0);
INSERT INTO `llx_c_country` VALUES (73,'CD','COD','République démocratique du Congo',1,0);
INSERT INTO `llx_c_country` VALUES (74,'CK','COK','Iles Cook',1,0);
INSERT INTO `llx_c_country` VALUES (75,'CR','CRI','Costa Rica',1,0);
INSERT INTO `llx_c_country` VALUES (76,'HR','HRV','Croatie',1,0);
INSERT INTO `llx_c_country` VALUES (77,'CU','CUB','Cuba',1,0);
INSERT INTO `llx_c_country` VALUES (78,'CY','CYP','Chypre',1,0);
INSERT INTO `llx_c_country` VALUES (79,'CZ','CZE','République Tchèque',1,0);
INSERT INTO `llx_c_country` VALUES (80,'DK','DNK','Danemark',1,0);
INSERT INTO `llx_c_country` VALUES (81,'DJ','DJI','Djibouti',1,0);
INSERT INTO `llx_c_country` VALUES (82,'DM','DMA','Dominique',1,0);
INSERT INTO `llx_c_country` VALUES (83,'DO','DOM','République Dominicaine',1,0);
INSERT INTO `llx_c_country` VALUES (84,'EC','ECU','Equateur',1,0);
INSERT INTO `llx_c_country` VALUES (85,'EG','EGY','Egypte',1,0);
INSERT INTO `llx_c_country` VALUES (86,'SV','SLV','Salvador',1,0);
INSERT INTO `llx_c_country` VALUES (87,'GQ','GNQ','Guinée Equatoriale',1,0);
INSERT INTO `llx_c_country` VALUES (88,'ER','ERI','Erythrée',1,0);
INSERT INTO `llx_c_country` VALUES (89,'EE','EST','Estonia',1,0);
INSERT INTO `llx_c_country` VALUES (90,'ET','ETH','Ethiopie',1,0);
INSERT INTO `llx_c_country` VALUES (91,'FK','FLK','Iles Falkland',1,0);
INSERT INTO `llx_c_country` VALUES (92,'FO','FRO','Iles Féroé',1,0);
INSERT INTO `llx_c_country` VALUES (93,'FJ','FJI','Iles Fidji',1,0);
INSERT INTO `llx_c_country` VALUES (94,'FI','FIN','Finlande',1,0);
INSERT INTO `llx_c_country` VALUES (95,'GF','GUF','Guyane française',1,0);
INSERT INTO `llx_c_country` VALUES (96,'PF','PYF','Polynésie française',1,0);
INSERT INTO `llx_c_country` VALUES (97,'TF','ATF','Terres australes françaises',1,0);
INSERT INTO `llx_c_country` VALUES (98,'GM','GMB','Gambie',1,0);
INSERT INTO `llx_c_country` VALUES (99,'GE','GEO','Georgia',1,0);
INSERT INTO `llx_c_country` VALUES (100,'GH','GHA','Ghana',1,0);
INSERT INTO `llx_c_country` VALUES (101,'GI','GIB','Gibraltar',1,0);
INSERT INTO `llx_c_country` VALUES (102,'GR','GRC','Greece',1,0);
INSERT INTO `llx_c_country` VALUES (103,'GL','GRL','Groenland',1,0);
INSERT INTO `llx_c_country` VALUES (104,'GD','GRD','Grenade',1,0);
INSERT INTO `llx_c_country` VALUES (106,'GU','GUM','Guam',1,0);
INSERT INTO `llx_c_country` VALUES (107,'GT','GTM','Guatemala',1,0);
INSERT INTO `llx_c_country` VALUES (108,'GN','GIN','Guinea',1,0);
INSERT INTO `llx_c_country` VALUES (109,'GW','GNB','Guinea-Bissao',1,0);
INSERT INTO `llx_c_country` VALUES (111,'HT','HTI','Haiti',1,0);
INSERT INTO `llx_c_country` VALUES (112,'HM','HMD','Iles Heard et McDonald',1,0);
INSERT INTO `llx_c_country` VALUES (113,'VA','VAT','Saint-Siège (Vatican)',1,0);
INSERT INTO `llx_c_country` VALUES (114,'HN','HND','Honduras',1,0);
INSERT INTO `llx_c_country` VALUES (115,'HK','HKG','Hong Kong',1,0);
INSERT INTO `llx_c_country` VALUES (116,'IS','ISL','Islande',1,0);
INSERT INTO `llx_c_country` VALUES (117,'IN','IND','India',1,0);
INSERT INTO `llx_c_country` VALUES (118,'ID','IDN','Indonésie',1,0);
INSERT INTO `llx_c_country` VALUES (119,'IR','IRN','Iran',1,0);
INSERT INTO `llx_c_country` VALUES (120,'IQ','IRQ','Iraq',1,0);
INSERT INTO `llx_c_country` VALUES (121,'IL','ISR','Israel',1,0);
INSERT INTO `llx_c_country` VALUES (122,'JM','JAM','Jamaïque',1,0);
INSERT INTO `llx_c_country` VALUES (123,'JP','JPN','Japon',1,0);
INSERT INTO `llx_c_country` VALUES (124,'JO','JOR','Jordanie',1,0);
INSERT INTO `llx_c_country` VALUES (125,'KZ','KAZ','Kazakhstan',1,0);
INSERT INTO `llx_c_country` VALUES (126,'KE','KEN','Kenya',1,0);
INSERT INTO `llx_c_country` VALUES (127,'KI','KIR','Kiribati',1,0);
INSERT INTO `llx_c_country` VALUES (128,'KP','PRK','North Corea',1,0);
INSERT INTO `llx_c_country` VALUES (129,'KR','KOR','South Corea',1,0);
INSERT INTO `llx_c_country` VALUES (130,'KW','KWT','Koweït',1,0);
INSERT INTO `llx_c_country` VALUES (131,'KG','KGZ','Kirghizistan',1,0);
INSERT INTO `llx_c_country` VALUES (132,'LA','LAO','Laos',1,0);
INSERT INTO `llx_c_country` VALUES (133,'LV','LVA','Lettonie',1,0);
INSERT INTO `llx_c_country` VALUES (134,'LB','LBN','Liban',1,0);
INSERT INTO `llx_c_country` VALUES (135,'LS','LSO','Lesotho',1,0);
INSERT INTO `llx_c_country` VALUES (136,'LR','LBR','Liberia',1,0);
INSERT INTO `llx_c_country` VALUES (137,'LY','LBY','Libye',1,0);
INSERT INTO `llx_c_country` VALUES (138,'LI','LIE','Liechtenstein',1,0);
INSERT INTO `llx_c_country` VALUES (139,'LT','LTU','Lituanie',1,0);
INSERT INTO `llx_c_country` VALUES (140,'LU','LUX','Luxembourg',1,0);
INSERT INTO `llx_c_country` VALUES (141,'MO','MAC','Macao',1,0);
INSERT INTO `llx_c_country` VALUES (142,'MK','MKD','ex-République yougoslave de Macédoine',1,0);
INSERT INTO `llx_c_country` VALUES (143,'MG','MDG','Madagascar',1,0);
INSERT INTO `llx_c_country` VALUES (144,'MW','MWI','Malawi',1,0);
INSERT INTO `llx_c_country` VALUES (145,'MY','MYS','Malaisie',1,0);
INSERT INTO `llx_c_country` VALUES (146,'MV','MDV','Maldives',1,0);
INSERT INTO `llx_c_country` VALUES (147,'ML','MLI','Mali',1,0);
INSERT INTO `llx_c_country` VALUES (148,'MT','MLT','Malte',1,0);
INSERT INTO `llx_c_country` VALUES (149,'MH','MHL','Iles Marshall',1,0);
INSERT INTO `llx_c_country` VALUES (151,'MR','MRT','Mauritanie',1,0);
INSERT INTO `llx_c_country` VALUES (152,'MU','MUS','Maurice',1,0);
INSERT INTO `llx_c_country` VALUES (153,'YT','MYT','Mayotte',1,0);
INSERT INTO `llx_c_country` VALUES (154,'MX','MEX','Mexique',1,0);
INSERT INTO `llx_c_country` VALUES (155,'FM','FSM','Micronésie',1,0);
INSERT INTO `llx_c_country` VALUES (156,'MD','MDA','Moldavie',1,0);
INSERT INTO `llx_c_country` VALUES (157,'MN','MNG','Mongolie',1,0);
INSERT INTO `llx_c_country` VALUES (158,'MS','MSR','Monserrat',1,0);
INSERT INTO `llx_c_country` VALUES (159,'MZ','MOZ','Mozambique',1,0);
INSERT INTO `llx_c_country` VALUES (160,'MM','MMR','Birmanie (Myanmar)',1,0);
INSERT INTO `llx_c_country` VALUES (161,'NA','NAM','Namibie',1,0);
INSERT INTO `llx_c_country` VALUES (162,'NR','NRU','Nauru',1,0);
INSERT INTO `llx_c_country` VALUES (163,'NP','NPL','Népal',1,0);
INSERT INTO `llx_c_country` VALUES (164,'AN',NULL,'Antilles néerlandaises',1,0);
INSERT INTO `llx_c_country` VALUES (165,'NC','NCL','Nouvelle-Calédonie',1,0);
INSERT INTO `llx_c_country` VALUES (166,'NZ','NZL','Nouvelle-Zélande',1,0);
INSERT INTO `llx_c_country` VALUES (167,'NI','NIC','Nicaragua',1,0);
INSERT INTO `llx_c_country` VALUES (168,'NE','NER','Niger',1,0);
INSERT INTO `llx_c_country` VALUES (169,'NG','NGA','Nigeria',1,0);
INSERT INTO `llx_c_country` VALUES (170,'NU','NIU','Nioué',1,0);
INSERT INTO `llx_c_country` VALUES (171,'NF','NFK','Ile Norfolk',1,0);
INSERT INTO `llx_c_country` VALUES (172,'MP','MNP','Mariannes du Nord',1,0);
INSERT INTO `llx_c_country` VALUES (173,'NO','NOR','Norvège',1,0);
INSERT INTO `llx_c_country` VALUES (174,'OM','OMN','Oman',1,0);
INSERT INTO `llx_c_country` VALUES (175,'PK','PAK','Pakistan',1,0);
INSERT INTO `llx_c_country` VALUES (176,'PW','PLW','Palaos',1,0);
INSERT INTO `llx_c_country` VALUES (177,'PS','PSE','Territoire Palestinien Occupé',1,0);
INSERT INTO `llx_c_country` VALUES (178,'PA','PAN','Panama',1,0);
INSERT INTO `llx_c_country` VALUES (179,'PG','PNG','Papouasie-Nouvelle-Guinée',1,0);
INSERT INTO `llx_c_country` VALUES (180,'PY','PRY','Paraguay',1,0);
INSERT INTO `llx_c_country` VALUES (181,'PE','PER','Peru',1,0);
INSERT INTO `llx_c_country` VALUES (182,'PH','PHL','Philippines',1,0);
INSERT INTO `llx_c_country` VALUES (183,'PN','PCN','Iles Pitcairn',1,0);
INSERT INTO `llx_c_country` VALUES (184,'PL','POL','Pologne',1,0);
INSERT INTO `llx_c_country` VALUES (185,'PR','PRI','Porto Rico',1,0);
INSERT INTO `llx_c_country` VALUES (186,'QA','QAT','Qatar',1,0);
INSERT INTO `llx_c_country` VALUES (188,'RO','ROU','Roumanie',1,0);
INSERT INTO `llx_c_country` VALUES (189,'RW','RWA','Rwanda',1,0);
INSERT INTO `llx_c_country` VALUES (190,'SH','SHN','Sainte-Hélène',1,0);
INSERT INTO `llx_c_country` VALUES (191,'KN','KNA','Saint-Christophe-et-Niévès',1,0);
INSERT INTO `llx_c_country` VALUES (192,'LC','LCA','Sainte-Lucie',1,0);
INSERT INTO `llx_c_country` VALUES (193,'PM','SPM','Saint-Pierre-et-Miquelon',1,0);
INSERT INTO `llx_c_country` VALUES (194,'VC','VCT','Saint-Vincent-et-les-Grenadines',1,0);
INSERT INTO `llx_c_country` VALUES (195,'WS','WSM','Samoa',1,0);
INSERT INTO `llx_c_country` VALUES (196,'SM','SMR','Saint-Marin',1,0);
INSERT INTO `llx_c_country` VALUES (197,'ST','STP','Sao Tomé-et-Principe',1,0);
INSERT INTO `llx_c_country` VALUES (198,'RS','SRB','Serbie',1,0);
INSERT INTO `llx_c_country` VALUES (199,'SC','SYC','Seychelles',1,0);
INSERT INTO `llx_c_country` VALUES (200,'SL','SLE','Sierra Leone',1,0);
INSERT INTO `llx_c_country` VALUES (201,'SK','SVK','Slovaquie',1,0);
INSERT INTO `llx_c_country` VALUES (202,'SI','SVN','Slovénie',1,0);
INSERT INTO `llx_c_country` VALUES (203,'SB','SLB','Iles Salomon',1,0);
INSERT INTO `llx_c_country` VALUES (204,'SO','SOM','Somalie',1,0);
INSERT INTO `llx_c_country` VALUES (205,'ZA','ZAF','Afrique du Sud',1,0);
INSERT INTO `llx_c_country` VALUES (206,'GS','SGS','Iles Géorgie du Sud et Sandwich du Sud',1,0);
INSERT INTO `llx_c_country` VALUES (207,'LK','LKA','Sri Lanka',1,0);
INSERT INTO `llx_c_country` VALUES (208,'SD','SDN','Soudan',1,0);
INSERT INTO `llx_c_country` VALUES (209,'SR','SUR','Suriname',1,0);
INSERT INTO `llx_c_country` VALUES (210,'SJ','SJM','Iles Svalbard et Jan Mayen',1,0);
INSERT INTO `llx_c_country` VALUES (211,'SZ','SWZ','Swaziland',1,0);
INSERT INTO `llx_c_country` VALUES (212,'SY','SYR','Syrie',1,0);
INSERT INTO `llx_c_country` VALUES (213,'TW','TWN','Taïwan',1,0);
INSERT INTO `llx_c_country` VALUES (214,'TJ','TJK','Tadjikistan',1,0);
INSERT INTO `llx_c_country` VALUES (215,'TZ','TZA','Tanzanie',1,0);
INSERT INTO `llx_c_country` VALUES (216,'TH','THA','Thaïlande',1,0);
INSERT INTO `llx_c_country` VALUES (217,'TL','TLS','Timor Oriental',1,0);
INSERT INTO `llx_c_country` VALUES (218,'TK','TKL','Tokélaou',1,0);
INSERT INTO `llx_c_country` VALUES (219,'TO','TON','Tonga',1,0);
INSERT INTO `llx_c_country` VALUES (220,'TT','TTO','Trinité-et-Tobago',1,0);
INSERT INTO `llx_c_country` VALUES (221,'TR','TUR','Turquie',1,0);
INSERT INTO `llx_c_country` VALUES (222,'TM','TKM','Turkménistan',1,0);
INSERT INTO `llx_c_country` VALUES (223,'TC','TCA','Iles Turks-et-Caicos',1,0);
INSERT INTO `llx_c_country` VALUES (224,'TV','TUV','Tuvalu',1,0);
INSERT INTO `llx_c_country` VALUES (225,'UG','UGA','Ouganda',1,0);
INSERT INTO `llx_c_country` VALUES (226,'UA','UKR','Ukraine',1,0);
INSERT INTO `llx_c_country` VALUES (227,'AE','ARE','Émirats arabes unis',1,0);
INSERT INTO `llx_c_country` VALUES (228,'UM','UMI','Iles mineures éloignées des États-Unis',1,0);
INSERT INTO `llx_c_country` VALUES (229,'UY','URY','Uruguay',1,0);
INSERT INTO `llx_c_country` VALUES (230,'UZ','UZB','Ouzbékistan',1,0);
INSERT INTO `llx_c_country` VALUES (231,'VU','VUT','Vanuatu',1,0);
INSERT INTO `llx_c_country` VALUES (232,'VE','VEN','Vénézuela',1,0);
INSERT INTO `llx_c_country` VALUES (233,'VN','VNM','Viêt Nam',1,0);
INSERT INTO `llx_c_country` VALUES (234,'VG','VGB','Iles Vierges britanniques',1,0);
INSERT INTO `llx_c_country` VALUES (235,'VI','VIR','Iles Vierges américaines',1,0);
INSERT INTO `llx_c_country` VALUES (236,'WF','WLF','Wallis-et-Futuna',1,0);
INSERT INTO `llx_c_country` VALUES (237,'EH','ESH','Sahara occidental',1,0);
INSERT INTO `llx_c_country` VALUES (238,'YE','YEM','Yémen',1,0);
INSERT INTO `llx_c_country` VALUES (239,'ZM','ZMB','Zambie',1,0);
INSERT INTO `llx_c_country` VALUES (240,'ZW','ZWE','Zimbabwe',1,0);
INSERT INTO `llx_c_country` VALUES (241,'GG','GGY','Guernesey',1,0);
INSERT INTO `llx_c_country` VALUES (242,'IM','IMN','Ile de Man',1,0);
INSERT INTO `llx_c_country` VALUES (243,'JE','JEY','Jersey',1,0);
INSERT INTO `llx_c_country` VALUES (244,'ME','MNE','Monténégro',1,0);
INSERT INTO `llx_c_country` VALUES (245,'BL','BLM','Saint-Barthélemy',1,0);
INSERT INTO `llx_c_country` VALUES (246,'MF','MAF','Saint-Martin',1,0);
ALTER TABLE `llx_c_country` ENABLE KEYS;
UNLOCK TABLES;




--
-- Table structure for table `llx_c_currencies`
--
DROP TABLE IF EXISTS `llx_c_currencies`;
CREATE TABLE `llx_c_currencies` (
  `code_iso` varchar(3) COLLATE latin1_general_ci NOT NULL,
  `label` varchar(64) COLLATE latin1_general_ci NOT NULL,
  `unicode` varchar(32) COLLATE latin1_general_ci DEFAULT NULL,
  `active` tinyint(4) NOT NULL DEFAULT '1',
  PRIMARY KEY (`code_iso`),
  UNIQUE KEY `uk_c_currencies_code_iso` (`code_iso`)
) ENGINE=InnoDB DEFAULT CHARSET=latin1 COLLATE=latin1_general_ci;

--
-- Dumping data for table `llx_c_currencies`
--
LOCK TABLES `llx_c_currencies` WRITE;
ALTER TABLE `llx_c_currencies` DISABLE KEYS;
INSERT INTO `llx_c_currencies` VALUES ('AED','United Arab Emirates Dirham',NULL,1);
INSERT INTO `llx_c_currencies` VALUES ('AFN','Afghanistan Afghani','[1547]',1);
INSERT INTO `llx_c_currencies` VALUES ('ALL','Albania Lek','[76,101,107]',1);
INSERT INTO `llx_c_currencies` VALUES ('ANG','Netherlands Antilles Guilder','[402]',1);
INSERT INTO `llx_c_currencies` VALUES ('ARP','Pesos argentins',NULL,0);
INSERT INTO `llx_c_currencies` VALUES ('ARS','Argentino Peso','[36]',1);
INSERT INTO `llx_c_currencies` VALUES ('ATS','Shiliing autrichiens',NULL,0);
INSERT INTO `llx_c_currencies` VALUES ('AUD','Australia Dollar','[36]',1);
INSERT INTO `llx_c_currencies` VALUES ('AWG','Aruba Guilder','[402]',1);
INSERT INTO `llx_c_currencies` VALUES ('AZN','Azerbaijan New Manat','[1084,1072,1085]',1);
INSERT INTO `llx_c_currencies` VALUES ('BAM','Bosnia and Herzegovina Convertible Marka','[75,77]',1);
INSERT INTO `llx_c_currencies` VALUES ('BBD','Barbados Dollar','[36]',1);
INSERT INTO `llx_c_currencies` VALUES ('BEF','Francs belges',NULL,0);
INSERT INTO `llx_c_currencies` VALUES ('BGN','Bulgaria Lev','[1083,1074]',1);
INSERT INTO `llx_c_currencies` VALUES ('BMD','Bermuda Dollar','[36]',1);
INSERT INTO `llx_c_currencies` VALUES ('BND','Brunei Darussalam Dollar','[36]',1);
INSERT INTO `llx_c_currencies` VALUES ('BOB','Bolivia Boliviano','[36,98]',1);
INSERT INTO `llx_c_currencies` VALUES ('BRL','Brazil Real','[82,36]',1);
INSERT INTO `llx_c_currencies` VALUES ('BSD','Bahamas Dollar','[36]',1);
INSERT INTO `llx_c_currencies` VALUES ('BWP','Botswana Pula','[80]',1);
INSERT INTO `llx_c_currencies` VALUES ('BYR','Belarus Ruble','[112,46]',1);
INSERT INTO `llx_c_currencies` VALUES ('BZD','Belize Dollar','[66,90,36]',1);
INSERT INTO `llx_c_currencies` VALUES ('CAD','Canada Dollar','[36]',1);
INSERT INTO `llx_c_currencies` VALUES ('CHF','Switzerland Franc','[67,72,70]',1);
INSERT INTO `llx_c_currencies` VALUES ('CLP','Chile Peso','[36]',1);
INSERT INTO `llx_c_currencies` VALUES ('CNY','China Yuan Renminbi','[165]',1);
INSERT INTO `llx_c_currencies` VALUES ('COP','Colombia Peso','[36]',1);
INSERT INTO `llx_c_currencies` VALUES ('CRC','Costa Rica Colon','[8353]',1);
INSERT INTO `llx_c_currencies` VALUES ('CUP','Cuba Peso','[8369]',1);
INSERT INTO `llx_c_currencies` VALUES ('CZK','Czech Republic Koruna','[75,269]',1);
INSERT INTO `llx_c_currencies` VALUES ('DEM','Deutsch mark',NULL,0);
INSERT INTO `llx_c_currencies` VALUES ('DKK','Denmark Krone','[107,114]',1);
INSERT INTO `llx_c_currencies` VALUES ('DOP','Dominican Republic Peso','[82,68,36]',1);
INSERT INTO `llx_c_currencies` VALUES ('DZD','Algeria Dinar',NULL,1);
INSERT INTO `llx_c_currencies` VALUES ('EEK','Estonia Kroon','[107,114]',1);
INSERT INTO `llx_c_currencies` VALUES ('EGP','Egypt Pound','[163]',1);
INSERT INTO `llx_c_currencies` VALUES ('ESP','Pesete',NULL,0);
INSERT INTO `llx_c_currencies` VALUES ('EUR','Euro Member Countries','[8364]',1);
INSERT INTO `llx_c_currencies` VALUES ('FIM','Mark finlandais',NULL,0);
INSERT INTO `llx_c_currencies` VALUES ('FJD','Fiji Dollar','[36]',1);
INSERT INTO `llx_c_currencies` VALUES ('FKP','Falkland Islands (Malvinas) Pound','[163]',1);
INSERT INTO `llx_c_currencies` VALUES ('FRF','Francs francais',NULL,0);
INSERT INTO `llx_c_currencies` VALUES ('GBP','United Kingdom Pound','[163]',1);
INSERT INTO `llx_c_currencies` VALUES ('GGP','Guernsey Pound','[163]',1);
INSERT INTO `llx_c_currencies` VALUES ('GHC','Ghana Cedis','[162]',1);
INSERT INTO `llx_c_currencies` VALUES ('GIP','Gibraltar Pound','[163]',1);
INSERT INTO `llx_c_currencies` VALUES ('GNF','Franc Guinéen','[70,71]',1);
INSERT INTO `llx_c_currencies` VALUES ('GRD','Drachme (grece)',NULL,0);
INSERT INTO `llx_c_currencies` VALUES ('GTQ','Guatemala Quetzal','[81]',1);
INSERT INTO `llx_c_currencies` VALUES ('GYD','Guyana Dollar','[36]',1);
INSERT INTO `llx_c_currencies` VALUES ('HKD','Hong Kong Dollar','[36]',1);
INSERT INTO `llx_c_currencies` VALUES ('HNL','Honduras Lempira','[76]',1);
INSERT INTO `llx_c_currencies` VALUES ('HRK','Croatia Kuna','[107,110]',1);
INSERT INTO `llx_c_currencies` VALUES ('HUF','Hungary Forint','[70,116]',1);
INSERT INTO `llx_c_currencies` VALUES ('IDR','Indonesia Rupiah','[82,112]',1);
INSERT INTO `llx_c_currencies` VALUES ('IEP','Livres irlandaises',NULL,0);
INSERT INTO `llx_c_currencies` VALUES ('ILS','Israel Shekel','[8362]',1);
INSERT INTO `llx_c_currencies` VALUES ('IMP','Isle of Man Pound','[163]',1);
INSERT INTO `llx_c_currencies` VALUES ('INR','India Rupee',NULL,1);
INSERT INTO `llx_c_currencies` VALUES ('IRR','Iran Rial','[65020]',1);
INSERT INTO `llx_c_currencies` VALUES ('ISK','Iceland Krona','[107,114]',1);
INSERT INTO `llx_c_currencies` VALUES ('ITL','Lires',NULL,0);
INSERT INTO `llx_c_currencies` VALUES ('JEP','Jersey Pound','[163]',1);
INSERT INTO `llx_c_currencies` VALUES ('JMD','Jamaica Dollar','[74,36]',1);
INSERT INTO `llx_c_currencies` VALUES ('JPY','Japan Yen','[165]',1);
INSERT INTO `llx_c_currencies` VALUES ('KES','Kenya Shilling',NULL,1);
INSERT INTO `llx_c_currencies` VALUES ('KGS','Kyrgyzstan Som','[1083,1074]',1);
INSERT INTO `llx_c_currencies` VALUES ('KHR','Cambodia Riel','[6107]',1);
INSERT INTO `llx_c_currencies` VALUES ('KPW','Korea (North) Won','[8361]',1);
INSERT INTO `llx_c_currencies` VALUES ('KRW','Korea (South) Won','[8361]',1);
INSERT INTO `llx_c_currencies` VALUES ('KYD','Cayman Islands Dollar','[36]',1);
INSERT INTO `llx_c_currencies` VALUES ('KZT','Kazakhstan Tenge','[1083,1074]',1);
INSERT INTO `llx_c_currencies` VALUES ('LAK','Laos Kip','[8365]',1);
INSERT INTO `llx_c_currencies` VALUES ('LBP','Lebanon Pound','[163]',1);
INSERT INTO `llx_c_currencies` VALUES ('LKR','Sri Lanka Rupee','[8360]',1);
INSERT INTO `llx_c_currencies` VALUES ('LRD','Liberia Dollar','[36]',1);
INSERT INTO `llx_c_currencies` VALUES ('LTL','Lithuania Litas','[76,116]',1);
INSERT INTO `llx_c_currencies` VALUES ('LUF','Francs luxembourgeois',NULL,0);
INSERT INTO `llx_c_currencies` VALUES ('LVL','Latvia Lat','[76,115]',1);
INSERT INTO `llx_c_currencies` VALUES ('MAD','Morocco Dirham',NULL,1);
INSERT INTO `llx_c_currencies` VALUES ('MKD','Macedonia Denar','[1076,1077,1085]',1);
INSERT INTO `llx_c_currencies` VALUES ('MNT','Mongolia Tughrik','[8366]',1);
INSERT INTO `llx_c_currencies` VALUES ('MRO','Mauritania Ouguiya',NULL,1);
INSERT INTO `llx_c_currencies` VALUES ('MUR','Mauritius Rupee','[8360]',1);
INSERT INTO `llx_c_currencies` VALUES ('MXN','Mexico Peso','[36]',1);
INSERT INTO `llx_c_currencies` VALUES ('MXP','Pesos Mexicans',NULL,0);
INSERT INTO `llx_c_currencies` VALUES ('MYR','Malaysia Ringgit','[82,77]',1);
INSERT INTO `llx_c_currencies` VALUES ('MZN','Mozambique Metical','[77,84]',1);
INSERT INTO `llx_c_currencies` VALUES ('NAD','Namibia Dollar','[36]',1);
INSERT INTO `llx_c_currencies` VALUES ('NGN','Nigeria Naira','[8358]',1);
INSERT INTO `llx_c_currencies` VALUES ('NIO','Nicaragua Cordoba','[67,36]',1);
INSERT INTO `llx_c_currencies` VALUES ('NLG','Florins',NULL,0);
INSERT INTO `llx_c_currencies` VALUES ('NOK','Norway Krone','[107,114]',1);
INSERT INTO `llx_c_currencies` VALUES ('NPR','Nepal Rupee','[8360]',1);
INSERT INTO `llx_c_currencies` VALUES ('NZD','New Zealand Dollar','[36]',1);
INSERT INTO `llx_c_currencies` VALUES ('OMR','Oman Rial','[65020]',1);
INSERT INTO `llx_c_currencies` VALUES ('PAB','Panama Balboa','[66,47,46]',1);
INSERT INTO `llx_c_currencies` VALUES ('PEN','Peru Nuevo Sol','[83,47,46]',1);
INSERT INTO `llx_c_currencies` VALUES ('PHP','Philippines Peso','[8369]',1);
INSERT INTO `llx_c_currencies` VALUES ('PKR','Pakistan Rupee','[8360]',1);
INSERT INTO `llx_c_currencies` VALUES ('PLN','Poland Zloty','[122,322]',1);
INSERT INTO `llx_c_currencies` VALUES ('PTE','Escudos',NULL,0);
INSERT INTO `llx_c_currencies` VALUES ('PYG','Paraguay Guarani','[71,115]',1);
INSERT INTO `llx_c_currencies` VALUES ('QAR','Qatar Riyal','[65020]',1);
INSERT INTO `llx_c_currencies` VALUES ('RON','Romania New Leu','[108,101,105]',1);
INSERT INTO `llx_c_currencies` VALUES ('RSD','Serbia Dinar','[1044,1080,1085,46]',1);
INSERT INTO `llx_c_currencies` VALUES ('RUB','Russia Ruble','[1088,1091,1073]',1);
INSERT INTO `llx_c_currencies` VALUES ('SAR','Saudi Arabia Riyal','[65020]',1);
INSERT INTO `llx_c_currencies` VALUES ('SBD','Solomon Islands Dollar','[36]',1);
INSERT INTO `llx_c_currencies` VALUES ('SCR','Seychelles Rupee','[8360]',1);
INSERT INTO `llx_c_currencies` VALUES ('SEK','Sweden Krona','[107,114]',1);
INSERT INTO `llx_c_currencies` VALUES ('SGD','Singapore Dollar','[36]',1);
INSERT INTO `llx_c_currencies` VALUES ('SHP','Saint Helena Pound','[163]',1);
INSERT INTO `llx_c_currencies` VALUES ('SKK','Couronnes slovaques',NULL,0);
INSERT INTO `llx_c_currencies` VALUES ('SOS','Somalia Shilling','[83]',1);
INSERT INTO `llx_c_currencies` VALUES ('SRD','Suriname Dollar','[36]',1);
INSERT INTO `llx_c_currencies` VALUES ('SUR','Rouble',NULL,0);
INSERT INTO `llx_c_currencies` VALUES ('SVC','El Salvador Colon','[36]',1);
INSERT INTO `llx_c_currencies` VALUES ('SYP','Syria Pound','[163]',1);
INSERT INTO `llx_c_currencies` VALUES ('THB','Thailand Baht','[3647]',1);
INSERT INTO `llx_c_currencies` VALUES ('TND','Tunisia Dinar',NULL,1);
INSERT INTO `llx_c_currencies` VALUES ('TRL','Turkey Lira','[84,76]',1);
INSERT INTO `llx_c_currencies` VALUES ('TRY','Turkey Lira','[8356]',1);
INSERT INTO `llx_c_currencies` VALUES ('TTD','Trinidad and Tobago Dollar','[84,84,36]',1);
INSERT INTO `llx_c_currencies` VALUES ('TVD','Tuvalu Dollar','[36]',1);
INSERT INTO `llx_c_currencies` VALUES ('TWD','Taiwan New Dollar','[78,84,36]',1);
INSERT INTO `llx_c_currencies` VALUES ('UAH','Ukraine Hryvna','[8372]',1);
INSERT INTO `llx_c_currencies` VALUES ('USD','United States Dollar','[36]',1);
INSERT INTO `llx_c_currencies` VALUES ('UYU','Uruguay Peso','[36,85]',1);
INSERT INTO `llx_c_currencies` VALUES ('UZS','Uzbekistan Som','[1083,1074]',1);
INSERT INTO `llx_c_currencies` VALUES ('VEF','Venezuela Bolivar Fuerte','[66,115]',1);
INSERT INTO `llx_c_currencies` VALUES ('VND','Viet Nam Dong','[8363]',1);
INSERT INTO `llx_c_currencies` VALUES ('XAF','Communaute Financiere Africaine (BEAC) CFA Franc',NULL,1);
INSERT INTO `llx_c_currencies` VALUES ('XCD','East Caribbean Dollar','[36]',1);
INSERT INTO `llx_c_currencies` VALUES ('XEU','Ecus',NULL,0);
INSERT INTO `llx_c_currencies` VALUES ('XOF','Communaute Financiere Africaine (BCEAO) Franc',NULL,1);
INSERT INTO `llx_c_currencies` VALUES ('XPF','Franc pacifique (XPF)',NULL,1);
INSERT INTO `llx_c_currencies` VALUES ('YER','Yemen Rial','[65020]',1);
INSERT INTO `llx_c_currencies` VALUES ('ZAR','South Africa Rand','[82]',1);
INSERT INTO `llx_c_currencies` VALUES ('ZWD','Zimbabwe Dollar','[90,36]',1);
ALTER TABLE `llx_c_currencies` ENABLE KEYS;
UNLOCK TABLES;




--
-- Table structure for table `llx_c_departements`
--
DROP TABLE IF EXISTS `llx_c_departements`;
CREATE TABLE `llx_c_departements` (
  `rowid` int(11) NOT NULL AUTO_INCREMENT,
  `code_departement` varchar(6) COLLATE latin1_general_ci NOT NULL,
  `fk_region` int(11) DEFAULT NULL,
  `cheflieu` varchar(50) COLLATE latin1_general_ci DEFAULT NULL,
  `tncc` int(11) DEFAULT NULL,
  `ncc` varchar(50) COLLATE latin1_general_ci DEFAULT NULL,
  `nom` varchar(50) COLLATE latin1_general_ci DEFAULT NULL,
  `active` tinyint(4) NOT NULL DEFAULT '1',
  PRIMARY KEY (`rowid`),
  UNIQUE KEY `uk_departements` (`code_departement`,`fk_region`),
  KEY `idx_departements_fk_region` (`fk_region`),
  CONSTRAINT `fk_departements_fk_region` FOREIGN KEY (`fk_region`) REFERENCES `llx_c_regions` (`code_region`)
) ENGINE=InnoDB AUTO_INCREMENT=1173 DEFAULT CHARSET=latin1 COLLATE=latin1_general_ci;

--
-- Dumping data for table `llx_c_departements`
--
LOCK TABLES `llx_c_departements` WRITE;
ALTER TABLE `llx_c_departements` DISABLE KEYS;
INSERT INTO `llx_c_departements` VALUES (1,0,0,0,0,'-','-',1);
INSERT INTO `llx_c_departements` VALUES (2,971,1,97105,3,'GUADELOUPE','Guadeloupe',1);
INSERT INTO `llx_c_departements` VALUES (3,972,2,97209,3,'MARTINIQUE','Martinique',1);
INSERT INTO `llx_c_departements` VALUES (4,973,3,97302,3,'GUYANE','Guyane',1);
INSERT INTO `llx_c_departements` VALUES (5,974,4,97411,3,'REUNION','Réunion',1);
INSERT INTO `llx_c_departements` VALUES (6,976,6,97601,3,'MAYOTTE','Mayotte',1);
INSERT INTO `llx_c_departements` VALUES (7,'01',82,'01053',5,'AIN','Ain',1);
INSERT INTO `llx_c_departements` VALUES (8,'02',22,'02408',5,'AISNE','Aisne',1);
INSERT INTO `llx_c_departements` VALUES (9,'03',83,'03190',5,'ALLIER','Allier',1);
INSERT INTO `llx_c_departements` VALUES (10,'04',93,'04070',4,'ALPES-DE-HAUTE-PROVENCE','Alpes-de-Haute-Provence',1);
INSERT INTO `llx_c_departements` VALUES (11,'05',93,'05061',4,'HAUTES-ALPES','Hautes-Alpes',1);
INSERT INTO `llx_c_departements` VALUES (12,'06',93,'06088',4,'ALPES-MARITIMES','Alpes-Maritimes',1);
INSERT INTO `llx_c_departements` VALUES (13,'07',82,'07186',5,'ARDECHE','Ardèche',1);
INSERT INTO `llx_c_departements` VALUES (14,'08',21,'08105',4,'ARDENNES','Ardennes',1);
INSERT INTO `llx_c_departements` VALUES (15,'09',73,'09122',5,'ARIEGE','Ariège',1);
INSERT INTO `llx_c_departements` VALUES (16,10,21,10387,5,'AUBE','Aube',1);
INSERT INTO `llx_c_departements` VALUES (17,11,91,11069,5,'AUDE','Aude',1);
INSERT INTO `llx_c_departements` VALUES (18,12,73,12202,5,'AVEYRON','Aveyron',1);
INSERT INTO `llx_c_departements` VALUES (19,13,93,13055,4,'BOUCHES-DU-RHONE','Bouches-du-Rhône',1);
INSERT INTO `llx_c_departements` VALUES (20,14,25,14118,2,'CALVADOS','Calvados',1);
INSERT INTO `llx_c_departements` VALUES (21,15,83,15014,2,'CANTAL','Cantal',1);
INSERT INTO `llx_c_departements` VALUES (22,16,54,16015,3,'CHARENTE','Charente',1);
INSERT INTO `llx_c_departements` VALUES (23,17,54,17300,3,'CHARENTE-MARITIME','Charente-Maritime',1);
INSERT INTO `llx_c_departements` VALUES (24,18,24,18033,2,'CHER','Cher',1);
INSERT INTO `llx_c_departements` VALUES (25,19,74,19272,3,'CORREZE','Corrèze',1);
INSERT INTO `llx_c_departements` VALUES (26,'2A',94,'2A004',3,'CORSE-DU-SUD','Corse-du-Sud',1);
INSERT INTO `llx_c_departements` VALUES (27,'2B',94,'2B033',3,'HAUTE-CORSE','Haute-Corse',1);
INSERT INTO `llx_c_departements` VALUES (28,21,26,21231,3,'COTE-D OR','Côte-d Or',1);
INSERT INTO `llx_c_departements` VALUES (29,22,53,22278,4,'COTES-D ARMOR','Côtes-d Armor',1);
INSERT INTO `llx_c_departements` VALUES (30,23,74,23096,3,'CREUSE','Creuse',1);
INSERT INTO `llx_c_departements` VALUES (31,24,72,24322,3,'DORDOGNE','Dordogne',1);
INSERT INTO `llx_c_departements` VALUES (32,25,43,25056,2,'DOUBS','Doubs',1);
INSERT INTO `llx_c_departements` VALUES (33,26,82,26362,3,'DROME','Drôme',1);
INSERT INTO `llx_c_departements` VALUES (34,27,23,27229,5,'EURE','Eure',1);
INSERT INTO `llx_c_departements` VALUES (35,28,24,28085,1,'EURE-ET-LOIR','Eure-et-Loir',1);
INSERT INTO `llx_c_departements` VALUES (36,29,53,29232,2,'FINISTERE','Finistère',1);
INSERT INTO `llx_c_departements` VALUES (37,30,91,30189,2,'GARD','Gard',1);
INSERT INTO `llx_c_departements` VALUES (38,31,73,31555,3,'HAUTE-GARONNE','Haute-Garonne',1);
INSERT INTO `llx_c_departements` VALUES (39,32,73,32013,2,'GERS','Gers',1);
INSERT INTO `llx_c_departements` VALUES (40,33,72,33063,3,'GIRONDE','Gironde',1);
INSERT INTO `llx_c_departements` VALUES (41,34,91,34172,5,'HERAULT','Hérault',1);
INSERT INTO `llx_c_departements` VALUES (42,35,53,35238,1,'ILLE-ET-VILAINE','Ille-et-Vilaine',1);
INSERT INTO `llx_c_departements` VALUES (43,36,24,36044,5,'INDRE','Indre',1);
INSERT INTO `llx_c_departements` VALUES (44,37,24,37261,1,'INDRE-ET-LOIRE','Indre-et-Loire',1);
INSERT INTO `llx_c_departements` VALUES (45,38,82,38185,5,'ISERE','Isère',1);
INSERT INTO `llx_c_departements` VALUES (46,39,43,39300,2,'JURA','Jura',1);
INSERT INTO `llx_c_departements` VALUES (47,40,72,40192,4,'LANDES','Landes',1);
INSERT INTO `llx_c_departements` VALUES (48,41,24,41018,0,'LOIR-ET-CHER','Loir-et-Cher',1);
INSERT INTO `llx_c_departements` VALUES (49,42,82,42218,3,'LOIRE','Loire',1);
INSERT INTO `llx_c_departements` VALUES (50,43,83,43157,3,'HAUTE-LOIRE','Haute-Loire',1);
INSERT INTO `llx_c_departements` VALUES (51,44,52,44109,3,'LOIRE-ATLANTIQUE','Loire-Atlantique',1);
INSERT INTO `llx_c_departements` VALUES (52,45,24,45234,2,'LOIRET','Loiret',1);
INSERT INTO `llx_c_departements` VALUES (53,46,73,46042,2,'LOT','Lot',1);
INSERT INTO `llx_c_departements` VALUES (54,47,72,47001,0,'LOT-ET-GARONNE','Lot-et-Garonne',1);
INSERT INTO `llx_c_departements` VALUES (55,48,91,48095,3,'LOZERE','Lozère',1);
INSERT INTO `llx_c_departements` VALUES (56,49,52,49007,0,'MAINE-ET-LOIRE','Maine-et-Loire',1);
INSERT INTO `llx_c_departements` VALUES (57,50,25,50502,3,'MANCHE','Manche',1);
INSERT INTO `llx_c_departements` VALUES (58,51,21,51108,3,'MARNE','Marne',1);
INSERT INTO `llx_c_departements` VALUES (59,52,21,52121,3,'HAUTE-MARNE','Haute-Marne',1);
INSERT INTO `llx_c_departements` VALUES (60,53,52,53130,3,'MAYENNE','Mayenne',1);
INSERT INTO `llx_c_departements` VALUES (61,54,41,54395,0,'MEURTHE-ET-MOSELLE','Meurthe-et-Moselle',1);
INSERT INTO `llx_c_departements` VALUES (62,55,41,55029,3,'MEUSE','Meuse',1);
INSERT INTO `llx_c_departements` VALUES (63,56,53,56260,2,'MORBIHAN','Morbihan',1);
INSERT INTO `llx_c_departements` VALUES (64,57,41,57463,3,'MOSELLE','Moselle',1);
INSERT INTO `llx_c_departements` VALUES (65,58,26,58194,3,'NIEVRE','Nièvre',1);
INSERT INTO `llx_c_departements` VALUES (66,59,31,59350,2,'NORD','Nord',1);
INSERT INTO `llx_c_departements` VALUES (67,60,22,60057,5,'OISE','Oise',1);
INSERT INTO `llx_c_departements` VALUES (68,61,25,61001,5,'ORNE','Orne',1);
INSERT INTO `llx_c_departements` VALUES (69,62,31,62041,2,'PAS-DE-CALAIS','Pas-de-Calais',1);
INSERT INTO `llx_c_departements` VALUES (70,63,83,63113,2,'PUY-DE-DOME','Puy-de-Dôme',1);
INSERT INTO `llx_c_departements` VALUES (71,64,72,64445,4,'PYRENEES-ATLANTIQUES','Pyrénées-Atlantiques',1);
INSERT INTO `llx_c_departements` VALUES (72,65,73,65440,4,'HAUTES-PYRENEES','Hautes-Pyrénées',1);
INSERT INTO `llx_c_departements` VALUES (73,66,91,66136,4,'PYRENEES-ORIENTALES','Pyrénées-Orientales',1);
INSERT INTO `llx_c_departements` VALUES (74,67,42,67482,2,'BAS-RHIN','Bas-Rhin',1);
INSERT INTO `llx_c_departements` VALUES (75,68,42,68066,2,'HAUT-RHIN','Haut-Rhin',1);
INSERT INTO `llx_c_departements` VALUES (76,69,82,69123,2,'RHONE','Rhône',1);
INSERT INTO `llx_c_departements` VALUES (77,70,43,70550,3,'HAUTE-SAONE','Haute-Saône',1);
INSERT INTO `llx_c_departements` VALUES (78,71,26,71270,0,'SAONE-ET-LOIRE','Saône-et-Loire',1);
INSERT INTO `llx_c_departements` VALUES (79,72,52,72181,3,'SARTHE','Sarthe',1);
INSERT INTO `llx_c_departements` VALUES (80,73,82,73065,3,'SAVOIE','Savoie',1);
INSERT INTO `llx_c_departements` VALUES (81,74,82,74010,3,'HAUTE-SAVOIE','Haute-Savoie',1);
INSERT INTO `llx_c_departements` VALUES (82,75,11,75056,0,'PARIS','Paris',1);
INSERT INTO `llx_c_departements` VALUES (83,76,23,76540,3,'SEINE-MARITIME','Seine-Maritime',1);
INSERT INTO `llx_c_departements` VALUES (84,77,11,77288,0,'SEINE-ET-MARNE','Seine-et-Marne',1);
INSERT INTO `llx_c_departements` VALUES (85,78,11,78646,4,'YVELINES','Yvelines',1);
INSERT INTO `llx_c_departements` VALUES (86,79,54,79191,4,'DEUX-SEVRES','Deux-Sèvres',1);
INSERT INTO `llx_c_departements` VALUES (87,80,22,80021,3,'SOMME','Somme',1);
INSERT INTO `llx_c_departements` VALUES (88,81,73,81004,2,'TARN','Tarn',1);
INSERT INTO `llx_c_departements` VALUES (89,82,73,82121,0,'TARN-ET-GARONNE','Tarn-et-Garonne',1);
INSERT INTO `llx_c_departements` VALUES (90,83,93,83137,2,'VAR','Var',1);
INSERT INTO `llx_c_departements` VALUES (91,84,93,84007,0,'VAUCLUSE','Vaucluse',1);
INSERT INTO `llx_c_departements` VALUES (92,85,52,85191,3,'VENDEE','Vendée',1);
INSERT INTO `llx_c_departements` VALUES (93,86,54,86194,3,'VIENNE','Vienne',1);
INSERT INTO `llx_c_departements` VALUES (94,87,74,87085,3,'HAUTE-VIENNE','Haute-Vienne',1);
INSERT INTO `llx_c_departements` VALUES (95,88,41,88160,4,'VOSGES','Vosges',1);
INSERT INTO `llx_c_departements` VALUES (96,89,26,89024,5,'YONNE','Yonne',1);
INSERT INTO `llx_c_departements` VALUES (97,90,43,90010,0,'TERRITOIRE DE BELFORT','Territoire de Belfort',1);
INSERT INTO `llx_c_departements` VALUES (98,91,11,91228,5,'ESSONNE','Essonne',1);
INSERT INTO `llx_c_departements` VALUES (99,92,11,92050,4,'HAUTS-DE-SEINE','Hauts-de-Seine',1);
INSERT INTO `llx_c_departements` VALUES (100,93,11,93008,3,'SEINE-SAINT-DENIS','Seine-Saint-Denis',1);
INSERT INTO `llx_c_departements` VALUES (101,94,11,94028,2,'VAL-DE-MARNE','Val-de-Marne',1);
INSERT INTO `llx_c_departements` VALUES (102,95,11,95500,2,'VAL-D OISE','Val-d Oise',1);
INSERT INTO `llx_c_departements` VALUES (103,'B',4101,NULL,NULL,'BURGENLAND','Burgenland',1);
INSERT INTO `llx_c_departements` VALUES (104,'K',4101,NULL,NULL,'KAERNTEN','Kärnten',1);
INSERT INTO `llx_c_departements` VALUES (105,'N',4101,NULL,NULL,'NIEDEROESTERREICH','Niederösterreich',1);
INSERT INTO `llx_c_departements` VALUES (106,'O',4101,NULL,NULL,'OBEROESTERREICH','Oberösterreich',1);
INSERT INTO `llx_c_departements` VALUES (107,'S',4101,NULL,NULL,'SALZBURG','Salzburg',1);
INSERT INTO `llx_c_departements` VALUES (108,'ST',4101,NULL,NULL,'STEIERMARK','Steiermark',1);
INSERT INTO `llx_c_departements` VALUES (109,'T',4101,NULL,NULL,'TIROL','Tirol',1);
INSERT INTO `llx_c_departements` VALUES (110,'V',4101,NULL,NULL,'VORARLBERG','Vorarlberg',1);
INSERT INTO `llx_c_departements` VALUES (111,'W',4101,NULL,NULL,'WIEN','Wien',1);
INSERT INTO `llx_c_departements` VALUES (112,'01',201,'',1,'ANVERS','Anvers',1);
INSERT INTO `llx_c_departements` VALUES (113,'02',203,'',3,'BRUXELLES-CAPITALE','Bruxelles-Capitale',1);
INSERT INTO `llx_c_departements` VALUES (114,'03',202,'',2,'BRABANT-WALLON','Brabant-Wallon',1);
INSERT INTO `llx_c_departements` VALUES (115,'04',201,'',1,'BRABANT-FLAMAND','Brabant-Flamand',1);
INSERT INTO `llx_c_departements` VALUES (116,'05',201,'',1,'FLANDRE-OCCIDENTALE','Flandre-Occidentale',1);
INSERT INTO `llx_c_departements` VALUES (117,'06',201,'',1,'FLANDRE-ORIENTALE','Flandre-Orientale',1);
INSERT INTO `llx_c_departements` VALUES (118,'07',202,'',2,'HAINAUT','Hainaut',1);
INSERT INTO `llx_c_departements` VALUES (119,'08',201,'',2,'LIEGE','Liège',1);
INSERT INTO `llx_c_departements` VALUES (120,'09',202,'',1,'LIMBOURG','Limbourg',1);
INSERT INTO `llx_c_departements` VALUES (121,10,202,'',2,'LUXEMBOURG','Luxembourg',1);
INSERT INTO `llx_c_departements` VALUES (122,11,201,'',2,'NAMUR','Namur',1);
INSERT INTO `llx_c_departements` VALUES (123,'AG',315,NULL,NULL,NULL,'AGRIGENTO',1);
INSERT INTO `llx_c_departements` VALUES (124,'AL',312,NULL,NULL,NULL,'ALESSANDRIA',1);
INSERT INTO `llx_c_departements` VALUES (125,'AN',310,NULL,NULL,NULL,'ANCONA',1);
INSERT INTO `llx_c_departements` VALUES (126,'AO',319,NULL,NULL,NULL,'AOSTA',1);
INSERT INTO `llx_c_departements` VALUES (127,'AR',316,NULL,NULL,NULL,'AREZZO',1);
INSERT INTO `llx_c_departements` VALUES (128,'AP',310,NULL,NULL,NULL,'ASCOLI PICENO',1);
INSERT INTO `llx_c_departements` VALUES (129,'AT',312,NULL,NULL,NULL,'ASTI',1);
INSERT INTO `llx_c_departements` VALUES (130,'AV',304,NULL,NULL,NULL,'AVELLINO',1);
INSERT INTO `llx_c_departements` VALUES (131,'BA',313,NULL,NULL,NULL,'BARI',1);
INSERT INTO `llx_c_departements` VALUES (132,'BT',313,NULL,NULL,NULL,'BARLETTA-ANDRIA-TRANI',1);
INSERT INTO `llx_c_departements` VALUES (133,'BL',320,NULL,NULL,NULL,'BELLUNO',1);
INSERT INTO `llx_c_departements` VALUES (134,'BN',304,NULL,NULL,NULL,'BENEVENTO',1);
INSERT INTO `llx_c_departements` VALUES (135,'BG',309,NULL,NULL,NULL,'BERGAMO',1);
INSERT INTO `llx_c_departements` VALUES (136,'BI',312,NULL,NULL,NULL,'BIELLA',1);
INSERT INTO `llx_c_departements` VALUES (137,'BO',305,NULL,NULL,NULL,'BOLOGNA',1);
INSERT INTO `llx_c_departements` VALUES (138,'BZ',317,NULL,NULL,NULL,'BOLZANO',1);
INSERT INTO `llx_c_departements` VALUES (139,'BS',309,NULL,NULL,NULL,'BRESCIA',1);
INSERT INTO `llx_c_departements` VALUES (140,'BR',313,NULL,NULL,NULL,'BRINDISI',1);
INSERT INTO `llx_c_departements` VALUES (141,'CA',314,NULL,NULL,NULL,'CAGLIARI',1);
INSERT INTO `llx_c_departements` VALUES (142,'CL',315,NULL,NULL,NULL,'CALTANISSETTA',1);
INSERT INTO `llx_c_departements` VALUES (143,'CB',311,NULL,NULL,NULL,'CAMPOBASSO',1);
INSERT INTO `llx_c_departements` VALUES (144,'CI',314,NULL,NULL,NULL,'CARBONIA-IGLESIAS',1);
INSERT INTO `llx_c_departements` VALUES (145,'CE',304,NULL,NULL,NULL,'CASERTA',1);
INSERT INTO `llx_c_departements` VALUES (146,'CT',315,NULL,NULL,NULL,'CATANIA',1);
INSERT INTO `llx_c_departements` VALUES (147,'CZ',303,NULL,NULL,NULL,'CATANZARO',1);
INSERT INTO `llx_c_departements` VALUES (148,'CH',301,NULL,NULL,NULL,'CHIETI',1);
INSERT INTO `llx_c_departements` VALUES (149,'CO',309,NULL,NULL,NULL,'COMO',1);
INSERT INTO `llx_c_departements` VALUES (150,'CS',303,NULL,NULL,NULL,'COSENZA',1);
INSERT INTO `llx_c_departements` VALUES (151,'CR',309,NULL,NULL,NULL,'CREMONA',1);
INSERT INTO `llx_c_departements` VALUES (152,'KR',303,NULL,NULL,NULL,'CROTONE',1);
INSERT INTO `llx_c_departements` VALUES (153,'CN',312,NULL,NULL,NULL,'CUNEO',1);
INSERT INTO `llx_c_departements` VALUES (154,'EN',315,NULL,NULL,NULL,'ENNA',1);
INSERT INTO `llx_c_departements` VALUES (155,'FM',310,NULL,NULL,NULL,'FERMO',1);
INSERT INTO `llx_c_departements` VALUES (156,'FE',305,NULL,NULL,NULL,'FERRARA',1);
INSERT INTO `llx_c_departements` VALUES (157,'FI',316,NULL,NULL,NULL,'FIRENZE',1);
INSERT INTO `llx_c_departements` VALUES (158,'FG',313,NULL,NULL,NULL,'FOGGIA',1);
INSERT INTO `llx_c_departements` VALUES (159,'FC',305,NULL,NULL,NULL,'FORLI-CESENA',1);
INSERT INTO `llx_c_departements` VALUES (160,'FR',307,NULL,NULL,NULL,'FROSINONE',1);
INSERT INTO `llx_c_departements` VALUES (161,'GE',308,NULL,NULL,NULL,'GENOVA',1);
INSERT INTO `llx_c_departements` VALUES (162,'GO',306,NULL,NULL,NULL,'GORIZIA',1);
INSERT INTO `llx_c_departements` VALUES (163,'GR',316,NULL,NULL,NULL,'GROSSETO',1);
INSERT INTO `llx_c_departements` VALUES (164,'IM',308,NULL,NULL,NULL,'IMPERIA',1);
INSERT INTO `llx_c_departements` VALUES (165,'IS',311,NULL,NULL,NULL,'ISERNIA',1);
INSERT INTO `llx_c_departements` VALUES (166,'SP',308,NULL,NULL,NULL,'LA SPEZIA',1);
INSERT INTO `llx_c_departements` VALUES (167,'AQ',301,NULL,NULL,NULL,'L AQUILA',1);
INSERT INTO `llx_c_departements` VALUES (168,'LT',307,NULL,NULL,NULL,'LATINA',1);
INSERT INTO `llx_c_departements` VALUES (169,'LE',313,NULL,NULL,NULL,'LECCE',1);
INSERT INTO `llx_c_departements` VALUES (170,'LC',309,NULL,NULL,NULL,'LECCO',1);
INSERT INTO `llx_c_departements` VALUES (171,'LI',314,NULL,NULL,NULL,'LIVORNO',1);
INSERT INTO `llx_c_departements` VALUES (172,'LO',309,NULL,NULL,NULL,'LODI',1);
INSERT INTO `llx_c_departements` VALUES (173,'LU',316,NULL,NULL,NULL,'LUCCA',1);
INSERT INTO `llx_c_departements` VALUES (174,'MC',310,NULL,NULL,NULL,'MACERATA',1);
INSERT INTO `llx_c_departements` VALUES (175,'MN',309,NULL,NULL,NULL,'MANTOVA',1);
INSERT INTO `llx_c_departements` VALUES (176,'MS',316,NULL,NULL,NULL,'MASSA-CARRARA',1);
INSERT INTO `llx_c_departements` VALUES (177,'MT',302,NULL,NULL,NULL,'MATERA',1);
INSERT INTO `llx_c_departements` VALUES (178,'VS',314,NULL,NULL,NULL,'MEDIO CAMPIDANO',1);
INSERT INTO `llx_c_departements` VALUES (179,'ME',315,NULL,NULL,NULL,'MESSINA',1);
INSERT INTO `llx_c_departements` VALUES (180,'MI',309,NULL,NULL,NULL,'MILANO',1);
INSERT INTO `llx_c_departements` VALUES (181,'MB',309,NULL,NULL,NULL,'MONZA e BRIANZA',1);
INSERT INTO `llx_c_departements` VALUES (182,'MO',305,NULL,NULL,NULL,'MODENA',1);
INSERT INTO `llx_c_departements` VALUES (183,'NA',304,NULL,NULL,NULL,'NAPOLI',1);
INSERT INTO `llx_c_departements` VALUES (184,'NO',312,NULL,NULL,NULL,'NOVARA',1);
INSERT INTO `llx_c_departements` VALUES (185,'NU',314,NULL,NULL,NULL,'NUORO',1);
INSERT INTO `llx_c_departements` VALUES (186,'OG',314,NULL,NULL,NULL,'OGLIASTRA',1);
INSERT INTO `llx_c_departements` VALUES (187,'OT',314,NULL,NULL,NULL,'OLBIA-TEMPIO',1);
INSERT INTO `llx_c_departements` VALUES (188,'OR',314,NULL,NULL,NULL,'ORISTANO',1);
INSERT INTO `llx_c_departements` VALUES (189,'PD',320,NULL,NULL,NULL,'PADOVA',1);
INSERT INTO `llx_c_departements` VALUES (190,'PA',315,NULL,NULL,NULL,'PALERMO',1);
INSERT INTO `llx_c_departements` VALUES (191,'PR',305,NULL,NULL,NULL,'PARMA',1);
INSERT INTO `llx_c_departements` VALUES (192,'PV',309,NULL,NULL,NULL,'PAVIA',1);
INSERT INTO `llx_c_departements` VALUES (193,'PG',318,NULL,NULL,NULL,'PERUGIA',1);
INSERT INTO `llx_c_departements` VALUES (194,'PU',310,NULL,NULL,NULL,'PESARO e URBINO',1);
INSERT INTO `llx_c_departements` VALUES (195,'PE',301,NULL,NULL,NULL,'PESCARA',1);
INSERT INTO `llx_c_departements` VALUES (196,'PC',305,NULL,NULL,NULL,'PIACENZA',1);
INSERT INTO `llx_c_departements` VALUES (197,'PI',316,NULL,NULL,NULL,'PISA',1);
INSERT INTO `llx_c_departements` VALUES (198,'PT',316,NULL,NULL,NULL,'PISTOIA',1);
INSERT INTO `llx_c_departements` VALUES (199,'PN',306,NULL,NULL,NULL,'PORDENONE',1);
INSERT INTO `llx_c_departements` VALUES (200,'PZ',302,NULL,NULL,NULL,'POTENZA',1);
INSERT INTO `llx_c_departements` VALUES (201,'PO',316,NULL,NULL,NULL,'PRATO',1);
INSERT INTO `llx_c_departements` VALUES (202,'RG',315,NULL,NULL,NULL,'RAGUSA',1);
INSERT INTO `llx_c_departements` VALUES (203,'RA',305,NULL,NULL,NULL,'RAVENNA',1);
INSERT INTO `llx_c_departements` VALUES (204,'RC',303,NULL,NULL,NULL,'REGGIO CALABRIA',1);
INSERT INTO `llx_c_departements` VALUES (205,'RE',305,NULL,NULL,NULL,'REGGIO NELL EMILIA',1);
INSERT INTO `llx_c_departements` VALUES (206,'RI',307,NULL,NULL,NULL,'RIETI',1);
INSERT INTO `llx_c_departements` VALUES (207,'RN',305,NULL,NULL,NULL,'RIMINI',1);
INSERT INTO `llx_c_departements` VALUES (208,'RM',307,NULL,NULL,NULL,'ROMA',1);
INSERT INTO `llx_c_departements` VALUES (209,'RO',320,NULL,NULL,NULL,'ROVIGO',1);
INSERT INTO `llx_c_departements` VALUES (210,'SA',304,NULL,NULL,NULL,'SALERNO',1);
INSERT INTO `llx_c_departements` VALUES (211,'SS',314,NULL,NULL,NULL,'SASSARI',1);
INSERT INTO `llx_c_departements` VALUES (212,'SV',308,NULL,NULL,NULL,'SAVONA',1);
INSERT INTO `llx_c_departements` VALUES (213,'SI',316,NULL,NULL,NULL,'SIENA',1);
INSERT INTO `llx_c_departements` VALUES (214,'SR',315,NULL,NULL,NULL,'SIRACUSA',1);
INSERT INTO `llx_c_departements` VALUES (215,'SO',309,NULL,NULL,NULL,'SONDRIO',1);
INSERT INTO `llx_c_departements` VALUES (216,'TA',313,NULL,NULL,NULL,'TARANTO',1);
INSERT INTO `llx_c_departements` VALUES (217,'TE',301,NULL,NULL,NULL,'TERAMO',1);
INSERT INTO `llx_c_departements` VALUES (218,'TR',318,NULL,NULL,NULL,'TERNI',1);
INSERT INTO `llx_c_departements` VALUES (219,'TO',312,NULL,NULL,NULL,'TORINO',1);
INSERT INTO `llx_c_departements` VALUES (220,'TP',315,NULL,NULL,NULL,'TRAPANI',1);
INSERT INTO `llx_c_departements` VALUES (221,'TN',317,NULL,NULL,NULL,'TRENTO',1);
INSERT INTO `llx_c_departements` VALUES (222,'TV',320,NULL,NULL,NULL,'TREVISO',1);
INSERT INTO `llx_c_departements` VALUES (223,'TS',306,NULL,NULL,NULL,'TRIESTE',1);
INSERT INTO `llx_c_departements` VALUES (224,'UD',306,NULL,NULL,NULL,'UDINE',1);
INSERT INTO `llx_c_departements` VALUES (225,'VA',309,NULL,NULL,NULL,'VARESE',1);
INSERT INTO `llx_c_departements` VALUES (226,'VE',320,NULL,NULL,NULL,'VENEZIA',1);
INSERT INTO `llx_c_departements` VALUES (227,'VB',312,NULL,NULL,NULL,'VERBANO-CUSIO-OSSOLA',1);
INSERT INTO `llx_c_departements` VALUES (228,'VC',312,NULL,NULL,NULL,'VERCELLI',1);
INSERT INTO `llx_c_departements` VALUES (229,'VR',320,NULL,NULL,NULL,'VERONA',1);
INSERT INTO `llx_c_departements` VALUES (230,'VV',303,NULL,NULL,NULL,'VIBO VALENTIA',1);
INSERT INTO `llx_c_departements` VALUES (231,'VI',320,NULL,NULL,NULL,'VICENZA',1);
INSERT INTO `llx_c_departements` VALUES (232,'VT',307,NULL,NULL,NULL,'VITERBO',1);
INSERT INTO `llx_c_departements` VALUES (233,'AL01',1301,'',0,'','Wilaya d\'Adrar',1);
INSERT INTO `llx_c_departements` VALUES (234,'AL02',1301,'',0,'','Wilaya de Chlef',1);
INSERT INTO `llx_c_departements` VALUES (235,'AL03',1301,'',0,'','Wilaya de Laghouat',1);
INSERT INTO `llx_c_departements` VALUES (236,'AL04',1301,'',0,'','Wilaya d\'Oum El Bouaghi',1);
INSERT INTO `llx_c_departements` VALUES (237,'AL05',1301,'',0,'','Wilaya de Batna',1);
INSERT INTO `llx_c_departements` VALUES (238,'AL06',1301,'',0,'','Wilaya de Béjaïa',1);
INSERT INTO `llx_c_departements` VALUES (239,'AL07',1301,'',0,'','Wilaya de Biskra',1);
INSERT INTO `llx_c_departements` VALUES (240,'AL08',1301,'',0,'','Wilaya de Béchar',1);
INSERT INTO `llx_c_departements` VALUES (241,'AL09',1301,'',0,'','Wilaya de Blida',1);
INSERT INTO `llx_c_departements` VALUES (242,'AL11',1301,'',0,'','Wilaya de Bouira',1);
INSERT INTO `llx_c_departements` VALUES (243,'AL12',1301,'',0,'','Wilaya de Tamanrasset',1);
INSERT INTO `llx_c_departements` VALUES (244,'AL13',1301,'',0,'','Wilaya de Tébessa',1);
INSERT INTO `llx_c_departements` VALUES (245,'AL14',1301,'',0,'','Wilaya de Tlemcen',1);
INSERT INTO `llx_c_departements` VALUES (246,'AL15',1301,'',0,'','Wilaya de Tiaret',1);
INSERT INTO `llx_c_departements` VALUES (247,'AL16',1301,'',0,'','Wilaya de Tizi Ouzou',1);
INSERT INTO `llx_c_departements` VALUES (248,'AL17',1301,'',0,'','Wilaya d\'Alger',1);
INSERT INTO `llx_c_departements` VALUES (249,'AL18',1301,'',0,'','Wilaya de Djelfa',1);
INSERT INTO `llx_c_departements` VALUES (250,'AL19',1301,'',0,'','Wilaya de Jijel',1);
INSERT INTO `llx_c_departements` VALUES (251,'AL20',1301,'',0,'','Wilaya de Sétif	',1);
INSERT INTO `llx_c_departements` VALUES (252,'AL21',1301,'',0,'','Wilaya de Saïda',1);
INSERT INTO `llx_c_departements` VALUES (253,'AL22',1301,'',0,'','Wilaya de Skikda',1);
INSERT INTO `llx_c_departements` VALUES (254,'AL23',1301,'',0,'','Wilaya de Sidi Bel Abbès',1);
INSERT INTO `llx_c_departements` VALUES (255,'AL24',1301,'',0,'','Wilaya d\'Annaba',1);
INSERT INTO `llx_c_departements` VALUES (256,'AL25',1301,'',0,'','Wilaya de Guelma',1);
INSERT INTO `llx_c_departements` VALUES (257,'AL26',1301,'',0,'','Wilaya de Constantine',1);
INSERT INTO `llx_c_departements` VALUES (258,'AL27',1301,'',0,'','Wilaya de Médéa',1);
INSERT INTO `llx_c_departements` VALUES (259,'AL28',1301,'',0,'','Wilaya de Mostaganem',1);
INSERT INTO `llx_c_departements` VALUES (260,'AL29',1301,'',0,'','Wilaya de M\'Sila',1);
INSERT INTO `llx_c_departements` VALUES (261,'AL30',1301,'',0,'','Wilaya de Mascara',1);
INSERT INTO `llx_c_departements` VALUES (262,'AL31',1301,'',0,'','Wilaya d\'Ouargla',1);
INSERT INTO `llx_c_departements` VALUES (263,'AL32',1301,'',0,'','Wilaya d\'Oran',1);
INSERT INTO `llx_c_departements` VALUES (264,'AL33',1301,'',0,'','Wilaya d\'El Bayadh',1);
INSERT INTO `llx_c_departements` VALUES (265,'AL34',1301,'',0,'','Wilaya d\'Illizi',1);
INSERT INTO `llx_c_departements` VALUES (266,'AL35',1301,'',0,'','Wilaya de Bordj Bou Arreridj',1);
INSERT INTO `llx_c_departements` VALUES (267,'AL36',1301,'',0,'','Wilaya de Boumerdès',1);
INSERT INTO `llx_c_departements` VALUES (268,'AL37',1301,'',0,'','Wilaya d\'El Tarf',1);
INSERT INTO `llx_c_departements` VALUES (269,'AL38',1301,'',0,'','Wilaya de Tindouf',1);
INSERT INTO `llx_c_departements` VALUES (270,'AL39',1301,'',0,'','Wilaya de Tissemsilt',1);
INSERT INTO `llx_c_departements` VALUES (271,'AL40',1301,'',0,'','Wilaya d\'El Oued',1);
INSERT INTO `llx_c_departements` VALUES (272,'AL41',1301,'',0,'','Wilaya de Khenchela',1);
INSERT INTO `llx_c_departements` VALUES (273,'AL42',1301,'',0,'','Wilaya de Souk Ahras',1);
INSERT INTO `llx_c_departements` VALUES (274,'AL43',1301,'',0,'','Wilaya de Tipaza',1);
INSERT INTO `llx_c_departements` VALUES (275,'AL44',1301,'',0,'','Wilaya de Mila',1);
INSERT INTO `llx_c_departements` VALUES (276,'AL45',1301,'',0,'','Wilaya d\'Aïn Defla',1);
INSERT INTO `llx_c_departements` VALUES (277,'AL46',1301,'',0,'','Wilaya de Naâma',1);
INSERT INTO `llx_c_departements` VALUES (278,'AL47',1301,'',0,'','Wilaya d\'Aïn Témouchent',1);
INSERT INTO `llx_c_departements` VALUES (279,'AL48',1301,'',0,'','Wilaya de Ghardaia',1);
INSERT INTO `llx_c_departements` VALUES (280,'AL49',1301,'',0,'','Wilaya de Relizane',1);
INSERT INTO `llx_c_departements` VALUES (281,'MA',1209,'',0,'','Province de Benslimane',1);
INSERT INTO `llx_c_departements` VALUES (282,'MA1',1209,'',0,'','Province de Berrechid',1);
INSERT INTO `llx_c_departements` VALUES (283,'MA2',1209,'',0,'','Province de Khouribga',1);
INSERT INTO `llx_c_departements` VALUES (284,'MA3',1209,'',0,'','Province de Settat',1);
INSERT INTO `llx_c_departements` VALUES (285,'MA4',1210,'',0,'','Province d\'El Jadida',1);
INSERT INTO `llx_c_departements` VALUES (286,'MA5',1210,'',0,'','Province de Safi',1);
INSERT INTO `llx_c_departements` VALUES (287,'MA6',1210,'',0,'','Province de Sidi Bennour',1);
INSERT INTO `llx_c_departements` VALUES (288,'MA7',1210,'',0,'','Province de Youssoufia',1);
INSERT INTO `llx_c_departements` VALUES (289,'MA6B',1205,'',0,'','Préfecture de Fès',1);
INSERT INTO `llx_c_departements` VALUES (290,'MA7B',1205,'',0,'','Province de Boulemane',1);
INSERT INTO `llx_c_departements` VALUES (291,'MA8',1205,'',0,'','Province de Moulay Yacoub',1);
INSERT INTO `llx_c_departements` VALUES (292,'MA9',1205,'',0,'','Province de Sefrou',1);
INSERT INTO `llx_c_departements` VALUES (293,'MA8A',1202,'',0,'','Province de Kénitra',1);
INSERT INTO `llx_c_departements` VALUES (294,'MA9A',1202,'',0,'','Province de Sidi Kacem',1);
INSERT INTO `llx_c_departements` VALUES (295,'MA10',1202,'',0,'','Province de Sidi Slimane',1);
INSERT INTO `llx_c_departements` VALUES (296,'MA11',1208,'',0,'','Préfecture de Casablanca',1);
INSERT INTO `llx_c_departements` VALUES (297,'MA12',1208,'',0,'','Préfecture de Mohammédia',1);
INSERT INTO `llx_c_departements` VALUES (298,'MA13',1208,'',0,'','Province de Médiouna',1);
INSERT INTO `llx_c_departements` VALUES (299,'MA14',1208,'',0,'','Province de Nouaceur',1);
INSERT INTO `llx_c_departements` VALUES (300,'MA15',1214,'',0,'','Province d\'Assa-Zag',1);
INSERT INTO `llx_c_departements` VALUES (301,'MA16',1214,'',0,'','Province d\'Es-Semara',1);
INSERT INTO `llx_c_departements` VALUES (302,'MA17A',1214,'',0,'','Province de Guelmim',1);
INSERT INTO `llx_c_departements` VALUES (303,'MA18',1214,'',0,'','Province de Tata',1);
INSERT INTO `llx_c_departements` VALUES (304,'MA19',1214,'',0,'','Province de Tan-Tan',1);
INSERT INTO `llx_c_departements` VALUES (305,'MA15',1215,'',0,'','Province de Boujdour',1);
INSERT INTO `llx_c_departements` VALUES (306,'MA16',1215,'',0,'','Province de Lâayoune',1);
INSERT INTO `llx_c_departements` VALUES (307,'MA17',1215,'',0,'','Province de Tarfaya',1);
INSERT INTO `llx_c_departements` VALUES (308,'MA18',1211,'',0,'','Préfecture de Marrakech',1);
INSERT INTO `llx_c_departements` VALUES (309,'MA19',1211,'',0,'','Province d\'Al Haouz',1);
INSERT INTO `llx_c_departements` VALUES (310,'MA20',1211,'',0,'','Province de Chichaoua',1);
INSERT INTO `llx_c_departements` VALUES (311,'MA21',1211,'',0,'','Province d\'El Kelâa des Sraghna',1);
INSERT INTO `llx_c_departements` VALUES (312,'MA22',1211,'',0,'','Province d\'Essaouira',1);
INSERT INTO `llx_c_departements` VALUES (313,'MA23',1211,'',0,'','Province de Rehamna',1);
INSERT INTO `llx_c_departements` VALUES (314,'MA24',1206,'',0,'','Préfecture de Meknès',1);
INSERT INTO `llx_c_departements` VALUES (315,'MA25',1206,'',0,'','Province d’El Hajeb',1);
INSERT INTO `llx_c_departements` VALUES (316,'MA26',1206,'',0,'','Province d\'Errachidia',1);
INSERT INTO `llx_c_departements` VALUES (317,'MA27',1206,'',0,'','Province d’Ifrane',1);
INSERT INTO `llx_c_departements` VALUES (318,'MA28',1206,'',0,'','Province de Khénifra',1);
INSERT INTO `llx_c_departements` VALUES (319,'MA29',1206,'',0,'','Province de Midelt',1);
INSERT INTO `llx_c_departements` VALUES (320,'MA30',1204,'',0,'','Préfecture d\'Oujda-Angad',1);
INSERT INTO `llx_c_departements` VALUES (321,'MA31',1204,'',0,'','Province de Berkane',1);
INSERT INTO `llx_c_departements` VALUES (322,'MA32',1204,'',0,'','Province de Driouch',1);
INSERT INTO `llx_c_departements` VALUES (323,'MA33',1204,'',0,'','Province de Figuig',1);
INSERT INTO `llx_c_departements` VALUES (324,'MA34',1204,'',0,'','Province de Jerada',1);
INSERT INTO `llx_c_departements` VALUES (325,'MA35',1204,'',0,'','Province de Nadorgg',1);
INSERT INTO `llx_c_departements` VALUES (326,'MA36',1204,'',0,'','Province de Taourirt',1);
INSERT INTO `llx_c_departements` VALUES (327,'MA37',1216,'',0,'','Province d\'Aousserd',1);
INSERT INTO `llx_c_departements` VALUES (328,'MA38',1216,'',0,'','Province d\'Oued Ed-Dahab',1);
INSERT INTO `llx_c_departements` VALUES (329,'MA39',1207,'',0,'','Préfecture de Rabat',1);
INSERT INTO `llx_c_departements` VALUES (330,'MA40',1207,'',0,'','Préfecture de Skhirat-Témara',1);
INSERT INTO `llx_c_departements` VALUES (331,'MA41',1207,'',0,'','Préfecture de Salé',1);
INSERT INTO `llx_c_departements` VALUES (332,'MA42',1207,'',0,'','Province de Khémisset',1);
INSERT INTO `llx_c_departements` VALUES (333,'MA43',1213,'',0,'','Préfecture d\'Agadir Ida-Outanane',1);
INSERT INTO `llx_c_departements` VALUES (334,'MA44',1213,'',0,'','Préfecture d\'Inezgane-Aït Melloul',1);
INSERT INTO `llx_c_departements` VALUES (335,'MA45',1213,'',0,'','Province de Chtouka-Aït Baha',1);
INSERT INTO `llx_c_departements` VALUES (336,'MA46',1213,'',0,'','Province d\'Ouarzazate',1);
INSERT INTO `llx_c_departements` VALUES (337,'MA47',1213,'',0,'','Province de Sidi Ifni',1);
INSERT INTO `llx_c_departements` VALUES (338,'MA48',1213,'',0,'','Province de Taroudant',1);
INSERT INTO `llx_c_departements` VALUES (339,'MA49',1213,'',0,'','Province de Tinghir',1);
INSERT INTO `llx_c_departements` VALUES (340,'MA50',1213,'',0,'','Province de Tiznit',1);
INSERT INTO `llx_c_departements` VALUES (341,'MA51',1213,'',0,'','Province de Zagora',1);
INSERT INTO `llx_c_departements` VALUES (342,'MA52',1212,'',0,'','Province d\'Azilal',1);
INSERT INTO `llx_c_departements` VALUES (343,'MA53',1212,'',0,'','Province de Beni Mellal',1);
INSERT INTO `llx_c_departements` VALUES (344,'MA54',1212,'',0,'','Province de Fquih Ben Salah',1);
INSERT INTO `llx_c_departements` VALUES (345,'MA55',1201,'',0,'','Préfecture de M\'diq-Fnideq',1);
INSERT INTO `llx_c_departements` VALUES (346,'MA56',1201,'',0,'','Préfecture de Tanger-Asilah',1);
INSERT INTO `llx_c_departements` VALUES (347,'MA57',1201,'',0,'','Province de Chefchaouen',1);
INSERT INTO `llx_c_departements` VALUES (348,'MA58',1201,'',0,'','Province de Fahs-Anjra',1);
INSERT INTO `llx_c_departements` VALUES (349,'MA59',1201,'',0,'','Province de Larache',1);
INSERT INTO `llx_c_departements` VALUES (350,'MA60',1201,'',0,'','Province d\'Ouezzane',1);
INSERT INTO `llx_c_departements` VALUES (351,'MA61',1201,'',0,'','Province de Tétouan',1);
INSERT INTO `llx_c_departements` VALUES (352,'MA62',1203,'',0,'','Province de Guercif',1);
INSERT INTO `llx_c_departements` VALUES (353,'MA63',1203,'',0,'','Province d\'Al Hoceïma',1);
INSERT INTO `llx_c_departements` VALUES (354,'MA64',1203,'',0,'','Province de Taounate',1);
INSERT INTO `llx_c_departements` VALUES (355,'MA65',1203,'',0,'','Province de Taza',1);
INSERT INTO `llx_c_departements` VALUES (356,'MA6A',1205,'',0,'','Préfecture de Fès',1);
INSERT INTO `llx_c_departements` VALUES (357,'MA7A',1205,'',0,'','Province de Boulemane',1);
INSERT INTO `llx_c_departements` VALUES (358,'MA15A',1214,'',0,'','Province d\'Assa-Zag',1);
INSERT INTO `llx_c_departements` VALUES (359,'MA16A',1214,'',0,'','Province d\'Es-Semara',1);
INSERT INTO `llx_c_departements` VALUES (360,'MA18A',1211,'',0,'','Préfecture de Marrakech',1);
INSERT INTO `llx_c_departements` VALUES (361,'MA19A',1214,'',0,'','Province de Tan-Tan',1);
INSERT INTO `llx_c_departements` VALUES (362,'MA19B',1214,'',0,'','Province de Tan-Tan',1);
INSERT INTO `llx_c_departements` VALUES (363,'TN01',1001,'',0,'','Ariana',1);
INSERT INTO `llx_c_departements` VALUES (364,'TN02',1001,'',0,'','Béja',1);
INSERT INTO `llx_c_departements` VALUES (365,'TN03',1001,'',0,'','Ben Arous',1);
INSERT INTO `llx_c_departements` VALUES (366,'TN04',1001,'',0,'','Bizerte',1);
INSERT INTO `llx_c_departements` VALUES (367,'TN05',1001,'',0,'','Gabès',1);
INSERT INTO `llx_c_departements` VALUES (368,'TN06',1001,'',0,'','Gafsa',1);
INSERT INTO `llx_c_departements` VALUES (369,'TN07',1001,'',0,'','Jendouba',1);
INSERT INTO `llx_c_departements` VALUES (370,'TN08',1001,'',0,'','Kairouan',1);
INSERT INTO `llx_c_departements` VALUES (371,'TN09',1001,'',0,'','Kasserine',1);
INSERT INTO `llx_c_departements` VALUES (372,'TN10',1001,'',0,'','Kébili',1);
INSERT INTO `llx_c_departements` VALUES (373,'TN11',1001,'',0,'','La Manouba',1);
INSERT INTO `llx_c_departements` VALUES (374,'TN12',1001,'',0,'','Le Kef',1);
INSERT INTO `llx_c_departements` VALUES (375,'TN13',1001,'',0,'','Mahdia',1);
INSERT INTO `llx_c_departements` VALUES (376,'TN14',1001,'',0,'','Médenine',1);
INSERT INTO `llx_c_departements` VALUES (377,'TN15',1001,'',0,'','Monastir',1);
INSERT INTO `llx_c_departements` VALUES (378,'TN16',1001,'',0,'','Nabeul',1);
INSERT INTO `llx_c_departements` VALUES (379,'TN17',1001,'',0,'','Sfax',1);
INSERT INTO `llx_c_departements` VALUES (380,'TN18',1001,'',0,'','Sidi Bouzid',1);
INSERT INTO `llx_c_departements` VALUES (381,'TN19',1001,'',0,'','Siliana',1);
INSERT INTO `llx_c_departements` VALUES (382,'TN20',1001,'',0,'','Sousse',1);
INSERT INTO `llx_c_departements` VALUES (383,'TN21',1001,'',0,'','Tataouine',1);
INSERT INTO `llx_c_departements` VALUES (384,'TN22',1001,'',0,'','Tozeur',1);
INSERT INTO `llx_c_departements` VALUES (385,'TN23',1001,'',0,'','Tunis',1);
INSERT INTO `llx_c_departements` VALUES (386,'TN24',1001,'',0,'','Zaghouan',1);
INSERT INTO `llx_c_departements` VALUES (387,'001',5201,'',0,'','Belisario Boeto',1);
INSERT INTO `llx_c_departements` VALUES (388,'002',5201,'',0,'','Hernando Siles',1);
INSERT INTO `llx_c_departements` VALUES (389,'003',5201,'',0,'','Jaime Zudáñez',1);
INSERT INTO `llx_c_departements` VALUES (390,'004',5201,'',0,'','Juana Azurduy de Padilla',1);
INSERT INTO `llx_c_departements` VALUES (391,'005',5201,'',0,'','Luis Calvo',1);
INSERT INTO `llx_c_departements` VALUES (392,'006',5201,'',0,'','Nor Cinti',1);
INSERT INTO `llx_c_departements` VALUES (393,'007',5201,'',0,'','Oropeza',1);
INSERT INTO `llx_c_departements` VALUES (394,'008',5201,'',0,'','Sud Cinti',1);
INSERT INTO `llx_c_departements` VALUES (395,'009',5201,'',0,'','Tomina',1);
INSERT INTO `llx_c_departements` VALUES (396,'010',5201,'',0,'','Yamparáez',1);
INSERT INTO `llx_c_departements` VALUES (397,'011',5202,'',0,'','Abel Iturralde',1);
INSERT INTO `llx_c_departements` VALUES (398,'012',5202,'',0,'','Aroma',1);
INSERT INTO `llx_c_departements` VALUES (399,'013',5202,'',0,'','Bautista Saavedra',1);
INSERT INTO `llx_c_departements` VALUES (400,'014',5202,'',0,'','Caranavi',1);
INSERT INTO `llx_c_departements` VALUES (401,'015',5202,'',0,'','Eliodoro Camacho',1);
INSERT INTO `llx_c_departements` VALUES (402,'016',5202,'',0,'','Franz Tamayo',1);
INSERT INTO `llx_c_departements` VALUES (403,'017',5202,'',0,'','Gualberto Villarroel',1);
INSERT INTO `llx_c_departements` VALUES (404,'018',5202,'',0,'','Ingaví',1);
INSERT INTO `llx_c_departements` VALUES (405,'019',5202,'',0,'','Inquisivi',1);
INSERT INTO `llx_c_departements` VALUES (406,'020',5202,'',0,'','José Ramón Loayza',1);
INSERT INTO `llx_c_departements` VALUES (407,'021',5202,'',0,'','Larecaja',1);
INSERT INTO `llx_c_departements` VALUES (408,'022',5202,'',0,'','Los Andes (Bolivia)',1);
INSERT INTO `llx_c_departements` VALUES (409,'023',5202,'',0,'','Manco Kapac',1);
INSERT INTO `llx_c_departements` VALUES (410,'024',5202,'',0,'','Muñecas',1);
INSERT INTO `llx_c_departements` VALUES (411,'025',5202,'',0,'','Nor Yungas',1);
INSERT INTO `llx_c_departements` VALUES (412,'026',5202,'',0,'','Omasuyos',1);
INSERT INTO `llx_c_departements` VALUES (413,'027',5202,'',0,'','Pacajes',1);
INSERT INTO `llx_c_departements` VALUES (414,'028',5202,'',0,'','Pedro Domingo Murillo',1);
INSERT INTO `llx_c_departements` VALUES (415,'029',5202,'',0,'','Sud Yungas',1);
INSERT INTO `llx_c_departements` VALUES (416,'030',5202,'',0,'','General José Manuel Pando',1);
INSERT INTO `llx_c_departements` VALUES (417,'031',5203,'',0,'','Arani',1);
INSERT INTO `llx_c_departements` VALUES (418,'032',5203,'',0,'','Arque',1);
INSERT INTO `llx_c_departements` VALUES (419,'033',5203,'',0,'','Ayopaya',1);
INSERT INTO `llx_c_departements` VALUES (420,'034',5203,'',0,'','Bolívar (Bolivia)',1);
INSERT INTO `llx_c_departements` VALUES (421,'035',5203,'',0,'','Campero',1);
INSERT INTO `llx_c_departements` VALUES (422,'036',5203,'',0,'','Capinota',1);
INSERT INTO `llx_c_departements` VALUES (423,'037',5203,'',0,'','Cercado (Cochabamba)',1);
INSERT INTO `llx_c_departements` VALUES (424,'038',5203,'',0,'','Esteban Arze',1);
INSERT INTO `llx_c_departements` VALUES (425,'039',5203,'',0,'','Germán Jordán',1);
INSERT INTO `llx_c_departements` VALUES (426,'040',5203,'',0,'','José Carrasco',1);
INSERT INTO `llx_c_departements` VALUES (427,'041',5203,'',0,'','Mizque',1);
INSERT INTO `llx_c_departements` VALUES (428,'042',5203,'',0,'','Punata',1);
INSERT INTO `llx_c_departements` VALUES (429,'043',5203,'',0,'','Quillacollo',1);
INSERT INTO `llx_c_departements` VALUES (430,'044',5203,'',0,'','Tapacarí',1);
INSERT INTO `llx_c_departements` VALUES (431,'045',5203,'',0,'','Tiraque',1);
INSERT INTO `llx_c_departements` VALUES (432,'046',5203,'',0,'','Chapare',1);
INSERT INTO `llx_c_departements` VALUES (433,'047',5204,'',0,'','Carangas',1);
INSERT INTO `llx_c_departements` VALUES (434,'048',5204,'',0,'','Cercado (Oruro)',1);
INSERT INTO `llx_c_departements` VALUES (435,'049',5204,'',0,'','Eduardo Avaroa',1);
INSERT INTO `llx_c_departements` VALUES (436,'050',5204,'',0,'','Ladislao Cabrera',1);
INSERT INTO `llx_c_departements` VALUES (437,'051',5204,'',0,'','Litoral de Atacama',1);
INSERT INTO `llx_c_departements` VALUES (438,'052',5204,'',0,'','Mejillones',1);
INSERT INTO `llx_c_departements` VALUES (439,'053',5204,'',0,'','Nor Carangas',1);
INSERT INTO `llx_c_departements` VALUES (440,'054',5204,'',0,'','Pantaleón Dalence',1);
INSERT INTO `llx_c_departements` VALUES (441,'055',5204,'',0,'','Poopó',1);
INSERT INTO `llx_c_departements` VALUES (442,'056',5204,'',0,'','Sabaya',1);
INSERT INTO `llx_c_departements` VALUES (443,'057',5204,'',0,'','Sajama',1);
INSERT INTO `llx_c_departements` VALUES (444,'058',5204,'',0,'','San Pedro de Totora',1);
INSERT INTO `llx_c_departements` VALUES (445,'059',5204,'',0,'','Saucarí',1);
INSERT INTO `llx_c_departements` VALUES (446,'060',5204,'',0,'','Sebastián Pagador',1);
INSERT INTO `llx_c_departements` VALUES (447,'061',5204,'',0,'','Sud Carangas',1);
INSERT INTO `llx_c_departements` VALUES (448,'062',5204,'',0,'','Tomás Barrón',1);
INSERT INTO `llx_c_departements` VALUES (449,'063',5205,'',0,'','Alonso de Ibáñez',1);
INSERT INTO `llx_c_departements` VALUES (450,'064',5205,'',0,'','Antonio Quijarro',1);
INSERT INTO `llx_c_departements` VALUES (451,'065',5205,'',0,'','Bernardino Bilbao',1);
INSERT INTO `llx_c_departements` VALUES (452,'066',5205,'',0,'','Charcas (Potosí)',1);
INSERT INTO `llx_c_departements` VALUES (453,'067',5205,'',0,'','Chayanta',1);
INSERT INTO `llx_c_departements` VALUES (454,'068',5205,'',0,'','Cornelio Saavedra',1);
INSERT INTO `llx_c_departements` VALUES (455,'069',5205,'',0,'','Daniel Campos',1);
INSERT INTO `llx_c_departements` VALUES (456,'070',5205,'',0,'','Enrique Baldivieso',1);
INSERT INTO `llx_c_departements` VALUES (457,'071',5205,'',0,'','José María Linares',1);
INSERT INTO `llx_c_departements` VALUES (458,'072',5205,'',0,'','Modesto Omiste',1);
INSERT INTO `llx_c_departements` VALUES (459,'073',5205,'',0,'','Nor Chichas',1);
INSERT INTO `llx_c_departements` VALUES (460,'074',5205,'',0,'','Nor Lípez',1);
INSERT INTO `llx_c_departements` VALUES (461,'075',5205,'',0,'','Rafael Bustillo',1);
INSERT INTO `llx_c_departements` VALUES (462,'076',5205,'',0,'','Sud Chichas',1);
INSERT INTO `llx_c_departements` VALUES (463,'077',5205,'',0,'','Sud Lípez',1);
INSERT INTO `llx_c_departements` VALUES (464,'078',5205,'',0,'','Tomás Frías',1);
INSERT INTO `llx_c_departements` VALUES (465,'079',5206,'',0,'','Aniceto Arce',1);
INSERT INTO `llx_c_departements` VALUES (466,'080',5206,'',0,'','Burdet O\'Connor',1);
INSERT INTO `llx_c_departements` VALUES (467,'081',5206,'',0,'','Cercado (Tarija)',1);
INSERT INTO `llx_c_departements` VALUES (468,'082',5206,'',0,'','Eustaquio Méndez',1);
INSERT INTO `llx_c_departements` VALUES (469,'083',5206,'',0,'','José María Avilés',1);
INSERT INTO `llx_c_departements` VALUES (470,'084',5206,'',0,'','Gran Chaco',1);
INSERT INTO `llx_c_departements` VALUES (471,'085',5207,'',0,'','Andrés Ibáñez',1);
INSERT INTO `llx_c_departements` VALUES (472,'086',5207,'',0,'','Caballero',1);
INSERT INTO `llx_c_departements` VALUES (473,'087',5207,'',0,'','Chiquitos',1);
INSERT INTO `llx_c_departements` VALUES (474,'088',5207,'',0,'','Cordillera (Bolivia)',1);
INSERT INTO `llx_c_departements` VALUES (475,'089',5207,'',0,'','Florida',1);
INSERT INTO `llx_c_departements` VALUES (476,'090',5207,'',0,'','Germán Busch',1);
INSERT INTO `llx_c_departements` VALUES (477,'091',5207,'',0,'','Guarayos',1);
INSERT INTO `llx_c_departements` VALUES (478,'092',5207,'',0,'','Ichilo',1);
INSERT INTO `llx_c_departements` VALUES (479,'093',5207,'',0,'','Obispo Santistevan',1);
INSERT INTO `llx_c_departements` VALUES (480,'094',5207,'',0,'','Sara',1);
INSERT INTO `llx_c_departements` VALUES (481,'095',5207,'',0,'','Vallegrande',1);
INSERT INTO `llx_c_departements` VALUES (482,'096',5207,'',0,'','Velasco',1);
INSERT INTO `llx_c_departements` VALUES (483,'097',5207,'',0,'','Warnes',1);
INSERT INTO `llx_c_departements` VALUES (484,'098',5207,'',0,'','Ángel Sandóval',1);
INSERT INTO `llx_c_departements` VALUES (485,'099',5207,'',0,'','Ñuflo de Chaves',1);
INSERT INTO `llx_c_departements` VALUES (486,100,5208,'',0,'','Cercado (Beni)',1);
INSERT INTO `llx_c_departements` VALUES (487,101,5208,'',0,'','Iténez',1);
INSERT INTO `llx_c_departements` VALUES (488,102,5208,'',0,'','Mamoré',1);
INSERT INTO `llx_c_departements` VALUES (489,103,5208,'',0,'','Marbán',1);
INSERT INTO `llx_c_departements` VALUES (490,104,5208,'',0,'','Moxos',1);
INSERT INTO `llx_c_departements` VALUES (491,105,5208,'',0,'','Vaca Díez',1);
INSERT INTO `llx_c_departements` VALUES (492,106,5208,'',0,'','Yacuma',1);
INSERT INTO `llx_c_departements` VALUES (493,107,5208,'',0,'','General José Ballivián Segurola',1);
INSERT INTO `llx_c_departements` VALUES (494,108,5209,'',0,'','Abuná',1);
INSERT INTO `llx_c_departements` VALUES (495,109,5209,'',0,'','Madre de Dios',1);
INSERT INTO `llx_c_departements` VALUES (496,110,5209,'',0,'','Manuripi',1);
INSERT INTO `llx_c_departements` VALUES (497,111,5209,'',0,'','Nicolás Suárez',1);
INSERT INTO `llx_c_departements` VALUES (498,112,5209,'',0,'','General Federico Román',1);
INSERT INTO `llx_c_departements` VALUES (499,'NSW',2801,'',1,'','New South Wales',1);
INSERT INTO `llx_c_departements` VALUES (500,'VIC',2801,'',1,'','Victoria',1);
INSERT INTO `llx_c_departements` VALUES (501,'QLD',2801,'',1,'','Queensland',1);
INSERT INTO `llx_c_departements` VALUES (502,'SA',2801,'',1,'','South Australia',1);
INSERT INTO `llx_c_departements` VALUES (503,'ACT',2801,'',1,'','Australia Capital Territory',1);
INSERT INTO `llx_c_departements` VALUES (504,'TAS',2801,'',1,'','Tasmania',1);
INSERT INTO `llx_c_departements` VALUES (505,'WA',2801,'',1,'','Western Australia',1);
INSERT INTO `llx_c_departements` VALUES (506,'NT',2801,'',1,'','Northern Territory',1);
INSERT INTO `llx_c_departements` VALUES (507,'ON',1401,'',1,'','Ontario',1);
INSERT INTO `llx_c_departements` VALUES (508,'QC',1401,'',1,'','Quebec',1);
INSERT INTO `llx_c_departements` VALUES (509,'NS',1401,'',1,'','Nova Scotia',1);
INSERT INTO `llx_c_departements` VALUES (510,'NB',1401,'',1,'','New Brunswick',1);
INSERT INTO `llx_c_departements` VALUES (511,'MB',1401,'',1,'','Manitoba',1);
INSERT INTO `llx_c_departements` VALUES (512,'BC',1401,'',1,'','British Columbia',1);
INSERT INTO `llx_c_departements` VALUES (513,'PE',1401,'',1,'','Prince Edward Island',1);
INSERT INTO `llx_c_departements` VALUES (514,'SK',1401,'',1,'','Saskatchewan',1);
INSERT INTO `llx_c_departements` VALUES (515,'AB',1401,'',1,'','Alberta',1);
INSERT INTO `llx_c_departements` VALUES (516,'NL',1401,'',1,'','Newfoundland and Labrador',1);
INSERT INTO `llx_c_departements` VALUES (517,'VI',419,'',19,'ALAVA','Álava',1);
INSERT INTO `llx_c_departements` VALUES (518,'AB',404,'',4,'ALBACETE','Albacete',1);
INSERT INTO `llx_c_departements` VALUES (519,'A',411,'',11,'ALICANTE','Alicante',1);
INSERT INTO `llx_c_departements` VALUES (520,'AL',401,'',1,'ALMERIA','Almería',1);
INSERT INTO `llx_c_departements` VALUES (521,'AV',403,'',3,'AVILA','Avila',1);
INSERT INTO `llx_c_departements` VALUES (522,'BA',412,'',12,'BADAJOZ','Badajoz',1);
INSERT INTO `llx_c_departements` VALUES (523,'PM',414,'',14,'ISLAS BALEARES','Islas Baleares',1);
INSERT INTO `llx_c_departements` VALUES (524,'B',406,'',6,'BARCELONA','Barcelona',1);
INSERT INTO `llx_c_departements` VALUES (525,'BU',403,'',8,'BURGOS','Burgos',1);
INSERT INTO `llx_c_departements` VALUES (526,'CC',412,'',12,'CACERES','Cáceres',1);
INSERT INTO `llx_c_departements` VALUES (527,'CA',401,'',1,'CADIZ','Cádiz',1);
INSERT INTO `llx_c_departements` VALUES (528,'CS',411,'',11,'CASTELLON','Castellón',1);
INSERT INTO `llx_c_departements` VALUES (529,'CR',404,'',4,'CIUDAD REAL','Ciudad Real',1);
INSERT INTO `llx_c_departements` VALUES (530,'CO',401,'',1,'CORDOBA','Córdoba',1);
INSERT INTO `llx_c_departements` VALUES (531,'C',413,'',13,'LA CORUÑA','La Coruña',1);
INSERT INTO `llx_c_departements` VALUES (532,'CU',404,'',4,'CUENCA','Cuenca',1);
INSERT INTO `llx_c_departements` VALUES (533,'GI',406,'',6,'GERONA','Gerona',1);
INSERT INTO `llx_c_departements` VALUES (534,'GR',401,'',1,'GRANADA','Granada',1);
INSERT INTO `llx_c_departements` VALUES (535,'GU',404,'',4,'GUADALAJARA','Guadalajara',1);
INSERT INTO `llx_c_departements` VALUES (536,'SS',419,'',19,'GUIPUZCOA','Guipúzcoa',1);
INSERT INTO `llx_c_departements` VALUES (537,'H',401,'',1,'HUELVA','Huelva',1);
INSERT INTO `llx_c_departements` VALUES (538,'HU',402,'',2,'HUESCA','Huesca',1);
INSERT INTO `llx_c_departements` VALUES (539,'J',401,'',1,'JAEN','Jaén',1);
INSERT INTO `llx_c_departements` VALUES (540,'LE',403,'',3,'LEON','León',1);
INSERT INTO `llx_c_departements` VALUES (541,'L',406,'',6,'LERIDA','Lérida',1);
INSERT INTO `llx_c_departements` VALUES (542,'LO',415,'',15,'LA RIOJA','La Rioja',1);
INSERT INTO `llx_c_departements` VALUES (543,'LU',413,'',13,'LUGO','Lugo',1);
INSERT INTO `llx_c_departements` VALUES (544,'M',416,'',16,'MADRID','Madrid',1);
INSERT INTO `llx_c_departements` VALUES (545,'MA',401,'',1,'MALAGA','Málaga',1);
INSERT INTO `llx_c_departements` VALUES (546,'MU',417,'',17,'MURCIA','Murcia',1);
INSERT INTO `llx_c_departements` VALUES (547,'NA',408,'',8,'NAVARRA','Navarra',1);
INSERT INTO `llx_c_departements` VALUES (548,'OR',413,'',13,'ORENSE','Orense',1);
INSERT INTO `llx_c_departements` VALUES (549,'O',418,'',18,'ASTURIAS','Asturias',1);
INSERT INTO `llx_c_departements` VALUES (550,'P',403,'',3,'PALENCIA','Palencia',1);
INSERT INTO `llx_c_departements` VALUES (551,'GC',405,'',5,'LAS PALMAS','Las Palmas',1);
INSERT INTO `llx_c_departements` VALUES (552,'PO',413,'',13,'PONTEVEDRA','Pontevedra',1);
INSERT INTO `llx_c_departements` VALUES (553,'SA',403,'',3,'SALAMANCA','Salamanca',1);
INSERT INTO `llx_c_departements` VALUES (554,'TF',405,'',5,'STA. CRUZ DE TENERIFE','Sta. Cruz de Tenerife',1);
INSERT INTO `llx_c_departements` VALUES (555,'S',410,'',10,'CANTABRIA','Cantabria',1);
INSERT INTO `llx_c_departements` VALUES (556,'SG',403,'',3,'SEGOVIA','Segovia',1);
INSERT INTO `llx_c_departements` VALUES (557,'SE',401,'',1,'SEVILLA','Sevilla',1);
INSERT INTO `llx_c_departements` VALUES (558,'SO',403,'',3,'SORIA','Soria',1);
INSERT INTO `llx_c_departements` VALUES (559,'T',406,'',6,'TARRAGONA','Tarragona',1);
INSERT INTO `llx_c_departements` VALUES (560,'TE',402,'',2,'TERUEL','Teruel',1);
INSERT INTO `llx_c_departements` VALUES (561,'TO',404,'',5,'TOLEDO','Toledo',1);
INSERT INTO `llx_c_departements` VALUES (562,'V',411,'',11,'VALENCIA','Valencia',1);
INSERT INTO `llx_c_departements` VALUES (563,'VA',403,'',3,'VALLADOLID','Valladolid',1);
INSERT INTO `llx_c_departements` VALUES (564,'BI',419,'',19,'VIZCAYA','Vizcaya',1);
INSERT INTO `llx_c_departements` VALUES (565,'ZA',403,'',3,'ZAMORA','Zamora',1);
INSERT INTO `llx_c_departements` VALUES (566,'Z',402,'',1,'ZARAGOZA','Zaragoza',1);
INSERT INTO `llx_c_departements` VALUES (567,'CE',407,'',7,'CEUTA','Ceuta',1);
INSERT INTO `llx_c_departements` VALUES (568,'ML',409,'',9,'MELILLA','Melilla',1);
INSERT INTO `llx_c_departements` VALUES (569,'BW',501,NULL,NULL,'BADEN-WÜRTTEMBERG','Baden-Württemberg',1);
INSERT INTO `llx_c_departements` VALUES (570,'BY',501,NULL,NULL,'BAYERN','Bayern',1);
INSERT INTO `llx_c_departements` VALUES (571,'BE',501,NULL,NULL,'BERLIN','Berlin',1);
INSERT INTO `llx_c_departements` VALUES (572,'BB',501,NULL,NULL,'BRANDENBURG','Brandenburg',1);
INSERT INTO `llx_c_departements` VALUES (573,'HB',501,NULL,NULL,'BREMEN','Bremen',1);
INSERT INTO `llx_c_departements` VALUES (574,'HH',501,NULL,NULL,'HAMBURG','Hamburg',1);
INSERT INTO `llx_c_departements` VALUES (575,'HE',501,NULL,NULL,'HESSEN','Hessen',1);
INSERT INTO `llx_c_departements` VALUES (576,'MV',501,NULL,NULL,'MECKLENBURG-VORPOMMERN','Mecklenburg-Vorpommern',1);
INSERT INTO `llx_c_departements` VALUES (577,'NI',501,NULL,NULL,'NIEDERSACHSEN','Niedersachsen',1);
INSERT INTO `llx_c_departements` VALUES (578,'NW',501,NULL,NULL,'NORDRHEIN-WESTFALEN','Nordrhein-Westfalen',1);
INSERT INTO `llx_c_departements` VALUES (579,'RP',501,NULL,NULL,'RHEINLAND-PFALZ','Rheinland-Pfalz',1);
INSERT INTO `llx_c_departements` VALUES (580,'SL',501,NULL,NULL,'SAARLAND','Saarland',1);
INSERT INTO `llx_c_departements` VALUES (581,'SN',501,NULL,NULL,'SACHSEN','Sachsen',1);
INSERT INTO `llx_c_departements` VALUES (582,'ST',501,NULL,NULL,'SACHSEN-ANHALT','Sachsen-Anhalt',1);
INSERT INTO `llx_c_departements` VALUES (583,'SH',501,NULL,NULL,'SCHLESWIG-HOLSTEIN','Schleswig-Holstein',1);
INSERT INTO `llx_c_departements` VALUES (584,'TH',501,NULL,NULL,'THÜRINGEN','Thüringen',1);
INSERT INTO `llx_c_departements` VALUES (585,66,10201,'',0,'','?????',1);
INSERT INTO `llx_c_departements` VALUES (586,67,10205,'',0,'','?????',1);
INSERT INTO `llx_c_departements` VALUES (587,'01',10205,'',0,'','?????',1);
INSERT INTO `llx_c_departements` VALUES (588,'02',10205,'',0,'','?????',1);
INSERT INTO `llx_c_departements` VALUES (589,'03',10205,'',0,'','??????',1);
INSERT INTO `llx_c_departements` VALUES (590,'04',10205,'',0,'','?????',1);
INSERT INTO `llx_c_departements` VALUES (591,'05',10205,'',0,'','??????',1);
INSERT INTO `llx_c_departements` VALUES (592,'06',10203,'',0,'','??????',1);
INSERT INTO `llx_c_departements` VALUES (593,'07',10203,'',0,'','???????????',1);
INSERT INTO `llx_c_departements` VALUES (594,'08',10203,'',0,'','??????',1);
INSERT INTO `llx_c_departements` VALUES (595,'09',10203,'',0,'','?????',1);
INSERT INTO `llx_c_departements` VALUES (596,10,10203,'',0,'','??????',1);
INSERT INTO `llx_c_departements` VALUES (597,11,10203,'',0,'','??????',1);
INSERT INTO `llx_c_departements` VALUES (598,12,10203,'',0,'','?????????',1);
INSERT INTO `llx_c_departements` VALUES (599,13,10206,'',0,'','????',1);
INSERT INTO `llx_c_departements` VALUES (600,14,10206,'',0,'','?????????',1);
INSERT INTO `llx_c_departements` VALUES (601,15,10206,'',0,'','????????',1);
INSERT INTO `llx_c_departements` VALUES (602,16,10206,'',0,'','???????',1);
INSERT INTO `llx_c_departements` VALUES (603,17,10213,'',0,'','???????',1);
INSERT INTO `llx_c_departements` VALUES (604,18,10213,'',0,'','????????',1);
INSERT INTO `llx_c_departements` VALUES (605,19,10213,'',0,'','??????',1);
INSERT INTO `llx_c_departements` VALUES (606,20,10213,'',0,'','???????',1);
INSERT INTO `llx_c_departements` VALUES (607,21,10212,'',0,'','????????',1);
INSERT INTO `llx_c_departements` VALUES (608,22,10212,'',0,'','??????',1);
INSERT INTO `llx_c_departements` VALUES (609,23,10212,'',0,'','????????',1);
INSERT INTO `llx_c_departements` VALUES (610,24,10212,'',0,'','???????',1);
INSERT INTO `llx_c_departements` VALUES (611,25,10212,'',0,'','????????',1);
INSERT INTO `llx_c_departements` VALUES (612,26,10212,'',0,'','???????',1);
INSERT INTO `llx_c_departements` VALUES (613,27,10202,'',0,'','??????',1);
INSERT INTO `llx_c_departements` VALUES (614,28,10202,'',0,'','?????????',1);
INSERT INTO `llx_c_departements` VALUES (615,29,10202,'',0,'','????????',1);
INSERT INTO `llx_c_departements` VALUES (616,30,10202,'',0,'','??????',1);
INSERT INTO `llx_c_departements` VALUES (617,31,10209,'',0,'','????????',1);
INSERT INTO `llx_c_departements` VALUES (618,32,10209,'',0,'','???????',1);
INSERT INTO `llx_c_departements` VALUES (619,33,10209,'',0,'','????????',1);
INSERT INTO `llx_c_departements` VALUES (620,34,10209,'',0,'','???????',1);
INSERT INTO `llx_c_departements` VALUES (621,35,10209,'',0,'','????????',1);
INSERT INTO `llx_c_departements` VALUES (622,36,10211,'',0,'','???????????????',1);
INSERT INTO `llx_c_departements` VALUES (623,37,10211,'',0,'','?????',1);
INSERT INTO `llx_c_departements` VALUES (624,38,10211,'',0,'','?????',1);
INSERT INTO `llx_c_departements` VALUES (625,39,10207,'',0,'','????????',1);
INSERT INTO `llx_c_departements` VALUES (626,40,10207,'',0,'','???????',1);
INSERT INTO `llx_c_departements` VALUES (627,41,10207,'',0,'','??????????',1);
INSERT INTO `llx_c_departements` VALUES (628,42,10207,'',0,'','?????',1);
INSERT INTO `llx_c_departements` VALUES (629,43,10207,'',0,'','???????',1);
INSERT INTO `llx_c_departements` VALUES (630,44,10208,'',0,'','??????',1);
INSERT INTO `llx_c_departements` VALUES (631,45,10208,'',0,'','??????',1);
INSERT INTO `llx_c_departements` VALUES (632,46,10208,'',0,'','??????',1);
INSERT INTO `llx_c_departements` VALUES (633,47,10208,'',0,'','?????',1);
INSERT INTO `llx_c_departements` VALUES (634,48,10208,'',0,'','????',1);
INSERT INTO `llx_c_departements` VALUES (635,49,10210,'',0,'','??????',1);
INSERT INTO `llx_c_departements` VALUES (636,50,10210,'',0,'','????',1);
INSERT INTO `llx_c_departements` VALUES (637,51,10210,'',0,'','????????',1);
INSERT INTO `llx_c_departements` VALUES (638,52,10210,'',0,'','????????',1);
INSERT INTO `llx_c_departements` VALUES (639,53,10210,'',0,'','???-??????',1);
INSERT INTO `llx_c_departements` VALUES (640,54,10210,'',0,'','??',1);
INSERT INTO `llx_c_departements` VALUES (641,55,10210,'',0,'','?????',1);
INSERT INTO `llx_c_departements` VALUES (642,56,10210,'',0,'','???????',1);
INSERT INTO `llx_c_departements` VALUES (643,57,10210,'',0,'','?????',1);
INSERT INTO `llx_c_departements` VALUES (644,58,10210,'',0,'','?????',1);
INSERT INTO `llx_c_departements` VALUES (645,59,10210,'',0,'','?????',1);
INSERT INTO `llx_c_departements` VALUES (646,60,10210,'',0,'','?????',1);
INSERT INTO `llx_c_departements` VALUES (647,61,10210,'',0,'','?????',1);
INSERT INTO `llx_c_departements` VALUES (648,62,10204,'',0,'','????????',1);
INSERT INTO `llx_c_departements` VALUES (649,63,10204,'',0,'','??????',1);
INSERT INTO `llx_c_departements` VALUES (650,64,10204,'',0,'','???????',1);
INSERT INTO `llx_c_departements` VALUES (651,65,10204,'',0,'','?????',1);
INSERT INTO `llx_c_departements` VALUES (652,'AG',601,NULL,NULL,'ARGOVIE','Argovie',1);
INSERT INTO `llx_c_departements` VALUES (653,'AI',601,NULL,NULL,'APPENZELL RHODES INTERIEURES','Appenzell Rhodes intérieures',1);
INSERT INTO `llx_c_departements` VALUES (654,'AR',601,NULL,NULL,'APPENZELL RHODES EXTERIEURES','Appenzell Rhodes extérieures',1);
INSERT INTO `llx_c_departements` VALUES (655,'BE',601,NULL,NULL,'BERNE','Berne',1);
INSERT INTO `llx_c_departements` VALUES (656,'BL',601,NULL,NULL,'BALE CAMPAGNE','Bâle Campagne',1);
INSERT INTO `llx_c_departements` VALUES (657,'BS',601,NULL,NULL,'BALE VILLE','Bâle Ville',1);
INSERT INTO `llx_c_departements` VALUES (658,'FR',601,NULL,NULL,'FRIBOURG','Fribourg',1);
INSERT INTO `llx_c_departements` VALUES (659,'GE',601,NULL,NULL,'GENEVE','Genève',1);
INSERT INTO `llx_c_departements` VALUES (660,'GL',601,NULL,NULL,'GLARIS','Glaris',1);
INSERT INTO `llx_c_departements` VALUES (661,'GR',601,NULL,NULL,'GRISONS','Grisons',1);
INSERT INTO `llx_c_departements` VALUES (662,'JU',601,NULL,NULL,'JURA','Jura',1);
INSERT INTO `llx_c_departements` VALUES (663,'LU',601,NULL,NULL,'LUCERNE','Lucerne',1);
INSERT INTO `llx_c_departements` VALUES (664,'NE',601,NULL,NULL,'NEUCHATEL','Neuchâtel',1);
INSERT INTO `llx_c_departements` VALUES (665,'NW',601,NULL,NULL,'NIDWALD','Nidwald',1);
INSERT INTO `llx_c_departements` VALUES (666,'OW',601,NULL,NULL,'OBWALD','Obwald',1);
INSERT INTO `llx_c_departements` VALUES (667,'SG',601,NULL,NULL,'SAINT-GALL','Saint-Gall',1);
INSERT INTO `llx_c_departements` VALUES (668,'SH',601,NULL,NULL,'SCHAFFHOUSE','Schaffhouse',1);
INSERT INTO `llx_c_departements` VALUES (669,'SO',601,NULL,NULL,'SOLEURE','Soleure',1);
INSERT INTO `llx_c_departements` VALUES (670,'SZ',601,NULL,NULL,'SCHWYZ','Schwyz',1);
INSERT INTO `llx_c_departements` VALUES (671,'TG',601,NULL,NULL,'THURGOVIE','Thurgovie',1);
INSERT INTO `llx_c_departements` VALUES (672,'TI',601,NULL,NULL,'TESSIN','Tessin',1);
INSERT INTO `llx_c_departements` VALUES (673,'UR',601,NULL,NULL,'URI','Uri',1);
INSERT INTO `llx_c_departements` VALUES (674,'VD',601,NULL,NULL,'VAUD','Vaud',1);
INSERT INTO `llx_c_departements` VALUES (675,'VS',601,NULL,NULL,'VALAIS','Valais',1);
INSERT INTO `llx_c_departements` VALUES (676,'ZG',601,NULL,NULL,'ZUG','Zug',1);
INSERT INTO `llx_c_departements` VALUES (677,'ZH',601,NULL,NULL,'ZURICH','Zürich',1);
INSERT INTO `llx_c_departements` VALUES (678,701,701,NULL,0,NULL,'Bedfordshire',1);
INSERT INTO `llx_c_departements` VALUES (679,702,701,NULL,0,NULL,'Berkshire',1);
INSERT INTO `llx_c_departements` VALUES (680,703,701,NULL,0,NULL,'Bristol, City of',1);
INSERT INTO `llx_c_departements` VALUES (681,704,701,NULL,0,NULL,'Buckinghamshire',1);
INSERT INTO `llx_c_departements` VALUES (682,705,701,NULL,0,NULL,'Cambridgeshire',1);
INSERT INTO `llx_c_departements` VALUES (683,706,701,NULL,0,NULL,'Cheshire',1);
INSERT INTO `llx_c_departements` VALUES (684,707,701,NULL,0,NULL,'Cleveland',1);
INSERT INTO `llx_c_departements` VALUES (685,708,701,NULL,0,NULL,'Cornwall',1);
INSERT INTO `llx_c_departements` VALUES (686,709,701,NULL,0,NULL,'Cumberland',1);
INSERT INTO `llx_c_departements` VALUES (687,710,701,NULL,0,NULL,'Cumbria',1);
INSERT INTO `llx_c_departements` VALUES (688,711,701,NULL,0,NULL,'Derbyshire',1);
INSERT INTO `llx_c_departements` VALUES (689,712,701,NULL,0,NULL,'Devon',1);
INSERT INTO `llx_c_departements` VALUES (690,713,701,NULL,0,NULL,'Dorset',1);
INSERT INTO `llx_c_departements` VALUES (691,714,701,NULL,0,NULL,'Co. Durham',1);
INSERT INTO `llx_c_departements` VALUES (692,715,701,NULL,0,NULL,'East Riding of Yorkshire',1);
INSERT INTO `llx_c_departements` VALUES (693,716,701,NULL,0,NULL,'East Sussex',1);
INSERT INTO `llx_c_departements` VALUES (694,717,701,NULL,0,NULL,'Essex',1);
INSERT INTO `llx_c_departements` VALUES (695,718,701,NULL,0,NULL,'Gloucestershire',1);
INSERT INTO `llx_c_departements` VALUES (696,719,701,NULL,0,NULL,'Greater Manchester',1);
INSERT INTO `llx_c_departements` VALUES (697,720,701,NULL,0,NULL,'Hampshire',1);
INSERT INTO `llx_c_departements` VALUES (698,721,701,NULL,0,NULL,'Hertfordshire',1);
INSERT INTO `llx_c_departements` VALUES (699,722,701,NULL,0,NULL,'Hereford and Worcester',1);
INSERT INTO `llx_c_departements` VALUES (700,723,701,NULL,0,NULL,'Herefordshire',1);
INSERT INTO `llx_c_departements` VALUES (701,724,701,NULL,0,NULL,'Huntingdonshire',1);
INSERT INTO `llx_c_departements` VALUES (702,725,701,NULL,0,NULL,'Isle of Man',1);
INSERT INTO `llx_c_departements` VALUES (703,726,701,NULL,0,NULL,'Isle of Wight',1);
INSERT INTO `llx_c_departements` VALUES (704,727,701,NULL,0,NULL,'Jersey',1);
INSERT INTO `llx_c_departements` VALUES (705,728,701,NULL,0,NULL,'Kent',1);
INSERT INTO `llx_c_departements` VALUES (706,729,701,NULL,0,NULL,'Lancashire',1);
INSERT INTO `llx_c_departements` VALUES (707,730,701,NULL,0,NULL,'Leicestershire',1);
INSERT INTO `llx_c_departements` VALUES (708,731,701,NULL,0,NULL,'Lincolnshire',1);
INSERT INTO `llx_c_departements` VALUES (709,732,701,NULL,0,NULL,'London - City of London',1);
INSERT INTO `llx_c_departements` VALUES (710,733,701,NULL,0,NULL,'Merseyside',1);
INSERT INTO `llx_c_departements` VALUES (711,734,701,NULL,0,NULL,'Middlesex',1);
INSERT INTO `llx_c_departements` VALUES (712,735,701,NULL,0,NULL,'Norfolk',1);
INSERT INTO `llx_c_departements` VALUES (713,736,701,NULL,0,NULL,'North Yorkshire',1);
INSERT INTO `llx_c_departements` VALUES (714,737,701,NULL,0,NULL,'North Riding of Yorkshire',1);
INSERT INTO `llx_c_departements` VALUES (715,738,701,NULL,0,NULL,'Northamptonshire',1);
INSERT INTO `llx_c_departements` VALUES (716,739,701,NULL,0,NULL,'Northumberland',1);
INSERT INTO `llx_c_departements` VALUES (717,740,701,NULL,0,NULL,'Nottinghamshire',1);
INSERT INTO `llx_c_departements` VALUES (718,741,701,NULL,0,NULL,'Oxfordshire',1);
INSERT INTO `llx_c_departements` VALUES (719,742,701,NULL,0,NULL,'Rutland',1);
INSERT INTO `llx_c_departements` VALUES (720,743,701,NULL,0,NULL,'Shropshire',1);
INSERT INTO `llx_c_departements` VALUES (721,744,701,NULL,0,NULL,'Somerset',1);
INSERT INTO `llx_c_departements` VALUES (722,745,701,NULL,0,NULL,'Staffordshire',1);
INSERT INTO `llx_c_departements` VALUES (723,746,701,NULL,0,NULL,'Suffolk',1);
INSERT INTO `llx_c_departements` VALUES (724,747,701,NULL,0,NULL,'Surrey',1);
INSERT INTO `llx_c_departements` VALUES (725,748,701,NULL,0,NULL,'Sussex',1);
INSERT INTO `llx_c_departements` VALUES (726,749,701,NULL,0,NULL,'Tyne and Wear',1);
INSERT INTO `llx_c_departements` VALUES (727,750,701,NULL,0,NULL,'Warwickshire',1);
INSERT INTO `llx_c_departements` VALUES (728,751,701,NULL,0,NULL,'West Midlands',1);
INSERT INTO `llx_c_departements` VALUES (729,752,701,NULL,0,NULL,'West Sussex',1);
INSERT INTO `llx_c_departements` VALUES (730,753,701,NULL,0,NULL,'West Yorkshire',1);
INSERT INTO `llx_c_departements` VALUES (731,754,701,NULL,0,NULL,'West Riding of Yorkshire',1);
INSERT INTO `llx_c_departements` VALUES (732,755,701,NULL,0,NULL,'Wiltshire',1);
INSERT INTO `llx_c_departements` VALUES (733,756,701,NULL,0,NULL,'Worcestershire',1);
INSERT INTO `llx_c_departements` VALUES (734,757,701,NULL,0,NULL,'Yorkshire',1);
INSERT INTO `llx_c_departements` VALUES (735,758,702,NULL,0,NULL,'Anglesey',1);
INSERT INTO `llx_c_departements` VALUES (736,759,702,NULL,0,NULL,'Breconshire',1);
INSERT INTO `llx_c_departements` VALUES (737,760,702,NULL,0,NULL,'Caernarvonshire',1);
INSERT INTO `llx_c_departements` VALUES (738,761,702,NULL,0,NULL,'Cardiganshire',1);
INSERT INTO `llx_c_departements` VALUES (739,762,702,NULL,0,NULL,'Carmarthenshire',1);
INSERT INTO `llx_c_departements` VALUES (740,763,702,NULL,0,NULL,'Ceredigion',1);
INSERT INTO `llx_c_departements` VALUES (741,764,702,NULL,0,NULL,'Denbighshire',1);
INSERT INTO `llx_c_departements` VALUES (742,765,702,NULL,0,NULL,'Flintshire',1);
INSERT INTO `llx_c_departements` VALUES (743,766,702,NULL,0,NULL,'Glamorgan',1);
INSERT INTO `llx_c_departements` VALUES (744,767,702,NULL,0,NULL,'Gwent',1);
INSERT INTO `llx_c_departements` VALUES (745,768,702,NULL,0,NULL,'Gwynedd',1);
INSERT INTO `llx_c_departements` VALUES (746,769,702,NULL,0,NULL,'Merionethshire',1);
INSERT INTO `llx_c_departements` VALUES (747,770,702,NULL,0,NULL,'Monmouthshire',1);
INSERT INTO `llx_c_departements` VALUES (748,771,702,NULL,0,NULL,'Mid Glamorgan',1);
INSERT INTO `llx_c_departements` VALUES (749,772,702,NULL,0,NULL,'Montgomeryshire',1);
INSERT INTO `llx_c_departements` VALUES (750,773,702,NULL,0,NULL,'Pembrokeshire',1);
INSERT INTO `llx_c_departements` VALUES (751,774,702,NULL,0,NULL,'Powys',1);
INSERT INTO `llx_c_departements` VALUES (752,775,702,NULL,0,NULL,'Radnorshire',1);
INSERT INTO `llx_c_departements` VALUES (753,776,702,NULL,0,NULL,'South Glamorgan',1);
INSERT INTO `llx_c_departements` VALUES (754,777,703,NULL,0,NULL,'Aberdeen, City of',1);
INSERT INTO `llx_c_departements` VALUES (755,778,703,NULL,0,NULL,'Angus',1);
INSERT INTO `llx_c_departements` VALUES (756,779,703,NULL,0,NULL,'Argyll',1);
INSERT INTO `llx_c_departements` VALUES (757,780,703,NULL,0,NULL,'Ayrshire',1);
INSERT INTO `llx_c_departements` VALUES (758,781,703,NULL,0,NULL,'Banffshire',1);
INSERT INTO `llx_c_departements` VALUES (759,782,703,NULL,0,NULL,'Berwickshire',1);
INSERT INTO `llx_c_departements` VALUES (760,783,703,NULL,0,NULL,'Bute',1);
INSERT INTO `llx_c_departements` VALUES (761,784,703,NULL,0,NULL,'Caithness',1);
INSERT INTO `llx_c_departements` VALUES (762,785,703,NULL,0,NULL,'Clackmannanshire',1);
INSERT INTO `llx_c_departements` VALUES (763,786,703,NULL,0,NULL,'Dumfriesshire',1);
INSERT INTO `llx_c_departements` VALUES (764,787,703,NULL,0,NULL,'Dumbartonshire',1);
INSERT INTO `llx_c_departements` VALUES (765,788,703,NULL,0,NULL,'Dundee, City of',1);
INSERT INTO `llx_c_departements` VALUES (766,789,703,NULL,0,NULL,'East Lothian',1);
INSERT INTO `llx_c_departements` VALUES (767,790,703,NULL,0,NULL,'Fife',1);
INSERT INTO `llx_c_departements` VALUES (768,791,703,NULL,0,NULL,'Inverness',1);
INSERT INTO `llx_c_departements` VALUES (769,792,703,NULL,0,NULL,'Kincardineshire',1);
INSERT INTO `llx_c_departements` VALUES (770,793,703,NULL,0,NULL,'Kinross-shire',1);
INSERT INTO `llx_c_departements` VALUES (771,794,703,NULL,0,NULL,'Kirkcudbrightshire',1);
INSERT INTO `llx_c_departements` VALUES (772,795,703,NULL,0,NULL,'Lanarkshire',1);
INSERT INTO `llx_c_departements` VALUES (773,796,703,NULL,0,NULL,'Midlothian',1);
INSERT INTO `llx_c_departements` VALUES (774,797,703,NULL,0,NULL,'Morayshire',1);
INSERT INTO `llx_c_departements` VALUES (775,798,703,NULL,0,NULL,'Nairnshire',1);
INSERT INTO `llx_c_departements` VALUES (776,799,703,NULL,0,NULL,'Orkney',1);
INSERT INTO `llx_c_departements` VALUES (777,800,703,NULL,0,NULL,'Peebleshire',1);
INSERT INTO `llx_c_departements` VALUES (778,801,703,NULL,0,NULL,'Perthshire',1);
INSERT INTO `llx_c_departements` VALUES (779,802,703,NULL,0,NULL,'Renfrewshire',1);
INSERT INTO `llx_c_departements` VALUES (780,803,703,NULL,0,NULL,'Ross & Cromarty',1);
INSERT INTO `llx_c_departements` VALUES (781,804,703,NULL,0,NULL,'Roxburghshire',1);
INSERT INTO `llx_c_departements` VALUES (782,805,703,NULL,0,NULL,'Selkirkshire',1);
INSERT INTO `llx_c_departements` VALUES (783,806,703,NULL,0,NULL,'Shetland',1);
INSERT INTO `llx_c_departements` VALUES (784,807,703,NULL,0,NULL,'Stirlingshire',1);
INSERT INTO `llx_c_departements` VALUES (785,808,703,NULL,0,NULL,'Sutherland',1);
INSERT INTO `llx_c_departements` VALUES (786,809,703,NULL,0,NULL,'West Lothian',1);
INSERT INTO `llx_c_departements` VALUES (787,810,703,NULL,0,NULL,'Wigtownshire',1);
INSERT INTO `llx_c_departements` VALUES (788,811,704,NULL,0,NULL,'Antrim',1);
INSERT INTO `llx_c_departements` VALUES (789,812,704,NULL,0,NULL,'Armagh',1);
INSERT INTO `llx_c_departements` VALUES (790,813,704,NULL,0,NULL,'Co. Down',1);
INSERT INTO `llx_c_departements` VALUES (791,814,704,NULL,0,NULL,'Co. Fermanagh',1);
INSERT INTO `llx_c_departements` VALUES (792,815,704,NULL,0,NULL,'Co. Londonderry',1);
INSERT INTO `llx_c_departements` VALUES (793,'AL',1101,'',0,'ALABAMA','Alabama',1);
INSERT INTO `llx_c_departements` VALUES (794,'AK',1101,'',0,'ALASKA','Alaska',1);
INSERT INTO `llx_c_departements` VALUES (795,'AZ',1101,'',0,'ARIZONA','Arizona',1);
INSERT INTO `llx_c_departements` VALUES (796,'AR',1101,'',0,'ARKANSAS','Arkansas',1);
INSERT INTO `llx_c_departements` VALUES (797,'CA',1101,'',0,'CALIFORNIA','California',1);
INSERT INTO `llx_c_departements` VALUES (798,'CO',1101,'',0,'COLORADO','Colorado',1);
INSERT INTO `llx_c_departements` VALUES (799,'CT',1101,'',0,'CONNECTICUT','Connecticut',1);
INSERT INTO `llx_c_departements` VALUES (800,'DE',1101,'',0,'DELAWARE','Delaware',1);
INSERT INTO `llx_c_departements` VALUES (801,'FL',1101,'',0,'FLORIDA','Florida',1);
INSERT INTO `llx_c_departements` VALUES (802,'GA',1101,'',0,'GEORGIA','Georgia',1);
INSERT INTO `llx_c_departements` VALUES (803,'HI',1101,'',0,'HAWAII','Hawaii',1);
INSERT INTO `llx_c_departements` VALUES (804,'ID',1101,'',0,'IDAHO','Idaho',1);
INSERT INTO `llx_c_departements` VALUES (805,'IL',1101,'',0,'ILLINOIS','Illinois',1);
INSERT INTO `llx_c_departements` VALUES (806,'IN',1101,'',0,'INDIANA','Indiana',1);
INSERT INTO `llx_c_departements` VALUES (807,'IA',1101,'',0,'IOWA','Iowa',1);
INSERT INTO `llx_c_departements` VALUES (808,'KS',1101,'',0,'KANSAS','Kansas',1);
INSERT INTO `llx_c_departements` VALUES (809,'KY',1101,'',0,'KENTUCKY','Kentucky',1);
INSERT INTO `llx_c_departements` VALUES (810,'LA',1101,'',0,'LOUISIANA','Louisiana',1);
INSERT INTO `llx_c_departements` VALUES (811,'ME',1101,'',0,'MAINE','Maine',1);
INSERT INTO `llx_c_departements` VALUES (812,'MD',1101,'',0,'MARYLAND','Maryland',1);
INSERT INTO `llx_c_departements` VALUES (813,'MA',1101,'',0,'MASSACHUSSETTS','Massachusetts',1);
INSERT INTO `llx_c_departements` VALUES (814,'MI',1101,'',0,'MICHIGAN','Michigan',1);
INSERT INTO `llx_c_departements` VALUES (815,'MN',1101,'',0,'MINNESOTA','Minnesota',1);
INSERT INTO `llx_c_departements` VALUES (816,'MS',1101,'',0,'MISSISSIPPI','Mississippi',1);
INSERT INTO `llx_c_departements` VALUES (817,'MO',1101,'',0,'MISSOURI','Missouri',1);
INSERT INTO `llx_c_departements` VALUES (818,'MT',1101,'',0,'MONTANA','Montana',1);
INSERT INTO `llx_c_departements` VALUES (819,'NE',1101,'',0,'NEBRASKA','Nebraska',1);
INSERT INTO `llx_c_departements` VALUES (820,'NV',1101,'',0,'NEVADA','Nevada',1);
INSERT INTO `llx_c_departements` VALUES (821,'NH',1101,'',0,'NEW HAMPSHIRE','New Hampshire',1);
INSERT INTO `llx_c_departements` VALUES (822,'NJ',1101,'',0,'NEW JERSEY','New Jersey',1);
INSERT INTO `llx_c_departements` VALUES (823,'NM',1101,'',0,'NEW MEXICO','New Mexico',1);
INSERT INTO `llx_c_departements` VALUES (824,'NY',1101,'',0,'NEW YORK','New York',1);
INSERT INTO `llx_c_departements` VALUES (825,'NC',1101,'',0,'NORTH CAROLINA','North Carolina',1);
INSERT INTO `llx_c_departements` VALUES (826,'ND',1101,'',0,'NORTH DAKOTA','North Dakota',1);
INSERT INTO `llx_c_departements` VALUES (827,'OH',1101,'',0,'OHIO','Ohio',1);
INSERT INTO `llx_c_departements` VALUES (828,'OK',1101,'',0,'OKLAHOMA','Oklahoma',1);
INSERT INTO `llx_c_departements` VALUES (829,'OR',1101,'',0,'OREGON','Oregon',1);
INSERT INTO `llx_c_departements` VALUES (830,'PA',1101,'',0,'PENNSYLVANIA','Pennsylvania',1);
INSERT INTO `llx_c_departements` VALUES (831,'RI',1101,'',0,'RHODE ISLAND','Rhode Island',1);
INSERT INTO `llx_c_departements` VALUES (832,'SC',1101,'',0,'SOUTH CAROLINA','South Carolina',1);
INSERT INTO `llx_c_departements` VALUES (833,'SD',1101,'',0,'SOUTH DAKOTA','South Dakota',1);
INSERT INTO `llx_c_departements` VALUES (834,'TN',1101,'',0,'TENNESSEE','Tennessee',1);
INSERT INTO `llx_c_departements` VALUES (835,'TX',1101,'',0,'TEXAS','Texas',1);
INSERT INTO `llx_c_departements` VALUES (836,'UT',1101,'',0,'UTAH','Utah',1);
INSERT INTO `llx_c_departements` VALUES (837,'VT',1101,'',0,'VERMONT','Vermont',1);
INSERT INTO `llx_c_departements` VALUES (838,'VA',1101,'',0,'VIRGINIA','Virginia',1);
INSERT INTO `llx_c_departements` VALUES (839,'WA',1101,'',0,'WASHINGTON','Washington',1);
INSERT INTO `llx_c_departements` VALUES (840,'WV',1101,'',0,'WEST VIRGINIA','West Virginia',1);
INSERT INTO `llx_c_departements` VALUES (841,'WI',1101,'',0,'WISCONSIN','Wisconsin',1);
INSERT INTO `llx_c_departements` VALUES (842,'WY',1101,'',0,'WYOMING','Wyoming',1);
INSERT INTO `llx_c_departements` VALUES (843,'GR',1701,NULL,NULL,NULL,'Groningen',1);
INSERT INTO `llx_c_departements` VALUES (844,'FR',1701,NULL,NULL,NULL,'Friesland',1);
INSERT INTO `llx_c_departements` VALUES (845,'DR',1701,NULL,NULL,NULL,'Drenthe',1);
INSERT INTO `llx_c_departements` VALUES (846,'OV',1701,NULL,NULL,NULL,'Overijssel',1);
INSERT INTO `llx_c_departements` VALUES (847,'GD',1701,NULL,NULL,NULL,'Gelderland',1);
INSERT INTO `llx_c_departements` VALUES (848,'FL',1701,NULL,NULL,NULL,'Flevoland',1);
INSERT INTO `llx_c_departements` VALUES (849,'UT',1701,NULL,NULL,NULL,'Utrecht',1);
INSERT INTO `llx_c_departements` VALUES (850,'NH',1701,NULL,NULL,NULL,'Noord-Holland',1);
INSERT INTO `llx_c_departements` VALUES (851,'ZH',1701,NULL,NULL,NULL,'Zuid-Holland',1);
INSERT INTO `llx_c_departements` VALUES (852,'ZL',1701,NULL,NULL,NULL,'Zeeland',1);
INSERT INTO `llx_c_departements` VALUES (853,'NB',1701,NULL,NULL,NULL,'Noord-Brabant',1);
INSERT INTO `llx_c_departements` VALUES (854,'LB',1701,NULL,NULL,NULL,'Limburg',1);
INSERT INTO `llx_c_departements` VALUES (855,'SS',8601,'',0,'','San Salvador',1);
INSERT INTO `llx_c_departements` VALUES (856,'SA',8603,'',0,'','Santa Ana',1);
INSERT INTO `llx_c_departements` VALUES (857,'AH',8603,'',0,'','Ahuachapan',1);
INSERT INTO `llx_c_departements` VALUES (858,'SO',8603,'',0,'','Sonsonate',1);
INSERT INTO `llx_c_departements` VALUES (859,'US',8602,'',0,'','Usulutan',1);
INSERT INTO `llx_c_departements` VALUES (860,'SM',8602,'',0,'','San Miguel',1);
INSERT INTO `llx_c_departements` VALUES (861,'MO',8602,'',0,'','Morazan',1);
INSERT INTO `llx_c_departements` VALUES (862,'LU',8602,'',0,'','La Union',1);
INSERT INTO `llx_c_departements` VALUES (863,'LL',8601,'',0,'','La Libertad',1);
INSERT INTO `llx_c_departements` VALUES (864,'CH',8601,'',0,'','Chalatenango',1);
INSERT INTO `llx_c_departements` VALUES (865,'CA',8601,'',0,'','Cabañas',1);
INSERT INTO `llx_c_departements` VALUES (866,'LP',8601,'',0,'','La Paz',1);
INSERT INTO `llx_c_departements` VALUES (867,'SV',8601,'',0,'','San Vicente',1);
INSERT INTO `llx_c_departements` VALUES (868,'CU',8601,'',0,'','Cuscatlan',1);
INSERT INTO `llx_c_departements` VALUES (869,2301,2301,'',0,'CATAMARCA','Catamarca',1);
INSERT INTO `llx_c_departements` VALUES (870,2302,2301,'',0,'JUJUY','Jujuy',1);
INSERT INTO `llx_c_departements` VALUES (871,2303,2301,'',0,'TUCAMAN','Tucamán',1);
INSERT INTO `llx_c_departements` VALUES (872,2304,2301,'',0,'SANTIAGO DEL ESTERO','Santiago del Estero',1);
INSERT INTO `llx_c_departements` VALUES (873,2305,2301,'',0,'SALTA','Salta',1);
INSERT INTO `llx_c_departements` VALUES (874,2306,2302,'',0,'CHACO','Chaco',1);
INSERT INTO `llx_c_departements` VALUES (875,2307,2302,'',0,'CORRIENTES','Corrientes',1);
INSERT INTO `llx_c_departements` VALUES (876,2308,2302,'',0,'ENTRE RIOS','Entre Ríos',1);
INSERT INTO `llx_c_departements` VALUES (877,2309,2302,'',0,'FORMOSA','Formosa',1);
INSERT INTO `llx_c_departements` VALUES (878,2310,2302,'',0,'SANTA FE','Santa Fe',1);
INSERT INTO `llx_c_departements` VALUES (879,2311,2303,'',0,'LA RIOJA','La Rioja',1);
INSERT INTO `llx_c_departements` VALUES (880,2312,2303,'',0,'MENDOZA','Mendoza',1);
INSERT INTO `llx_c_departements` VALUES (881,2313,2303,'',0,'SAN JUAN','San Juan',1);
INSERT INTO `llx_c_departements` VALUES (882,2314,2303,'',0,'SAN LUIS','San Luis',1);
INSERT INTO `llx_c_departements` VALUES (883,2315,2304,'',0,'CORDOBA','Córdoba',1);
INSERT INTO `llx_c_departements` VALUES (884,2316,2304,'',0,'BUENOS AIRES','Buenos Aires',1);
INSERT INTO `llx_c_departements` VALUES (885,2317,2304,'',0,'CABA','Caba',1);
INSERT INTO `llx_c_departements` VALUES (886,2318,2305,'',0,'LA PAMPA','La Pampa',1);
INSERT INTO `llx_c_departements` VALUES (887,2319,2305,'',0,'NEUQUEN','Neuquén',1);
INSERT INTO `llx_c_departements` VALUES (888,2320,2305,'',0,'RIO NEGRO','Río Negro',1);
INSERT INTO `llx_c_departements` VALUES (889,2321,2305,'',0,'CHUBUT','Chubut',1);
INSERT INTO `llx_c_departements` VALUES (890,2322,2305,'',0,'SANTA CRUZ','Santa Cruz',1);
INSERT INTO `llx_c_departements` VALUES (891,2323,2305,'',0,'TIERRA DEL FUEGO','Tierra del Fuego',1);
INSERT INTO `llx_c_departements` VALUES (892,2324,2305,'',0,'ISLAS MALVINAS','Islas Malvinas',1);
INSERT INTO `llx_c_departements` VALUES (893,2325,2305,'',0,'ANTARTIDA','Antártida',1);
INSERT INTO `llx_c_departements` VALUES (894,2326,2305,'',0,'MISIONES','Misiones',1);
INSERT INTO `llx_c_departements` VALUES (895,'CC',4601,'Oistins',0,'CC','Christ Church',1);
INSERT INTO `llx_c_departements` VALUES (896,'SA',4601,'Greenland',0,'SA','Saint Andrew',1);
INSERT INTO `llx_c_departements` VALUES (897,'SG',4601,'Bulkeley',0,'SG','Saint George',1);
INSERT INTO `llx_c_departements` VALUES (898,'JA',4601,'Holetown',0,'JA','Saint James',1);
INSERT INTO `llx_c_departements` VALUES (899,'SJ',4601,'Four Roads',0,'SJ','Saint John',1);
INSERT INTO `llx_c_departements` VALUES (900,'SB',4601,'Bathsheba',0,'SB','Saint Joseph',1);
INSERT INTO `llx_c_departements` VALUES (901,'SL',4601,'Crab Hill',0,'SL','Saint Lucy',1);
INSERT INTO `llx_c_departements` VALUES (902,'SM',4601,'Bridgetown',0,'SM','Saint Michael',1);
INSERT INTO `llx_c_departements` VALUES (903,'SP',4601,'Speightstown',0,'SP','Saint Peter',1);
INSERT INTO `llx_c_departements` VALUES (904,'SC',4601,'Crane',0,'SC','Saint Philip',1);
INSERT INTO `llx_c_departements` VALUES (905,'ST',4601,'Hillaby',0,'ST','Saint Thomas',1);
INSERT INTO `llx_c_departements` VALUES (906,'AC',5601,'ACRE',0,'AC','Acre',1);
INSERT INTO `llx_c_departements` VALUES (907,'AL',5601,'ALAGOAS',0,'AL','Alagoas',1);
INSERT INTO `llx_c_departements` VALUES (908,'AP',5601,'AMAPA',0,'AP','Amapá',1);
INSERT INTO `llx_c_departements` VALUES (909,'AM',5601,'AMAZONAS',0,'AM','Amazonas',1);
INSERT INTO `llx_c_departements` VALUES (910,'BA',5601,'BAHIA',0,'BA','Bahia',1);
INSERT INTO `llx_c_departements` VALUES (911,'CE',5601,'CEARA',0,'CE','Ceará',1);
INSERT INTO `llx_c_departements` VALUES (912,'ES',5601,'ESPIRITO SANTO',0,'ES','Espirito Santo',1);
INSERT INTO `llx_c_departements` VALUES (913,'GO',5601,'GOIAS',0,'GO','Goiás',1);
INSERT INTO `llx_c_departements` VALUES (914,'MA',5601,'MARANHAO',0,'MA','Maranhão',1);
INSERT INTO `llx_c_departements` VALUES (915,'MT',5601,'MATO GROSSO',0,'MT','Mato Grosso',1);
INSERT INTO `llx_c_departements` VALUES (916,'MS',5601,'MATO GROSSO DO SUL',0,'MS','Mato Grosso do Sul',1);
INSERT INTO `llx_c_departements` VALUES (917,'MG',5601,'MINAS GERAIS',0,'MG','Minas Gerais',1);
INSERT INTO `llx_c_departements` VALUES (918,'PA',5601,'PARA',0,'PA','Pará',1);
INSERT INTO `llx_c_departements` VALUES (919,'PB',5601,'PARAIBA',0,'PB','Paraiba',1);
INSERT INTO `llx_c_departements` VALUES (920,'PR',5601,'PARANA',0,'PR','Paraná',1);
INSERT INTO `llx_c_departements` VALUES (921,'PE',5601,'PERNAMBUCO',0,'PE','Pernambuco',1);
INSERT INTO `llx_c_departements` VALUES (922,'PI',5601,'PIAUI',0,'PI','Piauí',1);
INSERT INTO `llx_c_departements` VALUES (923,'RJ',5601,'RIO DE JANEIRO',0,'RJ','Rio de Janeiro',1);
INSERT INTO `llx_c_departements` VALUES (924,'RN',5601,'RIO GRANDE DO NORTE',0,'RN','Rio Grande do Norte',1);
INSERT INTO `llx_c_departements` VALUES (925,'RS',5601,'RIO GRANDE DO SUL',0,'RS','Rio Grande do Sul',1);
INSERT INTO `llx_c_departements` VALUES (926,'RO',5601,'RONDONIA',0,'RO','Rondônia',1);
INSERT INTO `llx_c_departements` VALUES (927,'RR',5601,'RORAIMA',0,'RR','Roraima',1);
INSERT INTO `llx_c_departements` VALUES (928,'SC',5601,'SANTA CATARINA',0,'SC','Santa Catarina',1);
INSERT INTO `llx_c_departements` VALUES (929,'SE',5601,'SERGIPE',0,'SE','Sergipe',1);
INSERT INTO `llx_c_departements` VALUES (930,'SP',5601,'SAO PAULO',0,'SP','Sao Paulo',1);
INSERT INTO `llx_c_departements` VALUES (931,'TO',5601,'TOCANTINS',0,'TO','Tocantins',1);
INSERT INTO `llx_c_departements` VALUES (932,'DF',5601,'DISTRITO FEDERAL',0,'DF','Distrito Federal',1);
INSERT INTO `llx_c_departements` VALUES (933,151,6715,'',0,151,'Arica',1);
INSERT INTO `llx_c_departements` VALUES (934,152,6715,'',0,152,'Parinacota',1);
INSERT INTO `llx_c_departements` VALUES (935,'011',6701,'',0,'011','Iquique',1);
INSERT INTO `llx_c_departements` VALUES (936,'014',6701,'',0,'014','Tamarugal',1);
INSERT INTO `llx_c_departements` VALUES (937,'021',6702,'',0,'021','Antofagasa',1);
INSERT INTO `llx_c_departements` VALUES (938,'022',6702,'',0,'022','El Loa',1);
INSERT INTO `llx_c_departements` VALUES (939,'023',6702,'',0,'023','Tocopilla',1);
INSERT INTO `llx_c_departements` VALUES (940,'031',6703,'',0,'031','Copiapó',1);
INSERT INTO `llx_c_departements` VALUES (941,'032',6703,'',0,'032','Chañaral',1);
INSERT INTO `llx_c_departements` VALUES (942,'033',6703,'',0,'033','Huasco',1);
INSERT INTO `llx_c_departements` VALUES (943,'041',6704,'',0,'041','Elqui',1);
INSERT INTO `llx_c_departements` VALUES (944,'042',6704,'',0,'042','Choapa',1);
INSERT INTO `llx_c_departements` VALUES (945,'043',6704,'',0,'043','Limarí',1);
INSERT INTO `llx_c_departements` VALUES (946,'051',6705,'',0,'051','Valparaíso',1);
INSERT INTO `llx_c_departements` VALUES (947,'052',6705,'',0,'052','Isla de Pascua',1);
INSERT INTO `llx_c_departements` VALUES (948,'053',6705,'',0,'053','Los Andes',1);
INSERT INTO `llx_c_departements` VALUES (949,'054',6705,'',0,'054','Petorca',1);
INSERT INTO `llx_c_departements` VALUES (950,'055',6705,'',0,'055','Quillota',1);
INSERT INTO `llx_c_departements` VALUES (951,'056',6705,'',0,'056','San Antonio',1);
INSERT INTO `llx_c_departements` VALUES (952,'057',6705,'',0,'057','San Felipe de Aconcagua',1);
INSERT INTO `llx_c_departements` VALUES (953,'058',6705,'',0,'058','Marga Marga',1);
INSERT INTO `llx_c_departements` VALUES (954,'061',6706,'',0,'061','Cachapoal',1);
INSERT INTO `llx_c_departements` VALUES (955,'062',6706,'',0,'062','Cardenal Caro',1);
INSERT INTO `llx_c_departements` VALUES (956,'063',6706,'',0,'063','Colchagua',1);
INSERT INTO `llx_c_departements` VALUES (957,'071',6707,'',0,'071','Talca',1);
INSERT INTO `llx_c_departements` VALUES (958,'072',6707,'',0,'072','Cauquenes',1);
INSERT INTO `llx_c_departements` VALUES (959,'073',6707,'',0,'073','Curicó',1);
INSERT INTO `llx_c_departements` VALUES (960,'074',6707,'',0,'074','Linares',1);
INSERT INTO `llx_c_departements` VALUES (961,'081',6708,'',0,'081','Concepción',1);
INSERT INTO `llx_c_departements` VALUES (962,'082',6708,'',0,'082','Arauco',1);
INSERT INTO `llx_c_departements` VALUES (963,'083',6708,'',0,'083','Biobío',1);
INSERT INTO `llx_c_departements` VALUES (964,'084',6708,'',0,'084','Ñuble',1);
INSERT INTO `llx_c_departements` VALUES (965,'091',6709,'',0,'091','Cautín',1);
INSERT INTO `llx_c_departements` VALUES (966,'092',6709,'',0,'092','Malleco',1);
INSERT INTO `llx_c_departements` VALUES (967,141,6714,'',0,141,'Valdivia',1);
INSERT INTO `llx_c_departements` VALUES (968,142,6714,'',0,142,'Ranco',1);
INSERT INTO `llx_c_departements` VALUES (969,101,6710,'',0,101,'Llanquihue',1);
INSERT INTO `llx_c_departements` VALUES (970,102,6710,'',0,102,'Chiloé',1);
INSERT INTO `llx_c_departements` VALUES (971,103,6710,'',0,103,'Osorno',1);
INSERT INTO `llx_c_departements` VALUES (972,104,6710,'',0,104,'Palena',1);
INSERT INTO `llx_c_departements` VALUES (973,111,6711,'',0,111,'Coihaique',1);
INSERT INTO `llx_c_departements` VALUES (974,112,6711,'',0,112,'Aisén',1);
INSERT INTO `llx_c_departements` VALUES (975,113,6711,'',0,113,'Capitán Prat',1);
INSERT INTO `llx_c_departements` VALUES (976,114,6711,'',0,114,'General Carrera',1);
INSERT INTO `llx_c_departements` VALUES (977,121,6712,'',0,121,'Magallanes',1);
INSERT INTO `llx_c_departements` VALUES (978,122,6712,'',0,122,'Antártica Chilena',1);
INSERT INTO `llx_c_departements` VALUES (979,123,6712,'',0,123,'Tierra del Fuego',1);
INSERT INTO `llx_c_departements` VALUES (980,124,6712,'',0,124,'Última Esperanza',1);
INSERT INTO `llx_c_departements` VALUES (981,131,6713,'',0,131,'Santiago',1);
INSERT INTO `llx_c_departements` VALUES (982,132,6713,'',0,132,'Cordillera',1);
INSERT INTO `llx_c_departements` VALUES (983,133,6713,'',0,133,'Chacabuco',1);
INSERT INTO `llx_c_departements` VALUES (984,134,6713,'',0,134,'Maipo',1);
INSERT INTO `llx_c_departements` VALUES (985,135,6713,'',0,135,'Melipilla',1);
INSERT INTO `llx_c_departements` VALUES (986,136,6713,'',0,136,'Talagante',1);
INSERT INTO `llx_c_departements` VALUES (987,'AN',11701,NULL,0,'AN','Andaman & Nicobar',1);
INSERT INTO `llx_c_departements` VALUES (988,'AP',11701,NULL,0,'AP','Andhra Pradesh',1);
INSERT INTO `llx_c_departements` VALUES (989,'AR',11701,NULL,0,'AR','Arunachal Pradesh',1);
INSERT INTO `llx_c_departements` VALUES (990,'AS',11701,NULL,0,'AS','Assam',1);
INSERT INTO `llx_c_departements` VALUES (991,'BR',11701,NULL,0,'BR','Bihar',1);
INSERT INTO `llx_c_departements` VALUES (992,'CG',11701,NULL,0,'CG','Chattisgarh',1);
INSERT INTO `llx_c_departements` VALUES (993,'CH',11701,NULL,0,'CH','Chandigarh',1);
INSERT INTO `llx_c_departements` VALUES (994,'DD',11701,NULL,0,'DD','Daman & Diu',1);
INSERT INTO `llx_c_departements` VALUES (995,'DL',11701,NULL,0,'DL','Delhi',1);
INSERT INTO `llx_c_departements` VALUES (996,'DN',11701,NULL,0,'DN','Dadra and Nagar Haveli',1);
INSERT INTO `llx_c_departements` VALUES (997,'GA',11701,NULL,0,'GA','Goa',1);
INSERT INTO `llx_c_departements` VALUES (998,'GJ',11701,NULL,0,'GJ','Gujarat',1);
INSERT INTO `llx_c_departements` VALUES (999,'HP',11701,NULL,0,'HP','Himachal Pradesh',1);
INSERT INTO `llx_c_departements` VALUES (1000,'HR',11701,NULL,0,'HR','Haryana',1);
INSERT INTO `llx_c_departements` VALUES (1001,'JH',11701,NULL,0,'JH','Jharkhand',1);
INSERT INTO `llx_c_departements` VALUES (1002,'JK',11701,NULL,0,'JK','Jammu & Kashmir',1);
INSERT INTO `llx_c_departements` VALUES (1003,'KA',11701,NULL,0,'KA','Karnataka',1);
INSERT INTO `llx_c_departements` VALUES (1004,'KL',11701,NULL,0,'KL','Kerala',1);
INSERT INTO `llx_c_departements` VALUES (1005,'LD',11701,NULL,0,'LD','Lakshadweep',1);
INSERT INTO `llx_c_departements` VALUES (1006,'MH',11701,NULL,0,'MH','Maharashtra',1);
INSERT INTO `llx_c_departements` VALUES (1007,'ML',11701,NULL,0,'ML','Meghalaya',1);
INSERT INTO `llx_c_departements` VALUES (1008,'MN',11701,NULL,0,'MN','Manipur',1);
INSERT INTO `llx_c_departements` VALUES (1009,'MP',11701,NULL,0,'MP','Madhya Pradesh',1);
INSERT INTO `llx_c_departements` VALUES (1010,'MZ',11701,NULL,0,'MZ','Mizoram',1);
INSERT INTO `llx_c_departements` VALUES (1011,'NL',11701,NULL,0,'NL','Nagaland',1);
INSERT INTO `llx_c_departements` VALUES (1012,'OR',11701,NULL,0,'OR','Orissa',1);
INSERT INTO `llx_c_departements` VALUES (1013,'PB',11701,NULL,0,'PB','Punjab',1);
INSERT INTO `llx_c_departements` VALUES (1014,'PY',11701,NULL,0,'PY','Puducherry',1);
INSERT INTO `llx_c_departements` VALUES (1015,'RJ',11701,NULL,0,'RJ','Rajasthan',1);
INSERT INTO `llx_c_departements` VALUES (1016,'SK',11701,NULL,0,'SK','Sikkim',1);
INSERT INTO `llx_c_departements` VALUES (1017,'TN',11701,NULL,0,'TN','Tamil Nadu',1);
INSERT INTO `llx_c_departements` VALUES (1018,'TR',11701,NULL,0,'TR','Tripura',1);
INSERT INTO `llx_c_departements` VALUES (1019,'UL',11701,NULL,0,'UL','Uttarakhand',1);
INSERT INTO `llx_c_departements` VALUES (1020,'UP',11701,NULL,0,'UP','Uttar Pradesh',1);
INSERT INTO `llx_c_departements` VALUES (1021,'WB',11701,NULL,0,'WB','West Bengal',1);
INSERT INTO `llx_c_departements` VALUES (1022,'DIF',15401,'',0,'DIF','Distrito Federal',1);
INSERT INTO `llx_c_departements` VALUES (1023,'AGS',15401,'',0,'AGS','Aguascalientes',1);
INSERT INTO `llx_c_departements` VALUES (1024,'BCN',15401,'',0,'BCN','Baja California Norte',1);
INSERT INTO `llx_c_departements` VALUES (1025,'BCS',15401,'',0,'BCS','Baja California Sur',1);
INSERT INTO `llx_c_departements` VALUES (1026,'CAM',15401,'',0,'CAM','Campeche',1);
INSERT INTO `llx_c_departements` VALUES (1027,'CHP',15401,'',0,'CHP','Chiapas',1);
INSERT INTO `llx_c_departements` VALUES (1028,'CHI',15401,'',0,'CHI','Chihuahua',1);
INSERT INTO `llx_c_departements` VALUES (1029,'COA',15401,'',0,'COA','Coahuila',1);
INSERT INTO `llx_c_departements` VALUES (1030,'COL',15401,'',0,'COL','Colima',1);
INSERT INTO `llx_c_departements` VALUES (1031,'DUR',15401,'',0,'DUR','Durango',1);
INSERT INTO `llx_c_departements` VALUES (1032,'GTO',15401,'',0,'GTO','Guanajuato',1);
INSERT INTO `llx_c_departements` VALUES (1033,'GRO',15401,'',0,'GRO','Guerrero',1);
INSERT INTO `llx_c_departements` VALUES (1034,'HGO',15401,'',0,'HGO','Hidalgo',1);
INSERT INTO `llx_c_departements` VALUES (1035,'JAL',15401,'',0,'JAL','Jalisco',1);
INSERT INTO `llx_c_departements` VALUES (1036,'MEX',15401,'',0,'MEX','México',1);
INSERT INTO `llx_c_departements` VALUES (1037,'MIC',15401,'',0,'MIC','Michoacán de Ocampo',1);
INSERT INTO `llx_c_departements` VALUES (1038,'MOR',15401,'',0,'MOR','Morelos',1);
INSERT INTO `llx_c_departements` VALUES (1039,'NAY',15401,'',0,'NAY','Nayarit',1);
INSERT INTO `llx_c_departements` VALUES (1040,'NLE',15401,'',0,'NLE','Nuevo León',1);
INSERT INTO `llx_c_departements` VALUES (1041,'OAX',15401,'',0,'OAX','Oaxaca',1);
INSERT INTO `llx_c_departements` VALUES (1042,'PUE',15401,'',0,'PUE','Puebla',1);
INSERT INTO `llx_c_departements` VALUES (1043,'QRO',15401,'',0,'QRO','Querétaro',1);
INSERT INTO `llx_c_departements` VALUES (1044,'ROO',15401,'',0,'ROO','Quintana Roo',1);
INSERT INTO `llx_c_departements` VALUES (1045,'SLP',15401,'',0,'SLP','San Luis Potosí',1);
INSERT INTO `llx_c_departements` VALUES (1046,'SIN',15401,'',0,'SIN','Sinaloa',1);
INSERT INTO `llx_c_departements` VALUES (1047,'SON',15401,'',0,'SON','Sonora',1);
INSERT INTO `llx_c_departements` VALUES (1048,'TAB',15401,'',0,'TAB','Tabasco',1);
INSERT INTO `llx_c_departements` VALUES (1049,'TAM',15401,'',0,'TAM','Tamaulipas',1);
INSERT INTO `llx_c_departements` VALUES (1050,'TLX',15401,'',0,'TLX','Tlaxcala',1);
INSERT INTO `llx_c_departements` VALUES (1051,'VER',15401,'',0,'VER','Veracruz',1);
INSERT INTO `llx_c_departements` VALUES (1052,'YUC',15401,'',0,'YUC','Yucatán',1);
INSERT INTO `llx_c_departements` VALUES (1053,'ZAC',15401,'',0,'ZAC','Zacatecas',1);
INSERT INTO `llx_c_departements` VALUES (1054,'ANT',7001,'',0,'ANT','Antioquia',1);
INSERT INTO `llx_c_departements` VALUES (1055,'BOL',7001,'',0,'BOL','Bolívar',1);
INSERT INTO `llx_c_departements` VALUES (1056,'BOY',7001,'',0,'BOY','Boyacá',1);
INSERT INTO `llx_c_departements` VALUES (1057,'CAL',7001,'',0,'CAL','Caldas',1);
INSERT INTO `llx_c_departements` VALUES (1058,'CAU',7001,'',0,'CAU','Cauca',1);
INSERT INTO `llx_c_departements` VALUES (1059,'CUN',7001,'',0,'CUN','Cundinamarca',1);
INSERT INTO `llx_c_departements` VALUES (1060,'HUI',7001,'',0,'HUI','Huila',1);
INSERT INTO `llx_c_departements` VALUES (1061,'LAG',7001,'',0,'LAG','La Guajira',1);
INSERT INTO `llx_c_departements` VALUES (1062,'MET',7001,'',0,'MET','Meta',1);
INSERT INTO `llx_c_departements` VALUES (1063,'NAR',7001,'',0,'NAR','Nariño',1);
INSERT INTO `llx_c_departements` VALUES (1064,'NDS',7001,'',0,'NDS','Norte de Santander',1);
INSERT INTO `llx_c_departements` VALUES (1065,'SAN',7001,'',0,'SAN','Santander',1);
INSERT INTO `llx_c_departements` VALUES (1066,'SUC',7001,'',0,'SUC','Sucre',1);
INSERT INTO `llx_c_departements` VALUES (1067,'TOL',7001,'',0,'TOL','Tolima',1);
INSERT INTO `llx_c_departements` VALUES (1068,'VAC',7001,'',0,'VAC','Valle del Cauca',1);
INSERT INTO `llx_c_departements` VALUES (1069,'RIS',7001,'',0,'RIS','Risalda',1);
INSERT INTO `llx_c_departements` VALUES (1070,'ATL',7001,'',0,'ATL','Atlántico',1);
INSERT INTO `llx_c_departements` VALUES (1071,'COR',7001,'',0,'COR','Córdoba',1);
INSERT INTO `llx_c_departements` VALUES (1072,'SAP',7001,'',0,'SAP','San Andrés, Providencia y Santa Catalina',1);
INSERT INTO `llx_c_departements` VALUES (1073,'ARA',7001,'',0,'ARA','Arauca',1);
INSERT INTO `llx_c_departements` VALUES (1074,'CAS',7001,'',0,'CAS','Casanare',1);
INSERT INTO `llx_c_departements` VALUES (1075,'AMA',7001,'',0,'AMA','Amazonas',1);
INSERT INTO `llx_c_departements` VALUES (1076,'CAQ',7001,'',0,'CAQ','Caquetá',1);
INSERT INTO `llx_c_departements` VALUES (1077,'CHO',7001,'',0,'CHO','Chocó',1);
INSERT INTO `llx_c_departements` VALUES (1078,'GUA',7001,'',0,'GUA','Guainía',1);
INSERT INTO `llx_c_departements` VALUES (1079,'GUV',7001,'',0,'GUV','Guaviare',1);
INSERT INTO `llx_c_departements` VALUES (1080,'PUT',7001,'',0,'PUT','Putumayo',1);
INSERT INTO `llx_c_departements` VALUES (1081,'QUI',7001,'',0,'QUI','Quindío',1);
INSERT INTO `llx_c_departements` VALUES (1082,'VAU',7001,'',0,'VAU','Vaupés',1);
INSERT INTO `llx_c_departements` VALUES (1083,'BOG',7001,'',0,'BOG','Bogotá',1);
INSERT INTO `llx_c_departements` VALUES (1084,'VID',7001,'',0,'VID','Vichada',1);
INSERT INTO `llx_c_departements` VALUES (1085,'CES',7001,'',0,'CES','Cesar',1);
INSERT INTO `llx_c_departements` VALUES (1086,'MAG',7001,'',0,'MAG','Magdalena',1);
INSERT INTO `llx_c_departements` VALUES (1087,'AT',11401,'',0,'AT','Atlántida',1);
INSERT INTO `llx_c_departements` VALUES (1088,'CH',11401,'',0,'CH','Choluteca',1);
INSERT INTO `llx_c_departements` VALUES (1089,'CL',11401,'',0,'CL','Colón',1);
INSERT INTO `llx_c_departements` VALUES (1090,'CM',11401,'',0,'CM','Comayagua',1);
INSERT INTO `llx_c_departements` VALUES (1091,'CO',11401,'',0,'CO','Copán',1);
INSERT INTO `llx_c_departements` VALUES (1092,'CR',11401,'',0,'CR','Cortés',1);
INSERT INTO `llx_c_departements` VALUES (1093,'EP',11401,'',0,'EP','El Paraíso',1);
INSERT INTO `llx_c_departements` VALUES (1094,'FM',11401,'',0,'FM','Francisco Morazán',1);
INSERT INTO `llx_c_departements` VALUES (1095,'GD',11401,'',0,'GD','Gracias a Dios',1);
INSERT INTO `llx_c_departements` VALUES (1096,'IN',11401,'',0,'IN','Intibucá',1);
INSERT INTO `llx_c_departements` VALUES (1097,'IB',11401,'',0,'IB','Islas de la Bahía',1);
INSERT INTO `llx_c_departements` VALUES (1098,'LP',11401,'',0,'LP','La Paz',1);
INSERT INTO `llx_c_departements` VALUES (1099,'LM',11401,'',0,'LM','Lempira',1);
INSERT INTO `llx_c_departements` VALUES (1100,'OC',11401,'',0,'OC','Ocotepeque',1);
INSERT INTO `llx_c_departements` VALUES (1101,'OL',11401,'',0,'OL','Olancho',1);
INSERT INTO `llx_c_departements` VALUES (1102,'SB',11401,'',0,'SB','Santa Bárbara',1);
INSERT INTO `llx_c_departements` VALUES (1103,'VL',11401,'',0,'VL','Valle',1);
INSERT INTO `llx_c_departements` VALUES (1104,'YO',11401,'',0,'YO','Yoro',1);
INSERT INTO `llx_c_departements` VALUES (1105,'DC',11401,'',0,'DC','Distrito Central',1);
INSERT INTO `llx_c_departements` VALUES (1106,'AB',18801,'',0,'','Alba',1);
INSERT INTO `llx_c_departements` VALUES (1107,'AR',18801,'',0,'','Arad',1);
INSERT INTO `llx_c_departements` VALUES (1108,'AG',18801,'',0,'','Arge?',1);
INSERT INTO `llx_c_departements` VALUES (1109,'BC',18801,'',0,'','Bac?u',1);
INSERT INTO `llx_c_departements` VALUES (1110,'BH',18801,'',0,'','Bihor',1);
INSERT INTO `llx_c_departements` VALUES (1111,'BN',18801,'',0,'','Bistri?a-N?s?ud',1);
INSERT INTO `llx_c_departements` VALUES (1112,'BT',18801,'',0,'','Boto?ani',1);
INSERT INTO `llx_c_departements` VALUES (1113,'BV',18801,'',0,'','Bra?ov',1);
INSERT INTO `llx_c_departements` VALUES (1114,'BR',18801,'',0,'','Br?ila',1);
INSERT INTO `llx_c_departements` VALUES (1115,'BZ',18801,'',0,'','Buz?u',1);
INSERT INTO `llx_c_departements` VALUES (1116,'CL',18801,'',0,'','C?l?ra?i',1);
INSERT INTO `llx_c_departements` VALUES (1117,'CS',18801,'',0,'','Cara?-Severin',1);
INSERT INTO `llx_c_departements` VALUES (1118,'CJ',18801,'',0,'','Cluj',1);
INSERT INTO `llx_c_departements` VALUES (1119,'CT',18801,'',0,'','Constan?a',1);
INSERT INTO `llx_c_departements` VALUES (1120,'CV',18801,'',0,'','Covasna',1);
INSERT INTO `llx_c_departements` VALUES (1121,'DB',18801,'',0,'','Dâmbovi?a',1);
INSERT INTO `llx_c_departements` VALUES (1122,'DJ',18801,'',0,'','Dolj',1);
INSERT INTO `llx_c_departements` VALUES (1123,'GL',18801,'',0,'','Gala?i',1);
INSERT INTO `llx_c_departements` VALUES (1124,'GR',18801,'',0,'','Giurgiu',1);
INSERT INTO `llx_c_departements` VALUES (1125,'GJ',18801,'',0,'','Gorj',1);
INSERT INTO `llx_c_departements` VALUES (1126,'HR',18801,'',0,'','Harghita',1);
INSERT INTO `llx_c_departements` VALUES (1127,'HD',18801,'',0,'','Hunedoara',1);
INSERT INTO `llx_c_departements` VALUES (1128,'IL',18801,'',0,'','Ialomi?a',1);
INSERT INTO `llx_c_departements` VALUES (1129,'IS',18801,'',0,'','Ia?i',1);
INSERT INTO `llx_c_departements` VALUES (1130,'IF',18801,'',0,'','Ilfov',1);
INSERT INTO `llx_c_departements` VALUES (1131,'MM',18801,'',0,'','Maramure?',1);
INSERT INTO `llx_c_departements` VALUES (1132,'MH',18801,'',0,'','Mehedin?i',1);
INSERT INTO `llx_c_departements` VALUES (1133,'MS',18801,'',0,'','Mure?',1);
INSERT INTO `llx_c_departements` VALUES (1134,'NT',18801,'',0,'','Neam?',1);
INSERT INTO `llx_c_departements` VALUES (1135,'OT',18801,'',0,'','Olt',1);
INSERT INTO `llx_c_departements` VALUES (1136,'PH',18801,'',0,'','Prahova',1);
INSERT INTO `llx_c_departements` VALUES (1137,'SM',18801,'',0,'','Satu Mare',1);
INSERT INTO `llx_c_departements` VALUES (1138,'SJ',18801,'',0,'','S?laj',1);
INSERT INTO `llx_c_departements` VALUES (1139,'SB',18801,'',0,'','Sibiu',1);
INSERT INTO `llx_c_departements` VALUES (1140,'SV',18801,'',0,'','Suceava',1);
INSERT INTO `llx_c_departements` VALUES (1141,'TR',18801,'',0,'','Teleorman',1);
INSERT INTO `llx_c_departements` VALUES (1142,'TM',18801,'',0,'','Timi?',1);
INSERT INTO `llx_c_departements` VALUES (1143,'TL',18801,'',0,'','Tulcea',1);
INSERT INTO `llx_c_departements` VALUES (1144,'VS',18801,'',0,'','Vaslui',1);
INSERT INTO `llx_c_departements` VALUES (1145,'VL',18801,'',0,'','Vâlcea',1);
INSERT INTO `llx_c_departements` VALUES (1146,'VN',18801,'',0,'','Vrancea',1);
INSERT INTO `llx_c_departements` VALUES (1147,'BU',18801,'',0,'','Bucuresti',1);
INSERT INTO `llx_c_departements` VALUES (1148,'VE-L',23201,'',0,'VE-L','Mérida',1);
INSERT INTO `llx_c_departements` VALUES (1149,'VE-T',23201,'',0,'VE-T','Trujillo',1);
INSERT INTO `llx_c_departements` VALUES (1150,'VE-E',23201,'',0,'VE-E','Barinas',1);
INSERT INTO `llx_c_departements` VALUES (1151,'VE-M',23202,'',0,'VE-M','Miranda',1);
INSERT INTO `llx_c_departements` VALUES (1152,'VE-W',23202,'',0,'VE-W','Vargas',1);
INSERT INTO `llx_c_departements` VALUES (1153,'VE-A',23202,'',0,'VE-A','Distrito Capital',1);
INSERT INTO `llx_c_departements` VALUES (1154,'VE-D',23203,'',0,'VE-D','Aragua',1);
INSERT INTO `llx_c_departements` VALUES (1155,'VE-G',23203,'',0,'VE-G','Carabobo',1);
INSERT INTO `llx_c_departements` VALUES (1156,'VE-I',23204,'',0,'VE-I','Falcón',1);
INSERT INTO `llx_c_departements` VALUES (1157,'VE-K',23204,'',0,'VE-K','Lara',1);
INSERT INTO `llx_c_departements` VALUES (1158,'VE-U',23204,'',0,'VE-U','Yaracuy',1);
INSERT INTO `llx_c_departements` VALUES (1159,'VE-F',23205,'',0,'VE-F','Bolívar',1);
INSERT INTO `llx_c_departements` VALUES (1160,'VE-X',23205,'',0,'VE-X','Amazonas',1);
INSERT INTO `llx_c_departements` VALUES (1161,'VE-Y',23205,'',0,'VE-Y','Delta Amacuro',1);
INSERT INTO `llx_c_departements` VALUES (1162,'VE-O',23206,'',0,'VE-O','Nueva Esparta',1);
INSERT INTO `llx_c_departements` VALUES (1163,'VE-Z',23206,'',0,'VE-Z','Dependencias Federales',1);
INSERT INTO `llx_c_departements` VALUES (1164,'VE-C',23207,'',0,'VE-C','Apure',1);
INSERT INTO `llx_c_departements` VALUES (1165,'VE-J',23207,'',0,'VE-J','Guárico',1);
INSERT INTO `llx_c_departements` VALUES (1166,'VE-H',23207,'',0,'VE-H','Cojedes',1);
INSERT INTO `llx_c_departements` VALUES (1167,'VE-P',23207,'',0,'VE-P','Portuguesa',1);
INSERT INTO `llx_c_departements` VALUES (1168,'VE-B',23208,'',0,'VE-B','Anzoátegui',1);
INSERT INTO `llx_c_departements` VALUES (1169,'VE-N',23208,'',0,'VE-N','Monagas',1);
INSERT INTO `llx_c_departements` VALUES (1170,'VE-R',23208,'',0,'VE-R','Sucre',1);
INSERT INTO `llx_c_departements` VALUES (1171,'VE-V',23209,'',0,'VE-V','Zulia',1);
INSERT INTO `llx_c_departements` VALUES (1172,'VE-S',23209,'',0,'VE-S','Táchira',1);
ALTER TABLE `llx_c_departements` ENABLE KEYS;
UNLOCK TABLES;




--
-- Table structure for table `llx_c_ecotaxe`
--
DROP TABLE IF EXISTS `llx_c_ecotaxe`;
CREATE TABLE `llx_c_ecotaxe` (
  `rowid` int(11) NOT NULL AUTO_INCREMENT,
  `code` varchar(64) COLLATE latin1_general_ci NOT NULL,
  `libelle` varchar(255) COLLATE latin1_general_ci DEFAULT NULL,
  `price` double(24,8) DEFAULT NULL,
  `organization` varchar(255) COLLATE latin1_general_ci DEFAULT NULL,
  `fk_pays` int(11) NOT NULL,
  `active` tinyint(4) NOT NULL DEFAULT '1',
  PRIMARY KEY (`rowid`),
  UNIQUE KEY `uk_c_ecotaxe` (`code`)
) ENGINE=InnoDB AUTO_INCREMENT=39 DEFAULT CHARSET=latin1 COLLATE=latin1_general_ci;

--
-- Dumping data for table `llx_c_ecotaxe`
--
LOCK TABLES `llx_c_ecotaxe` WRITE;
ALTER TABLE `llx_c_ecotaxe` DISABLE KEYS;
INSERT INTO `llx_c_ecotaxe` VALUES (1,'ER-A-A','Materiels electriques < 0,2kg','0.01000000','ERP',1,1);
INSERT INTO `llx_c_ecotaxe` VALUES (2,'ER-A-B','Materiels electriques >= 0,2 kg et < 0,5 kg','0.03000000','ERP',1,1);
INSERT INTO `llx_c_ecotaxe` VALUES (3,'ER-A-C','Materiels electriques >= 0,5 kg et < 1 kg','0.04000000','ERP',1,1);
INSERT INTO `llx_c_ecotaxe` VALUES (4,'ER-A-D','Materiels electriques >= 1 kg et < 2 kg','0.13000000','ERP',1,1);
INSERT INTO `llx_c_ecotaxe` VALUES (5,'ER-A-E','Materiels electriques >= 2 kg et < 4kg','0.21000000','ERP',1,1);
INSERT INTO `llx_c_ecotaxe` VALUES (6,'ER-A-F','Materiels electriques >= 4 kg et < 8 kg','0.42000000','ERP',1,1);
INSERT INTO `llx_c_ecotaxe` VALUES (7,'ER-A-G','Materiels electriques >= 8 kg et < 15 kg','0.84000000','ERP',1,1);
INSERT INTO `llx_c_ecotaxe` VALUES (8,'ER-A-H','Materiels electriques >= 15 kg et < 20 kg','1.25000000','ERP',1,1);
INSERT INTO `llx_c_ecotaxe` VALUES (9,'ER-A-I','Materiels electriques >= 20 kg et < 30 kg','1.88000000','ERP',1,1);
INSERT INTO `llx_c_ecotaxe` VALUES (10,'ER-A-J','Materiels electriques >= 30 kg','3.34000000','ERP',1,1);
INSERT INTO `llx_c_ecotaxe` VALUES (11,'ER-M-1','TV, Moniteurs < 9kg','0.84000000','ERP',1,1);
INSERT INTO `llx_c_ecotaxe` VALUES (12,'ER-M-2','TV, Moniteurs >= 9kg et < 15kg','1.67000000','ERP',1,1);
INSERT INTO `llx_c_ecotaxe` VALUES (13,'ER-M-3','TV, Moniteurs >= 15kg et < 30kg','3.34000000','ERP',1,1);
INSERT INTO `llx_c_ecotaxe` VALUES (14,'ER-M-4','TV, Moniteurs >= 30 kg','6.69000000','ERP',1,1);
INSERT INTO `llx_c_ecotaxe` VALUES (15,'EC-A-A','Materiels electriques  0,2 kg max','0.00840000','Ecologic',1,1);
INSERT INTO `llx_c_ecotaxe` VALUES (16,'EC-A-B','Materiels electriques 0,21 kg min - 0,50 kg max','0.02500000','Ecologic',1,1);
INSERT INTO `llx_c_ecotaxe` VALUES (17,'EC-A-C','Materiels electriques  0,51 kg min - 1 kg max','0.04000000','Ecologic',1,1);
INSERT INTO `llx_c_ecotaxe` VALUES (18,'EC-A-D','Materiels electriques  1,01 kg min - 2,5 kg max','0.13000000','Ecologic',1,1);
INSERT INTO `llx_c_ecotaxe` VALUES (19,'EC-A-E','Materiels electriques  2,51 kg min - 4 kg max','0.21000000','Ecologic',1,1);
INSERT INTO `llx_c_ecotaxe` VALUES (20,'EC-A-F','Materiels electriques 4,01 kg min - 8 kg max','0.42000000','Ecologic',1,1);
INSERT INTO `llx_c_ecotaxe` VALUES (21,'EC-A-G','Materiels electriques  8,01 kg min - 12 kg max','0.63000000','Ecologic',1,1);
INSERT INTO `llx_c_ecotaxe` VALUES (22,'EC-A-H','Materiels electriques 12,01 kg min - 20 kg max','1.05000000','Ecologic',1,1);
INSERT INTO `llx_c_ecotaxe` VALUES (23,'EC-A-I','Materiels electriques  20,01 kg min','1.88000000','Ecologic',1,1);
INSERT INTO `llx_c_ecotaxe` VALUES (24,'EC-M-1','TV, Moniteurs 9 kg max','0.84000000','Ecologic',1,1);
INSERT INTO `llx_c_ecotaxe` VALUES (25,'EC-M-2','TV, Moniteurs 9,01 kg min - 18 kg max','1.67000000','Ecologic',1,1);
INSERT INTO `llx_c_ecotaxe` VALUES (26,'EC-M-3','TV, Moniteurs 18,01 kg min - 36 kg max','3.34000000','Ecologic',1,1);
INSERT INTO `llx_c_ecotaxe` VALUES (27,'EC-M-4','TV, Moniteurs 36,01 kg min','6.69000000','Ecologic',1,1);
INSERT INTO `llx_c_ecotaxe` VALUES (28,'ES-M-1','TV, Moniteurs <= 20 pouces','0.84000000','Eco-systemes',1,1);
INSERT INTO `llx_c_ecotaxe` VALUES (29,'ES-M-2','TV, Moniteurs > 20 pouces et <= 32 pouces','3.34000000','Eco-systemes',1,1);
INSERT INTO `llx_c_ecotaxe` VALUES (30,'ES-M-3','TV, Moniteurs > 32 pouces et autres grands ecrans','6.69000000','Eco-systemes',1,1);
INSERT INTO `llx_c_ecotaxe` VALUES (31,'ES-A-A','Ordinateur fixe, Audio home systems (HIFI), elements hifi separes','0.84000000','Eco-systemes',1,1);
INSERT INTO `llx_c_ecotaxe` VALUES (32,'ES-A-B','Ordinateur portable, CD-RCR, VCR, lecteurs et enregistreurs DVD, instruments de musique et caisses de resonance, haut parleurs...','0.25000000','Eco-systemes',1,1);
INSERT INTO `llx_c_ecotaxe` VALUES (33,'ES-A-C','Imprimante, photocopieur, telecopieur','0.42000000','Eco-systemes',1,1);
INSERT INTO `llx_c_ecotaxe` VALUES (34,'ES-A-D','Accessoires, clavier, souris, PDA, imprimante photo, appareil photo, gps, telephone, repondeur, telephone sans fil, modem, telecommande, casque, camescope, baladeur mp3, radio portable, radio K7 et CD portable, radio reveil','0.08400000','Eco-systemes',1,1);
INSERT INTO `llx_c_ecotaxe` VALUES (35,'ES-A-E','GSM','0.00840000','Eco-systemes',1,1);
INSERT INTO `llx_c_ecotaxe` VALUES (36,'ES-A-F','Jouets et equipements de loisirs et de sports < 0,5 kg','0.04200000','Eco-systemes',1,1);
INSERT INTO `llx_c_ecotaxe` VALUES (37,'ES-A-G','Jouets et equipements de loisirs et de sports > 0,5 kg','0.17000000','Eco-systemes',1,1);
INSERT INTO `llx_c_ecotaxe` VALUES (38,'ES-A-H','Jouets et equipements de loisirs et de sports > 10 kg','1.25000000','Eco-systemes',1,1);
ALTER TABLE `llx_c_ecotaxe` ENABLE KEYS;
UNLOCK TABLES;




--
-- Table structure for table `llx_c_effectif`
--
DROP TABLE IF EXISTS `llx_c_effectif`;
CREATE TABLE `llx_c_effectif` (
  `id` int(11) NOT NULL,
  `code` varchar(12) COLLATE latin1_general_ci NOT NULL,
  `libelle` varchar(30) COLLATE latin1_general_ci DEFAULT NULL,
  `active` tinyint(4) NOT NULL DEFAULT '1',
  `module` varchar(32) COLLATE latin1_general_ci DEFAULT NULL,
  PRIMARY KEY (`id`),
  UNIQUE KEY `uk_c_effectif` (`code`)
) ENGINE=InnoDB DEFAULT CHARSET=latin1 COLLATE=latin1_general_ci;

--
-- Dumping data for table `llx_c_effectif`
--
LOCK TABLES `llx_c_effectif` WRITE;
ALTER TABLE `llx_c_effectif` DISABLE KEYS;
INSERT INTO `llx_c_effectif` VALUES (0,'EF0','-',1,NULL);
INSERT INTO `llx_c_effectif` VALUES (1,'EF1-5','1 - 5',1,NULL);
INSERT INTO `llx_c_effectif` VALUES (2,'EF6-10','6 - 10',1,NULL);
INSERT INTO `llx_c_effectif` VALUES (3,'EF11-50','11 - 50',1,NULL);
INSERT INTO `llx_c_effectif` VALUES (4,'EF51-100','51 - 100',1,NULL);
INSERT INTO `llx_c_effectif` VALUES (5,'EF100-500','100 - 500',1,NULL);
INSERT INTO `llx_c_effectif` VALUES (6,'EF500-','> 500',1,NULL);
ALTER TABLE `llx_c_effectif` ENABLE KEYS;
UNLOCK TABLES;




--
-- Table structure for table `llx_c_email_templates`
--
DROP TABLE IF EXISTS `llx_c_email_templates`;
CREATE TABLE `llx_c_email_templates` (
  `rowid` int(11) NOT NULL AUTO_INCREMENT,
  `entity` int(11) NOT NULL DEFAULT '1',
  `module` varchar(32) COLLATE latin1_general_ci DEFAULT NULL,
  `type_template` varchar(32) COLLATE latin1_general_ci DEFAULT NULL,
  `lang` varchar(6) COLLATE latin1_general_ci DEFAULT NULL,
  `private` smallint(6) NOT NULL DEFAULT '0',
  `fk_user` int(11) DEFAULT NULL,
  `datec` datetime DEFAULT NULL,
  `tms` timestamp NOT NULL DEFAULT CURRENT_TIMESTAMP ON UPDATE CURRENT_TIMESTAMP,
  `label` varchar(255) COLLATE latin1_general_ci DEFAULT NULL,
  `position` smallint(6) DEFAULT NULL,
  `active` tinyint(4) NOT NULL DEFAULT '1',
  `topic` text COLLATE latin1_general_ci,
  `content` text COLLATE latin1_general_ci,
  PRIMARY KEY (`rowid`),
  UNIQUE KEY `uk_c_email_templates` (`entity`,`label`,`lang`),
  KEY `idx_type` (`type_template`)
) ENGINE=InnoDB AUTO_INCREMENT=4 DEFAULT CHARSET=latin1 COLLATE=latin1_general_ci;

--
-- Dumping data for table `llx_c_email_templates`
--
LOCK TABLES `llx_c_email_templates` WRITE;
ALTER TABLE `llx_c_email_templates` DISABLE KEYS;
INSERT INTO `llx_c_email_templates` VALUES (1,1,NULL,'thirdparty',NULL,0,NULL,NULL,'2016-10-25 15:27:54','Enquête satisfaction',1,1,'Enquête de satisfaction client','Bonjour&nbsp;\n<p>Vous recevez cette invitation car vous avez r&eacute;cemment fait appel &agrave; notre soci&eacute;t&eacute;.<br />\nNous utilisons activement les retours de nos clients pour constamment am&eacute;liorer notre prestation et vous fournir le meilleur service possible.</p>\n\n<p>Sur la base de notre exp&eacute;rience pass&eacute;e le questionnaire prendra 2 minutes.</p>\n<a href=\"https://docs.google.com/forms/d/e/1FAIpQLSe8KXhcaaQFp63YeBNRu0AODU40h8Wy1wx1yt-uNhPsM8fJYQ/viewform\">Cliquez ici pour commencer le questionnaire</a>\n\n<p>Si vous avez des questions au sujet du questionnaire ou des difficult&eacute;s avec le lien, n&rsquo;h&eacute;sitez pas &agrave; me contacter par email ou par t&eacute;l&eacute;phone. Mes coordonn&eacute;es sont ci-dessous.</p>\n\n<p>Enfin, je vous remercie pour votre retour d&rsquo;exp&eacute;rience.<br />\nNous appr&eacute;cions le temps que vous prenez et nous utiliserons activement votre feedback pour am&eacute;liorer nos services aupr&egrave;s de vous.</p>\n\n<p>Cordialement,<br />\n<br />\nEtienne DEMEILLER<br />\nCofondateur EnerBioFlex<br />\nT&eacute;l&eacute;phone : 06.80.45.39.59<br />\nEmail : etienne.demeiller@enerbioflex.fr<br />\n<a href=\"http://www.enerbioflex.fr\">http://www.enerbioflex.fr</a></p>\n');
INSERT INTO `llx_c_email_templates` VALUES (2,1,NULL,'thirdparty',NULL,0,NULL,NULL,'2017-03-10 17:29:17','Groupement d\'achat',2,1,'Groupement d’achat d’électricité Enerbioflex','Bonjour ,\n<div style=\"text-align: justify;\">Le groupement d&#39;achat permet de r&eacute;duire le co&ucirc;t d&#39;achat d&#39;&eacute;lectricit&eacute; en jouant sur le volume. En regroupant le plus grand nombre de contrat d&#39;&eacute;lectricit&eacute; sup&eacute;rieur &agrave; 36kVA (ancien tarif jaune ou vert), il est possible de porter une n&eacute;gociation face aux diff&eacute;rents fournisseurs d&#39;&eacute;nergie et ainsi r&eacute;duire le co&ucirc;t du kWh &eacute;lectrique mais &eacute;galement d&#39;augmenter le niveau de prestation &eacute;nerg&eacute;tique (entretien annuel pour optimiser les contrats, primes d&#39;&eacute;conomies d&#39;&eacute;nergie plus &eacute;lev&eacute;es, etc.) en faisant jouer la concurrence.<br />\n<br />\nL&rsquo;inscription &agrave; un groupement d&rsquo;achat n&#39;engage en aucun cas le souscripteur et se d&eacute;roule de la fa&ccedil;on suivante :<br />\n<br />\n1- Vous nous envoyez vos factures d&#39;&eacute;nergie des 2 derni&egrave;res ann&eacute;es et votre contrat de fourniture actuel<br />\n2- Apr&egrave;s r&eacute;ception, nous consultons les fournisseurs d&rsquo;&eacute;nergie. Ces consultations ont lieux lorsqu&rsquo;un nombre suffisant d&rsquo;inscrits est atteint et le cas &eacute;ch&eacute;ant, au minimum trois fois par an<br />\n3- Les r&eacute;sultats de la consultation vous sont envoy&eacute;s<br />\n4- Si l&#39;offre n&eacute;goci&eacute;e vous convient, nous vous mettons en relation avec le fournisseur d&#39;&eacute;nergie&nbsp;: un contact privil&eacute;gi&eacute; prendra en charge votre dossier. La facturation de notre prestation vous sera envoy&eacute;e (voir d&eacute;tail des tarifs ci-dessous)<br />\n4 bis - Si l&#39;offre est refus&eacute;e, il n&#39;y a aucune obligation d&#39;achat et aucune facturation ne vous sera appliqu&eacute;e<br />\n<br />\nAfin que l&#39;effet de masse nous permette de n&eacute;gocier au mieux la tarification de l&#39;&eacute;nergie, il est dans l&#39;int&eacute;r&ecirc;t de tous qu&#39;un grand nombre d&#39;agriculteurs participent &agrave; l&#39;appel d&#39;offres et c&rsquo;est la raison pour laquelle nous avons mis en place un syst&egrave;me de parrainage. Ainsi, une tarification d&eacute;gressive est appliqu&eacute;e en fonction du nombre de personnes que vous parrainez.<br />\n<br />\nLa facturation se d&eacute;compose de la mani&egrave;re suivante :<br />\n<br />\n0 filleul : 500&euro;&nbsp;+ 35% de l&#39;&eacute;conomie financi&egrave;re r&eacute;alis&eacute;e sur un an gr&acirc;ce au groupement d&#39;achat<br />\n1 filleul : 250&euro; + 35% de l&#39;&eacute;conomie financi&egrave;re r&eacute;alis&eacute;e sur un an&nbsp;gr&acirc;ce au groupement d&#39;achat<br />\n2 filleuls : 35% de l&#39;&eacute;conomie financi&egrave;re r&eacute;alis&eacute;e&nbsp;sur un an&nbsp;gr&acirc;ce au groupement d&#39;achat<br />\n<br />\nNous vous invitons donc &agrave; communiquer l&rsquo;existence de cet appel d&rsquo;offre &agrave; l&rsquo;ensemble de vos connaissances susceptibles d&rsquo;&ecirc;tre int&eacute;ress&eacute;es.<br />\n&nbsp;<br />\nVoici les coordonn&eacute;es de vos contacts Enerbioflex privil&eacute;gi&eacute;s en charge de l&rsquo;organisation du groupement d&rsquo;achat&nbsp;:<br />\n&nbsp;<br />\nEtienne Demeiller<br />\n<a href=\"mailto:etienne.demeiller@enerbioflex.fr\">etienne.demeiller@enerbioflex.fr</a><br />\n06.80.45.39.59<br />\n&nbsp;<br />\nN&rsquo;h&eacute;sitez pas &agrave; nous contacter directement par t&eacute;l&eacute;phone ou par e-mail si vous souhaitez vous inscrire au prochain appel d&rsquo;offre ou si vous avez des questions.<br />\n&nbsp;<br />\nPour toutes informations compl&eacute;mentaires vous pouvez &eacute;galement consulter notre site internet : <a href=\"http://www.enerbioflex.fr\">www.enerbioflex.fr</a><br />\n&nbsp;<br />\nCordialement,<br />\nL&#39;&eacute;quipe Enerbioflex</div>\n');
INSERT INTO `llx_c_email_templates` VALUES (3,1,NULL,'thirdparty',NULL,0,NULL,NULL,'2017-04-24 16:27:47','Prospection GA ',3,1,'5 à 30 % d’économie sur le montant de vos factures d’électricité','Bonjour,&nbsp;<br />\n<br />\nL&rsquo;&eacute;lectricit&eacute; repr&eacute;sente une charge importante pour votre exploitation&nbsp;? Vous souhaiteriez diminuer ces d&eacute;penses mais ne savez pas comment faire&nbsp;? Les offres que propose notre entreprise devraient vous int&eacute;resser.<br />\n<br />\nNotre bureau d&rsquo;&eacute;tudes est sp&eacute;cialiste &eacute;nerg&eacute;tique pour le monde agricole. Nous intervenons en toute ind&eacute;pendance vis-&agrave;-vis des fournisseurs du march&eacute;. Ainsi notre conseil est impartial et ne vise qu&rsquo;&agrave; une seule chose, d&eacute;fendre vos int&eacute;r&ecirc;ts&nbsp;!<br />\n<br />\nLe tarif de nos prestations est proportionnel aux &eacute;conomies que nous vous ferons r&eacute;aliser. Ainsi, nous vous garantissons toujours un retour sur investissement le plus court possible. Vous trouverez joint &agrave; cet email, une note explicative de notre groupement d&rsquo;achat en &eacute;lectricit&eacute;.&nbsp;<br />\n<br />\nN&rsquo;attendez plus pour faire des &eacute;conomies&nbsp;!<br />\nJe vous invite donc &agrave; me joindre pour en savoir davantage &agrave; ce sujet. Je peux &eacute;galement vous rencontrer sur votre exploitation si vous le d&eacute;sirez.<br />\n<br />\nCordialement<br />\n<strong>Etienne DEMEILLER</strong><br />\nSp&eacute;cialiste &eacute;nerg&eacute;tique agricole<br />\nEnerbioflex<br />\n9 rue de la prairie<br />\n60650 Saint Paul<br />\n06.80.45.39.59<br />\n<a href=\"http://www.enerbioflex.fr\">www.enerbioflex.fr</a>');
ALTER TABLE `llx_c_email_templates` ENABLE KEYS;
UNLOCK TABLES;




--
-- Table structure for table `llx_c_field_list`
--
DROP TABLE IF EXISTS `llx_c_field_list`;
CREATE TABLE `llx_c_field_list` (
  `rowid` int(11) NOT NULL AUTO_INCREMENT,
  `tms` timestamp NOT NULL DEFAULT CURRENT_TIMESTAMP ON UPDATE CURRENT_TIMESTAMP,
  `element` varchar(64) COLLATE latin1_general_ci NOT NULL,
  `entity` int(11) NOT NULL DEFAULT '1',
  `name` varchar(32) COLLATE latin1_general_ci NOT NULL,
  `alias` varchar(32) COLLATE latin1_general_ci NOT NULL,
  `title` varchar(32) COLLATE latin1_general_ci NOT NULL,
  `align` varchar(6) COLLATE latin1_general_ci DEFAULT 'left',
  `sort` tinyint(4) NOT NULL DEFAULT '1',
  `search` tinyint(4) NOT NULL DEFAULT '0',
  `enabled` varchar(255) COLLATE latin1_general_ci DEFAULT '1',
  `rang` int(11) DEFAULT '0',
  PRIMARY KEY (`rowid`)
) ENGINE=InnoDB DEFAULT CHARSET=latin1 COLLATE=latin1_general_ci;

--
-- Dumping data for table `llx_c_field_list`
--
LOCK TABLES `llx_c_field_list` WRITE;
ALTER TABLE `llx_c_field_list` DISABLE KEYS;
ALTER TABLE `llx_c_field_list` ENABLE KEYS;
UNLOCK TABLES;




--
-- Table structure for table `llx_c_forme_juridique`
--
DROP TABLE IF EXISTS `llx_c_forme_juridique`;
CREATE TABLE `llx_c_forme_juridique` (
  `rowid` int(11) NOT NULL AUTO_INCREMENT,
  `code` int(11) NOT NULL,
  `fk_pays` int(11) NOT NULL,
  `libelle` varchar(255) COLLATE latin1_general_ci DEFAULT NULL,
  `isvatexempted` tinyint(4) NOT NULL DEFAULT '0',
  `active` tinyint(4) NOT NULL DEFAULT '1',
  `module` varchar(32) COLLATE latin1_general_ci DEFAULT NULL,
  `position` int(11) NOT NULL DEFAULT '0',
  PRIMARY KEY (`rowid`),
  UNIQUE KEY `uk_c_forme_juridique` (`code`)
) ENGINE=InnoDB AUTO_INCREMENT=450 DEFAULT CHARSET=latin1 COLLATE=latin1_general_ci;

--
-- Dumping data for table `llx_c_forme_juridique`
--
LOCK TABLES `llx_c_forme_juridique` WRITE;
ALTER TABLE `llx_c_forme_juridique` DISABLE KEYS;
INSERT INTO `llx_c_forme_juridique` VALUES (225,0,0,'-',0,1,NULL,0);
INSERT INTO `llx_c_forme_juridique` VALUES (226,2301,23,'Monotributista',0,1,NULL,0);
INSERT INTO `llx_c_forme_juridique` VALUES (227,2302,23,'Sociedad Civil',0,1,NULL,0);
INSERT INTO `llx_c_forme_juridique` VALUES (228,2303,23,'Sociedades Comerciales',0,1,NULL,0);
INSERT INTO `llx_c_forme_juridique` VALUES (229,2304,23,'Sociedades de Hecho',0,1,NULL,0);
INSERT INTO `llx_c_forme_juridique` VALUES (230,2305,23,'Sociedades Irregulares',0,1,NULL,0);
INSERT INTO `llx_c_forme_juridique` VALUES (231,2306,23,'Sociedad Colectiva',0,1,NULL,0);
INSERT INTO `llx_c_forme_juridique` VALUES (232,2307,23,'Sociedad en Comandita Simple',0,1,NULL,0);
INSERT INTO `llx_c_forme_juridique` VALUES (233,2308,23,'Sociedad de Capital e Industria',0,1,NULL,0);
INSERT INTO `llx_c_forme_juridique` VALUES (234,2309,23,'Sociedad Accidental o en participación',0,1,NULL,0);
INSERT INTO `llx_c_forme_juridique` VALUES (235,2310,23,'Sociedad de Responsabilidad Limitada',0,1,NULL,0);
INSERT INTO `llx_c_forme_juridique` VALUES (236,2311,23,'Sociedad Anónima',0,1,NULL,0);
INSERT INTO `llx_c_forme_juridique` VALUES (237,2312,23,'Sociedad Anónima con Participación Estatal Mayoritaria',0,1,NULL,0);
INSERT INTO `llx_c_forme_juridique` VALUES (238,2313,23,'Sociedad en Comandita por Acciones (arts. 315 a 324, LSC)',0,1,NULL,0);
INSERT INTO `llx_c_forme_juridique` VALUES (239,4100,41,'GmbH - Gesellschaft mit beschränkter Haftung',0,1,NULL,0);
INSERT INTO `llx_c_forme_juridique` VALUES (240,4101,41,'GesmbH - Gesellschaft mit beschränkter Haftung',0,1,NULL,0);
INSERT INTO `llx_c_forme_juridique` VALUES (241,4102,41,'AG - Aktiengesellschaft',0,1,NULL,0);
INSERT INTO `llx_c_forme_juridique` VALUES (242,4103,41,'EWIV - Europäische wirtschaftliche Interessenvereinigung',0,1,NULL,0);
INSERT INTO `llx_c_forme_juridique` VALUES (243,4104,41,'KEG - Kommanditerwerbsgesellschaft',0,1,NULL,0);
INSERT INTO `llx_c_forme_juridique` VALUES (244,4105,41,'OEG - Offene Erwerbsgesellschaft',0,1,NULL,0);
INSERT INTO `llx_c_forme_juridique` VALUES (245,4106,41,'OHG - Offene Handelsgesellschaft',0,1,NULL,0);
INSERT INTO `llx_c_forme_juridique` VALUES (246,4107,41,'AG & Co KG - Kommanditgesellschaft',0,1,NULL,0);
INSERT INTO `llx_c_forme_juridique` VALUES (247,4108,41,'GmbH & Co KG - Kommanditgesellschaft',0,1,NULL,0);
INSERT INTO `llx_c_forme_juridique` VALUES (248,4109,41,'KG - Kommanditgesellschaft',0,1,NULL,0);
INSERT INTO `llx_c_forme_juridique` VALUES (249,4110,41,'OG - Offene Gesellschaft',0,1,NULL,0);
INSERT INTO `llx_c_forme_juridique` VALUES (250,4111,41,'GbR - Gesellschaft nach bürgerlichem Recht',0,1,NULL,0);
INSERT INTO `llx_c_forme_juridique` VALUES (251,4112,41,'GesbR - Gesellschaft nach bürgerlichem Recht',0,1,NULL,0);
INSERT INTO `llx_c_forme_juridique` VALUES (252,4113,41,'GesnbR - Gesellschaft nach bürgerlichem Recht',0,1,NULL,0);
INSERT INTO `llx_c_forme_juridique` VALUES (253,4114,41,'e.U. - eingetragener Einzelunternehmer',0,1,NULL,0);
INSERT INTO `llx_c_forme_juridique` VALUES (254,11,1,'Artisan Commerçant (EI)',0,1,NULL,0);
INSERT INTO `llx_c_forme_juridique` VALUES (255,12,1,'Commerçant (EI)',0,1,NULL,0);
INSERT INTO `llx_c_forme_juridique` VALUES (256,13,1,'Artisan (EI)',0,1,NULL,0);
INSERT INTO `llx_c_forme_juridique` VALUES (257,14,1,'Officier public ou ministériel',0,1,NULL,0);
INSERT INTO `llx_c_forme_juridique` VALUES (258,15,1,'Profession libérale (EI)',0,1,NULL,0);
INSERT INTO `llx_c_forme_juridique` VALUES (259,16,1,'Exploitant agricole',0,1,NULL,0);
INSERT INTO `llx_c_forme_juridique` VALUES (260,17,1,'Agent commercial',0,1,NULL,0);
INSERT INTO `llx_c_forme_juridique` VALUES (261,18,1,'Associé Gérant de société',0,1,NULL,0);
INSERT INTO `llx_c_forme_juridique` VALUES (262,19,1,'Personne physique',0,1,NULL,0);
INSERT INTO `llx_c_forme_juridique` VALUES (263,21,1,'Indivision',0,1,NULL,0);
INSERT INTO `llx_c_forme_juridique` VALUES (264,22,1,'Société créée de fait',0,1,NULL,0);
INSERT INTO `llx_c_forme_juridique` VALUES (265,23,1,'Société en participation',0,1,NULL,0);
INSERT INTO `llx_c_forme_juridique` VALUES (266,27,1,'Paroisse hors zone concordataire',0,1,NULL,0);
INSERT INTO `llx_c_forme_juridique` VALUES (267,29,1,'Groupement de droit privé non doté de la personnalité morale',0,1,NULL,0);
INSERT INTO `llx_c_forme_juridique` VALUES (268,31,1,'Personne morale de droit étranger, immatriculée au RCS',0,1,NULL,0);
INSERT INTO `llx_c_forme_juridique` VALUES (269,32,1,'Personne morale de droit étranger, non immatriculée au RCS',0,1,NULL,0);
INSERT INTO `llx_c_forme_juridique` VALUES (270,35,1,'Régime auto-entrepreneur',0,1,NULL,0);
INSERT INTO `llx_c_forme_juridique` VALUES (271,41,1,'Etablissement public ou régie à caractère industriel ou commercial',0,1,NULL,0);
INSERT INTO `llx_c_forme_juridique` VALUES (272,51,1,'Société coopérative commerciale particulière',0,1,NULL,0);
INSERT INTO `llx_c_forme_juridique` VALUES (273,52,1,'Société en nom collectif',0,1,NULL,0);
INSERT INTO `llx_c_forme_juridique` VALUES (274,53,1,'Société en commandite',0,1,NULL,0);
INSERT INTO `llx_c_forme_juridique` VALUES (275,54,1,'Société à responsabilité limitée (SARL)',0,1,NULL,0);
INSERT INTO `llx_c_forme_juridique` VALUES (276,55,1,'Société anonyme à conseil d administration',0,1,NULL,0);
INSERT INTO `llx_c_forme_juridique` VALUES (277,56,1,'Société anonyme à directoire',0,1,NULL,0);
INSERT INTO `llx_c_forme_juridique` VALUES (278,57,1,'Société par actions simplifiée (SAS)',0,1,NULL,0);
INSERT INTO `llx_c_forme_juridique` VALUES (279,58,1,'Entreprise Unipersonnelle à Responsabilité Limitée (EURL)',0,1,NULL,0);
INSERT INTO `llx_c_forme_juridique` VALUES (280,59,1,'Société par actions simplifiée unipersonnelle (SASU)',0,1,NULL,0);
INSERT INTO `llx_c_forme_juridique` VALUES (281,60,1,'Entreprise Individuelle à Responsabilité Limitée (EIRL)',0,1,NULL,0);
INSERT INTO `llx_c_forme_juridique` VALUES (282,61,1,'Caisse d\'épargne et de prévoyance',0,1,NULL,0);
INSERT INTO `llx_c_forme_juridique` VALUES (283,62,1,'Groupement d\'intérêt économique (GIE)',0,1,NULL,0);
INSERT INTO `llx_c_forme_juridique` VALUES (284,63,1,'Société coopérative agricole',0,1,NULL,0);
INSERT INTO `llx_c_forme_juridique` VALUES (285,64,1,'Société non commerciale d assurances',0,1,NULL,0);
INSERT INTO `llx_c_forme_juridique` VALUES (286,65,1,'Société civile',0,1,NULL,0);
INSERT INTO `llx_c_forme_juridique` VALUES (287,69,1,'Personnes de droit privé inscrites au RCS',0,1,NULL,0);
INSERT INTO `llx_c_forme_juridique` VALUES (288,71,1,'Administration de l état',0,1,NULL,0);
INSERT INTO `llx_c_forme_juridique` VALUES (289,72,1,'Collectivité territoriale',0,1,NULL,0);
INSERT INTO `llx_c_forme_juridique` VALUES (290,73,1,'Etablissement public administratif',0,1,NULL,0);
INSERT INTO `llx_c_forme_juridique` VALUES (291,74,1,'Personne morale de droit public administratif',0,1,NULL,0);
INSERT INTO `llx_c_forme_juridique` VALUES (292,81,1,'Organisme gérant régime de protection social à adhésion obligatoire',0,1,NULL,0);
INSERT INTO `llx_c_forme_juridique` VALUES (293,82,1,'Organisme mutualiste',0,1,NULL,0);
INSERT INTO `llx_c_forme_juridique` VALUES (294,83,1,'Comité d entreprise',0,1,NULL,0);
INSERT INTO `llx_c_forme_juridique` VALUES (295,84,1,'Organisme professionnel',0,1,NULL,0);
INSERT INTO `llx_c_forme_juridique` VALUES (296,85,1,'Organisme de retraite à adhésion non obligatoire',0,1,NULL,0);
INSERT INTO `llx_c_forme_juridique` VALUES (297,91,1,'Syndicat de propriétaires',0,1,NULL,0);
INSERT INTO `llx_c_forme_juridique` VALUES (298,92,1,'Association loi 1901 ou assimilé',0,1,NULL,0);
INSERT INTO `llx_c_forme_juridique` VALUES (299,93,1,'Fondation',0,1,NULL,0);
INSERT INTO `llx_c_forme_juridique` VALUES (300,99,1,'Personne morale de droit privé',0,1,NULL,0);
INSERT INTO `llx_c_forme_juridique` VALUES (301,200,2,'Indépendant',0,1,NULL,0);
INSERT INTO `llx_c_forme_juridique` VALUES (302,201,2,'SPRL - Société à responsabilité limitée',0,1,NULL,0);
INSERT INTO `llx_c_forme_juridique` VALUES (303,202,2,'SA   - Société Anonyme',0,1,NULL,0);
INSERT INTO `llx_c_forme_juridique` VALUES (304,203,2,'SCRL - Société coopérative à responsabilité limitée',0,1,NULL,0);
INSERT INTO `llx_c_forme_juridique` VALUES (305,204,2,'ASBL - Association sans but Lucratif',0,1,NULL,0);
INSERT INTO `llx_c_forme_juridique` VALUES (306,205,2,'SCRI - Société coopérative à responsabilité illimitée',0,1,NULL,0);
INSERT INTO `llx_c_forme_juridique` VALUES (307,206,2,'SCS  - Société en commandite simple',0,1,NULL,0);
INSERT INTO `llx_c_forme_juridique` VALUES (308,207,2,'SCA  - Société en commandite par action',0,1,NULL,0);
INSERT INTO `llx_c_forme_juridique` VALUES (309,208,2,'SNC  - Société en nom collectif',0,1,NULL,0);
INSERT INTO `llx_c_forme_juridique` VALUES (310,209,2,'GIE  - Groupement d intérêt économique',0,1,NULL,0);
INSERT INTO `llx_c_forme_juridique` VALUES (311,210,2,'GEIE - Groupement européen d intérêt économique',0,1,NULL,0);
INSERT INTO `llx_c_forme_juridique` VALUES (312,220,2,'Eenmanszaak',0,1,NULL,0);
INSERT INTO `llx_c_forme_juridique` VALUES (313,221,2,'BVBA - Besloten vennootschap met beperkte aansprakelijkheid',0,1,NULL,0);
INSERT INTO `llx_c_forme_juridique` VALUES (314,222,2,'NV   - Naamloze Vennootschap',0,1,NULL,0);
INSERT INTO `llx_c_forme_juridique` VALUES (315,223,2,'CVBA - Coöperatieve vennootschap met beperkte aansprakelijkheid',0,1,NULL,0);
INSERT INTO `llx_c_forme_juridique` VALUES (316,224,2,'VZW  - Vereniging zonder winstoogmerk',0,1,NULL,0);
INSERT INTO `llx_c_forme_juridique` VALUES (317,225,2,'CVOA - Coöperatieve vennootschap met onbeperkte aansprakelijkheid ',0,1,NULL,0);
INSERT INTO `llx_c_forme_juridique` VALUES (318,226,2,'GCV  - Gewone commanditaire vennootschap',0,1,NULL,0);
INSERT INTO `llx_c_forme_juridique` VALUES (319,227,2,'Comm.VA - Commanditaire vennootschap op aandelen',0,1,NULL,0);
INSERT INTO `llx_c_forme_juridique` VALUES (320,228,2,'VOF  - Vennootschap onder firma',0,1,NULL,0);
INSERT INTO `llx_c_forme_juridique` VALUES (321,229,2,'VS0  - Vennootschap met sociaal oogmerk',0,1,NULL,0);
INSERT INTO `llx_c_forme_juridique` VALUES (322,500,5,'GmbH - Gesellschaft mit beschränkter Haftung',0,1,NULL,0);
INSERT INTO `llx_c_forme_juridique` VALUES (323,501,5,'AG - Aktiengesellschaft ',0,1,NULL,0);
INSERT INTO `llx_c_forme_juridique` VALUES (324,502,5,'GmbH&Co. KG - Gesellschaft mit beschränkter Haftung & Compagnie Kommanditgesellschaft',0,1,NULL,0);
INSERT INTO `llx_c_forme_juridique` VALUES (325,503,5,'Gewerbe - Personengesellschaft',0,1,NULL,0);
INSERT INTO `llx_c_forme_juridique` VALUES (326,504,5,'UG - Unternehmergesellschaft -haftungsbeschränkt-',0,1,NULL,0);
INSERT INTO `llx_c_forme_juridique` VALUES (327,505,5,'GbR - Gesellschaft des bürgerlichen Rechts',0,1,NULL,0);
INSERT INTO `llx_c_forme_juridique` VALUES (328,506,5,'KG - Kommanditgesellschaft',0,1,NULL,0);
INSERT INTO `llx_c_forme_juridique` VALUES (329,507,5,'Ltd. - Limited Company',0,1,NULL,0);
INSERT INTO `llx_c_forme_juridique` VALUES (330,508,5,'OHG - Offene Handelsgesellschaft',0,1,NULL,0);
INSERT INTO `llx_c_forme_juridique` VALUES (331,10201,102,'??????? ??????????',0,1,NULL,0);
INSERT INTO `llx_c_forme_juridique` VALUES (332,10202,102,'????????  ??????????',0,1,NULL,0);
INSERT INTO `llx_c_forme_juridique` VALUES (333,10203,102,'????????? ???????? ?.?',0,1,NULL,0);
INSERT INTO `llx_c_forme_juridique` VALUES (334,10204,102,'??????????? ???????? ?.?',0,1,NULL,0);
INSERT INTO `llx_c_forme_juridique` VALUES (335,10205,102,'???????? ????????????? ??????? ?.?.?',0,1,NULL,0);
INSERT INTO `llx_c_forme_juridique` VALUES (336,10206,102,'??????? ???????? ?.?',0,1,NULL,0);
INSERT INTO `llx_c_forme_juridique` VALUES (337,10207,102,'??????? ?????????? ???????? ?.?.?',0,1,NULL,0);
INSERT INTO `llx_c_forme_juridique` VALUES (338,10208,102,'?????????????',0,1,NULL,0);
INSERT INTO `llx_c_forme_juridique` VALUES (339,10209,102,'??????????????',0,1,NULL,0);
INSERT INTO `llx_c_forme_juridique` VALUES (340,301,3,'Società semplice',0,1,NULL,0);
INSERT INTO `llx_c_forme_juridique` VALUES (341,302,3,'Società in nome collettivo s.n.c.',0,1,NULL,0);
INSERT INTO `llx_c_forme_juridique` VALUES (342,303,3,'Società in accomandita semplice s.a.s.',0,1,NULL,0);
INSERT INTO `llx_c_forme_juridique` VALUES (343,304,3,'Società per azioni s.p.a.',0,1,NULL,0);
INSERT INTO `llx_c_forme_juridique` VALUES (344,305,3,'Società a responsabilità limitata s.r.l.',0,1,NULL,0);
INSERT INTO `llx_c_forme_juridique` VALUES (345,306,3,'Società in accomandita per azioni s.a.p.a.',0,1,NULL,0);
INSERT INTO `llx_c_forme_juridique` VALUES (346,307,3,'Società cooperativa a r.l.',0,1,NULL,0);
INSERT INTO `llx_c_forme_juridique` VALUES (347,308,3,'Società consortile',0,1,NULL,0);
INSERT INTO `llx_c_forme_juridique` VALUES (348,309,3,'Società europea',0,1,NULL,0);
INSERT INTO `llx_c_forme_juridique` VALUES (349,310,3,'Società cooperativa europea',0,1,NULL,0);
INSERT INTO `llx_c_forme_juridique` VALUES (350,311,3,'Società unipersonale',0,1,NULL,0);
INSERT INTO `llx_c_forme_juridique` VALUES (351,312,3,'Società di professionisti',0,1,NULL,0);
INSERT INTO `llx_c_forme_juridique` VALUES (352,313,3,'Società di fatto',0,1,NULL,0);
INSERT INTO `llx_c_forme_juridique` VALUES (353,315,3,'Società apparente',0,1,NULL,0);
INSERT INTO `llx_c_forme_juridique` VALUES (354,316,3,'Impresa individuale ',0,1,NULL,0);
INSERT INTO `llx_c_forme_juridique` VALUES (355,317,3,'Impresa coniugale',0,1,NULL,0);
INSERT INTO `llx_c_forme_juridique` VALUES (356,318,3,'Impresa familiare',0,1,NULL,0);
INSERT INTO `llx_c_forme_juridique` VALUES (357,319,3,'Consorzio cooperativo',0,1,NULL,0);
INSERT INTO `llx_c_forme_juridique` VALUES (358,320,3,'Società cooperativa sociale',0,1,NULL,0);
INSERT INTO `llx_c_forme_juridique` VALUES (359,321,3,'Società cooperativa di consumo',0,1,NULL,0);
INSERT INTO `llx_c_forme_juridique` VALUES (360,322,3,'Società cooperativa agricola',0,1,NULL,0);
INSERT INTO `llx_c_forme_juridique` VALUES (361,323,3,'A.T.I. Associazione temporanea di imprese',0,1,NULL,0);
INSERT INTO `llx_c_forme_juridique` VALUES (362,324,3,'R.T.I. Raggruppamento temporaneo di imprese',0,1,NULL,0);
INSERT INTO `llx_c_forme_juridique` VALUES (363,325,3,'Studio associato',0,1,NULL,0);
INSERT INTO `llx_c_forme_juridique` VALUES (364,600,6,'Raison Individuelle',0,1,NULL,0);
INSERT INTO `llx_c_forme_juridique` VALUES (365,601,6,'Société Simple',0,1,NULL,0);
INSERT INTO `llx_c_forme_juridique` VALUES (366,602,6,'Société en nom collectif',0,1,NULL,0);
INSERT INTO `llx_c_forme_juridique` VALUES (367,603,6,'Société en commandite',0,1,NULL,0);
INSERT INTO `llx_c_forme_juridique` VALUES (368,604,6,'Société anonyme (SA)',0,1,NULL,0);
INSERT INTO `llx_c_forme_juridique` VALUES (369,605,6,'Société en commandite par actions',0,1,NULL,0);
INSERT INTO `llx_c_forme_juridique` VALUES (370,606,6,'Société à responsabilité limitée (SARL)',0,1,NULL,0);
INSERT INTO `llx_c_forme_juridique` VALUES (371,607,6,'Société coopérative',0,1,NULL,0);
INSERT INTO `llx_c_forme_juridique` VALUES (372,608,6,'Association',0,1,NULL,0);
INSERT INTO `llx_c_forme_juridique` VALUES (373,609,6,'Fondation',0,1,NULL,0);
INSERT INTO `llx_c_forme_juridique` VALUES (374,700,7,'Sole Trader',0,1,NULL,0);
INSERT INTO `llx_c_forme_juridique` VALUES (375,701,7,'Partnership',0,1,NULL,0);
INSERT INTO `llx_c_forme_juridique` VALUES (376,702,7,'Private Limited Company by shares (LTD)',0,1,NULL,0);
INSERT INTO `llx_c_forme_juridique` VALUES (377,703,7,'Public Limited Company',0,1,NULL,0);
INSERT INTO `llx_c_forme_juridique` VALUES (378,704,7,'Workers Cooperative',0,1,NULL,0);
INSERT INTO `llx_c_forme_juridique` VALUES (379,705,7,'Limited Liability Partnership',0,1,NULL,0);
INSERT INTO `llx_c_forme_juridique` VALUES (380,706,7,'Franchise',0,1,NULL,0);
INSERT INTO `llx_c_forme_juridique` VALUES (381,1000,10,'Société à responsabilité limitée (SARL)',0,1,NULL,0);
INSERT INTO `llx_c_forme_juridique` VALUES (382,1001,10,'Société en Nom Collectif (SNC)',0,1,NULL,0);
INSERT INTO `llx_c_forme_juridique` VALUES (383,1002,10,'Société en Commandite Simple (SCS)',0,1,NULL,0);
INSERT INTO `llx_c_forme_juridique` VALUES (384,1003,10,'société en participation',0,1,NULL,0);
INSERT INTO `llx_c_forme_juridique` VALUES (385,1004,10,'Société Anonyme (SA)',0,1,NULL,0);
INSERT INTO `llx_c_forme_juridique` VALUES (386,1005,10,'Société Unipersonnelle à Responsabilité Limitée (SUARL)',0,1,NULL,0);
INSERT INTO `llx_c_forme_juridique` VALUES (387,1006,10,'Groupement d\'intérêt économique (GEI)',0,1,NULL,0);
INSERT INTO `llx_c_forme_juridique` VALUES (388,1007,10,'Groupe de sociétés',0,1,NULL,0);
INSERT INTO `llx_c_forme_juridique` VALUES (389,1701,17,'Eenmanszaak',0,1,NULL,0);
INSERT INTO `llx_c_forme_juridique` VALUES (390,1702,17,'Maatschap',0,1,NULL,0);
INSERT INTO `llx_c_forme_juridique` VALUES (391,1703,17,'Vennootschap onder firma',0,1,NULL,0);
INSERT INTO `llx_c_forme_juridique` VALUES (392,1704,17,'Commanditaire vennootschap',0,1,NULL,0);
INSERT INTO `llx_c_forme_juridique` VALUES (393,1705,17,'Besloten vennootschap (BV)',0,1,NULL,0);
INSERT INTO `llx_c_forme_juridique` VALUES (394,1706,17,'Naamloze Vennootschap (NV)',0,1,NULL,0);
INSERT INTO `llx_c_forme_juridique` VALUES (395,1707,17,'Vereniging',0,1,NULL,0);
INSERT INTO `llx_c_forme_juridique` VALUES (396,1708,17,'Stichting',0,1,NULL,0);
INSERT INTO `llx_c_forme_juridique` VALUES (397,1709,17,'Coöperatie met beperkte aansprakelijkheid (BA)',0,1,NULL,0);
INSERT INTO `llx_c_forme_juridique` VALUES (398,1710,17,'Coöperatie met uitgesloten aansprakelijkheid (UA)',0,1,NULL,0);
INSERT INTO `llx_c_forme_juridique` VALUES (399,1711,17,'Coöperatie met wettelijke aansprakelijkheid (WA)',0,1,NULL,0);
INSERT INTO `llx_c_forme_juridique` VALUES (400,1712,17,'Onderlinge waarborgmaatschappij',0,1,NULL,0);
INSERT INTO `llx_c_forme_juridique` VALUES (401,401,4,'Empresario Individual',0,1,NULL,0);
INSERT INTO `llx_c_forme_juridique` VALUES (402,402,4,'Comunidad de Bienes',0,1,NULL,0);
INSERT INTO `llx_c_forme_juridique` VALUES (403,403,4,'Sociedad Civil',0,1,NULL,0);
INSERT INTO `llx_c_forme_juridique` VALUES (404,404,4,'Sociedad Colectiva',0,1,NULL,0);
INSERT INTO `llx_c_forme_juridique` VALUES (405,405,4,'Sociedad Limitada',0,1,NULL,0);
INSERT INTO `llx_c_forme_juridique` VALUES (406,406,4,'Sociedad Anónima',0,1,NULL,0);
INSERT INTO `llx_c_forme_juridique` VALUES (407,407,4,'Sociedad Comanditaria por Acciones',0,1,NULL,0);
INSERT INTO `llx_c_forme_juridique` VALUES (408,408,4,'Sociedad Comanditaria Simple',0,1,NULL,0);
INSERT INTO `llx_c_forme_juridique` VALUES (409,409,4,'Sociedad Laboral',0,1,NULL,0);
INSERT INTO `llx_c_forme_juridique` VALUES (410,410,4,'Sociedad Cooperativa',0,1,NULL,0);
INSERT INTO `llx_c_forme_juridique` VALUES (411,411,4,'Sociedad de Garantía Recíproca',0,1,NULL,0);
INSERT INTO `llx_c_forme_juridique` VALUES (412,412,4,'Entidad de Capital-Riesgo',0,1,NULL,0);
INSERT INTO `llx_c_forme_juridique` VALUES (413,413,4,'Agrupación de Interés Económico',0,1,NULL,0);
INSERT INTO `llx_c_forme_juridique` VALUES (414,414,4,'Sociedad de Inversión Mobiliaria',0,1,NULL,0);
INSERT INTO `llx_c_forme_juridique` VALUES (415,415,4,'Agrupación sin Ánimo de Lucro',0,1,NULL,0);
INSERT INTO `llx_c_forme_juridique` VALUES (416,15201,152,'Mauritius Private Company Limited By Shares',0,1,NULL,0);
INSERT INTO `llx_c_forme_juridique` VALUES (417,15202,152,'Mauritius Company Limited By Guarantee',0,1,NULL,0);
INSERT INTO `llx_c_forme_juridique` VALUES (418,15203,152,'Mauritius Public Company Limited By Shares',0,1,NULL,0);
INSERT INTO `llx_c_forme_juridique` VALUES (419,15204,152,'Mauritius Foreign Company',0,1,NULL,0);
INSERT INTO `llx_c_forme_juridique` VALUES (420,15205,152,'Mauritius GBC1 (Offshore Company)',0,1,NULL,0);
INSERT INTO `llx_c_forme_juridique` VALUES (421,15206,152,'Mauritius GBC2 (International Company)',0,1,NULL,0);
INSERT INTO `llx_c_forme_juridique` VALUES (422,15207,152,'Mauritius General Partnership',0,1,NULL,0);
INSERT INTO `llx_c_forme_juridique` VALUES (423,15208,152,'Mauritius Limited Partnership',0,1,NULL,0);
INSERT INTO `llx_c_forme_juridique` VALUES (424,15209,152,'Mauritius Sole Proprietorship',0,1,NULL,0);
INSERT INTO `llx_c_forme_juridique` VALUES (425,15210,152,'Mauritius Trusts',0,1,NULL,0);
INSERT INTO `llx_c_forme_juridique` VALUES (426,15401,154,'Sociedad en nombre colectivo',0,1,NULL,0);
INSERT INTO `llx_c_forme_juridique` VALUES (427,15402,154,'Sociedad en comandita simple',0,1,NULL,0);
INSERT INTO `llx_c_forme_juridique` VALUES (428,15403,154,'Sociedad de responsabilidad limitada',0,1,NULL,0);
INSERT INTO `llx_c_forme_juridique` VALUES (429,15404,154,'Sociedad anónima',0,1,NULL,0);
INSERT INTO `llx_c_forme_juridique` VALUES (430,15405,154,'Sociedad en comandita por acciones',0,1,NULL,0);
INSERT INTO `llx_c_forme_juridique` VALUES (431,15406,154,'Sociedad cooperativa',0,1,NULL,0);
INSERT INTO `llx_c_forme_juridique` VALUES (432,18801,188,'AFJ - Alte forme juridice',0,1,NULL,0);
INSERT INTO `llx_c_forme_juridique` VALUES (433,18802,188,'ASF - Asociatie familialã',0,1,NULL,0);
INSERT INTO `llx_c_forme_juridique` VALUES (434,18803,188,'CON - Concesiune',0,1,NULL,0);
INSERT INTO `llx_c_forme_juridique` VALUES (435,18804,188,'CRL - Soc civilã profesionala cu pers. juridica si rãspundere limitata (SPRL)',0,1,NULL,0);
INSERT INTO `llx_c_forme_juridique` VALUES (436,18805,188,'INC - Închiriere',0,1,NULL,0);
INSERT INTO `llx_c_forme_juridique` VALUES (437,18806,188,'LOC - Loca?ie de gestiune',0,1,NULL,0);
INSERT INTO `llx_c_forme_juridique` VALUES (438,18807,188,'OC1 - Organiza?ie cooperatistã me?te?ugãreascã',0,1,NULL,0);
INSERT INTO `llx_c_forme_juridique` VALUES (439,18808,188,'OC2 - Organiza?ie cooperatistã de consum',0,1,NULL,0);
INSERT INTO `llx_c_forme_juridique` VALUES (440,18809,188,'OC3 - Organiza?ie cooperatistã de credit',0,1,NULL,0);
INSERT INTO `llx_c_forme_juridique` VALUES (441,18810,188,'PFA - Persoanã fizicã independentã',0,1,NULL,0);
INSERT INTO `llx_c_forme_juridique` VALUES (442,18811,188,'RA - Regie autonomã',0,1,NULL,0);
INSERT INTO `llx_c_forme_juridique` VALUES (443,18812,188,'SA - Societate comercialã pe ac?iuni',0,1,NULL,0);
INSERT INTO `llx_c_forme_juridique` VALUES (444,18813,188,'SCS - Societate comercialã în comanditã simplã',0,1,NULL,0);
INSERT INTO `llx_c_forme_juridique` VALUES (445,18814,188,'SNC - Societate comercialã în nume colectiv',0,1,NULL,0);
INSERT INTO `llx_c_forme_juridique` VALUES (446,18815,188,'SPI - Societate profesionala practicieni in insolventa (SPPI)',0,1,NULL,0);
INSERT INTO `llx_c_forme_juridique` VALUES (447,18816,188,'SRL - Societate comercialã cu rãspundere limitatã',0,1,NULL,0);
INSERT INTO `llx_c_forme_juridique` VALUES (448,18817,188,'URL - Intreprindere profesionala unipersonala cu rãspundere limitata (IPURL)',0,1,NULL,0);
INSERT INTO `llx_c_forme_juridique` VALUES (449,100,1,'GAEC',0,1,NULL,0);
ALTER TABLE `llx_c_forme_juridique` ENABLE KEYS;
UNLOCK TABLES;




--
-- Table structure for table `llx_c_holiday_types`
--
DROP TABLE IF EXISTS `llx_c_holiday_types`;
CREATE TABLE `llx_c_holiday_types` (
  `rowid` int(11) NOT NULL AUTO_INCREMENT,
  `code` varchar(16) COLLATE latin1_general_ci NOT NULL,
  `label` varchar(255) COLLATE latin1_general_ci NOT NULL,
  `affect` int(11) NOT NULL,
  `delay` int(11) NOT NULL,
  `newByMonth` double(8,5) NOT NULL DEFAULT '0.00000',
  `fk_country` int(11) DEFAULT NULL,
  `active` int(11) DEFAULT '1',
  PRIMARY KEY (`rowid`),
  UNIQUE KEY `uk_c_holiday_types` (`code`)
) ENGINE=InnoDB AUTO_INCREMENT=6 DEFAULT CHARSET=latin1 COLLATE=latin1_general_ci;

--
-- Dumping data for table `llx_c_holiday_types`
--
LOCK TABLES `llx_c_holiday_types` WRITE;
ALTER TABLE `llx_c_holiday_types` DISABLE KEYS;
INSERT INTO `llx_c_holiday_types` VALUES (1,'LEAVE_SICK','Sick leave',0,0,'0.00000',NULL,1);
INSERT INTO `llx_c_holiday_types` VALUES (2,'LEAVE_OTHER','Other leave',0,0,'0.00000',NULL,1);
INSERT INTO `llx_c_holiday_types` VALUES (3,'LEAVE_PAID','Paid vacation',1,7,'0.00000',NULL,0);
INSERT INTO `llx_c_holiday_types` VALUES (4,'LEAVE_RTT_FR','RTT',1,7,'0.83000',1,1);
INSERT INTO `llx_c_holiday_types` VALUES (5,'LEAVE_PAID_FR','Paid vacation',1,30,2.08334,1,1);
ALTER TABLE `llx_c_holiday_types` ENABLE KEYS;
UNLOCK TABLES;




--
-- Table structure for table `llx_c_hrm_department`
--
DROP TABLE IF EXISTS `llx_c_hrm_department`;
CREATE TABLE `llx_c_hrm_department` (
  `rowid` int(11) NOT NULL,
  `pos` tinyint(4) NOT NULL DEFAULT '0',
  `code` varchar(16) COLLATE latin1_general_ci NOT NULL,
  `label` varchar(50) COLLATE latin1_general_ci DEFAULT NULL,
  `active` tinyint(4) NOT NULL DEFAULT '1',
  PRIMARY KEY (`rowid`)
) ENGINE=InnoDB DEFAULT CHARSET=latin1 COLLATE=latin1_general_ci;

--
-- Dumping data for table `llx_c_hrm_department`
--
LOCK TABLES `llx_c_hrm_department` WRITE;
ALTER TABLE `llx_c_hrm_department` DISABLE KEYS;
INSERT INTO `llx_c_hrm_department` VALUES (1,5,'MANAGEMENT','Management',1);
INSERT INTO `llx_c_hrm_department` VALUES (2,10,'GESTION','Gestion',1);
INSERT INTO `llx_c_hrm_department` VALUES (3,15,'TRAINING','Training',1);
INSERT INTO `llx_c_hrm_department` VALUES (4,20,'IT','Inform. Technology (IT)',1);
INSERT INTO `llx_c_hrm_department` VALUES (5,25,'MARKETING','Marketing',1);
INSERT INTO `llx_c_hrm_department` VALUES (6,30,'SALES','Sales',1);
INSERT INTO `llx_c_hrm_department` VALUES (7,35,'LEGAL','Legal',1);
INSERT INTO `llx_c_hrm_department` VALUES (8,40,'FINANCIAL','Financial accounting',1);
INSERT INTO `llx_c_hrm_department` VALUES (9,45,'HUMANRES','Human resources',1);
INSERT INTO `llx_c_hrm_department` VALUES (10,50,'PURCHASING','Purchasing',1);
INSERT INTO `llx_c_hrm_department` VALUES (11,55,'SERVICES','Services',1);
INSERT INTO `llx_c_hrm_department` VALUES (12,60,'CUSTOMSERV','Customer service',1);
INSERT INTO `llx_c_hrm_department` VALUES (13,65,'CONSULTING','Consulting',1);
INSERT INTO `llx_c_hrm_department` VALUES (14,70,'LOGISTIC','Logistics',1);
INSERT INTO `llx_c_hrm_department` VALUES (15,75,'CONSTRUCT','Engineering/design',1);
INSERT INTO `llx_c_hrm_department` VALUES (16,80,'PRODUCTION','Manufacturing',1);
INSERT INTO `llx_c_hrm_department` VALUES (17,85,'QUALITY','Quality assurance',1);
INSERT INTO `llx_c_hrm_department` VALUES (18,85,'MAINT','Plant assurance',1);
ALTER TABLE `llx_c_hrm_department` ENABLE KEYS;
UNLOCK TABLES;




--
-- Table structure for table `llx_c_hrm_function`
--
DROP TABLE IF EXISTS `llx_c_hrm_function`;
CREATE TABLE `llx_c_hrm_function` (
  `rowid` int(11) NOT NULL,
  `pos` tinyint(4) NOT NULL DEFAULT '0',
  `code` varchar(16) COLLATE latin1_general_ci NOT NULL,
  `label` varchar(50) COLLATE latin1_general_ci DEFAULT NULL,
  `c_level` tinyint(4) NOT NULL DEFAULT '0',
  `active` tinyint(4) NOT NULL DEFAULT '1',
  PRIMARY KEY (`rowid`)
) ENGINE=InnoDB DEFAULT CHARSET=latin1 COLLATE=latin1_general_ci;

--
-- Dumping data for table `llx_c_hrm_function`
--
LOCK TABLES `llx_c_hrm_function` WRITE;
ALTER TABLE `llx_c_hrm_function` DISABLE KEYS;
INSERT INTO `llx_c_hrm_function` VALUES (1,5,'EXECBOARD','Executive board',0,1);
INSERT INTO `llx_c_hrm_function` VALUES (2,10,'MANAGDIR','Managing director',1,1);
INSERT INTO `llx_c_hrm_function` VALUES (3,15,'ACCOUNTMANAG','Account manager',0,1);
INSERT INTO `llx_c_hrm_function` VALUES (4,20,'ENGAGDIR','Engagement director',1,1);
INSERT INTO `llx_c_hrm_function` VALUES (5,25,'DIRECTOR','Director',1,1);
INSERT INTO `llx_c_hrm_function` VALUES (6,30,'PROJMANAG','Project manager',0,1);
INSERT INTO `llx_c_hrm_function` VALUES (7,35,'DEPHEAD','Department head',0,1);
INSERT INTO `llx_c_hrm_function` VALUES (8,40,'SECRETAR','Secretary',0,1);
INSERT INTO `llx_c_hrm_function` VALUES (9,45,'EMPLOYEE','Department employee',0,1);
ALTER TABLE `llx_c_hrm_function` ENABLE KEYS;
UNLOCK TABLES;




--
-- Table structure for table `llx_c_incoterms`
--
DROP TABLE IF EXISTS `llx_c_incoterms`;
CREATE TABLE `llx_c_incoterms` (
  `rowid` int(11) NOT NULL AUTO_INCREMENT,
  `code` varchar(3) COLLATE latin1_general_ci NOT NULL,
  `libelle` varchar(255) COLLATE latin1_general_ci NOT NULL,
  `active` tinyint(4) NOT NULL DEFAULT '1',
  PRIMARY KEY (`rowid`),
  UNIQUE KEY `uk_c_incoterms` (`code`)
) ENGINE=InnoDB AUTO_INCREMENT=12 DEFAULT CHARSET=latin1 COLLATE=latin1_general_ci;

--
-- Dumping data for table `llx_c_incoterms`
--
LOCK TABLES `llx_c_incoterms` WRITE;
ALTER TABLE `llx_c_incoterms` DISABLE KEYS;
INSERT INTO `llx_c_incoterms` VALUES (1,'EXW','Ex Works, au départ non chargé, non dédouané sortie d\'usine (uniquement adapté aux flux domestiques, nationaux)',1);
INSERT INTO `llx_c_incoterms` VALUES (2,'FCA','Free Carrier, marchandises dédouanées et chargées dans le pays de départ, chez le vendeur ou chez le commissionnaire de transport de l\'acheteur',1);
INSERT INTO `llx_c_incoterms` VALUES (3,'FAS','Free Alongside Ship, sur le quai du port de départ',1);
INSERT INTO `llx_c_incoterms` VALUES (4,'FOB','Free On Board, chargé sur le bateau, les frais de chargement dans celui-ci étant fonction du liner term indiqué par la compagnie maritime (à la charge du vendeur)',1);
INSERT INTO `llx_c_incoterms` VALUES (5,'CFR','Cost and Freight, chargé dans le bateau, livraison au port de départ, frais payés jusqu\'au port d\'arrivée, sans assurance pour le transport, non déchargé du navire à destination (les frais de déchargement sont inclus ou non au port d\'arrivée)',1);
INSERT INTO `llx_c_incoterms` VALUES (6,'CIF','Cost, Insurance and Freight, chargé sur le bateau, frais jusqu\'au port d\'arrivée, avec l\'assurance marchandise transportée souscrite par le vendeur pour le compte de l\'acheteur',1);
INSERT INTO `llx_c_incoterms` VALUES (7,'CPT','Carriage Paid To, livraison au premier transporteur, frais jusqu\'au déchargement du mode de transport, sans assurance pour le transport',1);
INSERT INTO `llx_c_incoterms` VALUES (8,'CIP','Carriage and Insurance Paid to, idem CPT, avec assurance marchandise transportée souscrite par le vendeur pour le compte de l\'acheteur',1);
INSERT INTO `llx_c_incoterms` VALUES (9,'DAT','Delivered At Terminal, marchandises (déchargées) livrées sur quai, dans un terminal maritime, fluvial, aérien, routier ou ferroviaire désigné (dédouanement import, et post-acheminement payés par l\'acheteur)',1);
INSERT INTO `llx_c_incoterms` VALUES (10,'DAP','Delivered At Place, marchandises (non déchargées) mises à disposition de l\'acheteur dans le pays d\'importation au lieu précisé dans le contrat (déchargement, dédouanement import payé par l\'acheteur)',1);
INSERT INTO `llx_c_incoterms` VALUES (11,'DDP','Delivered Duty Paid, marchandises (non déchargées) livrées à destination finale, dédouanement import et taxes à la charge du vendeur ; l\'acheteur prend en charge uniquement le déchargement (si exclusion des taxes type TVA, le préciser clairement)',1);
ALTER TABLE `llx_c_incoterms` ENABLE KEYS;
UNLOCK TABLES;




--
-- Table structure for table `llx_c_input_method`
--
DROP TABLE IF EXISTS `llx_c_input_method`;
CREATE TABLE `llx_c_input_method` (
  `rowid` int(11) NOT NULL AUTO_INCREMENT,
  `code` varchar(30) COLLATE latin1_general_ci DEFAULT NULL,
  `libelle` varchar(60) COLLATE latin1_general_ci DEFAULT NULL,
  `active` tinyint(4) NOT NULL DEFAULT '1',
  `module` varchar(32) COLLATE latin1_general_ci DEFAULT NULL,
  PRIMARY KEY (`rowid`),
  UNIQUE KEY `uk_c_input_method` (`code`)
) ENGINE=InnoDB AUTO_INCREMENT=6 DEFAULT CHARSET=latin1 COLLATE=latin1_general_ci;

--
-- Dumping data for table `llx_c_input_method`
--
LOCK TABLES `llx_c_input_method` WRITE;
ALTER TABLE `llx_c_input_method` DISABLE KEYS;
INSERT INTO `llx_c_input_method` VALUES (1,'OrderByMail','Courrier',1,NULL);
INSERT INTO `llx_c_input_method` VALUES (2,'OrderByFax','Fax',1,NULL);
INSERT INTO `llx_c_input_method` VALUES (3,'OrderByEMail','EMail',1,NULL);
INSERT INTO `llx_c_input_method` VALUES (4,'OrderByPhone','Téléphone',1,NULL);
INSERT INTO `llx_c_input_method` VALUES (5,'OrderByWWW','En ligne',1,NULL);
ALTER TABLE `llx_c_input_method` ENABLE KEYS;
UNLOCK TABLES;




--
-- Table structure for table `llx_c_input_reason`
--
DROP TABLE IF EXISTS `llx_c_input_reason`;
CREATE TABLE `llx_c_input_reason` (
  `rowid` int(11) NOT NULL AUTO_INCREMENT,
  `code` varchar(30) COLLATE latin1_general_ci DEFAULT NULL,
  `label` varchar(60) COLLATE latin1_general_ci DEFAULT NULL,
  `active` tinyint(4) NOT NULL DEFAULT '1',
  `module` varchar(32) COLLATE latin1_general_ci DEFAULT NULL,
  PRIMARY KEY (`rowid`),
  UNIQUE KEY `uk_c_input_reason` (`code`)
) ENGINE=InnoDB AUTO_INCREMENT=14 DEFAULT CHARSET=latin1 COLLATE=latin1_general_ci;

--
-- Dumping data for table `llx_c_input_reason`
--
LOCK TABLES `llx_c_input_reason` WRITE;
ALTER TABLE `llx_c_input_reason` DISABLE KEYS;
INSERT INTO `llx_c_input_reason` VALUES (1,'SRC_INTE','Web site',1,NULL);
INSERT INTO `llx_c_input_reason` VALUES (2,'SRC_CAMP_MAIL','Mailing campaign',1,NULL);
INSERT INTO `llx_c_input_reason` VALUES (3,'SRC_CAMP_PHO','Phone campaign',1,NULL);
INSERT INTO `llx_c_input_reason` VALUES (4,'SRC_CAMP_FAX','Fax campaign',1,NULL);
INSERT INTO `llx_c_input_reason` VALUES (5,'SRC_COMM','Commercial contact',1,NULL);
INSERT INTO `llx_c_input_reason` VALUES (6,'SRC_SHOP','Shop contact',1,NULL);
INSERT INTO `llx_c_input_reason` VALUES (7,'SRC_CAMP_EMAIL','EMailing campaign',1,NULL);
INSERT INTO `llx_c_input_reason` VALUES (8,'SRC_WOM','Word of mouth',1,NULL);
INSERT INTO `llx_c_input_reason` VALUES (9,'SRC_PARTNER','Partner',1,NULL);
INSERT INTO `llx_c_input_reason` VALUES (10,'SRC_EMPLOYEE','Employee',1,NULL);
INSERT INTO `llx_c_input_reason` VALUES (11,'SRC_SPONSORING','Sponsorship',1,NULL);
INSERT INTO `llx_c_input_reason` VALUES (12,'SRC_SALON','Salon',1,NULL);
INSERT INTO `llx_c_input_reason` VALUES (13,'SRC_FORMATION','Contact Formation',1,NULL);
ALTER TABLE `llx_c_input_reason` ENABLE KEYS;
UNLOCK TABLES;




--
-- Table structure for table `llx_c_lead_status`
--
DROP TABLE IF EXISTS `llx_c_lead_status`;
CREATE TABLE `llx_c_lead_status` (
  `rowid` int(11) NOT NULL AUTO_INCREMENT,
  `code` varchar(10) COLLATE latin1_general_ci DEFAULT NULL,
  `label` varchar(50) COLLATE latin1_general_ci DEFAULT NULL,
  `position` int(11) DEFAULT NULL,
  `percent` double(5,2) DEFAULT NULL,
  `active` tinyint(4) NOT NULL DEFAULT '1',
  PRIMARY KEY (`rowid`),
  UNIQUE KEY `uk_c_lead_status_code` (`code`)
) ENGINE=InnoDB AUTO_INCREMENT=8 DEFAULT CHARSET=latin1 COLLATE=latin1_general_ci;

--
-- Dumping data for table `llx_c_lead_status`
--
LOCK TABLES `llx_c_lead_status` WRITE;
ALTER TABLE `llx_c_lead_status` DISABLE KEYS;
INSERT INTO `llx_c_lead_status` VALUES (1,'PROSP','Prospection',10,'0.00',1);
INSERT INTO `llx_c_lead_status` VALUES (2,'QUAL','Qualification',20,'20.00',1);
INSERT INTO `llx_c_lead_status` VALUES (3,'PROPO','Proposal',30,'40.00',1);
INSERT INTO `llx_c_lead_status` VALUES (4,'NEGO','Negotiation',40,'60.00',1);
INSERT INTO `llx_c_lead_status` VALUES (5,'PENDING','Pending',50,'50.00',0);
INSERT INTO `llx_c_lead_status` VALUES (6,'WON','Won',60,'100.00',1);
INSERT INTO `llx_c_lead_status` VALUES (7,'LOST','Lost',70,'0.00',1);
ALTER TABLE `llx_c_lead_status` ENABLE KEYS;
UNLOCK TABLES;




--
-- Table structure for table `llx_c_paiement`
--
DROP TABLE IF EXISTS `llx_c_paiement`;
CREATE TABLE `llx_c_paiement` (
  `id` int(11) NOT NULL,
  `code` varchar(6) COLLATE latin1_general_ci NOT NULL,
  `libelle` varchar(62) COLLATE latin1_general_ci DEFAULT NULL,
  `type` smallint(6) DEFAULT NULL,
  `active` tinyint(4) NOT NULL DEFAULT '1',
  `accountancy_code` varchar(32) COLLATE latin1_general_ci DEFAULT NULL,
  `module` varchar(32) COLLATE latin1_general_ci DEFAULT NULL,
  PRIMARY KEY (`id`),
  UNIQUE KEY `uk_c_paiement` (`code`)
) ENGINE=InnoDB DEFAULT CHARSET=latin1 COLLATE=latin1_general_ci;

--
-- Dumping data for table `llx_c_paiement`
--
LOCK TABLES `llx_c_paiement` WRITE;
ALTER TABLE `llx_c_paiement` DISABLE KEYS;
INSERT INTO `llx_c_paiement` VALUES (0,'','-',3,1,NULL,NULL);
INSERT INTO `llx_c_paiement` VALUES (1,'TIP','TIP',2,0,NULL,NULL);
INSERT INTO `llx_c_paiement` VALUES (2,'VIR','Virement',2,1,NULL,NULL);
INSERT INTO `llx_c_paiement` VALUES (3,'PRE','Prélèvement',2,1,NULL,NULL);
INSERT INTO `llx_c_paiement` VALUES (4,'LIQ','Espèces',2,1,NULL,NULL);
INSERT INTO `llx_c_paiement` VALUES (6,'CB','Carte Bancaire',2,1,NULL,NULL);
INSERT INTO `llx_c_paiement` VALUES (7,'CHQ','Chèque',2,1,NULL,NULL);
INSERT INTO `llx_c_paiement` VALUES (50,'VAD','Paiement en ligne',2,0,NULL,NULL);
INSERT INTO `llx_c_paiement` VALUES (51,'TRA','Traite',2,0,NULL,NULL);
INSERT INTO `llx_c_paiement` VALUES (52,'LCR','LCR',2,0,NULL,NULL);
INSERT INTO `llx_c_paiement` VALUES (53,'FAC','Factor',2,0,NULL,NULL);
ALTER TABLE `llx_c_paiement` ENABLE KEYS;
UNLOCK TABLES;




--
-- Table structure for table `llx_c_paper_format`
--
DROP TABLE IF EXISTS `llx_c_paper_format`;
CREATE TABLE `llx_c_paper_format` (
  `rowid` int(11) NOT NULL AUTO_INCREMENT,
  `code` varchar(16) COLLATE latin1_general_ci NOT NULL,
  `label` varchar(50) COLLATE latin1_general_ci NOT NULL,
  `width` float(6,2) DEFAULT '0.00',
  `height` float(6,2) DEFAULT '0.00',
  `unit` varchar(5) COLLATE latin1_general_ci NOT NULL,
  `active` tinyint(4) NOT NULL DEFAULT '1',
  `module` varchar(32) COLLATE latin1_general_ci DEFAULT NULL,
  PRIMARY KEY (`rowid`)
) ENGINE=InnoDB AUTO_INCREMENT=226 DEFAULT CHARSET=latin1 COLLATE=latin1_general_ci;

--
-- Dumping data for table `llx_c_paper_format`
--
LOCK TABLES `llx_c_paper_format` WRITE;
ALTER TABLE `llx_c_paper_format` DISABLE KEYS;
INSERT INTO `llx_c_paper_format` VALUES (1,'EU4A0','Format 4A0','1682.00','2378.00','mm',1,NULL);
INSERT INTO `llx_c_paper_format` VALUES (2,'EU2A0','Format 2A0','1189.00','1682.00','mm',1,NULL);
INSERT INTO `llx_c_paper_format` VALUES (3,'EUA0','Format A0','840.00','1189.00','mm',1,NULL);
INSERT INTO `llx_c_paper_format` VALUES (4,'EUA1','Format A1','594.00','840.00','mm',1,NULL);
INSERT INTO `llx_c_paper_format` VALUES (5,'EUA2','Format A2','420.00','594.00','mm',1,NULL);
INSERT INTO `llx_c_paper_format` VALUES (6,'EUA3','Format A3','297.00','420.00','mm',1,NULL);
INSERT INTO `llx_c_paper_format` VALUES (7,'EUA4','Format A4','210.00','297.00','mm',1,NULL);
INSERT INTO `llx_c_paper_format` VALUES (8,'EUA5','Format A5','148.00','210.00','mm',1,NULL);
INSERT INTO `llx_c_paper_format` VALUES (9,'EUA6','Format A6','105.00','148.00','mm',1,NULL);
INSERT INTO `llx_c_paper_format` VALUES (100,'USLetter','Format Letter (A)','216.00','279.00','mm',1,NULL);
INSERT INTO `llx_c_paper_format` VALUES (105,'USLegal','Format Legal','216.00','356.00','mm',1,NULL);
INSERT INTO `llx_c_paper_format` VALUES (110,'USExecutive','Format Executive','190.00','254.00','mm',1,NULL);
INSERT INTO `llx_c_paper_format` VALUES (115,'USLedger','Format Ledger/Tabloid (B)','279.00','432.00','mm',1,NULL);
INSERT INTO `llx_c_paper_format` VALUES (200,'CAP1','Format Canadian P1','560.00','860.00','mm',1,NULL);
INSERT INTO `llx_c_paper_format` VALUES (205,'CAP2','Format Canadian P2','430.00','560.00','mm',1,NULL);
INSERT INTO `llx_c_paper_format` VALUES (210,'CAP3','Format Canadian P3','280.00','430.00','mm',1,NULL);
INSERT INTO `llx_c_paper_format` VALUES (215,'CAP4','Format Canadian P4','215.00','280.00','mm',1,NULL);
INSERT INTO `llx_c_paper_format` VALUES (220,'CAP5','Format Canadian P5','140.00','215.00','mm',1,NULL);
INSERT INTO `llx_c_paper_format` VALUES (225,'CAP6','Format Canadian P6','107.00','140.00','mm',1,NULL);
ALTER TABLE `llx_c_paper_format` ENABLE KEYS;
UNLOCK TABLES;




--
-- Table structure for table `llx_c_payment_term`
--
DROP TABLE IF EXISTS `llx_c_payment_term`;
CREATE TABLE `llx_c_payment_term` (
  `rowid` int(11) NOT NULL,
  `code` varchar(16) COLLATE latin1_general_ci DEFAULT NULL,
  `sortorder` smallint(6) DEFAULT NULL,
  `active` tinyint(4) DEFAULT '1',
  `libelle` varchar(255) COLLATE latin1_general_ci DEFAULT NULL,
  `libelle_facture` text COLLATE latin1_general_ci,
  `fdm` tinyint(4) DEFAULT NULL,
  `nbjour` smallint(6) DEFAULT NULL,
  `decalage` smallint(6) DEFAULT NULL,
  `module` varchar(32) COLLATE latin1_general_ci DEFAULT NULL,
  PRIMARY KEY (`rowid`)
) ENGINE=InnoDB DEFAULT CHARSET=latin1 COLLATE=latin1_general_ci;

--
-- Dumping data for table `llx_c_payment_term`
--
LOCK TABLES `llx_c_payment_term` WRITE;
ALTER TABLE `llx_c_payment_term` DISABLE KEYS;
INSERT INTO `llx_c_payment_term` VALUES (1,'RECEP',1,1,'A réception de facture','Réception de facture',0,1,NULL,NULL);
INSERT INTO `llx_c_payment_term` VALUES (2,'30D',2,1,'30 jours','Réglement à 30 jours',0,30,NULL,NULL);
INSERT INTO `llx_c_payment_term` VALUES (3,'30DENDMONTH',3,1,'30 jours fin de mois','Réglement à 30 jours fin de mois',1,30,NULL,NULL);
INSERT INTO `llx_c_payment_term` VALUES (4,'60D',4,1,'60 jours','Réglement à 60 jours',0,60,NULL,NULL);
INSERT INTO `llx_c_payment_term` VALUES (5,'60DENDMONTH',5,1,'60 jours fin de mois','Réglement à 60 jours fin de mois',1,60,NULL,NULL);
INSERT INTO `llx_c_payment_term` VALUES (6,'PT_ORDER',6,1,'A réception de commande','A réception de commande',0,1,NULL,NULL);
INSERT INTO `llx_c_payment_term` VALUES (7,'PT_DELIVERY',7,1,'Livraison','Règlement à la livraison',0,1,NULL,NULL);
INSERT INTO `llx_c_payment_term` VALUES (8,'PT_5050',8,1,'50 et 50','Règlement 50% à la commande, 50% à la livraison',0,1,NULL,NULL);
ALTER TABLE `llx_c_payment_term` ENABLE KEYS;
UNLOCK TABLES;




--
-- Table structure for table `llx_c_price_expression`
--
DROP TABLE IF EXISTS `llx_c_price_expression`;
CREATE TABLE `llx_c_price_expression` (
  `rowid` int(11) NOT NULL AUTO_INCREMENT,
  `title` varchar(20) COLLATE latin1_general_ci NOT NULL,
  `expression` varchar(80) COLLATE latin1_general_ci NOT NULL,
  PRIMARY KEY (`rowid`)
) ENGINE=InnoDB DEFAULT CHARSET=latin1 COLLATE=latin1_general_ci;

--
-- Dumping data for table `llx_c_price_expression`
--
LOCK TABLES `llx_c_price_expression` WRITE;
ALTER TABLE `llx_c_price_expression` DISABLE KEYS;
ALTER TABLE `llx_c_price_expression` ENABLE KEYS;
UNLOCK TABLES;




--
-- Table structure for table `llx_c_price_global_variable`
--
DROP TABLE IF EXISTS `llx_c_price_global_variable`;
CREATE TABLE `llx_c_price_global_variable` (
  `rowid` int(11) NOT NULL AUTO_INCREMENT,
  `code` varchar(20) COLLATE latin1_general_ci NOT NULL,
  `description` text COLLATE latin1_general_ci,
  `value` double(24,8) DEFAULT '0.00000000',
  PRIMARY KEY (`rowid`)
) ENGINE=InnoDB DEFAULT CHARSET=latin1 COLLATE=latin1_general_ci;

--
-- Dumping data for table `llx_c_price_global_variable`
--
LOCK TABLES `llx_c_price_global_variable` WRITE;
ALTER TABLE `llx_c_price_global_variable` DISABLE KEYS;
ALTER TABLE `llx_c_price_global_variable` ENABLE KEYS;
UNLOCK TABLES;




--
-- Table structure for table `llx_c_price_global_variable_updater`
--
DROP TABLE IF EXISTS `llx_c_price_global_variable_updater`;
CREATE TABLE `llx_c_price_global_variable_updater` (
  `rowid` int(11) NOT NULL AUTO_INCREMENT,
  `type` int(11) NOT NULL,
  `description` text COLLATE latin1_general_ci,
  `parameters` text COLLATE latin1_general_ci,
  `fk_variable` int(11) NOT NULL,
  `update_interval` int(11) DEFAULT '0',
  `next_update` int(11) DEFAULT '0',
  `last_status` text COLLATE latin1_general_ci,
  PRIMARY KEY (`rowid`)
) ENGINE=InnoDB DEFAULT CHARSET=latin1 COLLATE=latin1_general_ci;

--
-- Dumping data for table `llx_c_price_global_variable_updater`
--
LOCK TABLES `llx_c_price_global_variable_updater` WRITE;
ALTER TABLE `llx_c_price_global_variable_updater` DISABLE KEYS;
ALTER TABLE `llx_c_price_global_variable_updater` ENABLE KEYS;
UNLOCK TABLES;




--
-- Table structure for table `llx_c_propalst`
--
DROP TABLE IF EXISTS `llx_c_propalst`;
CREATE TABLE `llx_c_propalst` (
  `id` smallint(6) NOT NULL,
  `code` varchar(12) COLLATE latin1_general_ci NOT NULL,
  `label` varchar(30) COLLATE latin1_general_ci DEFAULT NULL,
  `active` tinyint(4) NOT NULL DEFAULT '1',
  PRIMARY KEY (`id`),
  UNIQUE KEY `uk_c_propalst` (`code`)
) ENGINE=InnoDB DEFAULT CHARSET=latin1 COLLATE=latin1_general_ci;

--
-- Dumping data for table `llx_c_propalst`
--
LOCK TABLES `llx_c_propalst` WRITE;
ALTER TABLE `llx_c_propalst` DISABLE KEYS;
INSERT INTO `llx_c_propalst` VALUES (0,'PR_DRAFT','Brouillon',1);
INSERT INTO `llx_c_propalst` VALUES (1,'PR_OPEN','Ouverte',1);
INSERT INTO `llx_c_propalst` VALUES (2,'PR_SIGNED','Signée',1);
INSERT INTO `llx_c_propalst` VALUES (3,'PR_NOTSIGNED','Non Signée',1);
INSERT INTO `llx_c_propalst` VALUES (4,'PR_FAC','Facturée',1);
ALTER TABLE `llx_c_propalst` ENABLE KEYS;
UNLOCK TABLES;




--
-- Table structure for table `llx_c_prospectlevel`
--
DROP TABLE IF EXISTS `llx_c_prospectlevel`;
CREATE TABLE `llx_c_prospectlevel` (
  `code` varchar(12) COLLATE latin1_general_ci NOT NULL,
  `label` varchar(30) COLLATE latin1_general_ci DEFAULT NULL,
  `sortorder` smallint(6) DEFAULT NULL,
  `active` smallint(6) NOT NULL DEFAULT '1',
  `module` varchar(32) COLLATE latin1_general_ci DEFAULT NULL,
  PRIMARY KEY (`code`)
) ENGINE=InnoDB DEFAULT CHARSET=latin1 COLLATE=latin1_general_ci;

--
-- Dumping data for table `llx_c_prospectlevel`
--
LOCK TABLES `llx_c_prospectlevel` WRITE;
ALTER TABLE `llx_c_prospectlevel` DISABLE KEYS;
INSERT INTO `llx_c_prospectlevel` VALUES ('PL_HIGH','High',4,1,NULL);
INSERT INTO `llx_c_prospectlevel` VALUES ('PL_LOW','Low',2,1,NULL);
INSERT INTO `llx_c_prospectlevel` VALUES ('PL_MEDIUM','Medium',3,1,NULL);
INSERT INTO `llx_c_prospectlevel` VALUES ('PL_NONE','None',1,1,NULL);
ALTER TABLE `llx_c_prospectlevel` ENABLE KEYS;
UNLOCK TABLES;




--
-- Table structure for table `llx_c_regions`
--
DROP TABLE IF EXISTS `llx_c_regions`;
CREATE TABLE `llx_c_regions` (
  `rowid` int(11) NOT NULL AUTO_INCREMENT,
  `code_region` int(11) NOT NULL,
  `fk_pays` int(11) NOT NULL,
  `cheflieu` varchar(50) COLLATE latin1_general_ci DEFAULT NULL,
  `tncc` int(11) DEFAULT NULL,
  `nom` varchar(100) COLLATE latin1_general_ci DEFAULT NULL,
  `active` tinyint(4) NOT NULL DEFAULT '1',
  PRIMARY KEY (`rowid`),
  UNIQUE KEY `uk_code_region` (`code_region`),
  KEY `idx_c_regions_fk_pays` (`fk_pays`),
  CONSTRAINT `fk_c_regions_fk_pays` FOREIGN KEY (`fk_pays`) REFERENCES `llx_c_country` (`rowid`)
) ENGINE=InnoDB AUTO_INCREMENT=197 DEFAULT CHARSET=latin1 COLLATE=latin1_general_ci;

--
-- Dumping data for table `llx_c_regions`
--
LOCK TABLES `llx_c_regions` WRITE;
ALTER TABLE `llx_c_regions` DISABLE KEYS;
INSERT INTO `llx_c_regions` VALUES (1,0,0,0,0,'-',1);
INSERT INTO `llx_c_regions` VALUES (2,1,1,97105,3,'Guadeloupe',1);
INSERT INTO `llx_c_regions` VALUES (3,2,1,97209,3,'Martinique',1);
INSERT INTO `llx_c_regions` VALUES (4,3,1,97302,3,'Guyane',1);
INSERT INTO `llx_c_regions` VALUES (5,4,1,97411,3,'Réunion',1);
INSERT INTO `llx_c_regions` VALUES (6,6,1,97601,3,'Mayotte',1);
INSERT INTO `llx_c_regions` VALUES (7,11,1,75056,1,'Île-de-France',1);
INSERT INTO `llx_c_regions` VALUES (8,21,1,51108,0,'Champagne-Ardenne',1);
INSERT INTO `llx_c_regions` VALUES (9,22,1,80021,0,'Picardie',1);
INSERT INTO `llx_c_regions` VALUES (10,23,1,76540,0,'Haute-Normandie',1);
INSERT INTO `llx_c_regions` VALUES (11,24,1,45234,2,'Centre',1);
INSERT INTO `llx_c_regions` VALUES (12,25,1,14118,0,'Basse-Normandie',1);
INSERT INTO `llx_c_regions` VALUES (13,26,1,21231,0,'Bourgogne',1);
INSERT INTO `llx_c_regions` VALUES (14,31,1,59350,2,'Nord-Pas-de-Calais',1);
INSERT INTO `llx_c_regions` VALUES (15,41,1,57463,0,'Lorraine',1);
INSERT INTO `llx_c_regions` VALUES (16,42,1,67482,1,'Alsace',1);
INSERT INTO `llx_c_regions` VALUES (17,43,1,25056,0,'Franche-Comté',1);
INSERT INTO `llx_c_regions` VALUES (18,52,1,44109,4,'Pays de la Loire',1);
INSERT INTO `llx_c_regions` VALUES (19,53,1,35238,0,'Bretagne',1);
INSERT INTO `llx_c_regions` VALUES (20,54,1,86194,2,'Poitou-Charentes',1);
INSERT INTO `llx_c_regions` VALUES (21,72,1,33063,1,'Aquitaine',1);
INSERT INTO `llx_c_regions` VALUES (22,73,1,31555,0,'Midi-Pyrénées',1);
INSERT INTO `llx_c_regions` VALUES (23,74,1,87085,2,'Limousin',1);
INSERT INTO `llx_c_regions` VALUES (24,82,1,69123,2,'Rhône-Alpes',1);
INSERT INTO `llx_c_regions` VALUES (25,83,1,63113,1,'Auvergne',1);
INSERT INTO `llx_c_regions` VALUES (26,91,1,34172,2,'Languedoc-Roussillon',1);
INSERT INTO `llx_c_regions` VALUES (27,93,1,13055,0,'Provence-Alpes-Côte d\'Azur',1);
INSERT INTO `llx_c_regions` VALUES (28,94,1,'2A004',0,'Corse',1);
INSERT INTO `llx_c_regions` VALUES (29,4101,41,'',0,'Österreich',1);
INSERT INTO `llx_c_regions` VALUES (30,201,2,'',1,'Flandre',1);
INSERT INTO `llx_c_regions` VALUES (31,202,2,'',2,'Wallonie',1);
INSERT INTO `llx_c_regions` VALUES (32,203,2,'',3,'Bruxelles-Capitale',1);
INSERT INTO `llx_c_regions` VALUES (33,301,3,NULL,1,'Abruzzo',1);
INSERT INTO `llx_c_regions` VALUES (34,302,3,NULL,1,'Basilicata',1);
INSERT INTO `llx_c_regions` VALUES (35,303,3,NULL,1,'Calabria',1);
INSERT INTO `llx_c_regions` VALUES (36,304,3,NULL,1,'Campania',1);
INSERT INTO `llx_c_regions` VALUES (37,305,3,NULL,1,'Emilia-Romagna',1);
INSERT INTO `llx_c_regions` VALUES (38,306,3,NULL,1,'Friuli-Venezia Giulia',1);
INSERT INTO `llx_c_regions` VALUES (39,307,3,NULL,1,'Lazio',1);
INSERT INTO `llx_c_regions` VALUES (40,308,3,NULL,1,'Liguria',1);
INSERT INTO `llx_c_regions` VALUES (41,309,3,NULL,1,'Lombardia',1);
INSERT INTO `llx_c_regions` VALUES (42,310,3,NULL,1,'Marche',1);
INSERT INTO `llx_c_regions` VALUES (43,311,3,NULL,1,'Molise',1);
INSERT INTO `llx_c_regions` VALUES (44,312,3,NULL,1,'Piemonte',1);
INSERT INTO `llx_c_regions` VALUES (45,313,3,NULL,1,'Puglia',1);
INSERT INTO `llx_c_regions` VALUES (46,314,3,NULL,1,'Sardegna',1);
INSERT INTO `llx_c_regions` VALUES (47,315,3,NULL,1,'Sicilia',1);
INSERT INTO `llx_c_regions` VALUES (48,316,3,NULL,1,'Toscana',1);
INSERT INTO `llx_c_regions` VALUES (49,317,3,NULL,1,'Trentino-Alto Adige',1);
INSERT INTO `llx_c_regions` VALUES (50,318,3,NULL,1,'Umbria',1);
INSERT INTO `llx_c_regions` VALUES (51,319,3,NULL,1,'Valle d Aosta',1);
INSERT INTO `llx_c_regions` VALUES (52,320,3,NULL,1,'Veneto',1);
INSERT INTO `llx_c_regions` VALUES (53,401,4,'',0,'Andalucia',1);
INSERT INTO `llx_c_regions` VALUES (54,402,4,'',0,'Aragón',1);
INSERT INTO `llx_c_regions` VALUES (55,403,4,'',0,'Castilla y León',1);
INSERT INTO `llx_c_regions` VALUES (56,404,4,'',0,'Castilla la Mancha',1);
INSERT INTO `llx_c_regions` VALUES (57,405,4,'',0,'Canarias',1);
INSERT INTO `llx_c_regions` VALUES (58,406,4,'',0,'Cataluña',1);
INSERT INTO `llx_c_regions` VALUES (59,407,4,'',0,'Comunidad de Ceuta',1);
INSERT INTO `llx_c_regions` VALUES (60,408,4,'',0,'Comunidad Foral de Navarra',1);
INSERT INTO `llx_c_regions` VALUES (61,409,4,'',0,'Comunidad de Melilla',1);
INSERT INTO `llx_c_regions` VALUES (62,410,4,'',0,'Cantabria',1);
INSERT INTO `llx_c_regions` VALUES (63,411,4,'',0,'Comunidad Valenciana',1);
INSERT INTO `llx_c_regions` VALUES (64,412,4,'',0,'Extemadura',1);
INSERT INTO `llx_c_regions` VALUES (65,413,4,'',0,'Galicia',1);
INSERT INTO `llx_c_regions` VALUES (66,414,4,'',0,'Islas Baleares',1);
INSERT INTO `llx_c_regions` VALUES (67,415,4,'',0,'La Rioja',1);
INSERT INTO `llx_c_regions` VALUES (68,416,4,'',0,'Comunidad de Madrid',1);
INSERT INTO `llx_c_regions` VALUES (69,417,4,'',0,'Región de Murcia',1);
INSERT INTO `llx_c_regions` VALUES (70,418,4,'',0,'Principado de Asturias',1);
INSERT INTO `llx_c_regions` VALUES (71,419,4,'',0,'Pais Vasco',1);
INSERT INTO `llx_c_regions` VALUES (72,420,4,'',0,'Otros',1);
INSERT INTO `llx_c_regions` VALUES (73,501,5,'',0,'Deutschland',1);
INSERT INTO `llx_c_regions` VALUES (74,10201,102,NULL,NULL,'??????',1);
INSERT INTO `llx_c_regions` VALUES (75,10202,102,NULL,NULL,'?????? ??????',1);
INSERT INTO `llx_c_regions` VALUES (76,10203,102,NULL,NULL,'???????? ?????????',1);
INSERT INTO `llx_c_regions` VALUES (77,10204,102,NULL,NULL,'?????',1);
INSERT INTO `llx_c_regions` VALUES (78,10205,102,NULL,NULL,'????????? ????????? ??? ?????',1);
INSERT INTO `llx_c_regions` VALUES (79,10206,102,NULL,NULL,'???????',1);
INSERT INTO `llx_c_regions` VALUES (80,10207,102,NULL,NULL,'????? ?????',1);
INSERT INTO `llx_c_regions` VALUES (81,10208,102,NULL,NULL,'?????? ??????',1);
INSERT INTO `llx_c_regions` VALUES (82,10209,102,NULL,NULL,'????????????',1);
INSERT INTO `llx_c_regions` VALUES (83,10210,102,NULL,NULL,'????? ??????',1);
INSERT INTO `llx_c_regions` VALUES (84,10211,102,NULL,NULL,'?????? ??????',1);
INSERT INTO `llx_c_regions` VALUES (85,10212,102,NULL,NULL,'????????',1);
INSERT INTO `llx_c_regions` VALUES (86,10213,102,NULL,NULL,'?????? ?????????',1);
INSERT INTO `llx_c_regions` VALUES (87,601,6,'',1,'Cantons',1);
INSERT INTO `llx_c_regions` VALUES (88,701,7,'',0,'England',1);
INSERT INTO `llx_c_regions` VALUES (89,702,7,'',0,'Wales',1);
INSERT INTO `llx_c_regions` VALUES (90,703,7,'',0,'Scotland',1);
INSERT INTO `llx_c_regions` VALUES (91,704,7,'',0,'Northern Ireland',1);
INSERT INTO `llx_c_regions` VALUES (92,1001,10,'',0,'Ariana',1);
INSERT INTO `llx_c_regions` VALUES (93,1002,10,'',0,'Béja',1);
INSERT INTO `llx_c_regions` VALUES (94,1003,10,'',0,'Ben Arous',1);
INSERT INTO `llx_c_regions` VALUES (95,1004,10,'',0,'Bizerte',1);
INSERT INTO `llx_c_regions` VALUES (96,1005,10,'',0,'Gabès',1);
INSERT INTO `llx_c_regions` VALUES (97,1006,10,'',0,'Gafsa',1);
INSERT INTO `llx_c_regions` VALUES (98,1007,10,'',0,'Jendouba',1);
INSERT INTO `llx_c_regions` VALUES (99,1008,10,'',0,'Kairouan',1);
INSERT INTO `llx_c_regions` VALUES (100,1009,10,'',0,'Kasserine',1);
INSERT INTO `llx_c_regions` VALUES (101,1010,10,'',0,'Kébili',1);
INSERT INTO `llx_c_regions` VALUES (102,1011,10,'',0,'La Manouba',1);
INSERT INTO `llx_c_regions` VALUES (103,1012,10,'',0,'Le Kef',1);
INSERT INTO `llx_c_regions` VALUES (104,1013,10,'',0,'Mahdia',1);
INSERT INTO `llx_c_regions` VALUES (105,1014,10,'',0,'Médenine',1);
INSERT INTO `llx_c_regions` VALUES (106,1015,10,'',0,'Monastir',1);
INSERT INTO `llx_c_regions` VALUES (107,1016,10,'',0,'Nabeul',1);
INSERT INTO `llx_c_regions` VALUES (108,1017,10,'',0,'Sfax',1);
INSERT INTO `llx_c_regions` VALUES (109,1018,10,'',0,'Sidi Bouzid',1);
INSERT INTO `llx_c_regions` VALUES (110,1019,10,'',0,'Siliana',1);
INSERT INTO `llx_c_regions` VALUES (111,1020,10,'',0,'Sousse',1);
INSERT INTO `llx_c_regions` VALUES (112,1021,10,'',0,'Tataouine',1);
INSERT INTO `llx_c_regions` VALUES (113,1022,10,'',0,'Tozeur',1);
INSERT INTO `llx_c_regions` VALUES (114,1023,10,'',0,'Tunis',1);
INSERT INTO `llx_c_regions` VALUES (115,1024,10,'',0,'Zaghouan',1);
INSERT INTO `llx_c_regions` VALUES (116,1101,11,'',0,'United-States',1);
INSERT INTO `llx_c_regions` VALUES (117,1301,13,'',0,'Algerie',1);
INSERT INTO `llx_c_regions` VALUES (118,1401,14,'',0,'Canada',1);
INSERT INTO `llx_c_regions` VALUES (119,1701,17,'',0,'Provincies van Nederland ',1);
INSERT INTO `llx_c_regions` VALUES (120,2301,23,'',0,'Norte',1);
INSERT INTO `llx_c_regions` VALUES (121,2302,23,'',0,'Litoral',1);
INSERT INTO `llx_c_regions` VALUES (122,2303,23,'',0,'Cuyana',1);
INSERT INTO `llx_c_regions` VALUES (123,2304,23,'',0,'Central',1);
INSERT INTO `llx_c_regions` VALUES (124,2305,23,'',0,'Patagonia',1);
INSERT INTO `llx_c_regions` VALUES (125,2801,28,'',0,'Australia',1);
INSERT INTO `llx_c_regions` VALUES (126,4601,46,'',0,'Barbados',1);
INSERT INTO `llx_c_regions` VALUES (127,5201,52,'',0,'Chuquisaca',1);
INSERT INTO `llx_c_regions` VALUES (128,5202,52,'',0,'La Paz',1);
INSERT INTO `llx_c_regions` VALUES (129,5203,52,'',0,'Cochabamba',1);
INSERT INTO `llx_c_regions` VALUES (130,5204,52,'',0,'Oruro',1);
INSERT INTO `llx_c_regions` VALUES (131,5205,52,'',0,'Potosí',1);
INSERT INTO `llx_c_regions` VALUES (132,5206,52,'',0,'Tarija',1);
INSERT INTO `llx_c_regions` VALUES (133,5207,52,'',0,'Santa Cruz',1);
INSERT INTO `llx_c_regions` VALUES (134,5208,52,'',0,'El Beni',1);
INSERT INTO `llx_c_regions` VALUES (135,5209,52,'',0,'Pando',1);
INSERT INTO `llx_c_regions` VALUES (136,5601,56,'',0,'Brasil',1);
INSERT INTO `llx_c_regions` VALUES (137,7001,70,'',0,'Colombie',1);
INSERT INTO `llx_c_regions` VALUES (138,6701,67,NULL,NULL,'Tarapacá',1);
INSERT INTO `llx_c_regions` VALUES (139,6702,67,NULL,NULL,'Antofagasta',1);
INSERT INTO `llx_c_regions` VALUES (140,6703,67,NULL,NULL,'Atacama',1);
INSERT INTO `llx_c_regions` VALUES (141,6704,67,NULL,NULL,'Coquimbo',1);
INSERT INTO `llx_c_regions` VALUES (142,6705,67,NULL,NULL,'Valparaíso',1);
INSERT INTO `llx_c_regions` VALUES (143,6706,67,NULL,NULL,'General Bernardo O Higgins',1);
INSERT INTO `llx_c_regions` VALUES (144,6707,67,NULL,NULL,'Maule',1);
INSERT INTO `llx_c_regions` VALUES (145,6708,67,NULL,NULL,'Biobío',1);
INSERT INTO `llx_c_regions` VALUES (146,6709,67,NULL,NULL,'Raucanía',1);
INSERT INTO `llx_c_regions` VALUES (147,6710,67,NULL,NULL,'Los Lagos',1);
INSERT INTO `llx_c_regions` VALUES (148,6711,67,NULL,NULL,'Aysén General Carlos Ibáñez del Campo',1);
INSERT INTO `llx_c_regions` VALUES (149,6712,67,NULL,NULL,'Magallanes y Antártica Chilena',1);
INSERT INTO `llx_c_regions` VALUES (150,6713,67,NULL,NULL,'Metropolitana de Santiago',1);
INSERT INTO `llx_c_regions` VALUES (151,6714,67,NULL,NULL,'Los Ríos',1);
INSERT INTO `llx_c_regions` VALUES (152,6715,67,NULL,NULL,'Arica y Parinacota',1);
INSERT INTO `llx_c_regions` VALUES (153,8601,86,NULL,NULL,'Central',1);
INSERT INTO `llx_c_regions` VALUES (154,8602,86,NULL,NULL,'Oriental',1);
INSERT INTO `llx_c_regions` VALUES (155,8603,86,NULL,NULL,'Occidental',1);
INSERT INTO `llx_c_regions` VALUES (156,11401,114,'',0,'Honduras',1);
INSERT INTO `llx_c_regions` VALUES (157,11701,117,'',0,'India',1);
INSERT INTO `llx_c_regions` VALUES (158,1201,12,'',0,'Tanger-Tétouan',1);
INSERT INTO `llx_c_regions` VALUES (159,1202,12,'',0,'Gharb-Chrarda-Beni Hssen',1);
INSERT INTO `llx_c_regions` VALUES (160,1203,12,'',0,'Taza-Al Hoceima-Taounate',1);
INSERT INTO `llx_c_regions` VALUES (161,1204,12,'',0,'L\'Oriental',1);
INSERT INTO `llx_c_regions` VALUES (162,1205,12,'',0,'Fès-Boulemane',1);
INSERT INTO `llx_c_regions` VALUES (163,1206,12,'',0,'Meknès-Tafialet',1);
INSERT INTO `llx_c_regions` VALUES (164,1207,12,'',0,'Rabat-Salé-Zemour-Zaër',1);
INSERT INTO `llx_c_regions` VALUES (165,1208,12,'',0,'Grand Cassablanca',1);
INSERT INTO `llx_c_regions` VALUES (166,1209,12,'',0,'Chaouia-Ouardigha',1);
INSERT INTO `llx_c_regions` VALUES (167,1210,12,'',0,'Doukahla-Adba',1);
INSERT INTO `llx_c_regions` VALUES (168,1211,12,'',0,'Marrakech-Tensift-Al Haouz',1);
INSERT INTO `llx_c_regions` VALUES (169,1212,12,'',0,'Tadla-Azilal',1);
INSERT INTO `llx_c_regions` VALUES (170,1213,12,'',0,'Sous-Massa-Drâa',1);
INSERT INTO `llx_c_regions` VALUES (171,1214,12,'',0,'Guelmim-Es Smara',1);
INSERT INTO `llx_c_regions` VALUES (172,1215,12,'',0,'Laâyoune-Boujdour-Sakia el Hamra',1);
INSERT INTO `llx_c_regions` VALUES (173,1216,12,'',0,'Oued Ed-Dahab Lagouira',1);
INSERT INTO `llx_c_regions` VALUES (174,15201,152,'',0,'Rivière Noire',1);
INSERT INTO `llx_c_regions` VALUES (175,15202,152,'',0,'Flacq',1);
INSERT INTO `llx_c_regions` VALUES (176,15203,152,'',0,'Grand Port',1);
INSERT INTO `llx_c_regions` VALUES (177,15204,152,'',0,'Moka',1);
INSERT INTO `llx_c_regions` VALUES (178,15205,152,'',0,'Pamplemousses',1);
INSERT INTO `llx_c_regions` VALUES (179,15206,152,'',0,'Plaines Wilhems',1);
INSERT INTO `llx_c_regions` VALUES (180,15207,152,'',0,'Port-Louis',1);
INSERT INTO `llx_c_regions` VALUES (181,15208,152,'',0,'Rivière du Rempart',1);
INSERT INTO `llx_c_regions` VALUES (182,15209,152,'',0,'Savanne',1);
INSERT INTO `llx_c_regions` VALUES (183,15210,152,'',0,'Rodrigues',1);
INSERT INTO `llx_c_regions` VALUES (184,15211,152,'',0,'Les îles Agaléga',1);
INSERT INTO `llx_c_regions` VALUES (185,15212,152,'',0,'Les écueils des Cargados Carajos',1);
INSERT INTO `llx_c_regions` VALUES (186,15401,154,'',0,'Mexique',1);
INSERT INTO `llx_c_regions` VALUES (187,18801,188,'',0,'Romania',1);
INSERT INTO `llx_c_regions` VALUES (188,23201,232,'',0,'Los Andes',1);
INSERT INTO `llx_c_regions` VALUES (189,23202,232,'',0,'Capital',1);
INSERT INTO `llx_c_regions` VALUES (190,23203,232,'',0,'Central',1);
INSERT INTO `llx_c_regions` VALUES (191,23204,232,'',0,'Cento Occidental',1);
INSERT INTO `llx_c_regions` VALUES (192,23205,232,'',0,'Guayana',1);
INSERT INTO `llx_c_regions` VALUES (193,23206,232,'',0,'Insular',1);
INSERT INTO `llx_c_regions` VALUES (194,23207,232,'',0,'Los Llanos',1);
INSERT INTO `llx_c_regions` VALUES (195,23208,232,'',0,'Nor-Oriental',1);
INSERT INTO `llx_c_regions` VALUES (196,23209,232,'',0,'Zuliana',1);
ALTER TABLE `llx_c_regions` ENABLE KEYS;
UNLOCK TABLES;




--
-- Table structure for table `llx_c_revenuestamp`
--
DROP TABLE IF EXISTS `llx_c_revenuestamp`;
CREATE TABLE `llx_c_revenuestamp` (
  `rowid` int(11) NOT NULL AUTO_INCREMENT,
  `fk_pays` int(11) NOT NULL,
  `taux` double NOT NULL,
  `note` varchar(128) COLLATE latin1_general_ci DEFAULT NULL,
  `active` tinyint(4) NOT NULL DEFAULT '1',
  `accountancy_code_sell` varchar(32) COLLATE latin1_general_ci DEFAULT NULL,
  `accountancy_code_buy` varchar(32) COLLATE latin1_general_ci DEFAULT NULL,
  PRIMARY KEY (`rowid`)
) ENGINE=InnoDB AUTO_INCREMENT=102 DEFAULT CHARSET=latin1 COLLATE=latin1_general_ci;

--
-- Dumping data for table `llx_c_revenuestamp`
--
LOCK TABLES `llx_c_revenuestamp` WRITE;
ALTER TABLE `llx_c_revenuestamp` DISABLE KEYS;
INSERT INTO `llx_c_revenuestamp` VALUES (101,10,0.4,'Revenue stamp tunisia',1,NULL,NULL);
ALTER TABLE `llx_c_revenuestamp` ENABLE KEYS;
UNLOCK TABLES;




--
-- Table structure for table `llx_c_shipment_mode`
--
DROP TABLE IF EXISTS `llx_c_shipment_mode`;
CREATE TABLE `llx_c_shipment_mode` (
  `rowid` int(11) NOT NULL AUTO_INCREMENT,
  `tms` timestamp NOT NULL DEFAULT CURRENT_TIMESTAMP ON UPDATE CURRENT_TIMESTAMP,
  `code` varchar(30) COLLATE latin1_general_ci NOT NULL,
  `libelle` varchar(50) COLLATE latin1_general_ci NOT NULL,
  `description` text COLLATE latin1_general_ci,
  `tracking` varchar(255) COLLATE latin1_general_ci NOT NULL,
  `active` tinyint(4) DEFAULT '0',
  `module` varchar(32) COLLATE latin1_general_ci DEFAULT NULL,
  PRIMARY KEY (`rowid`)
) ENGINE=InnoDB AUTO_INCREMENT=9 DEFAULT CHARSET=latin1 COLLATE=latin1_general_ci;

--
-- Dumping data for table `llx_c_shipment_mode`
--
LOCK TABLES `llx_c_shipment_mode` WRITE;
ALTER TABLE `llx_c_shipment_mode` DISABLE KEYS;
INSERT INTO `llx_c_shipment_mode` VALUES (1,'2016-08-07 15:30:59','CATCH','Catch','Catch by client','',1,NULL);
INSERT INTO `llx_c_shipment_mode` VALUES (2,'2016-08-07 15:30:59','TRANS','Transporter','Generic transporter','',1,NULL);
INSERT INTO `llx_c_shipment_mode` VALUES (3,'2016-08-07 15:30:59','COLSUI','Colissimo Suivi','Colissimo Suivi','http://www.colissimo.fr/portail_colissimo/suivre.do?colispart={TRACKID}',0,NULL);
INSERT INTO `llx_c_shipment_mode` VALUES (4,'2016-08-07 15:30:59','LETTREMAX','Lettre Max','Courrier Suivi et Lettre Max','',0,NULL);
INSERT INTO `llx_c_shipment_mode` VALUES (5,'2016-08-07 15:30:59','UPS','UPS','United Parcel Service','http://wwwapps.ups.com/etracking/tracking.cgi?InquiryNumber2=&InquiryNumber3=&tracknums_displayed=3&loc=fr_FR&TypeOfInquiryNumber=T&HTMLVersion=4.0&InquiryNumber22=&InquiryNumber32=&track=Track&Suivi.x=64&Suivi.y=7&Suivi=Valider&InquiryNumber1={TRACKID}',0,NULL);
INSERT INTO `llx_c_shipment_mode` VALUES (6,'2016-08-07 15:30:59','KIALA','KIALA','Relais Kiala','http://www.kiala.fr/tnt/delivery/{TRACKID}',0,NULL);
INSERT INTO `llx_c_shipment_mode` VALUES (7,'2016-08-07 15:30:59','GLS','GLS','General Logistics Systems','https://gls-group.eu/FR/fr/suivi-colis?match={TRACKID}',0,NULL);
INSERT INTO `llx_c_shipment_mode` VALUES (8,'2016-08-07 15:30:59','CHRONO','Chronopost','Chronopost','http://www.chronopost.fr/expedier/inputLTNumbersNoJahia.do?listeNumeros={TRACKID}',0,NULL);
ALTER TABLE `llx_c_shipment_mode` ENABLE KEYS;
UNLOCK TABLES;




--
-- Table structure for table `llx_c_stcomm`
--
DROP TABLE IF EXISTS `llx_c_stcomm`;
CREATE TABLE `llx_c_stcomm` (
  `id` int(11) NOT NULL,
  `code` varchar(12) COLLATE latin1_general_ci NOT NULL,
  `libelle` varchar(30) COLLATE latin1_general_ci DEFAULT NULL,
  `picto` varchar(128) COLLATE latin1_general_ci DEFAULT NULL,
  `active` tinyint(4) NOT NULL DEFAULT '1',
  PRIMARY KEY (`id`),
  UNIQUE KEY `uk_c_stcomm` (`code`)
) ENGINE=InnoDB DEFAULT CHARSET=latin1 COLLATE=latin1_general_ci;

--
-- Dumping data for table `llx_c_stcomm`
--
LOCK TABLES `llx_c_stcomm` WRITE;
ALTER TABLE `llx_c_stcomm` DISABLE KEYS;
INSERT INTO `llx_c_stcomm` VALUES (-1,'ST_NO','Do not contact',NULL,1);
INSERT INTO `llx_c_stcomm` VALUES (0,'ST_NEVER','Never contacted',NULL,1);
INSERT INTO `llx_c_stcomm` VALUES (1,'ST_TODO','To contact',NULL,1);
INSERT INTO `llx_c_stcomm` VALUES (2,'ST_PEND','Contact in progress',NULL,1);
INSERT INTO `llx_c_stcomm` VALUES (3,'ST_DONE','Contacted',NULL,1);
ALTER TABLE `llx_c_stcomm` ENABLE KEYS;
UNLOCK TABLES;




--
-- Table structure for table `llx_c_tva`
--
DROP TABLE IF EXISTS `llx_c_tva`;
CREATE TABLE `llx_c_tva` (
  `rowid` int(11) NOT NULL AUTO_INCREMENT,
  `fk_pays` int(11) NOT NULL,
  `code` varchar(10) COLLATE latin1_general_ci DEFAULT '',
  `taux` double NOT NULL,
  `localtax1` varchar(20) COLLATE latin1_general_ci NOT NULL DEFAULT '0',
  `localtax1_type` varchar(10) COLLATE latin1_general_ci NOT NULL DEFAULT '0',
  `localtax2` varchar(20) COLLATE latin1_general_ci NOT NULL DEFAULT '0',
  `localtax2_type` varchar(10) COLLATE latin1_general_ci NOT NULL DEFAULT '0',
  `recuperableonly` int(11) NOT NULL DEFAULT '0',
  `note` varchar(128) COLLATE latin1_general_ci DEFAULT NULL,
  `active` tinyint(4) NOT NULL DEFAULT '1',
  `accountancy_code_sell` varchar(32) COLLATE latin1_general_ci DEFAULT NULL,
  `accountancy_code_buy` varchar(32) COLLATE latin1_general_ci DEFAULT NULL,
  PRIMARY KEY (`rowid`),
  UNIQUE KEY `uk_c_tva_id` (`fk_pays`,`code`,`taux`,`recuperableonly`)
) ENGINE=InnoDB AUTO_INCREMENT=2469 DEFAULT CHARSET=latin1 COLLATE=latin1_general_ci;

--
-- Dumping data for table `llx_c_tva`
--
LOCK TABLES `llx_c_tva` WRITE;
ALTER TABLE `llx_c_tva` DISABLE KEYS;
INSERT INTO `llx_c_tva` VALUES (11,1,'',20,0,0,0,0,0,'VAT standard rate (France hors DOM-TOM)',1,NULL,NULL);
INSERT INTO `llx_c_tva` VALUES (12,1,'',8.5,0,0,0,0,0,'VAT standard rate (DOM sauf Guyane et Saint-Martin)',0,NULL,NULL);
INSERT INTO `llx_c_tva` VALUES (13,1,'',8.5,0,0,0,0,1,'VAT standard rate (DOM sauf Guyane et Saint-Martin), non perçu par le vendeur mais récupérable par acheteur',0,NULL,NULL);
INSERT INTO `llx_c_tva` VALUES (14,1,'',5.5,0,0,0,0,0,'VAT reduced rate (France hors DOM-TOM)',1,NULL,NULL);
INSERT INTO `llx_c_tva` VALUES (15,1,'',0,0,0,0,0,0,'VAT Rate 0 ou non applicable',1,NULL,NULL);
INSERT INTO `llx_c_tva` VALUES (16,1,'',2.1,0,0,0,0,0,'VAT super-reduced rate',1,NULL,NULL);
INSERT INTO `llx_c_tva` VALUES (17,1,'',10,0,0,0,0,0,'VAT reduced rate',1,NULL,NULL);
INSERT INTO `llx_c_tva` VALUES (21,2,'',21,0,0,0,0,0,'VAT standard rate',1,NULL,NULL);
INSERT INTO `llx_c_tva` VALUES (22,2,'',6,0,0,0,0,0,'VAT reduced rate',1,NULL,NULL);
INSERT INTO `llx_c_tva` VALUES (23,2,'',0,0,0,0,0,0,'VAT Rate 0 ou non applicable',1,NULL,NULL);
INSERT INTO `llx_c_tva` VALUES (24,2,'',12,0,0,0,0,0,'VAT reduced rate',1,NULL,NULL);
INSERT INTO `llx_c_tva` VALUES (31,3,'',22,0,0,0,0,0,'VAT standard rate',1,NULL,NULL);
INSERT INTO `llx_c_tva` VALUES (32,3,'',10,0,0,0,0,0,'VAT reduced rate',1,NULL,NULL);
INSERT INTO `llx_c_tva` VALUES (33,3,'',4,0,0,0,0,0,'VAT super-reduced rate',1,NULL,NULL);
INSERT INTO `llx_c_tva` VALUES (34,3,'',0,0,0,0,0,0,'VAT Rate 0',1,NULL,NULL);
INSERT INTO `llx_c_tva` VALUES (41,4,'',21,5.2,3,'-19:-15:-9',5,0,'VAT standard rate',1,NULL,NULL);
INSERT INTO `llx_c_tva` VALUES (42,4,'',10,1.4,3,'-19:-15:-9',5,0,'VAT reduced rate',1,NULL,NULL);
INSERT INTO `llx_c_tva` VALUES (43,4,'',4,0.5,3,'-19:-15:-9',5,0,'VAT super-reduced rate',1,NULL,NULL);
INSERT INTO `llx_c_tva` VALUES (44,4,'',0,0,3,'-19:-15:-9',5,0,'VAT Rate 0',1,NULL,NULL);
INSERT INTO `llx_c_tva` VALUES (51,5,'',19,0,0,0,0,0,'allgemeine Ust.',1,NULL,NULL);
INSERT INTO `llx_c_tva` VALUES (52,5,'',7,0,0,0,0,0,'ermäßigte USt.',1,NULL,NULL);
INSERT INTO `llx_c_tva` VALUES (53,5,'',0,0,0,0,0,0,'keine USt.',1,NULL,NULL);
INSERT INTO `llx_c_tva` VALUES (54,5,'',5.5,0,0,0,0,0,'USt. Forst',0,NULL,NULL);
INSERT INTO `llx_c_tva` VALUES (55,5,'',10.7,0,0,0,0,0,'USt. Landwirtschaft',0,NULL,NULL);
INSERT INTO `llx_c_tva` VALUES (61,6,'',8,0,0,0,0,0,'VAT standard rate',1,NULL,NULL);
INSERT INTO `llx_c_tva` VALUES (62,6,'',3.8,0,0,0,0,0,'VAT reduced rate',1,NULL,NULL);
INSERT INTO `llx_c_tva` VALUES (63,6,'',2.5,0,0,0,0,0,'VAT super-reduced rate',1,NULL,NULL);
INSERT INTO `llx_c_tva` VALUES (64,6,'',0,0,0,0,0,0,'VAT Rate 0',1,NULL,NULL);
INSERT INTO `llx_c_tva` VALUES (71,7,'',20,0,0,0,0,0,'VAT standard rate',1,NULL,NULL);
INSERT INTO `llx_c_tva` VALUES (72,7,'',17.5,0,0,0,0,0,'VAT standard rate before 2011',1,NULL,NULL);
INSERT INTO `llx_c_tva` VALUES (73,7,'',5,0,0,0,0,0,'VAT reduced rate',1,NULL,NULL);
INSERT INTO `llx_c_tva` VALUES (74,7,'',0,0,0,0,0,0,'VAT Rate 0',1,NULL,NULL);
INSERT INTO `llx_c_tva` VALUES (81,8,'',0,0,0,0,0,0,'VAT Rate 0',1,NULL,NULL);
INSERT INTO `llx_c_tva` VALUES (82,8,'',23,0,0,0,0,0,'VAT standard rate',1,NULL,NULL);
INSERT INTO `llx_c_tva` VALUES (83,8,'',13.5,0,0,0,0,0,'VAT reduced rate',1,NULL,NULL);
INSERT INTO `llx_c_tva` VALUES (84,8,'',9,0,0,0,0,0,'VAT reduced rate',1,NULL,NULL);
INSERT INTO `llx_c_tva` VALUES (85,8,'',4.8,0,0,0,0,0,'VAT reduced rate',1,NULL,NULL);
INSERT INTO `llx_c_tva` VALUES (91,9,'',17,0,0,0,0,0,'VAT standard rate',1,NULL,NULL);
INSERT INTO `llx_c_tva` VALUES (92,9,'',13,0,0,0,0,0,'VAT reduced rate 0',1,NULL,NULL);
INSERT INTO `llx_c_tva` VALUES (93,9,'',3,0,0,0,0,0,'VAT super reduced rate 0',1,NULL,NULL);
INSERT INTO `llx_c_tva` VALUES (94,9,'',0,0,0,0,0,0,'VAT Rate 0',1,NULL,NULL);
INSERT INTO `llx_c_tva` VALUES (101,10,'',6,1,4,0,0,0,'VAT 6%',1,NULL,NULL);
INSERT INTO `llx_c_tva` VALUES (102,10,'',12,1,4,0,0,0,'VAT 12%',1,NULL,NULL);
INSERT INTO `llx_c_tva` VALUES (103,10,'',18,1,4,0,0,0,'VAT 18%',1,NULL,NULL);
INSERT INTO `llx_c_tva` VALUES (104,10,'',7.5,1,4,0,0,0,'VAT 6% Majoré à 25% (7.5%)',1,NULL,NULL);
INSERT INTO `llx_c_tva` VALUES (105,10,'',15,1,4,0,0,0,'VAT 12% Majoré à 25% (15%)',1,NULL,NULL);
INSERT INTO `llx_c_tva` VALUES (106,10,'',22.5,1,4,0,0,0,'VAT 18% Majoré à 25% (22.5%)',1,NULL,NULL);
INSERT INTO `llx_c_tva` VALUES (107,10,'',0,1,4,0,0,0,'VAT Rate 0',1,NULL,NULL);
INSERT INTO `llx_c_tva` VALUES (111,11,'',0,0,0,0,0,0,'No Sales Tax',1,NULL,NULL);
INSERT INTO `llx_c_tva` VALUES (112,11,'',4,0,0,0,0,0,'Sales Tax 4%',1,NULL,NULL);
INSERT INTO `llx_c_tva` VALUES (113,11,'',6,0,0,0,0,0,'Sales Tax 6%',1,NULL,NULL);
INSERT INTO `llx_c_tva` VALUES (121,12,'',20,0,0,0,0,0,'VAT standard rate',1,NULL,NULL);
INSERT INTO `llx_c_tva` VALUES (122,12,'',14,0,0,0,0,0,'VAT reduced rate',1,NULL,NULL);
INSERT INTO `llx_c_tva` VALUES (123,12,'',10,0,0,0,0,0,'VAT reduced rate',1,NULL,NULL);
INSERT INTO `llx_c_tva` VALUES (124,12,'',7,0,0,0,0,0,'VAT super-reduced rate',1,NULL,NULL);
INSERT INTO `llx_c_tva` VALUES (125,12,'',0,0,0,0,0,0,'VAT Rate 0',1,NULL,NULL);
INSERT INTO `llx_c_tva` VALUES (141,14,'',7,0,0,0,0,0,'VAT standard rate',1,NULL,NULL);
INSERT INTO `llx_c_tva` VALUES (142,14,'',0,0,0,0,0,0,'VAT Rate 0',1,NULL,NULL);
INSERT INTO `llx_c_tva` VALUES (143,14,'',5,9.975,1,0,0,0,'GST/TPS and PST/TVQ rate for Province',1,NULL,NULL);
INSERT INTO `llx_c_tva` VALUES (171,17,'',19,0,0,0,0,0,'Algemeen BTW tarief',1,NULL,NULL);
INSERT INTO `llx_c_tva` VALUES (172,17,'',6,0,0,0,0,0,'Verlaagd BTW tarief',1,NULL,NULL);
INSERT INTO `llx_c_tva` VALUES (173,17,'',0,0,0,0,0,0,'0 BTW tarief',1,NULL,NULL);
INSERT INTO `llx_c_tva` VALUES (174,17,'',21,0,0,0,0,0,'Algemeen BTW tarief (vanaf 1 oktober 2012)',0,NULL,NULL);
INSERT INTO `llx_c_tva` VALUES (201,20,'',25,0,0,0,0,0,'VAT standard rate',1,NULL,NULL);
INSERT INTO `llx_c_tva` VALUES (202,20,'',12,0,0,0,0,0,'VAT reduced rate',1,NULL,NULL);
INSERT INTO `llx_c_tva` VALUES (203,20,'',6,0,0,0,0,0,'VAT super-reduced rate',1,NULL,NULL);
INSERT INTO `llx_c_tva` VALUES (204,20,'',0,0,0,0,0,0,'VAT Rate 0',1,NULL,NULL);
INSERT INTO `llx_c_tva` VALUES (211,21,'',0,0,0,0,0,0,'IVA Rate 0',1,NULL,NULL);
INSERT INTO `llx_c_tva` VALUES (212,21,'',18,7.5,2,0,0,0,'IVA standard rate',1,NULL,NULL);
INSERT INTO `llx_c_tva` VALUES (221,22,'',18,0,0,0,0,0,'VAT standard rate',1,NULL,NULL);
INSERT INTO `llx_c_tva` VALUES (222,22,'',10,0,0,0,0,0,'VAT reduced rate',1,NULL,NULL);
INSERT INTO `llx_c_tva` VALUES (223,22,'',0,0,0,0,0,0,'VAT Rate 0',1,NULL,NULL);
INSERT INTO `llx_c_tva` VALUES (231,23,'',21,0,0,0,0,0,'IVA standard rate',1,NULL,NULL);
INSERT INTO `llx_c_tva` VALUES (232,23,'',10.5,0,0,0,0,0,'IVA reduced rate',1,NULL,NULL);
INSERT INTO `llx_c_tva` VALUES (233,23,'',0,0,0,0,0,0,'IVA Rate 0',1,NULL,NULL);
INSERT INTO `llx_c_tva` VALUES (241,24,'',19.25,0,0,0,0,0,'VAT standard rate',1,NULL,NULL);
INSERT INTO `llx_c_tva` VALUES (242,24,'',0,0,0,0,0,0,'VAT Rate 0',1,NULL,NULL);
INSERT INTO `llx_c_tva` VALUES (251,25,'',23,0,0,0,0,0,'VAT standard rate',1,NULL,NULL);
INSERT INTO `llx_c_tva` VALUES (252,25,'',13,0,0,0,0,0,'VAT reduced rate',1,NULL,NULL);
INSERT INTO `llx_c_tva` VALUES (253,25,'',0,0,0,0,0,0,'VAT Rate 0',1,NULL,NULL);
INSERT INTO `llx_c_tva` VALUES (254,25,'',6,0,0,0,0,0,'VAT reduced rate',1,NULL,NULL);
INSERT INTO `llx_c_tva` VALUES (261,26,'',0,0,0,0,0,0,'VAT Rate 0',1,NULL,NULL);
INSERT INTO `llx_c_tva` VALUES (271,27,'',19.6,0,0,0,0,0,'VAT standard rate (France hors DOM-TOM)',1,NULL,NULL);
INSERT INTO `llx_c_tva` VALUES (272,27,'',8.5,0,0,0,0,0,'VAT standard rate (DOM sauf Guyane et Saint-Martin)',0,NULL,NULL);
INSERT INTO `llx_c_tva` VALUES (273,27,'',8.5,0,0,0,0,1,'VAT standard rate (DOM sauf Guyane et Saint-Martin), non perçu par le vendeur mais récupérable par acheteur',0,NULL,NULL);
INSERT INTO `llx_c_tva` VALUES (274,27,'',5.5,0,0,0,0,0,'VAT reduced rate (France hors DOM-TOM)',0,NULL,NULL);
INSERT INTO `llx_c_tva` VALUES (275,27,'',0,0,0,0,0,0,'VAT Rate 0 ou non applicable',1,NULL,NULL);
INSERT INTO `llx_c_tva` VALUES (276,27,'',2.1,0,0,0,0,0,'VAT super-reduced rate',1,NULL,NULL);
INSERT INTO `llx_c_tva` VALUES (277,27,'',7,0,0,0,0,0,'VAT reduced rate',1,NULL,NULL);
INSERT INTO `llx_c_tva` VALUES (281,28,'',10,0,0,0,0,0,'VAT standard rate',1,NULL,NULL);
INSERT INTO `llx_c_tva` VALUES (282,28,'',0,0,0,0,0,0,'VAT Rate 0',1,NULL,NULL);
INSERT INTO `llx_c_tva` VALUES (411,41,'',20,0,0,0,0,0,'VAT standard rate',1,NULL,NULL);
INSERT INTO `llx_c_tva` VALUES (412,41,'',10,0,0,0,0,0,'VAT reduced rate',1,NULL,NULL);
INSERT INTO `llx_c_tva` VALUES (413,41,'',0,0,0,0,0,0,'VAT Rate 0',1,NULL,NULL);
INSERT INTO `llx_c_tva` VALUES (461,46,'',0,0,0,0,0,0,'No VAT',1,NULL,NULL);
INSERT INTO `llx_c_tva` VALUES (462,46,'',15,0,0,0,0,0,'VAT 15%',1,NULL,NULL);
INSERT INTO `llx_c_tva` VALUES (463,46,'',7.5,0,0,0,0,0,'VAT 7.5%',1,NULL,NULL);
INSERT INTO `llx_c_tva` VALUES (561,56,'',0,0,0,0,0,0,'VAT reduced rate',1,NULL,NULL);
INSERT INTO `llx_c_tva` VALUES (591,59,'',20,0,0,0,0,0,'VAT standard rate',1,NULL,NULL);
INSERT INTO `llx_c_tva` VALUES (592,59,'',7,0,0,0,0,0,'VAT reduced rate',1,NULL,NULL);
INSERT INTO `llx_c_tva` VALUES (593,59,'',0,0,0,0,0,0,'VAT Rate 0',1,NULL,NULL);
INSERT INTO `llx_c_tva` VALUES (671,67,'',19,0,0,0,0,0,'VAT standard rate',1,NULL,NULL);
INSERT INTO `llx_c_tva` VALUES (672,67,'',0,0,0,0,0,0,'VAT Rate 0',1,NULL,NULL);
INSERT INTO `llx_c_tva` VALUES (801,80,'',25,0,0,0,0,0,'VAT standard rate',1,NULL,NULL);
INSERT INTO `llx_c_tva` VALUES (802,80,'',0,0,0,0,0,0,'VAT Rate 0',1,NULL,NULL);
INSERT INTO `llx_c_tva` VALUES (861,86,'',13,0,0,0,0,0,'IVA 13',1,NULL,NULL);
INSERT INTO `llx_c_tva` VALUES (862,86,'',0,0,0,0,0,0,'SIN IVA',1,NULL,NULL);
INSERT INTO `llx_c_tva` VALUES (1141,114,'',0,0,0,0,0,0,'No ISV',1,NULL,NULL);
INSERT INTO `llx_c_tva` VALUES (1142,114,'',12,0,0,0,0,0,'ISV 12%',1,NULL,NULL);
INSERT INTO `llx_c_tva` VALUES (1161,116,'',25.5,0,0,0,0,0,'VAT standard rate',1,NULL,NULL);
INSERT INTO `llx_c_tva` VALUES (1162,116,'',7,0,0,0,0,0,'VAT reduced rate',1,NULL,NULL);
INSERT INTO `llx_c_tva` VALUES (1163,116,'',0,0,0,0,0,0,'VAT rate 0',1,NULL,NULL);
INSERT INTO `llx_c_tva` VALUES (1171,117,'',12.5,0,0,0,0,0,'VAT standard rate',1,NULL,NULL);
INSERT INTO `llx_c_tva` VALUES (1172,117,'',4,0,0,0,0,0,'VAT reduced rate',1,NULL,NULL);
INSERT INTO `llx_c_tva` VALUES (1173,117,'',1,0,0,0,0,0,'VAT super-reduced rate',1,NULL,NULL);
INSERT INTO `llx_c_tva` VALUES (1174,117,'',0,0,0,0,0,0,'VAT Rate 0',1,NULL,NULL);
INSERT INTO `llx_c_tva` VALUES (1231,123,'',0,0,0,0,0,0,'VAT Rate 0',1,NULL,NULL);
INSERT INTO `llx_c_tva` VALUES (1232,123,'',5,0,0,0,0,0,'VAT Rate 5',1,NULL,NULL);
INSERT INTO `llx_c_tva` VALUES (1401,140,'',15,0,0,0,0,0,'VAT standard rate',1,NULL,NULL);
INSERT INTO `llx_c_tva` VALUES (1402,140,'',12,0,0,0,0,0,'VAT reduced rate',1,NULL,NULL);
INSERT INTO `llx_c_tva` VALUES (1403,140,'',6,0,0,0,0,0,'VAT reduced rate',1,NULL,NULL);
INSERT INTO `llx_c_tva` VALUES (1404,140,'',3,0,0,0,0,0,'VAT super-reduced rate',1,NULL,NULL);
INSERT INTO `llx_c_tva` VALUES (1405,140,'',0,0,0,0,0,0,'VAT Rate 0',1,NULL,NULL);
INSERT INTO `llx_c_tva` VALUES (1481,148,'',18,0,0,0,0,0,'VAT standard rate',1,NULL,NULL);
INSERT INTO `llx_c_tva` VALUES (1482,148,'',7,0,0,0,0,0,'VAT reduced rate',1,NULL,NULL);
INSERT INTO `llx_c_tva` VALUES (1483,148,'',5,0,0,0,0,0,'VAT super-reduced rate',1,NULL,NULL);
INSERT INTO `llx_c_tva` VALUES (1484,148,'',0,0,0,0,0,0,'VAT Rate 0',1,NULL,NULL);
INSERT INTO `llx_c_tva` VALUES (1511,151,'',0,0,0,0,0,0,'VAT Rate 0',1,NULL,NULL);
INSERT INTO `llx_c_tva` VALUES (1512,151,'',14,0,0,0,0,0,'VAT Rate 14',1,NULL,NULL);
INSERT INTO `llx_c_tva` VALUES (1521,152,'',0,0,0,0,0,0,'VAT Rate 0',1,NULL,NULL);
INSERT INTO `llx_c_tva` VALUES (1522,152,'',15,0,0,0,0,0,'VAT Rate 15',1,NULL,NULL);
INSERT INTO `llx_c_tva` VALUES (1541,154,'',0,0,0,0,0,0,'No VAT',1,NULL,NULL);
INSERT INTO `llx_c_tva` VALUES (1542,154,'',16,0,0,0,0,0,'VAT 16%',1,NULL,NULL);
INSERT INTO `llx_c_tva` VALUES (1543,154,'',10,0,0,0,0,0,'VAT Frontero',1,NULL,NULL);
INSERT INTO `llx_c_tva` VALUES (1662,166,'',15,0,0,0,0,0,'VAT standard rate',1,NULL,NULL);
INSERT INTO `llx_c_tva` VALUES (1663,166,'',0,0,0,0,0,0,'VAT Rate 0',1,NULL,NULL);
INSERT INTO `llx_c_tva` VALUES (1692,169,'',5,0,0,0,0,0,'VAT standard rate',1,NULL,NULL);
INSERT INTO `llx_c_tva` VALUES (1693,169,'',0,0,0,0,0,0,'VAT Rate 0',1,NULL,NULL);
INSERT INTO `llx_c_tva` VALUES (1731,173,'',25,0,0,0,0,0,'VAT standard rate',1,NULL,NULL);
INSERT INTO `llx_c_tva` VALUES (1732,173,'',14,0,0,0,0,0,'VAT reduced rate',1,NULL,NULL);
INSERT INTO `llx_c_tva` VALUES (1733,173,'',8,0,0,0,0,0,'VAT reduced rate',1,NULL,NULL);
INSERT INTO `llx_c_tva` VALUES (1734,173,'',0,0,0,0,0,0,'VAT Rate 0',1,NULL,NULL);
INSERT INTO `llx_c_tva` VALUES (1811,181,'',18,0,0,0,0,0,'VAT standard rate',1,NULL,NULL);
INSERT INTO `llx_c_tva` VALUES (1812,181,'',0,0,0,0,0,0,'VAT Rate 0',1,NULL,NULL);
INSERT INTO `llx_c_tva` VALUES (1841,184,'',23,0,0,0,0,0,'VAT standard rate',1,NULL,NULL);
INSERT INTO `llx_c_tva` VALUES (1842,184,'',8,0,0,0,0,0,'VAT reduced rate',1,NULL,NULL);
INSERT INTO `llx_c_tva` VALUES (1843,184,'',3,0,0,0,0,0,'VAT reduced rate',1,NULL,NULL);
INSERT INTO `llx_c_tva` VALUES (1844,184,'',0,0,0,0,0,0,'VAT Rate 0',1,NULL,NULL);
INSERT INTO `llx_c_tva` VALUES (1881,188,'',20,0,0,0,0,0,'VAT standard rate',1,NULL,NULL);
INSERT INTO `llx_c_tva` VALUES (1882,188,'',9,0,0,0,0,0,'VAT reduced rate',1,NULL,NULL);
INSERT INTO `llx_c_tva` VALUES (1883,188,'',0,0,0,0,0,0,'VAT Rate 0',1,NULL,NULL);
INSERT INTO `llx_c_tva` VALUES (1884,188,'',5,0,0,0,0,0,'VAT reduced rate',1,NULL,NULL);
INSERT INTO `llx_c_tva` VALUES (1931,193,'',0,0,0,0,0,0,'No VAT in SPM',1,NULL,NULL);
INSERT INTO `llx_c_tva` VALUES (2011,201,'',19,0,0,0,0,0,'VAT standard rate',1,NULL,NULL);
INSERT INTO `llx_c_tva` VALUES (2012,201,'',10,0,0,0,0,0,'VAT reduced rate',1,NULL,NULL);
INSERT INTO `llx_c_tva` VALUES (2013,201,'',0,0,0,0,0,0,'VAT Rate 0',1,NULL,NULL);
INSERT INTO `llx_c_tva` VALUES (2021,202,'',22,0,0,0,0,0,'VAT standard rate',1,NULL,NULL);
INSERT INTO `llx_c_tva` VALUES (2022,202,'',9.5,0,0,0,0,0,'VAT reduced rate',1,NULL,NULL);
INSERT INTO `llx_c_tva` VALUES (2023,202,'',0,0,0,0,0,0,'VAT Rate 0',1,NULL,NULL);
INSERT INTO `llx_c_tva` VALUES (2051,205,'',0,0,0,0,0,0,'No VAT',1,NULL,NULL);
INSERT INTO `llx_c_tva` VALUES (2052,205,'',14,0,0,0,0,0,'VAT 14%',1,NULL,NULL);
INSERT INTO `llx_c_tva` VALUES (2131,213,'',5,0,0,0,0,0,'VAT 5%',1,NULL,NULL);
INSERT INTO `llx_c_tva` VALUES (2261,226,'',20,0,0,0,0,0,'VAT standart rate',1,NULL,NULL);
INSERT INTO `llx_c_tva` VALUES (2262,226,'',0,0,0,0,0,0,'VAT Rate 0',1,NULL,NULL);
INSERT INTO `llx_c_tva` VALUES (2321,232,'',0,0,0,0,0,0,'No VAT',1,NULL,NULL);
INSERT INTO `llx_c_tva` VALUES (2322,232,'',12,0,0,0,0,0,'VAT 12%',1,NULL,NULL);
INSERT INTO `llx_c_tva` VALUES (2323,232,'',8,0,0,0,0,0,'VAT 8%',1,NULL,NULL);
INSERT INTO `llx_c_tva` VALUES (2461,246,'',0,0,0,0,0,0,'VAT Rate 0',1,NULL,NULL);
INSERT INTO `llx_c_tva` VALUES (2462,102,'',24,0,0,0,0,0,'????????? ?.?.?.',1,NULL,NULL);
INSERT INTO `llx_c_tva` VALUES (2463,102,'',0,0,0,0,0,0,'???????? ?.?.?.',1,NULL,NULL);
INSERT INTO `llx_c_tva` VALUES (2464,102,'',13,0,0,0,0,0,'????????? ?.?.?.',1,NULL,NULL);
INSERT INTO `llx_c_tva` VALUES (2465,102,'',6.5,0,0,0,0,0,'????????????? ?.?.?.',1,NULL,NULL);
INSERT INTO `llx_c_tva` VALUES (2466,102,'',16,0,0,0,0,0,'????? ????????? ?.?.?.',1,NULL,NULL);
INSERT INTO `llx_c_tva` VALUES (2467,102,'',9,0,0,0,0,0,'????? ????????? ?.?.?.',1,NULL,NULL);
INSERT INTO `llx_c_tva` VALUES (2468,102,'',5,0,0,0,0,0,'????? ????????????? ?.?.?.',1,NULL,NULL);
ALTER TABLE `llx_c_tva` ENABLE KEYS;
UNLOCK TABLES;




--
-- Table structure for table `llx_c_type_contact`
--
DROP TABLE IF EXISTS `llx_c_type_contact`;
CREATE TABLE `llx_c_type_contact` (
  `rowid` int(11) NOT NULL,
  `element` varchar(30) COLLATE latin1_general_ci NOT NULL,
  `source` varchar(8) COLLATE latin1_general_ci NOT NULL DEFAULT 'external',
  `code` varchar(32) COLLATE latin1_general_ci NOT NULL,
  `libelle` varchar(64) COLLATE latin1_general_ci NOT NULL,
  `active` tinyint(4) NOT NULL DEFAULT '1',
  `module` varchar(32) COLLATE latin1_general_ci DEFAULT NULL,
  PRIMARY KEY (`rowid`),
  UNIQUE KEY `uk_c_type_contact_id` (`element`,`source`,`code`)
) ENGINE=InnoDB DEFAULT CHARSET=latin1 COLLATE=latin1_general_ci;

--
-- Dumping data for table `llx_c_type_contact`
--
LOCK TABLES `llx_c_type_contact` WRITE;
ALTER TABLE `llx_c_type_contact` DISABLE KEYS;
INSERT INTO `llx_c_type_contact` VALUES (10,'contrat','internal','SALESREPSIGN','Commercial signataire du contrat',1,NULL);
INSERT INTO `llx_c_type_contact` VALUES (11,'contrat','internal','SALESREPFOLL','Commercial suivi du contrat',1,NULL);
INSERT INTO `llx_c_type_contact` VALUES (20,'contrat','external','BILLING','Contact client facturation contrat',1,NULL);
INSERT INTO `llx_c_type_contact` VALUES (21,'contrat','external','CUSTOMER','Contact client suivi contrat',1,NULL);
INSERT INTO `llx_c_type_contact` VALUES (22,'contrat','external','SALESREPSIGN','Contact client signataire contrat',1,NULL);
INSERT INTO `llx_c_type_contact` VALUES (31,'propal','internal','SALESREPFOLL','Commercial à l\'origine de la propale',1,NULL);
INSERT INTO `llx_c_type_contact` VALUES (40,'propal','external','BILLING','Contact client facturation propale',1,NULL);
INSERT INTO `llx_c_type_contact` VALUES (41,'propal','external','CUSTOMER','Contact client suivi propale',1,NULL);
INSERT INTO `llx_c_type_contact` VALUES (50,'facture','internal','SALESREPFOLL','Responsable suivi du paiement',1,NULL);
INSERT INTO `llx_c_type_contact` VALUES (60,'facture','external','BILLING','Contact client facturation',1,NULL);
INSERT INTO `llx_c_type_contact` VALUES (61,'facture','external','SHIPPING','Contact client livraison',1,NULL);
INSERT INTO `llx_c_type_contact` VALUES (62,'facture','external','SERVICE','Contact client prestation',1,NULL);
INSERT INTO `llx_c_type_contact` VALUES (70,'invoice_supplier','internal','SALESREPFOLL','Responsable suivi du paiement',1,NULL);
INSERT INTO `llx_c_type_contact` VALUES (71,'invoice_supplier','external','BILLING','Contact fournisseur facturation',1,NULL);
INSERT INTO `llx_c_type_contact` VALUES (72,'invoice_supplier','external','SHIPPING','Contact fournisseur livraison',1,NULL);
INSERT INTO `llx_c_type_contact` VALUES (73,'invoice_supplier','external','SERVICE','Contact fournisseur prestation',1,NULL);
INSERT INTO `llx_c_type_contact` VALUES (80,'agenda','internal','ACTOR','Responsable',1,NULL);
INSERT INTO `llx_c_type_contact` VALUES (81,'agenda','internal','GUEST','Guest',1,NULL);
INSERT INTO `llx_c_type_contact` VALUES (85,'agenda','external','ACTOR','Responsable',1,NULL);
INSERT INTO `llx_c_type_contact` VALUES (86,'agenda','external','GUEST','Guest',1,NULL);
INSERT INTO `llx_c_type_contact` VALUES (91,'commande','internal','SALESREPFOLL','Responsable suivi de la commande',1,NULL);
INSERT INTO `llx_c_type_contact` VALUES (100,'commande','external','BILLING','Contact client facturation commande',1,NULL);
INSERT INTO `llx_c_type_contact` VALUES (101,'commande','external','CUSTOMER','Contact client suivi commande',1,NULL);
INSERT INTO `llx_c_type_contact` VALUES (102,'commande','external','SHIPPING','Contact client livraison commande',1,NULL);
INSERT INTO `llx_c_type_contact` VALUES (120,'fichinter','internal','INTERREPFOLL','Responsable suivi de l\'intervention',1,NULL);
INSERT INTO `llx_c_type_contact` VALUES (121,'fichinter','internal','INTERVENING','Intervenant',1,NULL);
INSERT INTO `llx_c_type_contact` VALUES (130,'fichinter','external','BILLING','Contact client facturation intervention',1,NULL);
INSERT INTO `llx_c_type_contact` VALUES (131,'fichinter','external','CUSTOMER','Contact client suivi de l\'intervention',1,NULL);
INSERT INTO `llx_c_type_contact` VALUES (140,'order_supplier','internal','SALESREPFOLL','Responsable suivi de la commande',1,NULL);
INSERT INTO `llx_c_type_contact` VALUES (141,'order_supplier','internal','SHIPPING','Responsable réception de la commande',1,NULL);
INSERT INTO `llx_c_type_contact` VALUES (142,'order_supplier','external','BILLING','Contact fournisseur facturation commande',1,NULL);
INSERT INTO `llx_c_type_contact` VALUES (143,'order_supplier','external','CUSTOMER','Contact fournisseur suivi commande',1,NULL);
INSERT INTO `llx_c_type_contact` VALUES (145,'order_supplier','external','SHIPPING','Contact fournisseur livraison commande',1,NULL);
INSERT INTO `llx_c_type_contact` VALUES (160,'project','internal','PROJECTLEADER','Chef de Projet',1,NULL);
INSERT INTO `llx_c_type_contact` VALUES (161,'project','internal','PROJECTCONTRIBUTOR','Intervenant',1,NULL);
INSERT INTO `llx_c_type_contact` VALUES (170,'project','external','PROJECTLEADER','Chef de Projet',1,NULL);
INSERT INTO `llx_c_type_contact` VALUES (171,'project','external','PROJECTCONTRIBUTOR','Intervenant',1,NULL);
INSERT INTO `llx_c_type_contact` VALUES (180,'project_task','internal','TASKEXECUTIVE','Responsable',1,NULL);
INSERT INTO `llx_c_type_contact` VALUES (181,'project_task','internal','TASKCONTRIBUTOR','Intervenant',1,NULL);
INSERT INTO `llx_c_type_contact` VALUES (190,'project_task','external','TASKEXECUTIVE','Responsable',1,NULL);
INSERT INTO `llx_c_type_contact` VALUES (191,'project_task','external','TASKCONTRIBUTOR','Intervenant',1,NULL);
ALTER TABLE `llx_c_type_contact` ENABLE KEYS;
UNLOCK TABLES;




--
-- Table structure for table `llx_c_type_fees`
--
DROP TABLE IF EXISTS `llx_c_type_fees`;
CREATE TABLE `llx_c_type_fees` (
  `id` int(11) NOT NULL AUTO_INCREMENT,
  `code` varchar(12) COLLATE latin1_general_ci NOT NULL,
  `label` varchar(30) COLLATE latin1_general_ci DEFAULT NULL,
  `accountancy_code` varchar(32) COLLATE latin1_general_ci DEFAULT NULL,
  `active` tinyint(4) NOT NULL DEFAULT '1',
  `module` varchar(32) COLLATE latin1_general_ci DEFAULT NULL,
  `position` int(11) NOT NULL DEFAULT '0',
  PRIMARY KEY (`id`),
  UNIQUE KEY `uk_c_type_fees` (`code`)
) ENGINE=InnoDB AUTO_INCREMENT=4 DEFAULT CHARSET=latin1 COLLATE=latin1_general_ci;

--
-- Dumping data for table `llx_c_type_fees`
--
LOCK TABLES `llx_c_type_fees` WRITE;
ALTER TABLE `llx_c_type_fees` DISABLE KEYS;
INSERT INTO `llx_c_type_fees` VALUES (1,'TF_OTHER','Other',NULL,1,NULL,0);
INSERT INTO `llx_c_type_fees` VALUES (2,'TF_TRIP','Transportation',NULL,1,NULL,0);
INSERT INTO `llx_c_type_fees` VALUES (3,'TF_LUNCH','Lunch',NULL,1,NULL,0);
ALTER TABLE `llx_c_type_fees` ENABLE KEYS;
UNLOCK TABLES;




--
-- Table structure for table `llx_c_type_resource`
--
DROP TABLE IF EXISTS `llx_c_type_resource`;
CREATE TABLE `llx_c_type_resource` (
  `rowid` int(11) NOT NULL AUTO_INCREMENT,
  `code` varchar(32) COLLATE latin1_general_ci NOT NULL,
  `label` varchar(64) COLLATE latin1_general_ci NOT NULL,
  `active` tinyint(4) NOT NULL DEFAULT '1',
  PRIMARY KEY (`rowid`),
  UNIQUE KEY `uk_c_type_resource_id` (`label`,`code`)
) ENGINE=InnoDB DEFAULT CHARSET=latin1 COLLATE=latin1_general_ci;

--
-- Dumping data for table `llx_c_type_resource`
--
LOCK TABLES `llx_c_type_resource` WRITE;
ALTER TABLE `llx_c_type_resource` DISABLE KEYS;
ALTER TABLE `llx_c_type_resource` ENABLE KEYS;
UNLOCK TABLES;




--
-- Table structure for table `llx_c_typent`
--
DROP TABLE IF EXISTS `llx_c_typent`;
CREATE TABLE `llx_c_typent` (
  `id` int(11) NOT NULL,
  `code` varchar(12) COLLATE latin1_general_ci NOT NULL,
  `libelle` varchar(30) COLLATE latin1_general_ci DEFAULT NULL,
  `fk_country` int(11) DEFAULT NULL,
  `active` tinyint(4) NOT NULL DEFAULT '1',
  `module` varchar(32) COLLATE latin1_general_ci DEFAULT NULL,
  `position` int(11) NOT NULL DEFAULT '0',
  PRIMARY KEY (`id`),
  UNIQUE KEY `uk_c_typent` (`code`)
) ENGINE=InnoDB DEFAULT CHARSET=latin1 COLLATE=latin1_general_ci;

--
-- Dumping data for table `llx_c_typent`
--
LOCK TABLES `llx_c_typent` WRITE;
ALTER TABLE `llx_c_typent` DISABLE KEYS;
INSERT INTO `llx_c_typent` VALUES (0,'TE_UNKNOWN','-',NULL,1,NULL,0);
INSERT INTO `llx_c_typent` VALUES (1,'TE_STARTUP','Start-up',NULL,0,NULL,0);
INSERT INTO `llx_c_typent` VALUES (2,'TE_GROUP','Grand groupe',NULL,1,NULL,0);
INSERT INTO `llx_c_typent` VALUES (3,'TE_MEDIUM','PME/PMI',NULL,1,NULL,0);
INSERT INTO `llx_c_typent` VALUES (4,'TE_SMALL','TPE',NULL,1,NULL,0);
INSERT INTO `llx_c_typent` VALUES (5,'TE_ADMIN','Administration',NULL,1,NULL,0);
INSERT INTO `llx_c_typent` VALUES (6,'TE_WHOLE','Grossiste',NULL,0,NULL,0);
INSERT INTO `llx_c_typent` VALUES (7,'TE_RETAIL','Revendeur',NULL,0,NULL,0);
INSERT INTO `llx_c_typent` VALUES (8,'TE_PRIVATE','Particulier',NULL,1,NULL,0);
INSERT INTO `llx_c_typent` VALUES (100,'TE_OTHER','Autres',NULL,1,NULL,0);
INSERT INTO `llx_c_typent` VALUES (231,'TE_A_RI','Responsable Inscripto',23,0,NULL,0);
INSERT INTO `llx_c_typent` VALUES (232,'TE_B_RNI','Responsable No Inscripto',23,0,NULL,0);
INSERT INTO `llx_c_typent` VALUES (233,'TE_C_FE','Consumidor Final/Exento',23,0,NULL,0);
ALTER TABLE `llx_c_typent` ENABLE KEYS;
UNLOCK TABLES;




--
-- Table structure for table `llx_c_units`
--
DROP TABLE IF EXISTS `llx_c_units`;
CREATE TABLE `llx_c_units` (
  `rowid` int(11) NOT NULL AUTO_INCREMENT,
  `code` varchar(3) COLLATE latin1_general_ci DEFAULT NULL,
  `label` varchar(50) COLLATE latin1_general_ci DEFAULT NULL,
  `short_label` varchar(5) COLLATE latin1_general_ci DEFAULT NULL,
  `active` tinyint(4) NOT NULL DEFAULT '1',
  PRIMARY KEY (`rowid`),
  UNIQUE KEY `uk_c_units_code` (`code`)
) ENGINE=InnoDB AUTO_INCREMENT=13 DEFAULT CHARSET=latin1 COLLATE=latin1_general_ci;

--
-- Dumping data for table `llx_c_units`
--
LOCK TABLES `llx_c_units` WRITE;
ALTER TABLE `llx_c_units` DISABLE KEYS;
INSERT INTO `llx_c_units` VALUES (1,'P','piece','p',1);
INSERT INTO `llx_c_units` VALUES (2,'SET','set','se',1);
INSERT INTO `llx_c_units` VALUES (3,'S','second','s',1);
INSERT INTO `llx_c_units` VALUES (4,'H','hour','h',1);
INSERT INTO `llx_c_units` VALUES (5,'D','day','d',1);
INSERT INTO `llx_c_units` VALUES (6,'KG','kilogram','kg',1);
INSERT INTO `llx_c_units` VALUES (7,'G','gram','g',1);
INSERT INTO `llx_c_units` VALUES (8,'M','meter','m',1);
INSERT INTO `llx_c_units` VALUES (9,'LM','linear meter','lm',1);
INSERT INTO `llx_c_units` VALUES (10,'M2','square meter','m2',1);
INSERT INTO `llx_c_units` VALUES (11,'M3','cubic meter','m3',1);
INSERT INTO `llx_c_units` VALUES (12,'L','liter','l',1);
ALTER TABLE `llx_c_units` ENABLE KEYS;
UNLOCK TABLES;




--
-- Table structure for table `llx_c_ziptown`
--
DROP TABLE IF EXISTS `llx_c_ziptown`;
CREATE TABLE `llx_c_ziptown` (
  `rowid` int(11) NOT NULL AUTO_INCREMENT,
  `code` varchar(5) COLLATE latin1_general_ci DEFAULT NULL,
  `fk_county` int(11) DEFAULT NULL,
  `fk_pays` int(11) NOT NULL DEFAULT '0',
  `zip` varchar(10) COLLATE latin1_general_ci NOT NULL,
  `town` varchar(255) COLLATE latin1_general_ci NOT NULL,
  `active` tinyint(4) NOT NULL DEFAULT '1',
  PRIMARY KEY (`rowid`),
  UNIQUE KEY `uk_ziptown_fk_pays` (`zip`,`town`,`fk_pays`),
  KEY `idx_c_ziptown_fk_county` (`fk_county`),
  KEY `idx_c_ziptown_fk_pays` (`fk_pays`),
  KEY `idx_c_ziptown_zip` (`zip`),
  CONSTRAINT `fk_c_ziptown_fk_county` FOREIGN KEY (`fk_county`) REFERENCES `llx_c_departements` (`rowid`),
  CONSTRAINT `fk_c_ziptown_fk_pays` FOREIGN KEY (`fk_pays`) REFERENCES `llx_c_country` (`rowid`)
) ENGINE=InnoDB DEFAULT CHARSET=latin1 COLLATE=latin1_general_ci;

--
-- Dumping data for table `llx_c_ziptown`
--
LOCK TABLES `llx_c_ziptown` WRITE;
ALTER TABLE `llx_c_ziptown` DISABLE KEYS;
ALTER TABLE `llx_c_ziptown` ENABLE KEYS;
UNLOCK TABLES;




--
-- Table structure for table `llx_categorie`
--
DROP TABLE IF EXISTS `llx_categorie`;
CREATE TABLE `llx_categorie` (
  `rowid` int(11) NOT NULL AUTO_INCREMENT,
  `entity` int(11) NOT NULL DEFAULT '1',
  `fk_parent` int(11) NOT NULL DEFAULT '0',
  `label` varchar(255) COLLATE latin1_general_ci NOT NULL,
  `type` tinyint(4) NOT NULL DEFAULT '1',
  `description` text COLLATE latin1_general_ci,
  `color` varchar(8) COLLATE latin1_general_ci DEFAULT NULL,
  `fk_soc` int(11) DEFAULT NULL,
  `visible` tinyint(4) NOT NULL DEFAULT '1',
  `import_key` varchar(14) COLLATE latin1_general_ci DEFAULT NULL,
  PRIMARY KEY (`rowid`),
  UNIQUE KEY `uk_categorie_ref` (`entity`,`fk_parent`,`label`,`type`),
  KEY `idx_categorie_type` (`type`),
  KEY `idx_categorie_label` (`label`)
) ENGINE=InnoDB AUTO_INCREMENT=34 DEFAULT CHARSET=latin1 COLLATE=latin1_general_ci;

--
-- Dumping data for table `llx_categorie`
--
LOCK TABLES `llx_categorie` WRITE;
ALTER TABLE `llx_categorie` DISABLE KEYS;
INSERT INTO `llx_categorie` VALUES (2,1,0,'02_Agriculteur',2,'','',NULL,0,NULL);
INSERT INTO `llx_categorie` VALUES (4,1,0,'Coopérative',2,'','',NULL,0,NULL);
INSERT INTO `llx_categorie` VALUES (6,1,0,'01-Partenaire',2,'','5656ff',NULL,0,NULL);
INSERT INTO `llx_categorie` VALUES (7,1,0,'Fédération',2,'','',NULL,0,NULL);
INSERT INTO `llx_categorie` VALUES (8,1,0,'Syndicat professionnel',2,'','',NULL,0,NULL);
INSERT INTO `llx_categorie` VALUES (9,1,0,'Ecole',2,'','',NULL,0,NULL);
INSERT INTO `llx_categorie` VALUES (10,1,0,'Matériel interne',1,'Fournisseur de mat&eacute;riel interne &agrave; la soci&eacute;t&eacute;','',NULL,0,NULL);
INSERT INTO `llx_categorie` VALUES (11,1,0,'Energie',1,'Fournisseur d&#39;&eacute;nergie','',NULL,0,NULL);
INSERT INTO `llx_categorie` VALUES (12,1,0,'Prestataire interne',1,'Prestataire interne &agrave; la soci&eacute;t&eacute; (banque, assurance, comptable, etc)','',NULL,0,NULL);
INSERT INTO `llx_categorie` VALUES (14,1,0,'Jounaliste',2,'','',NULL,0,NULL);
INSERT INTO `llx_categorie` VALUES (15,1,14,'Presse agricole',2,'','',NULL,0,NULL);
INSERT INTO `llx_categorie` VALUES (16,1,14,'Presse local',2,'','',NULL,0,NULL);
INSERT INTO `llx_categorie` VALUES (17,1,0,'Constructeur agro-machinisme',2,'','',NULL,0,NULL);
INSERT INTO `llx_categorie` VALUES (18,1,0,'Constructeur unité de métha',2,'','',NULL,0,NULL);
INSERT INTO `llx_categorie` VALUES (19,1,0,'Institution politique',2,'','',NULL,0,NULL);
INSERT INTO `llx_categorie` VALUES (20,1,0,'Ingénérie',1,'','',NULL,0,NULL);
INSERT INTO `llx_categorie` VALUES (21,1,0,'Chambre d\'agriculture',2,'','',NULL,0,NULL);
INSERT INTO `llx_categorie` VALUES (23,1,2,'Producteur de pommes de terre',2,'Producteur de pommes de terre','',NULL,0,NULL);
INSERT INTO `llx_categorie` VALUES (24,1,23,'Irrigation',2,'','',NULL,0,NULL);
INSERT INTO `llx_categorie` VALUES (25,1,23,'Frigo',2,'','',NULL,0,NULL);
INSERT INTO `llx_categorie` VALUES (26,1,2,'Eleveur',2,'','',NULL,0,NULL);
INSERT INTO `llx_categorie` VALUES (27,1,26,'Porcin',2,'','',NULL,0,NULL);
INSERT INTO `llx_categorie` VALUES (28,1,26,'Vache Laitière',2,'','',NULL,0,NULL);
INSERT INTO `llx_categorie` VALUES (29,1,0,'03_Contrat d\'électricité',2,'Type de contrat','',NULL,0,NULL);
INSERT INTO `llx_categorie` VALUES (30,1,29,'Compteur Bleu',2,'Poss&egrave;de un compteur bleu','',NULL,0,NULL);
INSERT INTO `llx_categorie` VALUES (31,1,29,'Compteur Jaune',2,'Poss&egrave;de un compteur jaune','',NULL,0,NULL);
INSERT INTO `llx_categorie` VALUES (32,1,29,'Compteur Vert',2,'Poss&egrave;de un compteur vert','',NULL,0,NULL);
INSERT INTO `llx_categorie` VALUES (33,1,26,'Volailles',2,'Eleveur de volailles','',NULL,0,NULL);
ALTER TABLE `llx_categorie` ENABLE KEYS;
UNLOCK TABLES;




--
-- Table structure for table `llx_categorie_contact`
--
DROP TABLE IF EXISTS `llx_categorie_contact`;
CREATE TABLE `llx_categorie_contact` (
  `fk_categorie` int(11) NOT NULL,
  `fk_socpeople` int(11) NOT NULL,
  `import_key` varchar(14) COLLATE latin1_general_ci DEFAULT NULL,
  PRIMARY KEY (`fk_categorie`,`fk_socpeople`),
  KEY `idx_categorie_contact_fk_categorie` (`fk_categorie`),
  KEY `idx_categorie_contact_fk_socpeople` (`fk_socpeople`),
  CONSTRAINT `fk_categorie_contact_categorie_rowid` FOREIGN KEY (`fk_categorie`) REFERENCES `llx_categorie` (`rowid`),
  CONSTRAINT `fk_categorie_contact_fk_socpeople` FOREIGN KEY (`fk_socpeople`) REFERENCES `llx_socpeople` (`rowid`)
) ENGINE=InnoDB DEFAULT CHARSET=latin1 COLLATE=latin1_general_ci;

--
-- Dumping data for table `llx_categorie_contact`
--
LOCK TABLES `llx_categorie_contact` WRITE;
ALTER TABLE `llx_categorie_contact` DISABLE KEYS;
ALTER TABLE `llx_categorie_contact` ENABLE KEYS;
UNLOCK TABLES;




--
-- Table structure for table `llx_categorie_fournisseur`
--
DROP TABLE IF EXISTS `llx_categorie_fournisseur`;
CREATE TABLE `llx_categorie_fournisseur` (
  `fk_categorie` int(11) NOT NULL,
  `fk_soc` int(11) NOT NULL,
  `import_key` varchar(14) COLLATE latin1_general_ci DEFAULT NULL,
  PRIMARY KEY (`fk_categorie`,`fk_soc`),
  KEY `idx_categorie_fournisseur_fk_categorie` (`fk_categorie`),
  KEY `idx_categorie_fournisseur_fk_societe` (`fk_soc`),
  CONSTRAINT `fk_categorie_fournisseur_categorie_rowid` FOREIGN KEY (`fk_categorie`) REFERENCES `llx_categorie` (`rowid`),
  CONSTRAINT `fk_categorie_fournisseur_fk_soc` FOREIGN KEY (`fk_soc`) REFERENCES `llx_societe` (`rowid`)
) ENGINE=InnoDB DEFAULT CHARSET=latin1 COLLATE=latin1_general_ci;

--
-- Dumping data for table `llx_categorie_fournisseur`
--
LOCK TABLES `llx_categorie_fournisseur` WRITE;
ALTER TABLE `llx_categorie_fournisseur` DISABLE KEYS;
INSERT INTO `llx_categorie_fournisseur` VALUES (10,36,NULL);
INSERT INTO `llx_categorie_fournisseur` VALUES (10,46,NULL);
INSERT INTO `llx_categorie_fournisseur` VALUES (10,122,NULL);
INSERT INTO `llx_categorie_fournisseur` VALUES (11,5,NULL);
INSERT INTO `llx_categorie_fournisseur` VALUES (11,6,NULL);
INSERT INTO `llx_categorie_fournisseur` VALUES (11,7,NULL);
INSERT INTO `llx_categorie_fournisseur` VALUES (11,8,NULL);
INSERT INTO `llx_categorie_fournisseur` VALUES (11,32,NULL);
INSERT INTO `llx_categorie_fournisseur` VALUES (11,37,NULL);
INSERT INTO `llx_categorie_fournisseur` VALUES (11,83,NULL);
INSERT INTO `llx_categorie_fournisseur` VALUES (12,22,NULL);
INSERT INTO `llx_categorie_fournisseur` VALUES (12,23,NULL);
INSERT INTO `llx_categorie_fournisseur` VALUES (12,24,NULL);
INSERT INTO `llx_categorie_fournisseur` VALUES (20,86,NULL);
ALTER TABLE `llx_categorie_fournisseur` ENABLE KEYS;
UNLOCK TABLES;




--
-- Table structure for table `llx_categorie_lang`
--
DROP TABLE IF EXISTS `llx_categorie_lang`;
CREATE TABLE `llx_categorie_lang` (
  `rowid` int(11) NOT NULL AUTO_INCREMENT,
  `fk_category` int(11) NOT NULL DEFAULT '0',
  `lang` varchar(5) COLLATE latin1_general_ci NOT NULL DEFAULT '0',
  `label` varchar(255) COLLATE latin1_general_ci NOT NULL,
  `description` text COLLATE latin1_general_ci,
  PRIMARY KEY (`rowid`),
  UNIQUE KEY `uk_category_lang` (`fk_category`,`lang`),
  CONSTRAINT `fk_category_lang_fk_category` FOREIGN KEY (`fk_category`) REFERENCES `llx_categorie` (`rowid`)
) ENGINE=InnoDB DEFAULT CHARSET=latin1 COLLATE=latin1_general_ci;

--
-- Dumping data for table `llx_categorie_lang`
--
LOCK TABLES `llx_categorie_lang` WRITE;
ALTER TABLE `llx_categorie_lang` DISABLE KEYS;
ALTER TABLE `llx_categorie_lang` ENABLE KEYS;
UNLOCK TABLES;




--
-- Table structure for table `llx_categorie_member`
--
DROP TABLE IF EXISTS `llx_categorie_member`;
CREATE TABLE `llx_categorie_member` (
  `fk_categorie` int(11) NOT NULL,
  `fk_member` int(11) NOT NULL,
  PRIMARY KEY (`fk_categorie`,`fk_member`),
  KEY `idx_categorie_member_fk_categorie` (`fk_categorie`),
  KEY `idx_categorie_member_fk_member` (`fk_member`),
  CONSTRAINT `fk_categorie_member_categorie_rowid` FOREIGN KEY (`fk_categorie`) REFERENCES `llx_categorie` (`rowid`),
  CONSTRAINT `fk_categorie_member_member_rowid` FOREIGN KEY (`fk_member`) REFERENCES `llx_adherent` (`rowid`)
) ENGINE=InnoDB DEFAULT CHARSET=latin1 COLLATE=latin1_general_ci;

--
-- Dumping data for table `llx_categorie_member`
--
LOCK TABLES `llx_categorie_member` WRITE;
ALTER TABLE `llx_categorie_member` DISABLE KEYS;
ALTER TABLE `llx_categorie_member` ENABLE KEYS;
UNLOCK TABLES;




--
-- Table structure for table `llx_categorie_product`
--
DROP TABLE IF EXISTS `llx_categorie_product`;
CREATE TABLE `llx_categorie_product` (
  `fk_categorie` int(11) NOT NULL,
  `fk_product` int(11) NOT NULL,
  `import_key` varchar(14) COLLATE latin1_general_ci DEFAULT NULL,
  PRIMARY KEY (`fk_categorie`,`fk_product`),
  KEY `idx_categorie_product_fk_categorie` (`fk_categorie`),
  KEY `idx_categorie_product_fk_product` (`fk_product`),
  CONSTRAINT `fk_categorie_product_categorie_rowid` FOREIGN KEY (`fk_categorie`) REFERENCES `llx_categorie` (`rowid`),
  CONSTRAINT `fk_categorie_product_product_rowid` FOREIGN KEY (`fk_product`) REFERENCES `llx_product` (`rowid`)
) ENGINE=InnoDB DEFAULT CHARSET=latin1 COLLATE=latin1_general_ci;

--
-- Dumping data for table `llx_categorie_product`
--
LOCK TABLES `llx_categorie_product` WRITE;
ALTER TABLE `llx_categorie_product` DISABLE KEYS;
ALTER TABLE `llx_categorie_product` ENABLE KEYS;
UNLOCK TABLES;




--
-- Table structure for table `llx_categorie_project`
--
DROP TABLE IF EXISTS `llx_categorie_project`;
CREATE TABLE `llx_categorie_project` (
  `fk_categorie` int(11) NOT NULL,
  `fk_project` int(11) NOT NULL,
  `import_key` varchar(14) COLLATE latin1_general_ci DEFAULT NULL,
  PRIMARY KEY (`fk_categorie`,`fk_project`),
  KEY `idx_categorie_project_fk_categorie` (`fk_categorie`),
  KEY `idx_categorie_project_fk_project` (`fk_project`),
  CONSTRAINT `fk_categorie_project_categorie_rowid` FOREIGN KEY (`fk_categorie`) REFERENCES `llx_categorie` (`rowid`),
  CONSTRAINT `fk_categorie_project_fk_project_rowid` FOREIGN KEY (`fk_project`) REFERENCES `llx_projet` (`rowid`)
) ENGINE=InnoDB DEFAULT CHARSET=latin1 COLLATE=latin1_general_ci;

--
-- Dumping data for table `llx_categorie_project`
--
LOCK TABLES `llx_categorie_project` WRITE;
ALTER TABLE `llx_categorie_project` DISABLE KEYS;
ALTER TABLE `llx_categorie_project` ENABLE KEYS;
UNLOCK TABLES;




--
-- Table structure for table `llx_categorie_societe`
--
DROP TABLE IF EXISTS `llx_categorie_societe`;
CREATE TABLE `llx_categorie_societe` (
  `fk_categorie` int(11) NOT NULL,
  `fk_soc` int(11) NOT NULL,
  `import_key` varchar(14) COLLATE latin1_general_ci DEFAULT NULL,
  PRIMARY KEY (`fk_categorie`,`fk_soc`),
  KEY `idx_categorie_societe_fk_categorie` (`fk_categorie`),
  KEY `idx_categorie_societe_fk_societe` (`fk_soc`),
  CONSTRAINT `fk_categorie_societe_categorie_rowid` FOREIGN KEY (`fk_categorie`) REFERENCES `llx_categorie` (`rowid`),
  CONSTRAINT `fk_categorie_societe_fk_soc` FOREIGN KEY (`fk_soc`) REFERENCES `llx_societe` (`rowid`)
) ENGINE=InnoDB DEFAULT CHARSET=latin1 COLLATE=latin1_general_ci;

--
-- Dumping data for table `llx_categorie_societe`
--
LOCK TABLES `llx_categorie_societe` WRITE;
ALTER TABLE `llx_categorie_societe` DISABLE KEYS;
INSERT INTO `llx_categorie_societe` VALUES (2,11,NULL);
INSERT INTO `llx_categorie_societe` VALUES (2,25,NULL);
INSERT INTO `llx_categorie_societe` VALUES (2,26,NULL);
INSERT INTO `llx_categorie_societe` VALUES (2,27,NULL);
INSERT INTO `llx_categorie_societe` VALUES (2,28,NULL);
INSERT INTO `llx_categorie_societe` VALUES (2,29,NULL);
INSERT INTO `llx_categorie_societe` VALUES (2,30,NULL);
INSERT INTO `llx_categorie_societe` VALUES (2,31,NULL);
INSERT INTO `llx_categorie_societe` VALUES (2,33,NULL);
INSERT INTO `llx_categorie_societe` VALUES (2,38,NULL);
INSERT INTO `llx_categorie_societe` VALUES (2,39,NULL);
INSERT INTO `llx_categorie_societe` VALUES (2,62,NULL);
INSERT INTO `llx_categorie_societe` VALUES (2,63,NULL);
INSERT INTO `llx_categorie_societe` VALUES (2,65,NULL);
INSERT INTO `llx_categorie_societe` VALUES (2,66,NULL);
INSERT INTO `llx_categorie_societe` VALUES (2,68,NULL);
INSERT INTO `llx_categorie_societe` VALUES (2,69,NULL);
INSERT INTO `llx_categorie_societe` VALUES (2,73,NULL);
INSERT INTO `llx_categorie_societe` VALUES (2,75,NULL);
INSERT INTO `llx_categorie_societe` VALUES (2,77,NULL);
INSERT INTO `llx_categorie_societe` VALUES (2,84,NULL);
INSERT INTO `llx_categorie_societe` VALUES (2,89,NULL);
INSERT INTO `llx_categorie_societe` VALUES (2,91,NULL);
INSERT INTO `llx_categorie_societe` VALUES (2,106,NULL);
INSERT INTO `llx_categorie_societe` VALUES (2,121,NULL);
INSERT INTO `llx_categorie_societe` VALUES (2,207,NULL);
INSERT INTO `llx_categorie_societe` VALUES (4,12,NULL);
INSERT INTO `llx_categorie_societe` VALUES (4,13,NULL);
INSERT INTO `llx_categorie_societe` VALUES (4,14,NULL);
INSERT INTO `llx_categorie_societe` VALUES (4,15,NULL);
INSERT INTO `llx_categorie_societe` VALUES (4,16,NULL);
INSERT INTO `llx_categorie_societe` VALUES (4,17,NULL);
INSERT INTO `llx_categorie_societe` VALUES (4,18,NULL);
INSERT INTO `llx_categorie_societe` VALUES (4,19,NULL);
INSERT INTO `llx_categorie_societe` VALUES (4,20,NULL);
INSERT INTO `llx_categorie_societe` VALUES (4,33,NULL);
INSERT INTO `llx_categorie_societe` VALUES (4,76,NULL);
INSERT INTO `llx_categorie_societe` VALUES (4,78,NULL);
INSERT INTO `llx_categorie_societe` VALUES (4,210,NULL);
INSERT INTO `llx_categorie_societe` VALUES (6,64,NULL);
INSERT INTO `llx_categorie_societe` VALUES (6,92,NULL);
INSERT INTO `llx_categorie_societe` VALUES (6,205,NULL);
INSERT INTO `llx_categorie_societe` VALUES (6,212,NULL);
INSERT INTO `llx_categorie_societe` VALUES (8,74,NULL);
INSERT INTO `llx_categorie_societe` VALUES (8,88,NULL);
INSERT INTO `llx_categorie_societe` VALUES (8,90,NULL);
INSERT INTO `llx_categorie_societe` VALUES (9,21,NULL);
INSERT INTO `llx_categorie_societe` VALUES (9,112,NULL);
INSERT INTO `llx_categorie_societe` VALUES (15,85,NULL);
INSERT INTO `llx_categorie_societe` VALUES (15,94,NULL);
INSERT INTO `llx_categorie_societe` VALUES (15,95,NULL);
INSERT INTO `llx_categorie_societe` VALUES (15,99,NULL);
INSERT INTO `llx_categorie_societe` VALUES (15,111,NULL);
INSERT INTO `llx_categorie_societe` VALUES (16,60,NULL);
INSERT INTO `llx_categorie_societe` VALUES (16,93,NULL);
INSERT INTO `llx_categorie_societe` VALUES (16,97,NULL);
INSERT INTO `llx_categorie_societe` VALUES (16,98,NULL);
INSERT INTO `llx_categorie_societe` VALUES (16,101,NULL);
INSERT INTO `llx_categorie_societe` VALUES (16,113,NULL);
INSERT INTO `llx_categorie_societe` VALUES (16,119,NULL);
INSERT INTO `llx_categorie_societe` VALUES (16,120,NULL);
INSERT INTO `llx_categorie_societe` VALUES (18,72,NULL);
INSERT INTO `llx_categorie_societe` VALUES (19,80,NULL);
INSERT INTO `llx_categorie_societe` VALUES (19,81,NULL);
INSERT INTO `llx_categorie_societe` VALUES (19,82,NULL);
INSERT INTO `llx_categorie_societe` VALUES (19,96,NULL);
INSERT INTO `llx_categorie_societe` VALUES (21,107,NULL);
INSERT INTO `llx_categorie_societe` VALUES (21,108,NULL);
INSERT INTO `llx_categorie_societe` VALUES (21,109,NULL);
INSERT INTO `llx_categorie_societe` VALUES (21,110,NULL);
INSERT INTO `llx_categorie_societe` VALUES (21,124,NULL);
INSERT INTO `llx_categorie_societe` VALUES (21,125,NULL);
INSERT INTO `llx_categorie_societe` VALUES (21,126,NULL);
INSERT INTO `llx_categorie_societe` VALUES (21,127,NULL);
INSERT INTO `llx_categorie_societe` VALUES (21,128,NULL);
INSERT INTO `llx_categorie_societe` VALUES (21,129,NULL);
INSERT INTO `llx_categorie_societe` VALUES (21,130,NULL);
INSERT INTO `llx_categorie_societe` VALUES (21,131,NULL);
INSERT INTO `llx_categorie_societe` VALUES (23,66,NULL);
INSERT INTO `llx_categorie_societe` VALUES (23,91,NULL);
INSERT INTO `llx_categorie_societe` VALUES (23,206,NULL);
INSERT INTO `llx_categorie_societe` VALUES (24,75,NULL);
INSERT INTO `llx_categorie_societe` VALUES (24,121,NULL);
INSERT INTO `llx_categorie_societe` VALUES (24,202,NULL);
INSERT INTO `llx_categorie_societe` VALUES (25,75,NULL);
INSERT INTO `llx_categorie_societe` VALUES (25,202,NULL);
INSERT INTO `llx_categorie_societe` VALUES (27,31,NULL);
INSERT INTO `llx_categorie_societe` VALUES (27,39,NULL);
INSERT INTO `llx_categorie_societe` VALUES (27,156,NULL);
INSERT INTO `llx_categorie_societe` VALUES (27,157,NULL);
INSERT INTO `llx_categorie_societe` VALUES (27,158,NULL);
INSERT INTO `llx_categorie_societe` VALUES (27,159,NULL);
INSERT INTO `llx_categorie_societe` VALUES (27,160,NULL);
INSERT INTO `llx_categorie_societe` VALUES (27,161,NULL);
INSERT INTO `llx_categorie_societe` VALUES (27,162,NULL);
INSERT INTO `llx_categorie_societe` VALUES (27,163,NULL);
INSERT INTO `llx_categorie_societe` VALUES (27,164,NULL);
INSERT INTO `llx_categorie_societe` VALUES (27,166,NULL);
INSERT INTO `llx_categorie_societe` VALUES (27,167,NULL);
INSERT INTO `llx_categorie_societe` VALUES (27,168,NULL);
INSERT INTO `llx_categorie_societe` VALUES (27,169,NULL);
INSERT INTO `llx_categorie_societe` VALUES (27,170,NULL);
INSERT INTO `llx_categorie_societe` VALUES (27,171,NULL);
INSERT INTO `llx_categorie_societe` VALUES (27,172,NULL);
INSERT INTO `llx_categorie_societe` VALUES (27,173,NULL);
INSERT INTO `llx_categorie_societe` VALUES (27,174,NULL);
INSERT INTO `llx_categorie_societe` VALUES (27,175,NULL);
INSERT INTO `llx_categorie_societe` VALUES (27,176,NULL);
INSERT INTO `llx_categorie_societe` VALUES (27,177,NULL);
INSERT INTO `llx_categorie_societe` VALUES (27,179,NULL);
INSERT INTO `llx_categorie_societe` VALUES (27,194,NULL);
INSERT INTO `llx_categorie_societe` VALUES (27,196,NULL);
INSERT INTO `llx_categorie_societe` VALUES (27,198,NULL);
INSERT INTO `llx_categorie_societe` VALUES (27,200,NULL);
INSERT INTO `llx_categorie_societe` VALUES (27,203,NULL);
INSERT INTO `llx_categorie_societe` VALUES (27,204,NULL);
INSERT INTO `llx_categorie_societe` VALUES (27,249,NULL);
INSERT INTO `llx_categorie_societe` VALUES (27,263,NULL);
INSERT INTO `llx_categorie_societe` VALUES (27,270,NULL);
INSERT INTO `llx_categorie_societe` VALUES (28,11,NULL);
INSERT INTO `llx_categorie_societe` VALUES (28,26,NULL);
INSERT INTO `llx_categorie_societe` VALUES (28,38,NULL);
INSERT INTO `llx_categorie_societe` VALUES (28,106,NULL);
INSERT INTO `llx_categorie_societe` VALUES (28,165,NULL);
INSERT INTO `llx_categorie_societe` VALUES (28,201,NULL);
INSERT INTO `llx_categorie_societe` VALUES (28,209,NULL);
INSERT INTO `llx_categorie_societe` VALUES (28,211,NULL);
INSERT INTO `llx_categorie_societe` VALUES (30,163,NULL);
INSERT INTO `llx_categorie_societe` VALUES (30,270,NULL);
INSERT INTO `llx_categorie_societe` VALUES (31,263,NULL);
INSERT INTO `llx_categorie_societe` VALUES (33,218,NULL);
INSERT INTO `llx_categorie_societe` VALUES (33,271,NULL);
INSERT INTO `llx_categorie_societe` VALUES (33,272,NULL);
ALTER TABLE `llx_categorie_societe` ENABLE KEYS;
UNLOCK TABLES;




--
-- Table structure for table `llx_categories_extrafields`
--
DROP TABLE IF EXISTS `llx_categories_extrafields`;
CREATE TABLE `llx_categories_extrafields` (
  `rowid` int(11) NOT NULL AUTO_INCREMENT,
  `tms` timestamp NOT NULL DEFAULT CURRENT_TIMESTAMP ON UPDATE CURRENT_TIMESTAMP,
  `fk_object` int(11) NOT NULL,
  `import_key` varchar(14) COLLATE latin1_general_ci DEFAULT NULL,
  PRIMARY KEY (`rowid`),
  KEY `idx_categories_extrafields` (`fk_object`)
) ENGINE=InnoDB DEFAULT CHARSET=latin1 COLLATE=latin1_general_ci;

--
-- Dumping data for table `llx_categories_extrafields`
--
LOCK TABLES `llx_categories_extrafields` WRITE;
ALTER TABLE `llx_categories_extrafields` DISABLE KEYS;
ALTER TABLE `llx_categories_extrafields` ENABLE KEYS;
UNLOCK TABLES;




--
-- Table structure for table `llx_chargesociales`
--
DROP TABLE IF EXISTS `llx_chargesociales`;
CREATE TABLE `llx_chargesociales` (
  `rowid` int(11) NOT NULL AUTO_INCREMENT,
  `date_ech` datetime NOT NULL,
  `libelle` varchar(80) COLLATE latin1_general_ci NOT NULL,
  `entity` int(11) NOT NULL DEFAULT '1',
  `tms` timestamp NOT NULL DEFAULT CURRENT_TIMESTAMP ON UPDATE CURRENT_TIMESTAMP,
  `date_creation` datetime DEFAULT NULL,
  `date_valid` datetime DEFAULT NULL,
  `fk_type` int(11) NOT NULL,
  `amount` double NOT NULL DEFAULT '0',
  `paye` smallint(6) NOT NULL DEFAULT '0',
  `periode` date DEFAULT NULL,
  PRIMARY KEY (`rowid`)
) ENGINE=InnoDB DEFAULT CHARSET=latin1 COLLATE=latin1_general_ci;

--
-- Dumping data for table `llx_chargesociales`
--
LOCK TABLES `llx_chargesociales` WRITE;
ALTER TABLE `llx_chargesociales` DISABLE KEYS;
ALTER TABLE `llx_chargesociales` ENABLE KEYS;
UNLOCK TABLES;




--
-- Table structure for table `llx_commande`
--
DROP TABLE IF EXISTS `llx_commande`;
CREATE TABLE `llx_commande` (
  `rowid` int(11) NOT NULL AUTO_INCREMENT,
  `ref` varchar(30) COLLATE latin1_general_ci NOT NULL,
  `entity` int(11) NOT NULL DEFAULT '1',
  `ref_ext` varchar(255) COLLATE latin1_general_ci DEFAULT NULL,
  `ref_int` varchar(255) COLLATE latin1_general_ci DEFAULT NULL,
  `ref_client` varchar(255) COLLATE latin1_general_ci DEFAULT NULL,
  `fk_soc` int(11) NOT NULL,
  `fk_projet` int(11) DEFAULT NULL,
  `tms` timestamp NOT NULL DEFAULT CURRENT_TIMESTAMP ON UPDATE CURRENT_TIMESTAMP,
  `date_creation` datetime DEFAULT NULL,
  `date_valid` datetime DEFAULT NULL,
  `date_cloture` datetime DEFAULT NULL,
  `date_commande` date DEFAULT NULL,
  `fk_user_author` int(11) DEFAULT NULL,
  `fk_user_modif` int(11) DEFAULT NULL,
  `fk_user_valid` int(11) DEFAULT NULL,
  `fk_user_cloture` int(11) DEFAULT NULL,
  `source` smallint(6) DEFAULT NULL,
  `fk_statut` smallint(6) DEFAULT '0',
  `amount_ht` double DEFAULT '0',
  `remise_percent` double DEFAULT '0',
  `remise_absolue` double DEFAULT '0',
  `remise` double DEFAULT '0',
  `tva` double(24,8) DEFAULT '0.00000000',
  `localtax1` double(24,8) DEFAULT '0.00000000',
  `localtax2` double(24,8) DEFAULT '0.00000000',
  `total_ht` double(24,8) DEFAULT '0.00000000',
  `total_ttc` double(24,8) DEFAULT '0.00000000',
  `note_private` text COLLATE latin1_general_ci,
  `note_public` text COLLATE latin1_general_ci,
  `model_pdf` varchar(255) COLLATE latin1_general_ci DEFAULT NULL,
  `facture` tinyint(4) DEFAULT '0',
  `fk_account` int(11) DEFAULT NULL,
  `fk_currency` varchar(3) COLLATE latin1_general_ci DEFAULT NULL,
  `fk_cond_reglement` int(11) DEFAULT NULL,
  `fk_mode_reglement` int(11) DEFAULT NULL,
  `date_livraison` date DEFAULT NULL,
  `fk_shipping_method` int(11) DEFAULT NULL,
  `fk_warehouse` int(11) DEFAULT NULL,
  `fk_availability` int(11) DEFAULT NULL,
  `fk_input_reason` int(11) DEFAULT NULL,
  `fk_delivery_address` int(11) DEFAULT NULL,
  `fk_incoterms` int(11) DEFAULT NULL,
  `location_incoterms` varchar(255) COLLATE latin1_general_ci DEFAULT NULL,
  `import_key` varchar(14) COLLATE latin1_general_ci DEFAULT NULL,
  `extraparams` varchar(255) COLLATE latin1_general_ci DEFAULT NULL,
  PRIMARY KEY (`rowid`),
  UNIQUE KEY `uk_commande_ref` (`ref`,`entity`),
  KEY `idx_commande_fk_soc` (`fk_soc`),
  KEY `idx_commande_fk_user_author` (`fk_user_author`),
  KEY `idx_commande_fk_user_valid` (`fk_user_valid`),
  KEY `idx_commande_fk_user_cloture` (`fk_user_cloture`),
  KEY `idx_commande_fk_projet` (`fk_projet`),
  KEY `idx_commande_fk_account` (`fk_account`),
  KEY `idx_commande_fk_currency` (`fk_currency`),
  CONSTRAINT `fk_commande_fk_projet` FOREIGN KEY (`fk_projet`) REFERENCES `llx_projet` (`rowid`),
  CONSTRAINT `fk_commande_fk_soc` FOREIGN KEY (`fk_soc`) REFERENCES `llx_societe` (`rowid`),
  CONSTRAINT `fk_commande_fk_user_author` FOREIGN KEY (`fk_user_author`) REFERENCES `llx_user` (`rowid`),
  CONSTRAINT `fk_commande_fk_user_cloture` FOREIGN KEY (`fk_user_cloture`) REFERENCES `llx_user` (`rowid`),
  CONSTRAINT `fk_commande_fk_user_valid` FOREIGN KEY (`fk_user_valid`) REFERENCES `llx_user` (`rowid`)
) ENGINE=InnoDB DEFAULT CHARSET=latin1 COLLATE=latin1_general_ci;

--
-- Dumping data for table `llx_commande`
--
LOCK TABLES `llx_commande` WRITE;
ALTER TABLE `llx_commande` DISABLE KEYS;
ALTER TABLE `llx_commande` ENABLE KEYS;
UNLOCK TABLES;




--
-- Table structure for table `llx_commande_extrafields`
--
DROP TABLE IF EXISTS `llx_commande_extrafields`;
CREATE TABLE `llx_commande_extrafields` (
  `rowid` int(11) NOT NULL AUTO_INCREMENT,
  `tms` timestamp NOT NULL DEFAULT CURRENT_TIMESTAMP ON UPDATE CURRENT_TIMESTAMP,
  `fk_object` int(11) NOT NULL,
  `import_key` varchar(14) COLLATE latin1_general_ci DEFAULT NULL,
  PRIMARY KEY (`rowid`),
  KEY `idx_commande_extrafields` (`fk_object`)
) ENGINE=InnoDB DEFAULT CHARSET=latin1 COLLATE=latin1_general_ci;

--
-- Dumping data for table `llx_commande_extrafields`
--
LOCK TABLES `llx_commande_extrafields` WRITE;
ALTER TABLE `llx_commande_extrafields` DISABLE KEYS;
ALTER TABLE `llx_commande_extrafields` ENABLE KEYS;
UNLOCK TABLES;




--
-- Table structure for table `llx_commande_fournisseur`
--
DROP TABLE IF EXISTS `llx_commande_fournisseur`;
CREATE TABLE `llx_commande_fournisseur` (
  `rowid` int(11) NOT NULL AUTO_INCREMENT,
  `ref` varchar(255) COLLATE latin1_general_ci NOT NULL,
  `entity` int(11) NOT NULL DEFAULT '1',
  `ref_ext` varchar(64) COLLATE latin1_general_ci DEFAULT NULL,
  `ref_supplier` varchar(255) COLLATE latin1_general_ci DEFAULT NULL,
  `fk_soc` int(11) NOT NULL,
  `fk_projet` int(11) DEFAULT '0',
  `tms` timestamp NOT NULL DEFAULT CURRENT_TIMESTAMP ON UPDATE CURRENT_TIMESTAMP,
  `date_creation` datetime DEFAULT NULL,
  `date_valid` datetime DEFAULT NULL,
  `date_approve` datetime DEFAULT NULL,
  `date_approve2` datetime DEFAULT NULL,
  `date_commande` date DEFAULT NULL,
  `fk_user_author` int(11) DEFAULT NULL,
  `fk_user_modif` int(11) DEFAULT NULL,
  `fk_user_valid` int(11) DEFAULT NULL,
  `fk_user_approve` int(11) DEFAULT NULL,
  `fk_user_approve2` int(11) DEFAULT NULL,
  `source` smallint(6) NOT NULL,
  `fk_statut` smallint(6) DEFAULT '0',
  `billed` smallint(6) DEFAULT '0',
  `amount_ht` double DEFAULT '0',
  `remise_percent` double DEFAULT '0',
  `remise` double DEFAULT '0',
  `tva` double(24,8) DEFAULT '0.00000000',
  `localtax1` double(24,8) DEFAULT '0.00000000',
  `localtax2` double(24,8) DEFAULT '0.00000000',
  `total_ht` double(24,8) DEFAULT '0.00000000',
  `total_ttc` double(24,8) DEFAULT '0.00000000',
  `note_private` text COLLATE latin1_general_ci,
  `note_public` text COLLATE latin1_general_ci,
  `model_pdf` varchar(255) COLLATE latin1_general_ci DEFAULT NULL,
  `date_livraison` datetime DEFAULT NULL,
  `fk_account` int(11) DEFAULT NULL,
  `fk_cond_reglement` int(11) DEFAULT NULL,
  `fk_mode_reglement` int(11) DEFAULT NULL,
  `fk_input_method` int(11) DEFAULT '0',
  `fk_incoterms` int(11) DEFAULT NULL,
  `location_incoterms` varchar(255) COLLATE latin1_general_ci DEFAULT NULL,
  `import_key` varchar(14) COLLATE latin1_general_ci DEFAULT NULL,
  `extraparams` varchar(255) COLLATE latin1_general_ci DEFAULT NULL,
  PRIMARY KEY (`rowid`),
  UNIQUE KEY `uk_commande_fournisseur_ref` (`ref`,`fk_soc`,`entity`),
  KEY `idx_commande_fournisseur_fk_soc` (`fk_soc`),
  KEY `billed` (`billed`),
  CONSTRAINT `fk_commande_fournisseur_fk_soc` FOREIGN KEY (`fk_soc`) REFERENCES `llx_societe` (`rowid`)
) ENGINE=InnoDB DEFAULT CHARSET=latin1 COLLATE=latin1_general_ci;

--
-- Dumping data for table `llx_commande_fournisseur`
--
LOCK TABLES `llx_commande_fournisseur` WRITE;
ALTER TABLE `llx_commande_fournisseur` DISABLE KEYS;
ALTER TABLE `llx_commande_fournisseur` ENABLE KEYS;
UNLOCK TABLES;




--
-- Table structure for table `llx_commande_fournisseur_dispatch`
--
DROP TABLE IF EXISTS `llx_commande_fournisseur_dispatch`;
CREATE TABLE `llx_commande_fournisseur_dispatch` (
  `rowid` int(11) NOT NULL AUTO_INCREMENT,
  `fk_commande` int(11) DEFAULT NULL,
  `fk_product` int(11) DEFAULT NULL,
  `fk_commandefourndet` int(11) DEFAULT NULL,
  `qty` float DEFAULT NULL,
  `fk_entrepot` int(11) DEFAULT NULL,
  `fk_user` int(11) DEFAULT NULL,
  `comment` varchar(255) COLLATE latin1_general_ci DEFAULT NULL,
  `batch` varchar(30) COLLATE latin1_general_ci DEFAULT NULL,
  `eatby` date DEFAULT NULL,
  `sellby` date DEFAULT NULL,
  `status` int(11) DEFAULT NULL,
  `datec` datetime DEFAULT NULL,
  `tms` timestamp NOT NULL DEFAULT CURRENT_TIMESTAMP ON UPDATE CURRENT_TIMESTAMP,
  PRIMARY KEY (`rowid`),
  KEY `idx_commande_fournisseur_dispatch_fk_commande` (`fk_commande`)
) ENGINE=InnoDB DEFAULT CHARSET=latin1 COLLATE=latin1_general_ci;

--
-- Dumping data for table `llx_commande_fournisseur_dispatch`
--
LOCK TABLES `llx_commande_fournisseur_dispatch` WRITE;
ALTER TABLE `llx_commande_fournisseur_dispatch` DISABLE KEYS;
ALTER TABLE `llx_commande_fournisseur_dispatch` ENABLE KEYS;
UNLOCK TABLES;




--
-- Table structure for table `llx_commande_fournisseur_extrafields`
--
DROP TABLE IF EXISTS `llx_commande_fournisseur_extrafields`;
CREATE TABLE `llx_commande_fournisseur_extrafields` (
  `rowid` int(11) NOT NULL AUTO_INCREMENT,
  `tms` timestamp NOT NULL DEFAULT CURRENT_TIMESTAMP ON UPDATE CURRENT_TIMESTAMP,
  `fk_object` int(11) NOT NULL,
  `import_key` varchar(14) COLLATE latin1_general_ci DEFAULT NULL,
  PRIMARY KEY (`rowid`),
  KEY `idx_commande_fournisseur_extrafields` (`fk_object`)
) ENGINE=InnoDB DEFAULT CHARSET=latin1 COLLATE=latin1_general_ci;

--
-- Dumping data for table `llx_commande_fournisseur_extrafields`
--
LOCK TABLES `llx_commande_fournisseur_extrafields` WRITE;
ALTER TABLE `llx_commande_fournisseur_extrafields` DISABLE KEYS;
ALTER TABLE `llx_commande_fournisseur_extrafields` ENABLE KEYS;
UNLOCK TABLES;




--
-- Table structure for table `llx_commande_fournisseur_log`
--
DROP TABLE IF EXISTS `llx_commande_fournisseur_log`;
CREATE TABLE `llx_commande_fournisseur_log` (
  `rowid` int(11) NOT NULL AUTO_INCREMENT,
  `tms` timestamp NOT NULL DEFAULT CURRENT_TIMESTAMP ON UPDATE CURRENT_TIMESTAMP,
  `datelog` datetime NOT NULL,
  `fk_commande` int(11) NOT NULL,
  `fk_statut` smallint(6) NOT NULL,
  `fk_user` int(11) NOT NULL,
  `comment` varchar(255) COLLATE latin1_general_ci DEFAULT NULL,
  PRIMARY KEY (`rowid`)
) ENGINE=InnoDB AUTO_INCREMENT=3 DEFAULT CHARSET=latin1 COLLATE=latin1_general_ci;

--
-- Dumping data for table `llx_commande_fournisseur_log`
--
LOCK TABLES `llx_commande_fournisseur_log` WRITE;
ALTER TABLE `llx_commande_fournisseur_log` DISABLE KEYS;
INSERT INTO `llx_commande_fournisseur_log` VALUES (1,'2016-10-01 21:46:57','2016-10-01 21:46:57',1,0,2,NULL);
INSERT INTO `llx_commande_fournisseur_log` VALUES (2,'2016-11-07 19:47:58','2016-11-07 19:47:58',1,0,2,NULL);
ALTER TABLE `llx_commande_fournisseur_log` ENABLE KEYS;
UNLOCK TABLES;




--
-- Table structure for table `llx_commande_fournisseurdet`
--
DROP TABLE IF EXISTS `llx_commande_fournisseurdet`;
CREATE TABLE `llx_commande_fournisseurdet` (
  `rowid` int(11) NOT NULL AUTO_INCREMENT,
  `fk_commande` int(11) NOT NULL,
  `fk_parent_line` int(11) DEFAULT NULL,
  `fk_product` int(11) DEFAULT NULL,
  `ref` varchar(50) COLLATE latin1_general_ci DEFAULT NULL,
  `label` varchar(255) COLLATE latin1_general_ci DEFAULT NULL,
  `description` text COLLATE latin1_general_ci,
  `tva_tx` double(6,3) DEFAULT '0.000',
  `localtax1_tx` double(6,3) DEFAULT '0.000',
  `localtax1_type` varchar(10) COLLATE latin1_general_ci DEFAULT NULL,
  `localtax2_tx` double(6,3) DEFAULT '0.000',
  `localtax2_type` varchar(10) COLLATE latin1_general_ci DEFAULT NULL,
  `qty` double DEFAULT NULL,
  `remise_percent` double DEFAULT '0',
  `remise` double DEFAULT '0',
  `subprice` double(24,8) DEFAULT '0.00000000',
  `total_ht` double(24,8) DEFAULT '0.00000000',
  `total_tva` double(24,8) DEFAULT '0.00000000',
  `total_localtax1` double(24,8) DEFAULT '0.00000000',
  `total_localtax2` double(24,8) DEFAULT '0.00000000',
  `total_ttc` double(24,8) DEFAULT '0.00000000',
  `product_type` int(11) DEFAULT '0',
  `date_start` datetime DEFAULT NULL,
  `date_end` datetime DEFAULT NULL,
  `info_bits` int(11) DEFAULT '0',
  `special_code` int(11) DEFAULT '0',
  `rang` int(11) DEFAULT '0',
  `import_key` varchar(14) COLLATE latin1_general_ci DEFAULT NULL,
  `fk_unit` int(11) DEFAULT NULL,
  PRIMARY KEY (`rowid`),
  KEY `fk_commande_fournisseurdet_fk_unit` (`fk_unit`),
  CONSTRAINT `fk_commande_fournisseurdet_fk_unit` FOREIGN KEY (`fk_unit`) REFERENCES `llx_c_units` (`rowid`)
) ENGINE=InnoDB DEFAULT CHARSET=latin1 COLLATE=latin1_general_ci;

--
-- Dumping data for table `llx_commande_fournisseurdet`
--
LOCK TABLES `llx_commande_fournisseurdet` WRITE;
ALTER TABLE `llx_commande_fournisseurdet` DISABLE KEYS;
ALTER TABLE `llx_commande_fournisseurdet` ENABLE KEYS;
UNLOCK TABLES;




--
-- Table structure for table `llx_commande_fournisseurdet_extrafields`
--
DROP TABLE IF EXISTS `llx_commande_fournisseurdet_extrafields`;
CREATE TABLE `llx_commande_fournisseurdet_extrafields` (
  `rowid` int(11) NOT NULL AUTO_INCREMENT,
  `tms` timestamp NOT NULL DEFAULT CURRENT_TIMESTAMP ON UPDATE CURRENT_TIMESTAMP,
  `fk_object` int(11) NOT NULL,
  `import_key` varchar(14) COLLATE latin1_general_ci DEFAULT NULL,
  PRIMARY KEY (`rowid`),
  KEY `idx_commande_fournisseurdet_extrafields` (`fk_object`)
) ENGINE=InnoDB DEFAULT CHARSET=latin1 COLLATE=latin1_general_ci;

--
-- Dumping data for table `llx_commande_fournisseurdet_extrafields`
--
LOCK TABLES `llx_commande_fournisseurdet_extrafields` WRITE;
ALTER TABLE `llx_commande_fournisseurdet_extrafields` DISABLE KEYS;
ALTER TABLE `llx_commande_fournisseurdet_extrafields` ENABLE KEYS;
UNLOCK TABLES;




--
-- Table structure for table `llx_commandedet`
--
DROP TABLE IF EXISTS `llx_commandedet`;
CREATE TABLE `llx_commandedet` (
  `rowid` int(11) NOT NULL AUTO_INCREMENT,
  `fk_commande` int(11) NOT NULL,
  `fk_parent_line` int(11) DEFAULT NULL,
  `fk_product` int(11) DEFAULT NULL,
  `label` varchar(255) COLLATE latin1_general_ci DEFAULT NULL,
  `description` text COLLATE latin1_general_ci,
  `tva_tx` double(6,3) DEFAULT NULL,
  `localtax1_tx` double(6,3) DEFAULT '0.000',
  `localtax1_type` varchar(10) COLLATE latin1_general_ci DEFAULT NULL,
  `localtax2_tx` double(6,3) DEFAULT '0.000',
  `localtax2_type` varchar(10) COLLATE latin1_general_ci DEFAULT NULL,
  `qty` double DEFAULT NULL,
  `remise_percent` double DEFAULT '0',
  `remise` double DEFAULT '0',
  `fk_remise_except` int(11) DEFAULT NULL,
  `price` double DEFAULT NULL,
  `subprice` double(24,8) DEFAULT '0.00000000',
  `total_ht` double(24,8) DEFAULT '0.00000000',
  `total_tva` double(24,8) DEFAULT '0.00000000',
  `total_localtax1` double(24,8) DEFAULT '0.00000000',
  `total_localtax2` double(24,8) DEFAULT '0.00000000',
  `total_ttc` double(24,8) DEFAULT '0.00000000',
  `product_type` int(11) DEFAULT '0',
  `date_start` datetime DEFAULT NULL,
  `date_end` datetime DEFAULT NULL,
  `info_bits` int(11) DEFAULT '0',
  `buy_price_ht` double(24,8) DEFAULT '0.00000000',
  `fk_product_fournisseur_price` int(11) DEFAULT NULL,
  `special_code` int(11) DEFAULT '0',
  `rang` int(11) DEFAULT '0',
  `fk_unit` int(11) DEFAULT NULL,
  `import_key` varchar(14) COLLATE latin1_general_ci DEFAULT NULL,
  PRIMARY KEY (`rowid`),
  KEY `idx_commandedet_fk_commande` (`fk_commande`),
  KEY `idx_commandedet_fk_product` (`fk_product`),
  KEY `fk_commandedet_fk_unit` (`fk_unit`),
  CONSTRAINT `fk_commandedet_fk_commande` FOREIGN KEY (`fk_commande`) REFERENCES `llx_commande` (`rowid`),
  CONSTRAINT `fk_commandedet_fk_unit` FOREIGN KEY (`fk_unit`) REFERENCES `llx_c_units` (`rowid`)
) ENGINE=InnoDB DEFAULT CHARSET=latin1 COLLATE=latin1_general_ci;

--
-- Dumping data for table `llx_commandedet`
--
LOCK TABLES `llx_commandedet` WRITE;
ALTER TABLE `llx_commandedet` DISABLE KEYS;
ALTER TABLE `llx_commandedet` ENABLE KEYS;
UNLOCK TABLES;




--
-- Table structure for table `llx_commandedet_extrafields`
--
DROP TABLE IF EXISTS `llx_commandedet_extrafields`;
CREATE TABLE `llx_commandedet_extrafields` (
  `rowid` int(11) NOT NULL AUTO_INCREMENT,
  `tms` timestamp NOT NULL DEFAULT CURRENT_TIMESTAMP ON UPDATE CURRENT_TIMESTAMP,
  `fk_object` int(11) NOT NULL,
  `import_key` varchar(14) COLLATE latin1_general_ci DEFAULT NULL,
  PRIMARY KEY (`rowid`),
  KEY `idx_commandedet_extrafields` (`fk_object`)
) ENGINE=InnoDB DEFAULT CHARSET=latin1 COLLATE=latin1_general_ci;

--
-- Dumping data for table `llx_commandedet_extrafields`
--
LOCK TABLES `llx_commandedet_extrafields` WRITE;
ALTER TABLE `llx_commandedet_extrafields` DISABLE KEYS;
ALTER TABLE `llx_commandedet_extrafields` ENABLE KEYS;
UNLOCK TABLES;




--
-- Table structure for table `llx_const`
--
DROP TABLE IF EXISTS `llx_const`;
CREATE TABLE `llx_const` (
  `rowid` int(11) NOT NULL AUTO_INCREMENT,
  `name` varchar(255) COLLATE latin1_general_ci NOT NULL,
  `entity` int(11) NOT NULL DEFAULT '1',
  `value` text COLLATE latin1_general_ci NOT NULL,
  `type` varchar(6) COLLATE latin1_general_ci DEFAULT NULL,
  `visible` tinyint(4) NOT NULL DEFAULT '1',
  `note` text COLLATE latin1_general_ci,
  `tms` timestamp NOT NULL DEFAULT CURRENT_TIMESTAMP ON UPDATE CURRENT_TIMESTAMP,
  PRIMARY KEY (`rowid`),
  UNIQUE KEY `uk_const` (`name`,`entity`)
) ENGINE=InnoDB AUTO_INCREMENT=432 DEFAULT CHARSET=latin1 COLLATE=latin1_general_ci;

--
-- Dumping data for table `llx_const`
--
LOCK TABLES `llx_const` WRITE;
ALTER TABLE `llx_const` DISABLE KEYS;
INSERT INTO `llx_const` VALUES (2,'MAIN_FEATURES_LEVEL',0,0,'chaine',1,'Level of features to show: -1=stable+deprecated, 0=stable only (default), 1=stable+experimental, 2=stable+experimental+development','2016-08-07 15:30:59');
INSERT INTO `llx_const` VALUES (3,'MAILING_LIMIT_SENDBYWEB',0,25,'chaine',1,'Number of targets to defined packet size when sending mass email','2016-08-07 15:30:59');
INSERT INTO `llx_const` VALUES (4,'MAIN_ENABLE_LOG_TO_HTML',0,0,'chaine',1,'If this option is set to 1, it is possible to see log output at end of HTML sources by adding paramater logtohtml=1 on URL','2016-08-07 15:30:59');
INSERT INTO `llx_const` VALUES (5,'SYSLOG_HANDLERS',0,'[\"mod_syslog_file\"]','chaine',0,'Which logger to use','2016-08-07 15:30:59');
INSERT INTO `llx_const` VALUES (6,'SYSLOG_FILE',0,'DOL_DATA_ROOT/dolibarr.log','chaine',0,'Directory where to write log file','2016-08-07 15:30:59');
INSERT INTO `llx_const` VALUES (7,'SYSLOG_LEVEL',0,7,'chaine',0,'Level of debug info to show','2016-08-07 15:30:59');
INSERT INTO `llx_const` VALUES (8,'MAIN_UPLOAD_DOC',0,2048,'chaine',0,'Max size for file upload (0 means no upload allowed)','2016-08-07 15:30:59');
INSERT INTO `llx_const` VALUES (10,'MAIN_MAIL_SMTP_SERVER',1,'','chaine',0,'Host or ip address for SMTP server','2016-08-07 15:30:59');
INSERT INTO `llx_const` VALUES (11,'MAIN_MAIL_SMTP_PORT',1,'','chaine',0,'Port for SMTP server','2016-08-07 15:30:59');
INSERT INTO `llx_const` VALUES (12,'MAIN_MAIL_EMAIL_FROM',1,'robot@domain.com','chaine',0,'EMail emetteur pour les emails automatiques Dolibarr','2016-08-07 15:30:59');
INSERT INTO `llx_const` VALUES (13,'MAIN_SIZE_LISTE_LIMIT',0,25,'chaine',0,'Longueur maximum des listes','2016-08-07 15:30:59');
INSERT INTO `llx_const` VALUES (14,'MAIN_SIZE_SHORTLISTE_LIMIT',0,4,'chaine',0,'Longueur maximum des listes courtes (fiche client)','2016-08-07 15:30:59');
INSERT INTO `llx_const` VALUES (15,'MAIN_SHOW_WORKBOARD',0,1,'yesno',0,'Affichage tableau de bord de travail Dolibarr','2016-08-07 15:30:59');
INSERT INTO `llx_const` VALUES (20,'MAIN_DELAY_ACTIONS_TODO',1,7,'chaine',0,'Tolérance de retard avant alerte (en jours) sur actions planifiées non réalisées','2016-08-07 15:30:59');
INSERT INTO `llx_const` VALUES (21,'MAIN_DELAY_ORDERS_TO_PROCESS',1,2,'chaine',0,'Tolérance de retard avant alerte (en jours) sur commandes clients non traitées','2016-08-07 15:30:59');
INSERT INTO `llx_const` VALUES (22,'MAIN_DELAY_SUPPLIER_ORDERS_TO_PROCESS',1,7,'chaine',0,'Tolérance de retard avant alerte (en jours) sur commandes fournisseurs non traitées','2016-08-07 15:30:59');
INSERT INTO `llx_const` VALUES (23,'MAIN_DELAY_PROPALS_TO_CLOSE',1,31,'chaine',0,'Tolérance de retard avant alerte (en jours) sur propales à cloturer','2016-08-07 15:30:59');
INSERT INTO `llx_const` VALUES (24,'MAIN_DELAY_PROPALS_TO_BILL',1,7,'chaine',0,'Tolérance de retard avant alerte (en jours) sur propales non facturées','2016-08-07 15:30:59');
INSERT INTO `llx_const` VALUES (25,'MAIN_DELAY_CUSTOMER_BILLS_UNPAYED',1,31,'chaine',0,'Tolérance de retard avant alerte (en jours) sur factures client impayées','2016-08-07 15:30:59');
INSERT INTO `llx_const` VALUES (26,'MAIN_DELAY_SUPPLIER_BILLS_TO_PAY',1,2,'chaine',0,'Tolérance de retard avant alerte (en jours) sur factures fournisseur impayées','2016-08-07 15:30:59');
INSERT INTO `llx_const` VALUES (27,'MAIN_DELAY_NOT_ACTIVATED_SERVICES',1,0,'chaine',0,'Tolérance de retard avant alerte (en jours) sur services à activer','2016-08-07 15:30:59');
INSERT INTO `llx_const` VALUES (28,'MAIN_DELAY_RUNNING_SERVICES',1,0,'chaine',0,'Tolérance de retard avant alerte (en jours) sur services expirés','2016-08-07 15:30:59');
INSERT INTO `llx_const` VALUES (29,'MAIN_DELAY_MEMBERS',1,31,'chaine',0,'Tolérance de retard avant alerte (en jours) sur cotisations adhérent en retard','2016-08-07 15:30:59');
INSERT INTO `llx_const` VALUES (30,'MAIN_DELAY_TRANSACTIONS_TO_CONCILIATE',1,62,'chaine',0,'Tolérance de retard avant alerte (en jours) sur rapprochements bancaires à faire','2016-08-07 15:30:59');
INSERT INTO `llx_const` VALUES (31,'MAIN_DELAY_EXPENSEREPORTS_TO_PAY',1,31,'chaine',0,'Tolérance de retard avant alerte (en jours) sur les notes de frais impayées','2016-08-07 15:30:59');
INSERT INTO `llx_const` VALUES (32,'MAIN_FIX_FOR_BUGGED_MTA',1,1,'chaine',1,'Set constant to fix email ending from PHP with some linux ike system','2016-08-07 15:30:59');
INSERT INTO `llx_const` VALUES (33,'MAILING_EMAIL_FROM',1,'dolibarr@domain.com','chaine',0,'EMail emmetteur pour les envois d emailings','2016-08-07 15:30:59');
INSERT INTO `llx_const` VALUES (35,'DATABASE_PWD_ENCRYPTED',1,1,'chaine',0,'','2016-08-07 15:31:26');
INSERT INTO `llx_const` VALUES (37,'MAIN_LANG_DEFAULT',1,'auto','chaine',0,'Default language','2016-08-07 15:31:26');
INSERT INTO `llx_const` VALUES (38,'MAIN_MODULE_WEBSERVICES',1,1,NULL,0,NULL,'2016-08-07 19:39:55');
INSERT INTO `llx_const` VALUES (39,'MAIN_MODULE_API',1,1,NULL,0,NULL,'2016-08-07 19:39:59');
INSERT INTO `llx_const` VALUES (59,'MAIN_INFO_SOCIETE_LOGO',1,'logo.jpg','chaine',0,'','2016-08-09 11:39:47');
INSERT INTO `llx_const` VALUES (60,'MAIN_INFO_SOCIETE_LOGO_SMALL',1,'logo_small.jpg','chaine',0,'','2016-08-09 11:39:47');
INSERT INTO `llx_const` VALUES (61,'MAIN_INFO_SOCIETE_LOGO_MINI',1,'logo_mini.jpg','chaine',0,'','2016-08-09 11:39:47');
INSERT INTO `llx_const` VALUES (68,'MAIN_MODULE_EXPENSEREPORT',1,1,NULL,0,NULL,'2016-08-09 11:40:12');
INSERT INTO `llx_const` VALUES (69,'EXPENSEREPORT_ADDON_PDF',1,'standard','chaine',0,'Name of manager to build PDF expense reports documents','2016-08-09 11:40:12');
INSERT INTO `llx_const` VALUES (70,'MAIN_MODULE_SALARIES',1,1,NULL,0,NULL,'2016-08-09 11:40:14');
INSERT INTO `llx_const` VALUES (71,'SALARIES_ACCOUNTING_ACCOUNT_PAYMENT',1,421,'chaine',0,NULL,'2016-08-09 11:40:14');
INSERT INTO `llx_const` VALUES (72,'SALARIES_ACCOUNTING_ACCOUNT_CHARGE',1,641,'chaine',0,NULL,'2016-08-09 11:40:14');
INSERT INTO `llx_const` VALUES (77,'SOCIETE_ADD_REF_IN_LIST',1,'','yesno',0,'Display customer ref into select list','2016-08-09 11:40:24');
INSERT INTO `llx_const` VALUES (79,'PROPALE_ADDON_PDF',1,'azur','chaine',0,'Nom du gestionnaire de generation des propales en PDF','2016-08-09 11:40:27');
INSERT INTO `llx_const` VALUES (80,'PROPALE_ADDON',1,'mod_propale_marbre','chaine',0,'Nom du gestionnaire de numerotation des propales','2016-08-09 11:40:27');
INSERT INTO `llx_const` VALUES (81,'PROPALE_VALIDITY_DURATION',1,15,'chaine',0,'Duration of validity of business proposals','2016-08-09 11:40:27');
INSERT INTO `llx_const` VALUES (85,'COMMANDE_ADDON_PDF',1,'einstein','chaine',0,'Name of PDF model of order','2016-08-09 11:40:30');
INSERT INTO `llx_const` VALUES (86,'COMMANDE_ADDON',1,'mod_commande_marbre','chaine',0,'Name of numbering numerotation rules of order','2016-08-09 11:40:30');
INSERT INTO `llx_const` VALUES (87,'COMMANDE_ADDON_PDF_ODT_PATH',1,'DOL_DATA_ROOT/doctemplates/orders','chaine',0,NULL,'2016-08-09 11:40:30');
INSERT INTO `llx_const` VALUES (90,'EXPEDITION_ADDON_PDF',1,'rouget','chaine',0,'Nom du gestionnaire de generation des bons expeditions en PDF','2016-08-09 11:40:33');
INSERT INTO `llx_const` VALUES (91,'EXPEDITION_ADDON_NUMBER',1,'mod_expedition_safor','chaine',0,'Nom du gestionnaire de numerotation des expeditions','2016-08-09 11:40:33');
INSERT INTO `llx_const` VALUES (92,'EXPEDITION_ADDON_PDF_ODT_PATH',1,'DOL_DATA_ROOT/doctemplates/shipment','chaine',0,NULL,'2016-08-09 11:40:33');
INSERT INTO `llx_const` VALUES (93,'LIVRAISON_ADDON_PDF',1,'typhon','chaine',0,'Nom du gestionnaire de generation des bons de reception en PDF','2016-08-09 11:40:33');
INSERT INTO `llx_const` VALUES (94,'LIVRAISON_ADDON_NUMBER',1,'mod_livraison_jade','chaine',0,'Nom du gestionnaire de numerotation des bons de reception','2016-08-09 11:40:33');
INSERT INTO `llx_const` VALUES (95,'LIVRAISON_ADDON_PDF_ODT_PATH',1,'DOL_DATA_ROOT/doctemplates/delivery','chaine',0,NULL,'2016-08-09 11:40:33');
INSERT INTO `llx_const` VALUES (96,'MAIN_SUBMODULE_EXPEDITION',1,1,'chaine',0,'Enable shipments','2016-08-09 11:40:33');
INSERT INTO `llx_const` VALUES (97,'MAIN_MODULE_COMMANDE',1,1,NULL,0,NULL,'2016-08-09 11:40:33');
INSERT INTO `llx_const` VALUES (100,'CONTRACT_ADDON',1,'mod_contract_serpis','chaine',0,'Nom du gestionnaire de numerotation des contrats','2016-08-09 11:40:38');
INSERT INTO `llx_const` VALUES (102,'MAIN_MODULE_FICHEINTER',1,1,NULL,0,NULL,'2016-08-09 11:40:42');
INSERT INTO `llx_const` VALUES (103,'FICHEINTER_ADDON_PDF',1,'soleil','chaine',0,NULL,'2016-08-09 11:40:42');
INSERT INTO `llx_const` VALUES (104,'FICHEINTER_ADDON',1,'pacific','chaine',0,NULL,'2016-08-09 11:40:42');
INSERT INTO `llx_const` VALUES (107,'FACTURE_ADDON_PDF',1,'crabe','chaine',0,'Name of PDF model of invoice','2016-08-09 11:40:48');
INSERT INTO `llx_const` VALUES (108,'FACTURE_ADDON',1,'mod_facture_terre','chaine',0,'Name of numbering numerotation rules of invoice','2016-08-09 11:40:48');
INSERT INTO `llx_const` VALUES (109,'FACTURE_ADDON_PDF_ODT_PATH',1,'DOL_DATA_ROOT/doctemplates/invoices','chaine',0,NULL,'2016-08-09 11:40:48');
INSERT INTO `llx_const` VALUES (111,'MAIN_MODULE_TAX',1,1,NULL,0,NULL,'2016-08-09 11:40:52');
INSERT INTO `llx_const` VALUES (113,'MAIN_MODULE_PRELEVEMENT',1,1,NULL,0,NULL,'2016-08-09 11:41:10');
INSERT INTO `llx_const` VALUES (117,'MAIN_MODULE_MARGIN',1,1,NULL,0,NULL,'2016-08-09 11:41:13');
INSERT INTO `llx_const` VALUES (118,'MAIN_MODULE_MARGIN_TABS_0',1,'product:+margin:Margins:margins:$user->rights->margins->liretous:/margin/tabs/productMargins.php?id=__ID__','chaine',0,NULL,'2016-08-09 11:41:13');
INSERT INTO `llx_const` VALUES (119,'MAIN_MODULE_MARGIN_TABS_1',1,'thirdparty:+margin:Margins:margins:empty($user->societe_id) && $user->rights->margins->liretous && ($object->client > 0):/margin/tabs/thirdpartyMargins.php?socid=__ID__','chaine',0,NULL,'2016-08-09 11:41:13');
INSERT INTO `llx_const` VALUES (120,'MARGIN_TYPE',1,1,'chaine',0,'Rule for margin calculation by default','2016-08-09 11:41:13');
INSERT INTO `llx_const` VALUES (121,'MAIN_MODULE_PROPALE',1,1,NULL,0,NULL,'2016-08-09 11:41:13');
INSERT INTO `llx_const` VALUES (125,'MAIN_MODULE_COMPTABILITE',1,1,NULL,0,NULL,'2016-08-09 11:41:19');
INSERT INTO `llx_const` VALUES (126,'MAIN_MODULE_FACTURE',1,1,NULL,0,NULL,'2016-08-09 11:41:19');
INSERT INTO `llx_const` VALUES (128,'MAIN_MODULE_BANQUE',1,1,NULL,0,NULL,'2016-08-09 11:41:19');
INSERT INTO `llx_const` VALUES (129,'MAIN_MODULE_FOURNISSEUR',1,1,NULL,0,NULL,'2016-08-09 11:41:25');
INSERT INTO `llx_const` VALUES (130,'COMMANDE_SUPPLIER_ADDON_PDF',1,'muscadet','chaine',0,'Nom du gestionnaire de generation des bons de commande en PDF','2016-08-09 11:41:25');
INSERT INTO `llx_const` VALUES (131,'COMMANDE_SUPPLIER_ADDON_NUMBER',1,'mod_commande_fournisseur_muguet','chaine',0,'Nom du gestionnaire de numerotation des commandes fournisseur','2016-08-09 11:41:25');
INSERT INTO `llx_const` VALUES (132,'INVOICE_SUPPLIER_ADDON_PDF',1,'canelle','chaine',0,'Nom du gestionnaire de generation des factures fournisseur en PDF','2016-08-09 11:41:25');
INSERT INTO `llx_const` VALUES (133,'INVOICE_SUPPLIER_ADDON_NUMBER',1,'mod_facture_fournisseur_cactus','chaine',0,'Nom du gestionnaire de numerotation des factures fournisseur','2016-08-09 11:41:25');
INSERT INTO `llx_const` VALUES (135,'MAIN_MODULE_SERVICE',1,1,NULL,0,NULL,'2016-08-09 11:41:28');
INSERT INTO `llx_const` VALUES (139,'PROJECT_ADDON_PDF',1,'baleine','chaine',0,'Name of PDF/ODT project manager class','2016-08-09 11:41:55');
INSERT INTO `llx_const` VALUES (140,'PROJECT_ADDON',1,'mod_project_simple','chaine',0,'Name of Numbering Rule project manager class','2016-08-09 11:41:55');
INSERT INTO `llx_const` VALUES (141,'PROJECT_ADDON_PDF_ODT_PATH',1,'DOL_DATA_ROOT/doctemplates/projects','chaine',0,NULL,'2016-08-09 11:41:55');
INSERT INTO `llx_const` VALUES (142,'PROJECT_TASK_ADDON_PDF',1,'','chaine',0,'Name of PDF/ODT tasks manager class','2016-08-09 11:41:55');
INSERT INTO `llx_const` VALUES (143,'PROJECT_TASK_ADDON',1,'mod_task_simple','chaine',0,'Name of Numbering Rule task manager class','2016-08-09 11:41:55');
INSERT INTO `llx_const` VALUES (144,'PROJECT_TASK_ADDON_PDF_ODT_PATH',1,'DOL_DATA_ROOT/doctemplates/tasks','chaine',0,NULL,'2016-08-09 11:41:55');
INSERT INTO `llx_const` VALUES (145,'PROJECT_USE_OPPORTUNITIES',1,1,'chaine',0,NULL,'2016-08-09 11:41:55');
INSERT INTO `llx_const` VALUES (146,'MAIN_MODULE_AGENDA',1,1,NULL,0,NULL,'2016-08-09 11:42:02');
INSERT INTO `llx_const` VALUES (147,'MAIN_AGENDA_ACTIONAUTO_BILL_SUPPLIER_UNVALIDATE',1,1,'chaine',0,NULL,'2016-08-09 11:42:02');
INSERT INTO `llx_const` VALUES (148,'MAIN_AGENDA_ACTIONAUTO_COMPANY_CREATE',1,1,'chaine',0,NULL,'2016-08-09 11:42:02');
INSERT INTO `llx_const` VALUES (149,'MAIN_AGENDA_ACTIONAUTO_CONTRACT_VALIDATE',1,1,'chaine',0,NULL,'2016-08-09 11:42:02');
INSERT INTO `llx_const` VALUES (150,'MAIN_AGENDA_ACTIONAUTO_PROPAL_VALIDATE',1,1,'chaine',0,NULL,'2016-08-09 11:42:02');
INSERT INTO `llx_const` VALUES (151,'MAIN_AGENDA_ACTIONAUTO_PROPAL_SENTBYMAIL',1,1,'chaine',0,NULL,'2016-08-09 11:42:02');
INSERT INTO `llx_const` VALUES (152,'MAIN_AGENDA_ACTIONAUTO_ORDER_VALIDATE',1,1,'chaine',0,NULL,'2016-08-09 11:42:02');
INSERT INTO `llx_const` VALUES (153,'MAIN_AGENDA_ACTIONAUTO_ORDER_SENTBYMAIL',1,1,'chaine',0,NULL,'2016-08-09 11:42:02');
INSERT INTO `llx_const` VALUES (154,'MAIN_AGENDA_ACTIONAUTO_BILL_VALIDATE',1,1,'chaine',0,NULL,'2016-08-09 11:42:02');
INSERT INTO `llx_const` VALUES (155,'MAIN_AGENDA_ACTIONAUTO_BILL_PAYED',1,1,'chaine',0,NULL,'2016-08-09 11:42:02');
INSERT INTO `llx_const` VALUES (156,'MAIN_AGENDA_ACTIONAUTO_BILL_CANCEL',1,1,'chaine',0,NULL,'2016-08-09 11:42:02');
INSERT INTO `llx_const` VALUES (157,'MAIN_AGENDA_ACTIONAUTO_BILL_SENTBYMAIL',1,1,'chaine',0,NULL,'2016-08-09 11:42:02');
INSERT INTO `llx_const` VALUES (158,'MAIN_AGENDA_ACTIONAUTO_ORDER_SUPPLIER_VALIDATE',1,1,'chaine',0,NULL,'2016-08-09 11:42:02');
INSERT INTO `llx_const` VALUES (159,'MAIN_AGENDA_ACTIONAUTO_BILL_SUPPLIER_VALIDATE',1,1,'chaine',0,NULL,'2016-08-09 11:42:02');
INSERT INTO `llx_const` VALUES (160,'MAIN_AGENDA_ACTIONAUTO_SHIPPING_VALIDATE',1,1,'chaine',0,NULL,'2016-08-09 11:42:02');
INSERT INTO `llx_const` VALUES (161,'MAIN_AGENDA_ACTIONAUTO_SHIPPING_SENTBYMAIL',1,1,'chaine',0,NULL,'2016-08-09 11:42:02');
INSERT INTO `llx_const` VALUES (162,'MAIN_AGENDA_ACTIONAUTO_BILL_UNVALIDATE',1,1,'chaine',0,NULL,'2016-08-09 11:42:02');
INSERT INTO `llx_const` VALUES (163,'MAIN_MODULE_RESOURCE',1,1,NULL,0,NULL,'2016-08-09 11:42:09');
INSERT INTO `llx_const` VALUES (164,'MAIN_MODULE_ECM',1,1,NULL,0,NULL,'2016-08-09 11:42:14');
INSERT INTO `llx_const` VALUES (165,'ECM_AUTO_TREE_ENABLED',1,1,'chaine',0,'Auto tree is enabled by default','2016-08-09 11:42:14');
INSERT INTO `llx_const` VALUES (166,'MAIN_MODULE_CATEGORIE',1,1,NULL,0,NULL,'2016-08-09 11:42:32');
INSERT INTO `llx_const` VALUES (167,'CATEGORIE_RECURSIV_ADD',1,'','yesno',0,'Affect parent categories','2016-08-09 11:42:32');
INSERT INTO `llx_const` VALUES (168,'MAIN_MODULE_FCKEDITOR',1,1,NULL,0,NULL,'2016-08-09 11:42:35');
INSERT INTO `llx_const` VALUES (169,'FCKEDITOR_ENABLE_SOCIETE',1,1,'yesno',0,'WYSIWIG for description and note (except products/services)','2016-08-09 11:42:35');
INSERT INTO `llx_const` VALUES (170,'FCKEDITOR_ENABLE_PRODUCTDESC',1,1,'yesno',0,'WYSIWIG for products/services description and note','2016-08-09 11:42:35');
INSERT INTO `llx_const` VALUES (171,'FCKEDITOR_ENABLE_MAILING',1,1,'yesno',0,'WYSIWIG for mass emailings','2016-08-09 11:42:35');
INSERT INTO `llx_const` VALUES (172,'FCKEDITOR_ENABLE_DETAILS',1,1,'yesno',0,'WYSIWIG for products details lines for all entities','2016-08-09 11:42:35');
INSERT INTO `llx_const` VALUES (173,'FCKEDITOR_ENABLE_USERSIGN',1,1,'yesno',0,'WYSIWIG for user signature','2016-08-09 11:42:35');
INSERT INTO `llx_const` VALUES (174,'FCKEDITOR_ENABLE_MAIL',1,1,'yesno',0,'WYSIWIG for products details lines for all entities','2016-08-09 11:42:35');
INSERT INTO `llx_const` VALUES (176,'MAIN_MODULE_MAILING',1,1,NULL,0,NULL,'2016-08-09 11:42:39');
INSERT INTO `llx_const` VALUES (177,'MAIN_MODULE_EXPORT',1,1,NULL,0,NULL,'2016-08-09 11:42:42');
INSERT INTO `llx_const` VALUES (178,'MAIN_MODULE_IMPORT',1,1,NULL,0,NULL,'2016-08-09 11:42:46');
INSERT INTO `llx_const` VALUES (179,'MAIN_MODULE_BOOKMARK',1,1,NULL,0,NULL,'2016-08-09 11:42:49');
INSERT INTO `llx_const` VALUES (181,'MAIN_MODULE_WORKFLOW',1,1,NULL,0,NULL,'2016-08-09 11:42:59');
INSERT INTO `llx_const` VALUES (182,'MAIN_MODULE_MAILMANSPIP',1,1,NULL,0,NULL,'2016-08-09 11:43:30');
INSERT INTO `llx_const` VALUES (183,'ADHERENT_MAILMAN_UNSUB_URL',1,'http://lists.example.com/cgi-bin/mailman/admin/%LISTE%/members?adminpw=%MAILMAN_ADMINPW%&user=%EMAIL%','chaine',0,'Url de désinscription aux listes mailman','2016-08-09 11:43:30');
INSERT INTO `llx_const` VALUES (184,'ADHERENT_MAILMAN_URL',1,'http://lists.example.com/cgi-bin/mailman/admin/%LISTE%/members?adminpw=%MAILMAN_ADMINPW%&send_welcome_msg_to_this_batch=1&subscribees=%EMAIL%','chaine',0,'Url pour les inscriptions mailman','2016-08-09 11:43:30');
INSERT INTO `llx_const` VALUES (185,'ADHERENT_MAILMAN_LISTS',1,'','chaine',0,'Mailing-list to subscribe new members to','2016-08-09 11:43:30');
INSERT INTO `llx_const` VALUES (186,'MAIN_MODULE_ADHERENT',1,1,NULL,0,NULL,'2016-08-09 11:43:30');
INSERT INTO `llx_const` VALUES (187,'ADHERENT_MAIL_RESIL',1,'Votre adhésion vient d\'être résiliée.\nNous espérons vous revoir très bientôt','texte',0,'Mail de résiliation','2016-08-09 11:43:30');
INSERT INTO `llx_const` VALUES (188,'ADHERENT_MAIL_VALID',1,'Votre adhésion vient d\'être validée. \nVoici le rappel de vos coordonnées (toute information erronée entrainera la non validation de votre inscription) :\n\n%INFOS%\n\n','texte',0,'Mail de validation','2016-08-09 11:43:30');
INSERT INTO `llx_const` VALUES (189,'ADHERENT_MAIL_VALID_SUBJECT',1,'Votre adhésion a été validée','chaine',0,'Sujet du mail de validation','2016-08-09 11:43:30');
INSERT INTO `llx_const` VALUES (190,'ADHERENT_MAIL_RESIL_SUBJECT',1,'Résiliation de votre adhésion','chaine',0,'Sujet du mail de résiliation','2016-08-09 11:43:30');
INSERT INTO `llx_const` VALUES (191,'ADHERENT_MAIL_FROM',1,'','chaine',0,'From des mails','2016-08-09 11:43:30');
INSERT INTO `llx_const` VALUES (192,'ADHERENT_MAIL_COTIS',1,'Bonjour %FIRSTNAME%,\nCet email confirme que votre cotisation a été reçue\net enregistrée','texte',0,'Mail de validation de cotisation','2016-08-09 11:43:30');
INSERT INTO `llx_const` VALUES (193,'ADHERENT_MAIL_COTIS_SUBJECT',1,'Reçu de votre cotisation','chaine',0,'Sujet du mail de validation de cotisation','2016-08-09 11:43:30');
INSERT INTO `llx_const` VALUES (194,'ADHERENT_CARD_HEADER_TEXT',1,'%YEAR%','chaine',0,'Texte imprimé sur le haut de la carte adhérent','2016-08-09 11:43:30');
INSERT INTO `llx_const` VALUES (195,'ADHERENT_CARD_FOOTER_TEXT',1,'%COMPANY%','chaine',0,'Texte imprimé sur le bas de la carte adhérent','2016-08-09 11:43:30');
INSERT INTO `llx_const` VALUES (196,'ADHERENT_CARD_TEXT',1,'%FULLNAME%\nID: %ID%\n%EMAIL%\n%ADDRESS%\n%ZIP% %TOWN%\n%COUNTRY%','texte',0,'Text to print on member cards','2016-08-09 11:43:30');
INSERT INTO `llx_const` VALUES (197,'ADHERENT_MAILMAN_ADMINPW',1,'','chaine',0,'Mot de passe Admin des liste mailman','2016-08-09 11:43:30');
INSERT INTO `llx_const` VALUES (198,'ADHERENT_BANK_USE_AUTO',1,'','yesno',0,'Insertion automatique des cotisations dans le compte banquaire','2016-08-09 11:43:30');
INSERT INTO `llx_const` VALUES (199,'ADHERENT_BANK_ACCOUNT',1,'','chaine',0,'ID du Compte banquaire utilise','2016-08-09 11:43:30');
INSERT INTO `llx_const` VALUES (200,'ADHERENT_BANK_CATEGORIE',1,'','chaine',0,'ID de la catégorie banquaire des cotisations','2016-08-09 11:43:30');
INSERT INTO `llx_const` VALUES (201,'ADHERENT_ETIQUETTE_TYPE',1,'L7163','chaine',0,'Type of address sheets','2016-08-09 11:43:30');
INSERT INTO `llx_const` VALUES (202,'ADHERENT_ETIQUETTE_TEXT',1,'%FULLNAME%\n%ADDRESS%\n%ZIP% %TOWN%\n%COUNTRY%','texte',0,'Text to print on member address sheets','2016-08-09 11:43:30');
INSERT INTO `llx_const` VALUES (203,'MAIN_MODULE_LDAP',1,1,NULL,0,NULL,'2016-08-09 11:43:32');
INSERT INTO `llx_const` VALUES (204,'LDAP_SERVER_TYPE',1,'openldap','chaine',0,NULL,'2016-08-09 11:43:32');
INSERT INTO `llx_const` VALUES (205,'LDAP_SERVER_PROTOCOLVERSION',1,3,'chaine',0,NULL,'2016-08-09 11:43:32');
INSERT INTO `llx_const` VALUES (206,'LDAP_SERVER_HOST',1,'localhost','chaine',0,NULL,'2016-08-09 11:43:32');
INSERT INTO `llx_const` VALUES (207,'LDAP_USER_DN',1,'ou=users,dc=example,dc=com','chaine',0,NULL,'2016-08-09 11:43:32');
INSERT INTO `llx_const` VALUES (208,'LDAP_GROUP_DN',1,'ou=groups,dc=example,dc=com','chaine',0,NULL,'2016-08-09 11:43:32');
INSERT INTO `llx_const` VALUES (209,'LDAP_FILTER_CONNECTION',1,'&(objectClass=inetOrgPerson)','chaine',0,NULL,'2016-08-09 11:43:32');
INSERT INTO `llx_const` VALUES (210,'LDAP_FIELD_LOGIN',1,'uid','chaine',0,NULL,'2016-08-09 11:43:32');
INSERT INTO `llx_const` VALUES (211,'LDAP_FIELD_FULLNAME',1,'cn','chaine',0,NULL,'2016-08-09 11:43:32');
INSERT INTO `llx_const` VALUES (212,'LDAP_FIELD_NAME',1,'sn','chaine',0,NULL,'2016-08-09 11:43:32');
INSERT INTO `llx_const` VALUES (213,'LDAP_FIELD_FIRSTNAME',1,'givenname','chaine',0,NULL,'2016-08-09 11:43:32');
INSERT INTO `llx_const` VALUES (214,'LDAP_FIELD_MAIL',1,'mail','chaine',0,NULL,'2016-08-09 11:43:32');
INSERT INTO `llx_const` VALUES (215,'LDAP_FIELD_PHONE',1,'telephonenumber','chaine',0,NULL,'2016-08-09 11:43:32');
INSERT INTO `llx_const` VALUES (216,'LDAP_FIELD_FAX',1,'facsimiletelephonenumber','chaine',0,NULL,'2016-08-09 11:43:32');
INSERT INTO `llx_const` VALUES (217,'LDAP_FIELD_MOBILE',1,'mobile','chaine',0,NULL,'2016-08-09 11:43:32');
INSERT INTO `llx_const` VALUES (218,'MAIN_MODULE_EXTERNALSITE',1,1,NULL,0,NULL,'2016-08-09 11:43:37');
INSERT INTO `llx_const` VALUES (220,'MAIN_MODULE_GRAVATAR',1,1,NULL,0,NULL,'2016-08-09 11:43:45');
INSERT INTO `llx_const` VALUES (221,'MAIN_MODULE_FTP',1,1,NULL,0,NULL,'2016-08-09 11:43:48');
INSERT INTO `llx_const` VALUES (222,'MAIN_MODULE_GEOIPMAXMIND',1,1,NULL,0,NULL,'2016-08-09 11:43:53');
INSERT INTO `llx_const` VALUES (223,'MAIN_MODULE_SKYPE',1,1,NULL,0,NULL,'2016-08-09 11:43:57');
INSERT INTO `llx_const` VALUES (224,'MAIN_MODULE_SOCIETE',1,1,NULL,0,NULL,'2016-08-09 11:43:57');
INSERT INTO `llx_const` VALUES (225,'MAIN_MODULE_EXTERNALRSS',1,1,NULL,0,NULL,'2016-08-09 11:43:59');
INSERT INTO `llx_const` VALUES (226,'MAIN_MODULE_CLICKTODIAL',1,1,NULL,0,NULL,'2016-08-09 11:44:12');
INSERT INTO `llx_const` VALUES (227,'MAIN_MODULE_NOTIFICATION',1,1,NULL,0,NULL,'2016-08-09 11:44:25');
INSERT INTO `llx_const` VALUES (228,'MAIN_MODULE_OAUTH',1,1,NULL,0,NULL,'2016-08-09 11:44:30');
INSERT INTO `llx_const` VALUES (229,'MAIN_MODULE_PRINTING',1,1,NULL,0,NULL,'2016-08-09 11:44:32');
INSERT INTO `llx_const` VALUES (230,'MAIN_MODULE_CRON',1,1,NULL,0,NULL,'2016-08-09 11:44:48');
INSERT INTO `llx_const` VALUES (231,'CRON_KEY',0,'','chaine',0,'CRON KEY','2016-08-09 11:44:48');
INSERT INTO `llx_const` VALUES (232,'MAIN_MODULE_SYSLOG',0,1,NULL,0,NULL,'2016-08-09 11:44:52');
INSERT INTO `llx_const` VALUES (266,'MAIN_MODULE_USER',0,1,NULL,0,NULL,'2016-08-10 17:42:47');
INSERT INTO `llx_const` VALUES (267,'MAIN_VERSION_LAST_INSTALL',0,'3.9.3','chaine',0,'Dolibarr version when install','2016-08-10 17:42:47');
INSERT INTO `llx_const` VALUES (270,'SOCIETE_CODECLIENT_ADDON',1,'mod_codeclient_elephant','chaine',0,'','2016-09-06 10:47:53');
INSERT INTO `llx_const` VALUES (274,'PRODUCT_CODEPRODUCT_ADDON',1,'mod_codeproduct_leopard','chaine',0,'','2016-09-06 11:12:57');
INSERT INTO `llx_const` VALUES (275,'SOCIETE_CODECOMPTA_ADDON',1,'mod_codecompta_aquarium','chaine',0,'','2016-09-06 11:44:39');
INSERT INTO `llx_const` VALUES (277,'COMPANY_ELEPHANT_MASK_CUSTOMER',1,'CL-{yy}{mm}-{000000}','chaine',0,'','2016-10-03 13:14:16');
INSERT INTO `llx_const` VALUES (278,'COMPANY_ELEPHANT_MASK_SUPPLIER',1,'FO-{yy}{mm}-{000000}','chaine',0,'','2016-10-03 13:14:16');
INSERT INTO `llx_const` VALUES (291,'COMPANY_ADDON_PDF_ODT_PATH',1,'DOL_DATA_ROOT/doctemplates/thirdparties','chaine',0,'','2016-10-13 20:25:13');
INSERT INTO `llx_const` VALUES (307,'MAIN_MENU_STANDARD',1,'eldy_menu.php','chaine',0,'','2016-10-14 12:01:14');
INSERT INTO `llx_const` VALUES (308,'MAIN_MENU_SMARTPHONE',1,'eldy_menu.php','chaine',0,'','2016-10-14 12:01:14');
INSERT INTO `llx_const` VALUES (309,'MAIN_MENUFRONT_STANDARD',1,'eldy_menu.php','chaine',0,'','2016-10-14 12:01:14');
INSERT INTO `llx_const` VALUES (310,'MAIN_MENUFRONT_SMARTPHONE',1,'eldy_menu.php','chaine',0,'','2016-10-14 12:01:14');
INSERT INTO `llx_const` VALUES (311,'WEBSERVICES_KEY',1,'DelDem','chaine',0,'','2016-10-17 10:39:46');
INSERT INTO `llx_const` VALUES (329,'MAIN_INFO_SOCIETE_COUNTRY',1,'1:FR:France','chaine',0,'','2016-12-16 15:28:04');
INSERT INTO `llx_const` VALUES (330,'MAIN_INFO_SOCIETE_NOM',1,'EnerBioFlex','chaine',0,'','2016-12-16 15:28:04');
INSERT INTO `llx_const` VALUES (331,'MAIN_INFO_SOCIETE_ADDRESS',1,'9 rue de la prairie','chaine',0,'','2016-12-16 15:28:04');
INSERT INTO `llx_const` VALUES (332,'MAIN_INFO_SOCIETE_TOWN',1,'Saint Paul','chaine',0,'','2016-12-16 15:28:04');
INSERT INTO `llx_const` VALUES (333,'MAIN_INFO_SOCIETE_ZIP',1,60650,'chaine',0,'','2016-12-16 15:28:04');
INSERT INTO `llx_const` VALUES (334,'MAIN_INFO_SOCIETE_STATE',1,67,'chaine',0,'','2016-12-16 15:28:04');
INSERT INTO `llx_const` VALUES (335,'MAIN_MONNAIE',1,'EUR','chaine',0,'','2016-12-16 15:28:04');
INSERT INTO `llx_const` VALUES (336,'MAIN_INFO_SOCIETE_MAIL',1,'contact@enerbioflex.fr','chaine',0,'','2016-12-16 15:28:04');
INSERT INTO `llx_const` VALUES (337,'MAIN_INFO_SOCIETE_WEB',1,'www.enerbioflex.fr','chaine',0,'','2016-12-16 15:28:04');
INSERT INTO `llx_const` VALUES (338,'MAIN_INFO_SOCIETE_MANAGERS',1,'DELGOVE Julien ','chaine',0,'','2016-12-16 15:28:04');
INSERT INTO `llx_const` VALUES (339,'MAIN_INFO_CAPITAL',1,10000,'chaine',0,'','2016-12-16 15:28:04');
INSERT INTO `llx_const` VALUES (340,'MAIN_INFO_SOCIETE_FORME_JURIDIQUE',1,57,'chaine',0,'','2016-12-16 15:28:04');
INSERT INTO `llx_const` VALUES (341,'MAIN_INFO_SIREN',1,823364351,'chaine',0,'','2016-12-16 15:28:04');
INSERT INTO `llx_const` VALUES (342,'MAIN_INFO_SIRET',1,'823364351 00010','chaine',0,'','2016-12-16 15:28:04');
INSERT INTO `llx_const` VALUES (343,'MAIN_INFO_APE',1,'7112B','chaine',0,'','2016-12-16 15:28:04');
INSERT INTO `llx_const` VALUES (344,'MAIN_INFO_RCS',1,'823 364 351 R.C.S. Beauvais','chaine',0,'','2016-12-16 15:28:04');
INSERT INTO `llx_const` VALUES (345,'MAIN_INFO_TVAINTRA',1,'FR 93 823364351','chaine',0,'','2016-12-16 15:28:04');
INSERT INTO `llx_const` VALUES (346,'MAIN_INFO_SOCIETE_OBJECT',1,'Bureau d\'ingénierie et études techniques','chaine',0,'','2016-12-16 15:28:04');
INSERT INTO `llx_const` VALUES (347,'SOCIETE_FISCAL_MONTH_START',1,7,'chaine',0,'','2016-12-16 15:28:04');
INSERT INTO `llx_const` VALUES (348,'FACTURE_TVAOPTION',1,1,'chaine',0,'','2016-12-16 15:28:04');
INSERT INTO `llx_const` VALUES (349,'ACCOUNTING_MODE',1,'RECETTES-DEPENSES','chaine',0,'','2016-12-16 15:36:53');
INSERT INTO `llx_const` VALUES (350,'AGENT_CONTACT_TYPE',1,50,'chaine',0,'','2016-12-16 15:37:46');
INSERT INTO `llx_const` VALUES (353,'MAIN_MODULE_TODOIST',1,1,NULL,0,NULL,'2017-03-05 17:20:56');
INSERT INTO `llx_const` VALUES (356,'todoist_LABEL',1,'Todoist','chaine',0,'','2017-03-05 17:21:07');
INSERT INTO `llx_const` VALUES (357,'todoist_URL',1,'https://todoist.com/app?lang=fr&v=731#start','chaine',0,'','2017-03-05 17:21:07');
INSERT INTO `llx_const` VALUES (358,'MAIN_MODULE_TIMESHEET',1,1,NULL,0,NULL,'2017-03-05 18:03:16');
INSERT INTO `llx_const` VALUES (359,'MAIN_MODULE_TIMESHEET_TRIGGERS',1,0,'chaine',0,NULL,'2017-03-05 18:03:16');
INSERT INTO `llx_const` VALUES (360,'MAIN_MODULE_TIMESHEET_CSS',1,'[\"\\/timesheet\\/core\\/css\\/timesheet.css\"]','chaine',0,NULL,'2017-03-05 18:03:16');
INSERT INTO `llx_const` VALUES (379,'TIMESHEET_ADD_DOCS',1,'','chaine',0,'Allow to join files to timesheets','2017-03-05 18:03:16');
INSERT INTO `llx_const` VALUES (380,'MAIN_MODULE_PROJET',1,1,NULL,0,NULL,'2017-03-05 18:03:16');
INSERT INTO `llx_const` VALUES (393,'TIMESHEET_TIME_TYPE',1,'hours','chaine',0,'','2017-03-05 18:06:31');
INSERT INTO `llx_const` VALUES (394,'TIMESHEET_DAY_DURATION',1,8,'chaine',0,'','2017-03-05 18:06:31');
INSERT INTO `llx_const` VALUES (395,'TIMESHEET_DAY_MAX_DURATION',1,12,'chaine',0,'','2017-03-05 18:06:31');
INSERT INTO `llx_const` VALUES (396,'TIMESHEET_MAX_APPROVAL',1,5,'chaine',0,'','2017-03-05 18:06:31');
INSERT INTO `llx_const` VALUES (397,'TIMESHEET_WHITELIST',1,1,'int',0,'','2017-03-05 18:06:31');
INSERT INTO `llx_const` VALUES (398,'TIMESHEET_HEADERS',1,'Company||Project||TaskParent||Tasks||DateStart||DateEnd||Progress','chaine',0,'','2017-03-05 18:06:31');
INSERT INTO `llx_const` VALUES (399,'TIMESHEET_COL_DRAFT',1,'FF00FF','chaine',0,'','2017-03-05 18:06:31');
INSERT INTO `llx_const` VALUES (400,'TIMESHEET_COL_SUBMITTED',1,'00FFFF','chaine',0,'','2017-03-05 18:06:31');
INSERT INTO `llx_const` VALUES (401,'TIMESHEET_COL_APPROVED',1,'00FF00','chaine',0,'','2017-03-05 18:06:31');
INSERT INTO `llx_const` VALUES (402,'TIMESHEET_COL_REJECTED',1,'FF0000','chaine',0,'','2017-03-05 18:06:31');
INSERT INTO `llx_const` VALUES (403,'TIMESHEET_COL_CANCELLED',1,'FFFF00','chaine',0,'','2017-03-05 18:06:31');
INSERT INTO `llx_const` VALUES (404,'TIMESHEET_ADD_HOLIDAY_TIME',1,1,'chaine',0,'','2017-03-05 18:06:31');
INSERT INTO `llx_const` VALUES (405,'TIMESHEET_OPEN_DAYS',1,'_1111110','chaine',0,'','2017-03-05 18:06:31');
INSERT INTO `llx_const` VALUES (406,'MAIN_PDF_FORMAT',1,'EUA4','chaine',0,'','2017-03-14 14:58:45');
INSERT INTO `llx_const` VALUES (407,'MAIN_PROFID1_IN_ADDRESS',1,0,'chaine',0,'','2017-03-14 14:58:45');
INSERT INTO `llx_const` VALUES (408,'MAIN_PROFID2_IN_ADDRESS',1,0,'chaine',0,'','2017-03-14 14:58:45');
INSERT INTO `llx_const` VALUES (409,'MAIN_PROFID3_IN_ADDRESS',1,0,'chaine',0,'','2017-03-14 14:58:45');
INSERT INTO `llx_const` VALUES (410,'MAIN_PROFID4_IN_ADDRESS',1,0,'chaine',0,'','2017-03-14 14:58:45');
INSERT INTO `llx_const` VALUES (411,'MAIN_GENERATE_DOCUMENTS_WITHOUT_VAT',1,0,'chaine',0,'','2017-03-14 14:58:45');
INSERT INTO `llx_const` VALUES (412,'MAIN_TVAINTRA_NOT_IN_ADDRESS',1,0,'chaine',0,'','2017-03-14 14:58:45');
INSERT INTO `llx_const` VALUES (413,'MAIN_GENERATE_DOCUMENTS_HIDE_DETAILS',1,0,'chaine',0,'','2017-03-14 14:58:45');
INSERT INTO `llx_const` VALUES (414,'MAIN_GENERATE_DOCUMENTS_HIDE_DESC',1,0,'chaine',0,'','2017-03-14 14:58:45');
INSERT INTO `llx_const` VALUES (415,'MAIN_GENERATE_DOCUMENTS_HIDE_REF',1,0,'chaine',0,'','2017-03-14 14:58:45');
INSERT INTO `llx_const` VALUES (416,'MAIN_PDF_USE_ISO_LOCATION',1,0,'chaine',0,'','2017-03-14 14:58:45');
INSERT INTO `llx_const` VALUES (419,'FCKEDITOR_SKIN',1,'moono','chaine',0,'','2017-03-20 17:33:29');
INSERT INTO `llx_const` VALUES (420,'FCKEDITOR_TEST',1,'Test repertoire de texte etienne','chaine',0,'','2017-03-20 17:33:29');
INSERT INTO `llx_const` VALUES (423,'PROPALE_ADDON_PDF_ODT_PATH',1,'C:\\Users\\etien\\Documents\\Temporaire','chaine',0,'','2017-04-11 20:34:03');
INSERT INTO `llx_const` VALUES (424,'MAIN_MODULE_DON',1,1,NULL,0,NULL,'2017-04-22 21:58:37');
INSERT INTO `llx_const` VALUES (425,'DON_ADDON_MODEL',1,'html_cerfafr','chaine',0,'Nom du gestionnaire de generation de recu de dons','2017-04-22 21:58:37');
INSERT INTO `llx_const` VALUES (426,'DONATION_ART200',1,'','yesno',0,'Option Française - Eligibilité Art200 du CGI','2017-04-22 21:58:37');
INSERT INTO `llx_const` VALUES (427,'DONATION_ART238',1,'','yesno',0,'Option Française - Eligibilité Art238 bis du CGI','2017-04-22 21:58:37');
INSERT INTO `llx_const` VALUES (428,'DONATION_ART885',1,'','yesno',0,'Option Française - Eligibilité Art885-0 V bis du CGI','2017-04-22 21:58:37');
INSERT INTO `llx_const` VALUES (429,'DONATION_MESSAGE',1,'Thank you','chaine',0,'Message affiché sur le récépissé de versements ou dons','2017-04-22 21:58:37');
INSERT INTO `llx_const` VALUES (430,'DONATION_ACCOUNTINGACCOUNT',1,7581,'chaine',0,'Compte comptable de remise des versements ou dons','2017-04-22 21:58:37');
INSERT INTO `llx_const` VALUES (431,'SYSTEMTOOLS_MYSQLDUMP',1,'/usr/bin/mysqldump','chaine',0,'','2017-05-24 11:47:19');
ALTER TABLE `llx_const` ENABLE KEYS;
UNLOCK TABLES;




--
-- Table structure for table `llx_contrat`
--
DROP TABLE IF EXISTS `llx_contrat`;
CREATE TABLE `llx_contrat` (
  `rowid` int(11) NOT NULL AUTO_INCREMENT,
  `ref` varchar(30) COLLATE latin1_general_ci DEFAULT NULL,
  `ref_customer` varchar(30) COLLATE latin1_general_ci DEFAULT NULL,
  `ref_supplier` varchar(30) COLLATE latin1_general_ci DEFAULT NULL,
  `ref_ext` varchar(30) COLLATE latin1_general_ci DEFAULT NULL,
  `entity` int(11) NOT NULL DEFAULT '1',
  `tms` timestamp NOT NULL DEFAULT CURRENT_TIMESTAMP ON UPDATE CURRENT_TIMESTAMP,
  `datec` datetime DEFAULT NULL,
  `date_contrat` datetime DEFAULT NULL,
  `statut` smallint(6) DEFAULT '0',
  `mise_en_service` datetime DEFAULT NULL,
  `fin_validite` datetime DEFAULT NULL,
  `date_cloture` datetime DEFAULT NULL,
  `fk_soc` int(11) NOT NULL,
  `fk_projet` int(11) DEFAULT NULL,
  `fk_commercial_signature` int(11) DEFAULT NULL,
  `fk_commercial_suivi` int(11) DEFAULT NULL,
  `fk_user_author` int(11) NOT NULL DEFAULT '0',
  `fk_user_mise_en_service` int(11) DEFAULT NULL,
  `fk_user_cloture` int(11) DEFAULT NULL,
  `note_private` text COLLATE latin1_general_ci,
  `note_public` text COLLATE latin1_general_ci,
  `model_pdf` varchar(255) COLLATE latin1_general_ci DEFAULT NULL,
  `import_key` varchar(14) COLLATE latin1_general_ci DEFAULT NULL,
  `extraparams` varchar(255) COLLATE latin1_general_ci DEFAULT NULL,
  PRIMARY KEY (`rowid`),
  UNIQUE KEY `uk_contrat_ref` (`ref`,`entity`),
  KEY `idx_contrat_fk_soc` (`fk_soc`),
  KEY `idx_contrat_fk_user_author` (`fk_user_author`),
  CONSTRAINT `fk_contrat_fk_soc` FOREIGN KEY (`fk_soc`) REFERENCES `llx_societe` (`rowid`),
  CONSTRAINT `fk_contrat_user_author` FOREIGN KEY (`fk_user_author`) REFERENCES `llx_user` (`rowid`)
) ENGINE=InnoDB DEFAULT CHARSET=latin1 COLLATE=latin1_general_ci;

--
-- Dumping data for table `llx_contrat`
--
LOCK TABLES `llx_contrat` WRITE;
ALTER TABLE `llx_contrat` DISABLE KEYS;
ALTER TABLE `llx_contrat` ENABLE KEYS;
UNLOCK TABLES;




--
-- Table structure for table `llx_contrat_extrafields`
--
DROP TABLE IF EXISTS `llx_contrat_extrafields`;
CREATE TABLE `llx_contrat_extrafields` (
  `rowid` int(11) NOT NULL AUTO_INCREMENT,
  `tms` timestamp NOT NULL DEFAULT CURRENT_TIMESTAMP ON UPDATE CURRENT_TIMESTAMP,
  `fk_object` int(11) NOT NULL,
  `import_key` varchar(14) COLLATE latin1_general_ci DEFAULT NULL,
  `azerty` varchar(255) COLLATE latin1_general_ci DEFAULT NULL,
  PRIMARY KEY (`rowid`),
  KEY `idx_contrat_extrafields` (`fk_object`)
) ENGINE=InnoDB DEFAULT CHARSET=latin1 COLLATE=latin1_general_ci;

--
-- Dumping data for table `llx_contrat_extrafields`
--
LOCK TABLES `llx_contrat_extrafields` WRITE;
ALTER TABLE `llx_contrat_extrafields` DISABLE KEYS;
ALTER TABLE `llx_contrat_extrafields` ENABLE KEYS;
UNLOCK TABLES;




--
-- Table structure for table `llx_contratdet`
--
DROP TABLE IF EXISTS `llx_contratdet`;
CREATE TABLE `llx_contratdet` (
  `rowid` int(11) NOT NULL AUTO_INCREMENT,
  `tms` timestamp NOT NULL DEFAULT CURRENT_TIMESTAMP ON UPDATE CURRENT_TIMESTAMP,
  `fk_contrat` int(11) NOT NULL,
  `fk_product` int(11) DEFAULT NULL,
  `statut` smallint(6) DEFAULT '0',
  `label` text COLLATE latin1_general_ci,
  `description` text COLLATE latin1_general_ci,
  `fk_remise_except` int(11) DEFAULT NULL,
  `date_commande` datetime DEFAULT NULL,
  `date_ouverture_prevue` datetime DEFAULT NULL,
  `date_ouverture` datetime DEFAULT NULL,
  `date_fin_validite` datetime DEFAULT NULL,
  `date_cloture` datetime DEFAULT NULL,
  `tva_tx` double(6,3) DEFAULT '0.000',
  `localtax1_tx` double(6,3) DEFAULT '0.000',
  `localtax1_type` varchar(10) COLLATE latin1_general_ci DEFAULT NULL,
  `localtax2_tx` double(6,3) DEFAULT '0.000',
  `localtax2_type` varchar(10) COLLATE latin1_general_ci DEFAULT NULL,
  `qty` double NOT NULL,
  `remise_percent` double DEFAULT '0',
  `subprice` double(24,8) DEFAULT '0.00000000',
  `price_ht` double DEFAULT NULL,
  `remise` double DEFAULT '0',
  `total_ht` double(24,8) DEFAULT '0.00000000',
  `total_tva` double(24,8) DEFAULT '0.00000000',
  `total_localtax1` double(24,8) DEFAULT '0.00000000',
  `total_localtax2` double(24,8) DEFAULT '0.00000000',
  `total_ttc` double(24,8) DEFAULT '0.00000000',
  `product_type` int(11) DEFAULT '1',
  `info_bits` int(11) DEFAULT '0',
  `buy_price_ht` double(24,8) DEFAULT NULL,
  `fk_product_fournisseur_price` int(11) DEFAULT NULL,
  `fk_user_author` int(11) NOT NULL DEFAULT '0',
  `fk_user_ouverture` int(11) DEFAULT NULL,
  `fk_user_cloture` int(11) DEFAULT NULL,
  `commentaire` text COLLATE latin1_general_ci,
  `fk_unit` int(11) DEFAULT NULL,
  PRIMARY KEY (`rowid`),
  KEY `idx_contratdet_fk_contrat` (`fk_contrat`),
  KEY `idx_contratdet_fk_product` (`fk_product`),
  KEY `idx_contratdet_date_ouverture_prevue` (`date_ouverture_prevue`),
  KEY `idx_contratdet_date_ouverture` (`date_ouverture`),
  KEY `idx_contratdet_date_fin_validite` (`date_fin_validite`),
  KEY `fk_contratdet_fk_unit` (`fk_unit`),
  CONSTRAINT `fk_contratdet_fk_contrat` FOREIGN KEY (`fk_contrat`) REFERENCES `llx_contrat` (`rowid`),
  CONSTRAINT `fk_contratdet_fk_product` FOREIGN KEY (`fk_product`) REFERENCES `llx_product` (`rowid`),
  CONSTRAINT `fk_contratdet_fk_unit` FOREIGN KEY (`fk_unit`) REFERENCES `llx_c_units` (`rowid`)
) ENGINE=InnoDB DEFAULT CHARSET=latin1 COLLATE=latin1_general_ci;

--
-- Dumping data for table `llx_contratdet`
--
LOCK TABLES `llx_contratdet` WRITE;
ALTER TABLE `llx_contratdet` DISABLE KEYS;
ALTER TABLE `llx_contratdet` ENABLE KEYS;
UNLOCK TABLES;




--
-- Table structure for table `llx_contratdet_extrafields`
--
DROP TABLE IF EXISTS `llx_contratdet_extrafields`;
CREATE TABLE `llx_contratdet_extrafields` (
  `rowid` int(11) NOT NULL AUTO_INCREMENT,
  `tms` timestamp NOT NULL DEFAULT CURRENT_TIMESTAMP ON UPDATE CURRENT_TIMESTAMP,
  `fk_object` int(11) NOT NULL,
  `import_key` varchar(14) COLLATE latin1_general_ci DEFAULT NULL,
  `qwerty` text COLLATE latin1_general_ci,
  PRIMARY KEY (`rowid`),
  KEY `idx_contratdet_extrafields` (`fk_object`)
) ENGINE=InnoDB DEFAULT CHARSET=latin1 COLLATE=latin1_general_ci;

--
-- Dumping data for table `llx_contratdet_extrafields`
--
LOCK TABLES `llx_contratdet_extrafields` WRITE;
ALTER TABLE `llx_contratdet_extrafields` DISABLE KEYS;
ALTER TABLE `llx_contratdet_extrafields` ENABLE KEYS;
UNLOCK TABLES;




--
-- Table structure for table `llx_contratdet_log`
--
DROP TABLE IF EXISTS `llx_contratdet_log`;
CREATE TABLE `llx_contratdet_log` (
  `rowid` int(11) NOT NULL AUTO_INCREMENT,
  `tms` timestamp NOT NULL DEFAULT CURRENT_TIMESTAMP ON UPDATE CURRENT_TIMESTAMP,
  `fk_contratdet` int(11) NOT NULL,
  `date` datetime NOT NULL,
  `statut` smallint(6) NOT NULL,
  `fk_user_author` int(11) NOT NULL,
  `commentaire` text COLLATE latin1_general_ci,
  PRIMARY KEY (`rowid`),
  KEY `idx_contratdet_log_fk_contratdet` (`fk_contratdet`),
  KEY `idx_contratdet_log_date` (`date`),
  CONSTRAINT `fk_contratdet_log_fk_contratdet` FOREIGN KEY (`fk_contratdet`) REFERENCES `llx_contratdet` (`rowid`)
) ENGINE=InnoDB DEFAULT CHARSET=latin1 COLLATE=latin1_general_ci;

--
-- Dumping data for table `llx_contratdet_log`
--
LOCK TABLES `llx_contratdet_log` WRITE;
ALTER TABLE `llx_contratdet_log` DISABLE KEYS;
ALTER TABLE `llx_contratdet_log` ENABLE KEYS;
UNLOCK TABLES;




--
-- Table structure for table `llx_cotisation`
--
DROP TABLE IF EXISTS `llx_cotisation`;
CREATE TABLE `llx_cotisation` (
  `rowid` int(11) NOT NULL AUTO_INCREMENT,
  `tms` timestamp NOT NULL DEFAULT CURRENT_TIMESTAMP ON UPDATE CURRENT_TIMESTAMP,
  `datec` datetime DEFAULT NULL,
  `fk_adherent` int(11) DEFAULT NULL,
  `dateadh` datetime DEFAULT NULL,
  `datef` date DEFAULT NULL,
  `cotisation` double DEFAULT NULL,
  `fk_bank` int(11) DEFAULT NULL,
  `note` text COLLATE latin1_general_ci,
  PRIMARY KEY (`rowid`),
  UNIQUE KEY `uk_cotisation` (`fk_adherent`,`dateadh`)
) ENGINE=InnoDB DEFAULT CHARSET=latin1 COLLATE=latin1_general_ci;

--
-- Dumping data for table `llx_cotisation`
--
LOCK TABLES `llx_cotisation` WRITE;
ALTER TABLE `llx_cotisation` DISABLE KEYS;
ALTER TABLE `llx_cotisation` ENABLE KEYS;
UNLOCK TABLES;




--
-- Table structure for table `llx_cronjob`
--
DROP TABLE IF EXISTS `llx_cronjob`;
CREATE TABLE `llx_cronjob` (
  `rowid` int(11) NOT NULL AUTO_INCREMENT,
  `tms` timestamp NOT NULL DEFAULT CURRENT_TIMESTAMP ON UPDATE CURRENT_TIMESTAMP,
  `datec` datetime DEFAULT NULL,
  `jobtype` varchar(10) COLLATE latin1_general_ci NOT NULL,
  `label` text COLLATE latin1_general_ci NOT NULL,
  `command` varchar(255) COLLATE latin1_general_ci DEFAULT NULL,
  `classesname` varchar(255) COLLATE latin1_general_ci DEFAULT NULL,
  `objectname` varchar(255) COLLATE latin1_general_ci DEFAULT NULL,
  `methodename` varchar(255) COLLATE latin1_general_ci DEFAULT NULL,
  `params` text COLLATE latin1_general_ci,
  `md5params` varchar(32) COLLATE latin1_general_ci DEFAULT NULL,
  `module_name` varchar(255) COLLATE latin1_general_ci DEFAULT NULL,
  `priority` int(11) DEFAULT '0',
  `datelastrun` datetime DEFAULT NULL,
  `datenextrun` datetime DEFAULT NULL,
  `datestart` datetime DEFAULT NULL,
  `dateend` datetime DEFAULT NULL,
  `datelastresult` datetime DEFAULT NULL,
  `lastresult` text COLLATE latin1_general_ci,
  `lastoutput` text COLLATE latin1_general_ci,
  `unitfrequency` int(11) NOT NULL DEFAULT '0',
  `frequency` int(11) NOT NULL DEFAULT '0',
  `maxrun` int(11) NOT NULL DEFAULT '0',
  `nbrun` int(11) DEFAULT NULL,
  `autodelete` int(11) DEFAULT '0',
  `status` int(11) NOT NULL DEFAULT '1',
  `fk_user_author` int(11) DEFAULT NULL,
  `fk_user_mod` int(11) DEFAULT NULL,
  `fk_mailing` int(11) DEFAULT NULL,
  `note` text COLLATE latin1_general_ci,
  `libname` varchar(255) COLLATE latin1_general_ci DEFAULT NULL,
  `entity` int(11) DEFAULT '0',
  PRIMARY KEY (`rowid`),
  KEY `idx_cronjob_status` (`status`),
  KEY `idx_cronjob_datelastrun` (`datelastrun`),
  KEY `idx_cronjob_datenextrun` (`datenextrun`),
  KEY `idx_cronjob_datestart` (`datestart`),
  KEY `idx_cronjob_dateend` (`dateend`)
) ENGINE=InnoDB DEFAULT CHARSET=latin1 COLLATE=latin1_general_ci;

--
-- Dumping data for table `llx_cronjob`
--
LOCK TABLES `llx_cronjob` WRITE;
ALTER TABLE `llx_cronjob` DISABLE KEYS;
ALTER TABLE `llx_cronjob` ENABLE KEYS;
UNLOCK TABLES;




--
-- Table structure for table `llx_deplacement`
--
DROP TABLE IF EXISTS `llx_deplacement`;
CREATE TABLE `llx_deplacement` (
  `rowid` int(11) NOT NULL AUTO_INCREMENT,
  `ref` varchar(30) COLLATE latin1_general_ci DEFAULT NULL,
  `entity` int(11) NOT NULL DEFAULT '1',
  `datec` datetime NOT NULL,
  `tms` timestamp NOT NULL DEFAULT CURRENT_TIMESTAMP ON UPDATE CURRENT_TIMESTAMP,
  `dated` datetime DEFAULT NULL,
  `fk_user` int(11) NOT NULL,
  `fk_user_author` int(11) DEFAULT NULL,
  `fk_user_modif` int(11) DEFAULT NULL,
  `type` varchar(12) COLLATE latin1_general_ci NOT NULL,
  `fk_statut` int(11) NOT NULL DEFAULT '1',
  `km` double DEFAULT NULL,
  `fk_soc` int(11) DEFAULT NULL,
  `fk_projet` int(11) DEFAULT '0',
  `note_private` text COLLATE latin1_general_ci,
  `note_public` text COLLATE latin1_general_ci,
  `extraparams` varchar(255) COLLATE latin1_general_ci DEFAULT NULL,
  PRIMARY KEY (`rowid`)
) ENGINE=InnoDB DEFAULT CHARSET=latin1 COLLATE=latin1_general_ci;

--
-- Dumping data for table `llx_deplacement`
--
LOCK TABLES `llx_deplacement` WRITE;
ALTER TABLE `llx_deplacement` DISABLE KEYS;
ALTER TABLE `llx_deplacement` ENABLE KEYS;
UNLOCK TABLES;




--
-- Table structure for table `llx_document_model`
--
DROP TABLE IF EXISTS `llx_document_model`;
CREATE TABLE `llx_document_model` (
  `rowid` int(11) NOT NULL AUTO_INCREMENT,
  `nom` varchar(50) COLLATE latin1_general_ci DEFAULT NULL,
  `entity` int(11) NOT NULL DEFAULT '1',
  `type` varchar(20) COLLATE latin1_general_ci NOT NULL,
  `libelle` varchar(255) COLLATE latin1_general_ci DEFAULT NULL,
  `description` text COLLATE latin1_general_ci,
  PRIMARY KEY (`rowid`),
  UNIQUE KEY `uk_document_model` (`nom`,`type`,`entity`)
) ENGINE=InnoDB AUTO_INCREMENT=21 DEFAULT CHARSET=latin1 COLLATE=latin1_general_ci;

--
-- Dumping data for table `llx_document_model`
--
LOCK TABLES `llx_document_model` WRITE;
ALTER TABLE `llx_document_model` DISABLE KEYS;
INSERT INTO `llx_document_model` VALUES (1,'standard',1,'deplacement',NULL,NULL);
INSERT INTO `llx_document_model` VALUES (4,'rouget',1,'shipping',NULL,NULL);
INSERT INTO `llx_document_model` VALUES (5,'typhon',1,'delivery',NULL,NULL);
INSERT INTO `llx_document_model` VALUES (6,'einstein',1,'order',NULL,NULL);
INSERT INTO `llx_document_model` VALUES (7,'soleil',1,'ficheinter',NULL,NULL);
INSERT INTO `llx_document_model` VALUES (10,'azur',1,'propal',NULL,NULL);
INSERT INTO `llx_document_model` VALUES (11,'crabe',1,'invoice',NULL,NULL);
INSERT INTO `llx_document_model` VALUES (12,'muscadet',1,'order_supplier',NULL,NULL);
INSERT INTO `llx_document_model` VALUES (16,'standard',1,'expensereport',NULL,NULL);
INSERT INTO `llx_document_model` VALUES (17,'baleine',1,'project',NULL,NULL);
INSERT INTO `llx_document_model` VALUES (20,'html_cerfafr',1,'donation',NULL,NULL);
ALTER TABLE `llx_document_model` ENABLE KEYS;
UNLOCK TABLES;




--
-- Table structure for table `llx_don`
--
DROP TABLE IF EXISTS `llx_don`;
CREATE TABLE `llx_don` (
  `rowid` int(11) NOT NULL AUTO_INCREMENT,
  `ref` varchar(30) COLLATE latin1_general_ci DEFAULT NULL,
  `entity` int(11) NOT NULL DEFAULT '1',
  `tms` timestamp NOT NULL DEFAULT CURRENT_TIMESTAMP ON UPDATE CURRENT_TIMESTAMP,
  `fk_statut` smallint(6) NOT NULL DEFAULT '0',
  `datec` datetime DEFAULT NULL,
  `datedon` datetime DEFAULT NULL,
  `amount` double DEFAULT '0',
  `fk_payment` int(11) DEFAULT NULL,
  `paid` smallint(6) NOT NULL DEFAULT '0',
  `firstname` varchar(50) COLLATE latin1_general_ci DEFAULT NULL,
  `lastname` varchar(50) COLLATE latin1_general_ci DEFAULT NULL,
  `societe` varchar(50) COLLATE latin1_general_ci DEFAULT NULL,
  `address` text COLLATE latin1_general_ci,
  `zip` varchar(30) COLLATE latin1_general_ci DEFAULT NULL,
  `town` varchar(50) COLLATE latin1_general_ci DEFAULT NULL,
  `country` varchar(50) COLLATE latin1_general_ci DEFAULT NULL,
  `fk_country` int(11) NOT NULL,
  `email` varchar(255) COLLATE latin1_general_ci DEFAULT NULL,
  `phone` varchar(24) COLLATE latin1_general_ci DEFAULT NULL,
  `phone_mobile` varchar(24) COLLATE latin1_general_ci DEFAULT NULL,
  `public` smallint(6) NOT NULL DEFAULT '1',
  `fk_projet` int(11) DEFAULT NULL,
  `fk_user_author` int(11) NOT NULL,
  `fk_user_valid` int(11) DEFAULT NULL,
  `note_private` text COLLATE latin1_general_ci,
  `note_public` text COLLATE latin1_general_ci,
  `model_pdf` varchar(255) COLLATE latin1_general_ci DEFAULT NULL,
  `import_key` varchar(14) COLLATE latin1_general_ci DEFAULT NULL,
  PRIMARY KEY (`rowid`)
) ENGINE=InnoDB DEFAULT CHARSET=latin1 COLLATE=latin1_general_ci;

--
-- Dumping data for table `llx_don`
--
LOCK TABLES `llx_don` WRITE;
ALTER TABLE `llx_don` DISABLE KEYS;
ALTER TABLE `llx_don` ENABLE KEYS;
UNLOCK TABLES;




--
-- Table structure for table `llx_don_extrafields`
--
DROP TABLE IF EXISTS `llx_don_extrafields`;
CREATE TABLE `llx_don_extrafields` (
  `rowid` int(11) NOT NULL AUTO_INCREMENT,
  `tms` timestamp NOT NULL DEFAULT CURRENT_TIMESTAMP ON UPDATE CURRENT_TIMESTAMP,
  `fk_object` int(11) NOT NULL,
  `import_key` varchar(14) COLLATE latin1_general_ci DEFAULT NULL,
  PRIMARY KEY (`rowid`),
  KEY `idx_don_extrafields` (`fk_object`)
) ENGINE=InnoDB DEFAULT CHARSET=latin1 COLLATE=latin1_general_ci;

--
-- Dumping data for table `llx_don_extrafields`
--
LOCK TABLES `llx_don_extrafields` WRITE;
ALTER TABLE `llx_don_extrafields` DISABLE KEYS;
ALTER TABLE `llx_don_extrafields` ENABLE KEYS;
UNLOCK TABLES;




--
-- Table structure for table `llx_ecm_directories`
--
DROP TABLE IF EXISTS `llx_ecm_directories`;
CREATE TABLE `llx_ecm_directories` (
  `rowid` int(11) NOT NULL AUTO_INCREMENT,
  `label` varchar(64) COLLATE latin1_general_ci NOT NULL,
  `entity` int(11) NOT NULL DEFAULT '1',
  `fk_parent` int(11) DEFAULT NULL,
  `description` varchar(255) COLLATE latin1_general_ci NOT NULL,
  `cachenbofdoc` int(11) NOT NULL DEFAULT '0',
  `fullpath` varchar(750) COLLATE latin1_general_ci DEFAULT NULL,
  `extraparams` varchar(255) COLLATE latin1_general_ci DEFAULT NULL,
  `date_c` datetime DEFAULT NULL,
  `date_m` timestamp NOT NULL DEFAULT CURRENT_TIMESTAMP ON UPDATE CURRENT_TIMESTAMP,
  `fk_user_c` int(11) DEFAULT NULL,
  `fk_user_m` int(11) DEFAULT NULL,
  `acl` text COLLATE latin1_general_ci,
  PRIMARY KEY (`rowid`),
  UNIQUE KEY `uk_ecm_directories` (`label`,`fk_parent`,`entity`),
  KEY `idx_ecm_directories_fk_user_c` (`fk_user_c`),
  KEY `idx_ecm_directories_fk_user_m` (`fk_user_m`),
  CONSTRAINT `fk_ecm_directories_fk_user_c` FOREIGN KEY (`fk_user_c`) REFERENCES `llx_user` (`rowid`),
  CONSTRAINT `fk_ecm_directories_fk_user_m` FOREIGN KEY (`fk_user_m`) REFERENCES `llx_user` (`rowid`)
) ENGINE=InnoDB DEFAULT CHARSET=latin1 COLLATE=latin1_general_ci;

--
-- Dumping data for table `llx_ecm_directories`
--
LOCK TABLES `llx_ecm_directories` WRITE;
ALTER TABLE `llx_ecm_directories` DISABLE KEYS;
ALTER TABLE `llx_ecm_directories` ENABLE KEYS;
UNLOCK TABLES;




--
-- Table structure for table `llx_ecm_files`
--
DROP TABLE IF EXISTS `llx_ecm_files`;
CREATE TABLE `llx_ecm_files` (
  `rowid` int(11) NOT NULL AUTO_INCREMENT,
  `label` varchar(64) COLLATE latin1_general_ci NOT NULL,
  `entity` int(11) NOT NULL DEFAULT '1',
  `filename` varchar(255) COLLATE latin1_general_ci NOT NULL,
  `fullpath` varchar(750) COLLATE latin1_general_ci NOT NULL,
  `fullpath_orig` varchar(750) COLLATE latin1_general_ci DEFAULT NULL,
  `description` text COLLATE latin1_general_ci,
  `keywords` text COLLATE latin1_general_ci,
  `cover` text COLLATE latin1_general_ci,
  `extraparams` varchar(255) COLLATE latin1_general_ci DEFAULT NULL,
  `date_c` datetime DEFAULT NULL,
  `date_m` timestamp NOT NULL DEFAULT CURRENT_TIMESTAMP ON UPDATE CURRENT_TIMESTAMP,
  `fk_user_c` int(11) DEFAULT NULL,
  `fk_user_m` int(11) DEFAULT NULL,
  `acl` text COLLATE latin1_general_ci,
  PRIMARY KEY (`rowid`),
  UNIQUE KEY `uk_ecm_files` (`label`,`entity`)
) ENGINE=InnoDB DEFAULT CHARSET=latin1 COLLATE=latin1_general_ci;

--
-- Dumping data for table `llx_ecm_files`
--
LOCK TABLES `llx_ecm_files` WRITE;
ALTER TABLE `llx_ecm_files` DISABLE KEYS;
ALTER TABLE `llx_ecm_files` ENABLE KEYS;
UNLOCK TABLES;




--
-- Table structure for table `llx_element_contact`
--
DROP TABLE IF EXISTS `llx_element_contact`;
CREATE TABLE `llx_element_contact` (
  `rowid` int(11) NOT NULL AUTO_INCREMENT,
  `datecreate` datetime DEFAULT NULL,
  `statut` smallint(6) DEFAULT '5',
  `element_id` int(11) NOT NULL,
  `fk_c_type_contact` int(11) NOT NULL,
  `fk_socpeople` int(11) NOT NULL,
  PRIMARY KEY (`rowid`),
  UNIQUE KEY `idx_element_contact_idx1` (`element_id`,`fk_c_type_contact`,`fk_socpeople`),
  KEY `fk_element_contact_fk_c_type_contact` (`fk_c_type_contact`),
  KEY `idx_element_contact_fk_socpeople` (`fk_socpeople`),
  CONSTRAINT `fk_element_contact_fk_c_type_contact` FOREIGN KEY (`fk_c_type_contact`) REFERENCES `llx_c_type_contact` (`rowid`)
) ENGINE=InnoDB AUTO_INCREMENT=27 DEFAULT CHARSET=latin1 COLLATE=latin1_general_ci;

--
-- Dumping data for table `llx_element_contact`
--
LOCK TABLES `llx_element_contact` WRITE;
ALTER TABLE `llx_element_contact` DISABLE KEYS;
INSERT INTO `llx_element_contact` VALUES (2,'2016-10-01 21:25:08',4,3,41,2);
INSERT INTO `llx_element_contact` VALUES (3,'2016-10-11 10:55:49',4,1,160,2);
INSERT INTO `llx_element_contact` VALUES (4,'2016-10-20 18:43:08',4,4,41,11);
INSERT INTO `llx_element_contact` VALUES (5,'2016-10-25 17:46:49',4,5,41,12);
INSERT INTO `llx_element_contact` VALUES (8,'2016-11-29 09:10:23',4,2,160,1);
INSERT INTO `llx_element_contact` VALUES (9,'2016-12-13 15:08:37',4,10,41,36);
INSERT INTO `llx_element_contact` VALUES (10,'2017-01-06 18:26:38',4,12,41,38);
INSERT INTO `llx_element_contact` VALUES (12,'2017-01-06 18:42:25',4,14,41,38);
INSERT INTO `llx_element_contact` VALUES (13,'2017-03-07 13:25:54',4,1,180,2);
INSERT INTO `llx_element_contact` VALUES (14,'2017-03-13 17:20:56',4,16,41,47);
INSERT INTO `llx_element_contact` VALUES (15,'2017-03-17 15:15:00',4,17,41,85);
INSERT INTO `llx_element_contact` VALUES (16,'2017-03-17 15:17:58',4,18,41,85);
INSERT INTO `llx_element_contact` VALUES (18,'2017-04-06 15:19:08',4,19,41,53);
INSERT INTO `llx_element_contact` VALUES (19,'2017-04-10 14:55:35',4,20,41,105);
INSERT INTO `llx_element_contact` VALUES (20,'2017-04-10 14:59:46',4,21,41,85);
INSERT INTO `llx_element_contact` VALUES (21,'2017-04-10 15:01:00',4,22,41,41);
INSERT INTO `llx_element_contact` VALUES (22,'2017-04-21 15:10:04',4,23,41,11);
INSERT INTO `llx_element_contact` VALUES (24,'2017-05-08 19:35:42',4,25,41,117);
INSERT INTO `llx_element_contact` VALUES (25,'2017-05-15 17:37:32',4,26,41,40);
INSERT INTO `llx_element_contact` VALUES (26,'2017-05-23 10:19:42',4,27,41,46);
ALTER TABLE `llx_element_contact` ENABLE KEYS;
UNLOCK TABLES;




--
-- Table structure for table `llx_element_element`
--
DROP TABLE IF EXISTS `llx_element_element`;
CREATE TABLE `llx_element_element` (
  `rowid` int(11) NOT NULL AUTO_INCREMENT,
  `fk_source` int(11) NOT NULL,
  `sourcetype` varchar(32) COLLATE latin1_general_ci NOT NULL,
  `fk_target` int(11) NOT NULL,
  `targettype` varchar(32) COLLATE latin1_general_ci NOT NULL,
  PRIMARY KEY (`rowid`),
  UNIQUE KEY `idx_element_element_idx1` (`fk_source`,`sourcetype`,`fk_target`,`targettype`),
  KEY `idx_element_element_fk_target` (`fk_target`)
) ENGINE=InnoDB AUTO_INCREMENT=4 DEFAULT CHARSET=latin1 COLLATE=latin1_general_ci;

--
-- Dumping data for table `llx_element_element`
--
LOCK TABLES `llx_element_element` WRITE;
ALTER TABLE `llx_element_element` DISABLE KEYS;
INSERT INTO `llx_element_element` VALUES (2,4,'propal',4,'facture');
INSERT INTO `llx_element_element` VALUES (3,14,'propal',12,'facture');
ALTER TABLE `llx_element_element` ENABLE KEYS;
UNLOCK TABLES;




--
-- Table structure for table `llx_element_lock`
--
DROP TABLE IF EXISTS `llx_element_lock`;
CREATE TABLE `llx_element_lock` (
  `rowid` int(11) NOT NULL AUTO_INCREMENT,
  `fk_element` int(11) NOT NULL,
  `elementtype` varchar(32) COLLATE latin1_general_ci NOT NULL,
  `datel` datetime DEFAULT NULL,
  `datem` datetime DEFAULT NULL,
  `sessionid` varchar(255) COLLATE latin1_general_ci DEFAULT NULL,
  PRIMARY KEY (`rowid`)
) ENGINE=InnoDB DEFAULT CHARSET=latin1 COLLATE=latin1_general_ci;

--
-- Dumping data for table `llx_element_lock`
--
LOCK TABLES `llx_element_lock` WRITE;
ALTER TABLE `llx_element_lock` DISABLE KEYS;
ALTER TABLE `llx_element_lock` ENABLE KEYS;
UNLOCK TABLES;




--
-- Table structure for table `llx_element_resources`
--
DROP TABLE IF EXISTS `llx_element_resources`;
CREATE TABLE `llx_element_resources` (
  `rowid` int(11) NOT NULL AUTO_INCREMENT,
  `element_id` int(11) DEFAULT NULL,
  `element_type` varchar(64) COLLATE latin1_general_ci DEFAULT NULL,
  `resource_id` int(11) DEFAULT NULL,
  `resource_type` varchar(64) COLLATE latin1_general_ci DEFAULT NULL,
  `busy` int(11) DEFAULT NULL,
  `mandatory` int(11) DEFAULT NULL,
  `fk_user_create` int(11) DEFAULT NULL,
  `tms` timestamp NOT NULL DEFAULT CURRENT_TIMESTAMP ON UPDATE CURRENT_TIMESTAMP,
  PRIMARY KEY (`rowid`),
  UNIQUE KEY `idx_element_resources_idx1` (`resource_id`,`resource_type`,`element_id`,`element_type`),
  KEY `idx_element_element_element_id` (`element_id`)
) ENGINE=InnoDB DEFAULT CHARSET=latin1 COLLATE=latin1_general_ci;

--
-- Dumping data for table `llx_element_resources`
--
LOCK TABLES `llx_element_resources` WRITE;
ALTER TABLE `llx_element_resources` DISABLE KEYS;
ALTER TABLE `llx_element_resources` ENABLE KEYS;
UNLOCK TABLES;




--
-- Table structure for table `llx_element_tag`
--
DROP TABLE IF EXISTS `llx_element_tag`;
CREATE TABLE `llx_element_tag` (
  `rowid` int(11) NOT NULL AUTO_INCREMENT,
  `entity` int(11) NOT NULL DEFAULT '1',
  `lang` varchar(5) COLLATE latin1_general_ci NOT NULL,
  `tag` varchar(255) COLLATE latin1_general_ci NOT NULL,
  `fk_element` int(11) NOT NULL,
  `element` varchar(64) COLLATE latin1_general_ci NOT NULL,
  PRIMARY KEY (`rowid`),
  UNIQUE KEY `uk_element_tag` (`entity`,`lang`,`tag`,`fk_element`,`element`)
) ENGINE=InnoDB DEFAULT CHARSET=latin1 COLLATE=latin1_general_ci;

--
-- Dumping data for table `llx_element_tag`
--
LOCK TABLES `llx_element_tag` WRITE;
ALTER TABLE `llx_element_tag` DISABLE KEYS;
ALTER TABLE `llx_element_tag` ENABLE KEYS;
UNLOCK TABLES;




--
-- Table structure for table `llx_entrepot`
--
DROP TABLE IF EXISTS `llx_entrepot`;
CREATE TABLE `llx_entrepot` (
  `rowid` int(11) NOT NULL AUTO_INCREMENT,
  `datec` datetime DEFAULT NULL,
  `tms` timestamp NOT NULL DEFAULT CURRENT_TIMESTAMP ON UPDATE CURRENT_TIMESTAMP,
  `label` varchar(255) COLLATE latin1_general_ci NOT NULL,
  `entity` int(11) NOT NULL DEFAULT '1',
  `description` text COLLATE latin1_general_ci,
  `lieu` varchar(64) COLLATE latin1_general_ci DEFAULT NULL,
  `address` varchar(255) COLLATE latin1_general_ci DEFAULT NULL,
  `zip` varchar(10) COLLATE latin1_general_ci DEFAULT NULL,
  `town` varchar(50) COLLATE latin1_general_ci DEFAULT NULL,
  `fk_departement` int(11) DEFAULT NULL,
  `fk_pays` int(11) DEFAULT '0',
  `statut` tinyint(4) DEFAULT '1',
  `valo_pmp` float(12,4) DEFAULT NULL,
  `fk_user_author` int(11) DEFAULT NULL,
  `import_key` varchar(14) COLLATE latin1_general_ci DEFAULT NULL,
  PRIMARY KEY (`rowid`),
  UNIQUE KEY `uk_entrepot_label` (`label`,`entity`)
) ENGINE=InnoDB DEFAULT CHARSET=latin1 COLLATE=latin1_general_ci;

--
-- Dumping data for table `llx_entrepot`
--
LOCK TABLES `llx_entrepot` WRITE;
ALTER TABLE `llx_entrepot` DISABLE KEYS;
ALTER TABLE `llx_entrepot` ENABLE KEYS;
UNLOCK TABLES;




--
-- Table structure for table `llx_establishment`
--
DROP TABLE IF EXISTS `llx_establishment`;
CREATE TABLE `llx_establishment` (
  `rowid` int(11) NOT NULL AUTO_INCREMENT,
  `entity` int(11) NOT NULL DEFAULT '1',
  `name` varchar(50) COLLATE latin1_general_ci DEFAULT NULL,
  `address` varchar(255) COLLATE latin1_general_ci DEFAULT NULL,
  `zip` varchar(25) COLLATE latin1_general_ci DEFAULT NULL,
  `town` varchar(50) COLLATE latin1_general_ci DEFAULT NULL,
  `fk_state` int(11) DEFAULT '0',
  `fk_country` int(11) DEFAULT '0',
  `profid1` varchar(20) COLLATE latin1_general_ci DEFAULT NULL,
  `profid2` varchar(20) COLLATE latin1_general_ci DEFAULT NULL,
  `profid3` varchar(20) COLLATE latin1_general_ci DEFAULT NULL,
  `phone` varchar(20) COLLATE latin1_general_ci DEFAULT NULL,
  `fk_user_author` int(11) NOT NULL,
  `fk_user_mod` int(11) NOT NULL,
  `datec` datetime NOT NULL,
  `tms` timestamp NOT NULL DEFAULT CURRENT_TIMESTAMP ON UPDATE CURRENT_TIMESTAMP,
  `status` tinyint(4) DEFAULT '1',
  PRIMARY KEY (`rowid`)
) ENGINE=InnoDB DEFAULT CHARSET=latin1 COLLATE=latin1_general_ci;

--
-- Dumping data for table `llx_establishment`
--
LOCK TABLES `llx_establishment` WRITE;
ALTER TABLE `llx_establishment` DISABLE KEYS;
ALTER TABLE `llx_establishment` ENABLE KEYS;
UNLOCK TABLES;




--
-- Table structure for table `llx_event_element`
--
DROP TABLE IF EXISTS `llx_event_element`;
CREATE TABLE `llx_event_element` (
  `rowid` int(11) NOT NULL AUTO_INCREMENT,
  `fk_source` int(11) NOT NULL,
  `fk_target` int(11) NOT NULL,
  `targettype` varchar(32) COLLATE latin1_general_ci NOT NULL,
  PRIMARY KEY (`rowid`)
) ENGINE=InnoDB DEFAULT CHARSET=latin1 COLLATE=latin1_general_ci;

--
-- Dumping data for table `llx_event_element`
--
LOCK TABLES `llx_event_element` WRITE;
ALTER TABLE `llx_event_element` DISABLE KEYS;
ALTER TABLE `llx_event_element` ENABLE KEYS;
UNLOCK TABLES;




--
-- Table structure for table `llx_events`
--
DROP TABLE IF EXISTS `llx_events`;
CREATE TABLE `llx_events` (
  `rowid` int(11) NOT NULL AUTO_INCREMENT,
  `tms` timestamp NOT NULL DEFAULT CURRENT_TIMESTAMP ON UPDATE CURRENT_TIMESTAMP,
  `type` varchar(32) COLLATE latin1_general_ci NOT NULL,
  `entity` int(11) NOT NULL DEFAULT '1',
  `dateevent` datetime DEFAULT NULL,
  `fk_user` int(11) DEFAULT NULL,
  `description` varchar(250) COLLATE latin1_general_ci NOT NULL,
  `ip` varchar(32) COLLATE latin1_general_ci NOT NULL,
  `user_agent` varchar(255) COLLATE latin1_general_ci DEFAULT NULL,
  `fk_object` int(11) DEFAULT NULL,
  PRIMARY KEY (`rowid`),
  KEY `idx_events_dateevent` (`dateevent`)
) ENGINE=InnoDB DEFAULT CHARSET=latin1 COLLATE=latin1_general_ci;

--
-- Dumping data for table `llx_events`
--
LOCK TABLES `llx_events` WRITE;
ALTER TABLE `llx_events` DISABLE KEYS;
ALTER TABLE `llx_events` ENABLE KEYS;
UNLOCK TABLES;




--
-- Table structure for table `llx_expedition`
--
DROP TABLE IF EXISTS `llx_expedition`;
CREATE TABLE `llx_expedition` (
  `rowid` int(11) NOT NULL AUTO_INCREMENT,
  `tms` timestamp NOT NULL DEFAULT CURRENT_TIMESTAMP ON UPDATE CURRENT_TIMESTAMP,
  `ref` varchar(30) COLLATE latin1_general_ci NOT NULL,
  `entity` int(11) NOT NULL DEFAULT '1',
  `fk_soc` int(11) NOT NULL,
  `ref_ext` varchar(30) COLLATE latin1_general_ci DEFAULT NULL,
  `ref_int` varchar(30) COLLATE latin1_general_ci DEFAULT NULL,
  `ref_customer` varchar(30) COLLATE latin1_general_ci DEFAULT NULL,
  `date_creation` datetime DEFAULT NULL,
  `fk_user_author` int(11) DEFAULT NULL,
  `date_valid` datetime DEFAULT NULL,
  `fk_user_valid` int(11) DEFAULT NULL,
  `date_expedition` datetime DEFAULT NULL,
  `date_delivery` datetime DEFAULT NULL,
  `fk_address` int(11) DEFAULT NULL,
  `fk_shipping_method` int(11) DEFAULT NULL,
  `tracking_number` varchar(50) COLLATE latin1_general_ci DEFAULT NULL,
  `fk_statut` smallint(6) DEFAULT '0',
  `height` float DEFAULT NULL,
  `width` float DEFAULT NULL,
  `size_units` int(11) DEFAULT NULL,
  `size` float DEFAULT NULL,
  `weight_units` int(11) DEFAULT NULL,
  `weight` float DEFAULT NULL,
  `note_private` text COLLATE latin1_general_ci,
  `note_public` text COLLATE latin1_general_ci,
  `model_pdf` varchar(255) COLLATE latin1_general_ci DEFAULT NULL,
  `fk_incoterms` int(11) DEFAULT NULL,
  `location_incoterms` varchar(255) COLLATE latin1_general_ci DEFAULT NULL,
  `import_key` varchar(14) COLLATE latin1_general_ci DEFAULT NULL,
  `extraparams` varchar(255) COLLATE latin1_general_ci DEFAULT NULL,
  PRIMARY KEY (`rowid`),
  UNIQUE KEY `idx_expedition_uk_ref` (`ref`,`entity`),
  KEY `idx_expedition_fk_soc` (`fk_soc`),
  KEY `idx_expedition_fk_user_author` (`fk_user_author`),
  KEY `idx_expedition_fk_user_valid` (`fk_user_valid`),
  KEY `idx_expedition_fk_shipping_method` (`fk_shipping_method`),
  CONSTRAINT `fk_expedition_fk_shipping_method` FOREIGN KEY (`fk_shipping_method`) REFERENCES `llx_c_shipment_mode` (`rowid`),
  CONSTRAINT `fk_expedition_fk_soc` FOREIGN KEY (`fk_soc`) REFERENCES `llx_societe` (`rowid`),
  CONSTRAINT `fk_expedition_fk_user_author` FOREIGN KEY (`fk_user_author`) REFERENCES `llx_user` (`rowid`),
  CONSTRAINT `fk_expedition_fk_user_valid` FOREIGN KEY (`fk_user_valid`) REFERENCES `llx_user` (`rowid`)
) ENGINE=InnoDB DEFAULT CHARSET=latin1 COLLATE=latin1_general_ci;

--
-- Dumping data for table `llx_expedition`
--
LOCK TABLES `llx_expedition` WRITE;
ALTER TABLE `llx_expedition` DISABLE KEYS;
ALTER TABLE `llx_expedition` ENABLE KEYS;
UNLOCK TABLES;




--
-- Table structure for table `llx_expedition_extrafields`
--
DROP TABLE IF EXISTS `llx_expedition_extrafields`;
CREATE TABLE `llx_expedition_extrafields` (
  `rowid` int(11) NOT NULL AUTO_INCREMENT,
  `tms` timestamp NOT NULL DEFAULT CURRENT_TIMESTAMP ON UPDATE CURRENT_TIMESTAMP,
  `fk_object` int(11) NOT NULL,
  `import_key` varchar(14) COLLATE latin1_general_ci DEFAULT NULL,
  PRIMARY KEY (`rowid`),
  KEY `idx_expedition_extrafields` (`fk_object`)
) ENGINE=InnoDB DEFAULT CHARSET=latin1 COLLATE=latin1_general_ci;

--
-- Dumping data for table `llx_expedition_extrafields`
--
LOCK TABLES `llx_expedition_extrafields` WRITE;
ALTER TABLE `llx_expedition_extrafields` DISABLE KEYS;
ALTER TABLE `llx_expedition_extrafields` ENABLE KEYS;
UNLOCK TABLES;




--
-- Table structure for table `llx_expeditiondet`
--
DROP TABLE IF EXISTS `llx_expeditiondet`;
CREATE TABLE `llx_expeditiondet` (
  `rowid` int(11) NOT NULL AUTO_INCREMENT,
  `fk_expedition` int(11) NOT NULL,
  `fk_origin_line` int(11) DEFAULT NULL,
  `fk_entrepot` int(11) DEFAULT NULL,
  `qty` double DEFAULT NULL,
  `rang` int(11) DEFAULT '0',
  PRIMARY KEY (`rowid`),
  KEY `idx_expeditiondet_fk_expedition` (`fk_expedition`),
  CONSTRAINT `fk_expeditiondet_fk_expedition` FOREIGN KEY (`fk_expedition`) REFERENCES `llx_expedition` (`rowid`)
) ENGINE=InnoDB DEFAULT CHARSET=latin1 COLLATE=latin1_general_ci;

--
-- Dumping data for table `llx_expeditiondet`
--
LOCK TABLES `llx_expeditiondet` WRITE;
ALTER TABLE `llx_expeditiondet` DISABLE KEYS;
ALTER TABLE `llx_expeditiondet` ENABLE KEYS;
UNLOCK TABLES;




--
-- Table structure for table `llx_expeditiondet_batch`
--
DROP TABLE IF EXISTS `llx_expeditiondet_batch`;
CREATE TABLE `llx_expeditiondet_batch` (
  `rowid` int(11) NOT NULL AUTO_INCREMENT,
  `fk_expeditiondet` int(11) NOT NULL,
  `eatby` date DEFAULT NULL,
  `sellby` date DEFAULT NULL,
  `batch` varchar(30) COLLATE latin1_general_ci DEFAULT NULL,
  `qty` double NOT NULL DEFAULT '0',
  `fk_origin_stock` int(11) NOT NULL,
  PRIMARY KEY (`rowid`),
  KEY `idx_fk_expeditiondet` (`fk_expeditiondet`),
  CONSTRAINT `fk_expeditiondet_batch_fk_expeditiondet` FOREIGN KEY (`fk_expeditiondet`) REFERENCES `llx_expeditiondet` (`rowid`)
) ENGINE=InnoDB DEFAULT CHARSET=latin1 COLLATE=latin1_general_ci;

--
-- Dumping data for table `llx_expeditiondet_batch`
--
LOCK TABLES `llx_expeditiondet_batch` WRITE;
ALTER TABLE `llx_expeditiondet_batch` DISABLE KEYS;
ALTER TABLE `llx_expeditiondet_batch` ENABLE KEYS;
UNLOCK TABLES;




--
-- Table structure for table `llx_expeditiondet_extrafields`
--
DROP TABLE IF EXISTS `llx_expeditiondet_extrafields`;
CREATE TABLE `llx_expeditiondet_extrafields` (
  `rowid` int(11) NOT NULL AUTO_INCREMENT,
  `tms` timestamp NOT NULL DEFAULT CURRENT_TIMESTAMP ON UPDATE CURRENT_TIMESTAMP,
  `fk_object` int(11) NOT NULL,
  `import_key` varchar(14) COLLATE latin1_general_ci DEFAULT NULL,
  PRIMARY KEY (`rowid`),
  KEY `idx_expeditiondet_extrafields` (`fk_object`)
) ENGINE=InnoDB DEFAULT CHARSET=latin1 COLLATE=latin1_general_ci;

--
-- Dumping data for table `llx_expeditiondet_extrafields`
--
LOCK TABLES `llx_expeditiondet_extrafields` WRITE;
ALTER TABLE `llx_expeditiondet_extrafields` DISABLE KEYS;
ALTER TABLE `llx_expeditiondet_extrafields` ENABLE KEYS;
UNLOCK TABLES;




--
-- Table structure for table `llx_expensereport`
--
DROP TABLE IF EXISTS `llx_expensereport`;
CREATE TABLE `llx_expensereport` (
  `rowid` int(11) NOT NULL AUTO_INCREMENT,
  `ref` varchar(50) COLLATE latin1_general_ci NOT NULL,
  `entity` int(11) NOT NULL DEFAULT '1',
  `ref_number_int` int(11) DEFAULT NULL,
  `ref_ext` int(11) DEFAULT NULL,
  `total_ht` double(24,8) DEFAULT '0.00000000',
  `total_tva` double(24,8) DEFAULT '0.00000000',
  `localtax1` double(24,8) DEFAULT '0.00000000',
  `localtax2` double(24,8) DEFAULT '0.00000000',
  `total_ttc` double(24,8) DEFAULT '0.00000000',
  `date_debut` date NOT NULL,
  `date_fin` date NOT NULL,
  `date_create` datetime NOT NULL,
  `date_valid` datetime DEFAULT NULL,
  `date_approve` datetime DEFAULT NULL,
  `date_refuse` datetime DEFAULT NULL,
  `date_cancel` datetime DEFAULT NULL,
  `tms` timestamp NOT NULL DEFAULT CURRENT_TIMESTAMP ON UPDATE CURRENT_TIMESTAMP,
  `fk_user_author` int(11) NOT NULL,
  `fk_user_modif` int(11) DEFAULT NULL,
  `fk_user_valid` int(11) DEFAULT NULL,
  `fk_user_validator` int(11) DEFAULT NULL,
  `fk_user_approve` int(11) DEFAULT NULL,
  `fk_user_refuse` int(11) DEFAULT NULL,
  `fk_user_cancel` int(11) DEFAULT NULL,
  `fk_statut` int(11) NOT NULL,
  `fk_c_paiement` int(11) DEFAULT NULL,
  `paid` smallint(6) NOT NULL DEFAULT '0',
  `note_public` text COLLATE latin1_general_ci,
  `note_private` text COLLATE latin1_general_ci,
  `detail_refuse` varchar(255) COLLATE latin1_general_ci DEFAULT NULL,
  `detail_cancel` varchar(255) COLLATE latin1_general_ci DEFAULT NULL,
  `integration_compta` int(11) DEFAULT NULL,
  `fk_bank_account` int(11) DEFAULT NULL,
  `model_pdf` varchar(50) COLLATE latin1_general_ci DEFAULT NULL,
  `import_key` varchar(14) COLLATE latin1_general_ci DEFAULT NULL,
  `extraparams` varchar(255) COLLATE latin1_general_ci DEFAULT NULL,
  PRIMARY KEY (`rowid`)
) ENGINE=InnoDB AUTO_INCREMENT=2 DEFAULT CHARSET=latin1 COLLATE=latin1_general_ci;

--
-- Dumping data for table `llx_expensereport`
--
LOCK TABLES `llx_expensereport` WRITE;
ALTER TABLE `llx_expensereport` DISABLE KEYS;
INSERT INTO `llx_expensereport` VALUES (1,'(PROV1)',1,NULL,NULL,'15.82000000','1.58000000','0.00000000','0.00000000','17.40000000','2017-05-01','2017-05-31','2017-05-11 12:27:44',NULL,NULL,NULL,NULL,'2017-05-22 10:47:21',3,NULL,NULL,2,NULL,NULL,NULL,0,NULL,0,'Divers d&eacute;placement',NULL,NULL,NULL,NULL,NULL,NULL,NULL,NULL);
ALTER TABLE `llx_expensereport` ENABLE KEYS;
UNLOCK TABLES;




--
-- Table structure for table `llx_expensereport_det`
--
DROP TABLE IF EXISTS `llx_expensereport_det`;
CREATE TABLE `llx_expensereport_det` (
  `rowid` int(11) NOT NULL AUTO_INCREMENT,
  `fk_expensereport` int(11) NOT NULL,
  `fk_c_type_fees` int(11) NOT NULL,
  `fk_projet` int(11) DEFAULT NULL,
  `comments` text COLLATE latin1_general_ci NOT NULL,
  `product_type` int(11) DEFAULT '-1',
  `qty` double NOT NULL,
  `value_unit` double NOT NULL,
  `remise_percent` double DEFAULT NULL,
  `tva_tx` double(6,3) DEFAULT NULL,
  `localtax1_tx` double(6,3) DEFAULT '0.000',
  `localtax1_type` varchar(10) COLLATE latin1_general_ci DEFAULT NULL,
  `localtax2_tx` double(6,3) DEFAULT '0.000',
  `localtax2_type` varchar(10) COLLATE latin1_general_ci DEFAULT NULL,
  `total_ht` double(24,8) NOT NULL DEFAULT '0.00000000',
  `total_tva` double(24,8) NOT NULL DEFAULT '0.00000000',
  `total_localtax1` double(24,8) DEFAULT '0.00000000',
  `total_localtax2` double(24,8) DEFAULT '0.00000000',
  `total_ttc` double(24,8) NOT NULL DEFAULT '0.00000000',
  `date` date NOT NULL,
  `info_bits` int(11) DEFAULT '0',
  `special_code` int(11) DEFAULT '0',
  `rang` int(11) DEFAULT '0',
  `import_key` varchar(14) COLLATE latin1_general_ci DEFAULT NULL,
  PRIMARY KEY (`rowid`)
) ENGINE=InnoDB AUTO_INCREMENT=3 DEFAULT CHARSET=latin1 COLLATE=latin1_general_ci;

--
-- Dumping data for table `llx_expensereport_det`
--
LOCK TABLES `llx_expensereport_det` WRITE;
ALTER TABLE `llx_expensereport_det` DISABLE KEYS;
INSERT INTO `llx_expensereport_det` VALUES (1,1,2,NULL,'rer',-1,2,4.35,NULL,'10.000','0.000',NULL,'0.000',NULL,'7.91000000','0.79000000','0.00000000','0.00000000','8.70000000','2017-05-10',0,0,0,NULL);
INSERT INTO `llx_expensereport_det` VALUES (2,1,2,NULL,'RER',-1,2,4.35,NULL,'10.000','0.000',NULL,'0.000',NULL,'7.91000000','0.79000000','0.00000000','0.00000000','8.70000000','2017-05-17',0,0,0,NULL);
ALTER TABLE `llx_expensereport_det` ENABLE KEYS;
UNLOCK TABLES;




--
-- Table structure for table `llx_export_compta`
--
DROP TABLE IF EXISTS `llx_export_compta`;
CREATE TABLE `llx_export_compta` (
  `rowid` int(11) NOT NULL AUTO_INCREMENT,
  `ref` varchar(12) COLLATE latin1_general_ci NOT NULL,
  `date_export` datetime NOT NULL,
  `fk_user` int(11) NOT NULL,
  `note` text COLLATE latin1_general_ci,
  PRIMARY KEY (`rowid`)
) ENGINE=InnoDB DEFAULT CHARSET=latin1 COLLATE=latin1_general_ci;

--
-- Dumping data for table `llx_export_compta`
--
LOCK TABLES `llx_export_compta` WRITE;
ALTER TABLE `llx_export_compta` DISABLE KEYS;
ALTER TABLE `llx_export_compta` ENABLE KEYS;
UNLOCK TABLES;




--
-- Table structure for table `llx_export_model`
--
DROP TABLE IF EXISTS `llx_export_model`;
CREATE TABLE `llx_export_model` (
  `rowid` int(11) NOT NULL AUTO_INCREMENT,
  `fk_user` int(11) NOT NULL DEFAULT '0',
  `label` varchar(50) COLLATE latin1_general_ci NOT NULL,
  `type` varchar(20) COLLATE latin1_general_ci NOT NULL,
  `field` text COLLATE latin1_general_ci NOT NULL,
  `filter` text COLLATE latin1_general_ci,
  PRIMARY KEY (`rowid`),
  UNIQUE KEY `uk_export_model` (`label`,`type`)
) ENGINE=InnoDB AUTO_INCREMENT=5 DEFAULT CHARSET=latin1 COLLATE=latin1_general_ci;

--
-- Dumping data for table `llx_export_model`
--
LOCK TABLES `llx_export_model` WRITE;
ALTER TABLE `llx_export_model` DISABLE KEYS;
INSERT INTO `llx_export_model` VALUES (2,0,'Tiers Client','societe_1','s.rowid,s.nom,s.client,s.code_client,s.address,s.zip,s.town,cfj.libelle,s.siren,s.siret,s.idprof4,s.ape,s.idprof5,s.idprof6,s.tva_intra','s.fournisseur=0');
INSERT INTO `llx_export_model` VALUES (3,0,'Tiers Fournisseurs','societe_1','s.rowid,s.nom,s.code_client,s.address,s.zip,s.town,cfj.libelle,s.siren,s.siret,s.idprof4,s.ape,s.idprof5,s.idprof6,s.tva_intra,s.fournisseur','s.fournisseur=1');
INSERT INTO `llx_export_model` VALUES (4,0,'Contact','societe_2','c.rowid,c.civility,c.lastname,c.firstname,c.poste,c.address,c.zip,c.town,d.nom,co.label,c.phone,c.email,c.phone_mobile,s.rowid,s.code_client,s.client,s.code_fournisseur,s.fournisseur','');
ALTER TABLE `llx_export_model` ENABLE KEYS;
UNLOCK TABLES;




--
-- Table structure for table `llx_extrafields`
--
DROP TABLE IF EXISTS `llx_extrafields`;
CREATE TABLE `llx_extrafields` (
  `rowid` int(11) NOT NULL AUTO_INCREMENT,
  `name` varchar(64) COLLATE latin1_general_ci NOT NULL,
  `entity` int(11) NOT NULL DEFAULT '1',
  `elementtype` varchar(64) COLLATE latin1_general_ci NOT NULL DEFAULT 'member',
  `tms` timestamp NOT NULL DEFAULT CURRENT_TIMESTAMP ON UPDATE CURRENT_TIMESTAMP,
  `label` varchar(255) COLLATE latin1_general_ci NOT NULL,
  `type` varchar(8) COLLATE latin1_general_ci DEFAULT NULL,
  `size` varchar(8) COLLATE latin1_general_ci DEFAULT NULL,
  `fieldunique` int(11) DEFAULT '0',
  `fieldrequired` int(11) DEFAULT '0',
  `perms` varchar(255) COLLATE latin1_general_ci DEFAULT NULL,
  `pos` int(11) DEFAULT '0',
  `alwayseditable` int(11) DEFAULT '0',
  `param` text COLLATE latin1_general_ci,
  `list` int(11) DEFAULT '0',
  PRIMARY KEY (`rowid`),
  UNIQUE KEY `uk_extrafields_name` (`name`,`entity`,`elementtype`)
) ENGINE=InnoDB AUTO_INCREMENT=9 DEFAULT CHARSET=latin1 COLLATE=latin1_general_ci;

--
-- Dumping data for table `llx_extrafields`
--
LOCK TABLES `llx_extrafields` WRITE;
ALTER TABLE `llx_extrafields` DISABLE KEYS;
INSERT INTO `llx_extrafields` VALUES (7,'azerty',1,'contrat','2016-10-14 11:24:57','Test Contrat','varchar',255,0,0,NULL,0,0,'a:1:{s:7:\"options\";a:1:{s:0:\"\";N;}}',0);
INSERT INTO `llx_extrafields` VALUES (8,'qwerty',1,'contratdet','2016-10-14 11:25:29','Test Contrat 2 ','text',2000,0,0,NULL,0,0,'a:1:{s:7:\"options\";a:1:{s:0:\"\";N;}}',0);
ALTER TABLE `llx_extrafields` ENABLE KEYS;
UNLOCK TABLES;




--
-- Table structure for table `llx_facture`
--
DROP TABLE IF EXISTS `llx_facture`;
CREATE TABLE `llx_facture` (
  `rowid` int(11) NOT NULL AUTO_INCREMENT,
  `facnumber` varchar(30) COLLATE latin1_general_ci NOT NULL,
  `entity` int(11) NOT NULL DEFAULT '1',
  `ref_ext` varchar(255) COLLATE latin1_general_ci DEFAULT NULL,
  `ref_int` varchar(255) COLLATE latin1_general_ci DEFAULT NULL,
  `ref_client` varchar(255) COLLATE latin1_general_ci DEFAULT NULL,
  `type` smallint(6) NOT NULL DEFAULT '0',
  `increment` varchar(10) COLLATE latin1_general_ci DEFAULT NULL,
  `fk_soc` int(11) NOT NULL,
  `datec` datetime DEFAULT NULL,
  `datef` date DEFAULT NULL,
  `date_valid` date DEFAULT NULL,
  `tms` timestamp NOT NULL DEFAULT CURRENT_TIMESTAMP ON UPDATE CURRENT_TIMESTAMP,
  `paye` smallint(6) NOT NULL DEFAULT '0',
  `amount` double(24,8) NOT NULL DEFAULT '0.00000000',
  `remise_percent` double DEFAULT '0',
  `remise_absolue` double DEFAULT '0',
  `remise` double DEFAULT '0',
  `close_code` varchar(16) COLLATE latin1_general_ci DEFAULT NULL,
  `close_note` varchar(128) COLLATE latin1_general_ci DEFAULT NULL,
  `tva` double(24,8) DEFAULT '0.00000000',
  `localtax1` double(24,8) DEFAULT '0.00000000',
  `localtax2` double(24,8) DEFAULT '0.00000000',
  `revenuestamp` double(24,8) DEFAULT '0.00000000',
  `total` double(24,8) DEFAULT '0.00000000',
  `total_ttc` double(24,8) DEFAULT '0.00000000',
  `fk_statut` smallint(6) NOT NULL DEFAULT '0',
  `fk_user_author` int(11) DEFAULT NULL,
  `fk_user_modif` int(11) DEFAULT NULL,
  `fk_user_valid` int(11) DEFAULT NULL,
  `fk_facture_source` int(11) DEFAULT NULL,
  `fk_projet` int(11) DEFAULT NULL,
  `fk_account` int(11) DEFAULT NULL,
  `fk_currency` varchar(3) COLLATE latin1_general_ci DEFAULT NULL,
  `fk_cond_reglement` int(11) NOT NULL DEFAULT '1',
  `fk_mode_reglement` int(11) DEFAULT NULL,
  `date_lim_reglement` date DEFAULT NULL,
  `note_private` text COLLATE latin1_general_ci,
  `note_public` text COLLATE latin1_general_ci,
  `model_pdf` varchar(255) COLLATE latin1_general_ci DEFAULT NULL,
  `fk_incoterms` int(11) DEFAULT NULL,
  `location_incoterms` varchar(255) COLLATE latin1_general_ci DEFAULT NULL,
  `situation_cycle_ref` smallint(6) DEFAULT NULL,
  `situation_counter` smallint(6) DEFAULT NULL,
  `situation_final` smallint(6) DEFAULT NULL,
  `import_key` varchar(14) COLLATE latin1_general_ci DEFAULT NULL,
  `extraparams` varchar(255) COLLATE latin1_general_ci DEFAULT NULL,
  PRIMARY KEY (`rowid`),
  UNIQUE KEY `idx_facture_uk_facnumber` (`facnumber`,`entity`),
  KEY `idx_facture_fk_soc` (`fk_soc`),
  KEY `idx_facture_fk_user_author` (`fk_user_author`),
  KEY `idx_facture_fk_user_valid` (`fk_user_valid`),
  KEY `idx_facture_fk_facture_source` (`fk_facture_source`),
  KEY `idx_facture_fk_projet` (`fk_projet`),
  KEY `idx_facture_fk_account` (`fk_account`),
  KEY `idx_facture_fk_currency` (`fk_currency`),
  CONSTRAINT `fk_facture_fk_facture_source` FOREIGN KEY (`fk_facture_source`) REFERENCES `llx_facture` (`rowid`),
  CONSTRAINT `fk_facture_fk_projet` FOREIGN KEY (`fk_projet`) REFERENCES `llx_projet` (`rowid`),
  CONSTRAINT `fk_facture_fk_soc` FOREIGN KEY (`fk_soc`) REFERENCES `llx_societe` (`rowid`),
  CONSTRAINT `fk_facture_fk_user_author` FOREIGN KEY (`fk_user_author`) REFERENCES `llx_user` (`rowid`),
  CONSTRAINT `fk_facture_fk_user_valid` FOREIGN KEY (`fk_user_valid`) REFERENCES `llx_user` (`rowid`)
) ENGINE=InnoDB AUTO_INCREMENT=13 DEFAULT CHARSET=latin1 COLLATE=latin1_general_ci;

--
-- Dumping data for table `llx_facture`
--
LOCK TABLES `llx_facture` WRITE;
ALTER TABLE `llx_facture` DISABLE KEYS;
INSERT INTO `llx_facture` VALUES (2,'FA1610-0001',1,NULL,NULL,NULL,0,NULL,4,'2016-10-14 11:41:11','2016-10-17','2016-10-17','2017-01-16 16:46:01',1,'0.00000000',NULL,NULL,0,NULL,NULL,'20.40000000','0.00000000','0.00000000','0.00000000','102.00000000','122.40000000',2,2,NULL,2,NULL,NULL,1,NULL,1,7,'2016-10-31','Nogociation de contrat<br />\nchangement',NULL,'crabe',0,'',NULL,NULL,0,NULL,NULL);
INSERT INTO `llx_facture` VALUES (4,'FA1611-0002',1,NULL,NULL,NULL,0,NULL,11,'2016-11-27 18:45:54','2016-11-30','2016-11-27','2017-01-28 11:59:03',1,'0.00000000',NULL,NULL,0,NULL,NULL,'20.00000000','0.00000000','0.00000000','0.00000000','100.00000000','120.00000000',2,2,NULL,2,NULL,NULL,1,NULL,2,7,'2016-12-30','contrat sign&eacute; chez proxelia',NULL,'crabe',0,'',NULL,NULL,0,NULL,NULL);
INSERT INTO `llx_facture` VALUES (5,'FA1611-0003',1,NULL,NULL,NULL,0,NULL,33,'2016-11-27 19:02:13','2016-11-30','2016-11-27','2017-02-22 13:51:46',1,'0.00000000',NULL,NULL,0,NULL,NULL,'30.00000000','0.00000000','0.00000000','0.00000000','150.00000000','180.00000000',2,2,NULL,2,NULL,NULL,1,NULL,2,7,'2016-12-30','Signature contrat Proxelia 12 mois',NULL,'crabe',0,'',NULL,NULL,0,NULL,NULL);
INSERT INTO `llx_facture` VALUES (6,'FA1611-0004',1,NULL,NULL,NULL,0,NULL,34,'2016-11-27 19:23:01','2016-11-28','2016-11-27','2017-01-28 12:00:46',1,'0.00000000',NULL,NULL,0,NULL,NULL,'140.00000000','0.00000000','0.00000000','0.00000000','700.00000000','840.00000000',2,2,NULL,2,NULL,NULL,1,NULL,2,7,'2016-12-28',NULL,'Facturation de la prestation suite au contrat sign&eacute; &agrave; Beauvais le 22 aout 2016 entre la chambre d&#39;agriculture de l&#39;Oise et Enerbioflex.','crabe',0,'',NULL,NULL,0,NULL,NULL);
INSERT INTO `llx_facture` VALUES (7,'FA1612-0005',1,NULL,NULL,NULL,0,NULL,10,'2016-12-28 15:40:19','2016-12-28','2016-12-28','2017-03-27 13:28:40',1,'0.00000000',NULL,NULL,0,NULL,NULL,'0.00000000','0.00000000','0.00000000','0.00000000','2025.00000000','2025.00000000',2,2,NULL,2,NULL,NULL,1,NULL,2,7,'2017-01-27',NULL,'Facturation vacation trimestre 1','crabe',0,'',NULL,NULL,0,NULL,NULL);
INSERT INTO `llx_facture` VALUES (8,'FA1701-0006',1,NULL,NULL,NULL,0,NULL,34,'2017-01-13 21:47:12','2017-01-13','2017-01-13','2017-02-16 13:07:46',1,'0.00000000',NULL,NULL,0,NULL,NULL,'210.00000000','0.00000000','0.00000000','0.00000000','1050.00000000','1260.00000000',2,2,NULL,2,NULL,NULL,1,NULL,1,7,'2017-01-14',NULL,'<strong>Formation &quot;produire son &eacute;lectricit&eacute; photovolta&iuml;que pour la consommer&quot;</strong>','crabe',0,'',NULL,NULL,0,NULL,NULL);
INSERT INTO `llx_facture` VALUES (9,'AV1702-0001',1,NULL,NULL,NULL,2,NULL,10,'2017-02-09 12:58:51','2017-02-09','2017-02-09','2017-02-09 13:03:33',1,'0.00000000',NULL,NULL,0,NULL,NULL,'0.00000000','0.00000000','0.00000000','0.00000000','-2025.00000000','-2025.00000000',2,2,NULL,2,7,NULL,1,NULL,0,7,'2017-02-09',NULL,NULL,'crabe',0,'',NULL,NULL,0,NULL,NULL);
INSERT INTO `llx_facture` VALUES (10,'FA1702-0007',1,NULL,NULL,NULL,0,NULL,10,'2017-02-09 13:09:51','2017-02-09','2017-02-09','2017-02-09 13:22:29',1,'0.00000000',NULL,NULL,0,NULL,NULL,'337.50000000','0.00000000','0.00000000','0.00000000','1687.50000000','2025.00000000',2,2,NULL,2,NULL,NULL,1,NULL,1,7,'2017-02-10',NULL,'Facture de r&eacute;gulation suite &agrave; l&#39;erreur sur la facture FA1612-0005 du 28/12/2016 et &agrave; l&#39;avoir AV1702-0001 du 09/20/2017.','crabe',0,'',NULL,NULL,0,NULL,NULL);
INSERT INTO `llx_facture` VALUES (11,'FA1703-0008',1,NULL,NULL,NULL,0,NULL,56,'2017-03-03 14:10:15','2017-03-03','2017-03-03','2017-03-27 13:26:53',1,'0.00000000',NULL,NULL,0,NULL,NULL,'80.00000000','0.00000000','0.00000000','0.00000000','400.00000000','480.00000000',2,2,NULL,2,NULL,NULL,1,NULL,1,7,'2017-03-04',NULL,'H&eacute;bergement SIMA 2017','crabe',0,'',NULL,NULL,0,NULL,NULL);
INSERT INTO `llx_facture` VALUES (12,'FA1703-0009',1,NULL,NULL,NULL,0,NULL,45,'2017-03-27 13:18:12','2017-03-27','2017-03-27','2017-03-27 13:18:38',0,'0.00000000',NULL,NULL,0,NULL,NULL,'155.60000000','0.00000000','0.00000000','0.00000000','778.00000000','933.60000000',1,2,NULL,2,NULL,NULL,1,NULL,2,7,'2017-04-26',NULL,'Formation professionnelle, choisir son fournisseur d&rsquo;&eacute;lectricit&eacute; et le contrat adapt&eacute; &agrave; sa consommation.<br />\nStagiaires &agrave; dominante polyculteur/&eacute;leveur.','crabe',0,'',NULL,NULL,0,NULL,NULL);
ALTER TABLE `llx_facture` ENABLE KEYS;
UNLOCK TABLES;




--
-- Table structure for table `llx_facture_extrafields`
--
DROP TABLE IF EXISTS `llx_facture_extrafields`;
CREATE TABLE `llx_facture_extrafields` (
  `rowid` int(11) NOT NULL AUTO_INCREMENT,
  `tms` timestamp NOT NULL DEFAULT CURRENT_TIMESTAMP ON UPDATE CURRENT_TIMESTAMP,
  `fk_object` int(11) NOT NULL,
  `import_key` varchar(14) COLLATE latin1_general_ci DEFAULT NULL,
  PRIMARY KEY (`rowid`),
  KEY `idx_facture_extrafields` (`fk_object`)
) ENGINE=InnoDB DEFAULT CHARSET=latin1 COLLATE=latin1_general_ci;

--
-- Dumping data for table `llx_facture_extrafields`
--
LOCK TABLES `llx_facture_extrafields` WRITE;
ALTER TABLE `llx_facture_extrafields` DISABLE KEYS;
ALTER TABLE `llx_facture_extrafields` ENABLE KEYS;
UNLOCK TABLES;




--
-- Table structure for table `llx_facture_fourn`
--
DROP TABLE IF EXISTS `llx_facture_fourn`;
CREATE TABLE `llx_facture_fourn` (
  `rowid` int(11) NOT NULL AUTO_INCREMENT,
  `ref` varchar(255) COLLATE latin1_general_ci NOT NULL,
  `ref_supplier` varchar(255) COLLATE latin1_general_ci NOT NULL,
  `entity` int(11) NOT NULL DEFAULT '1',
  `ref_ext` varchar(255) COLLATE latin1_general_ci DEFAULT NULL,
  `type` smallint(6) NOT NULL DEFAULT '0',
  `fk_soc` int(11) NOT NULL,
  `datec` datetime DEFAULT NULL,
  `datef` date DEFAULT NULL,
  `tms` timestamp NOT NULL DEFAULT CURRENT_TIMESTAMP ON UPDATE CURRENT_TIMESTAMP,
  `libelle` varchar(255) COLLATE latin1_general_ci DEFAULT NULL,
  `paye` smallint(6) NOT NULL DEFAULT '0',
  `amount` double(24,8) NOT NULL DEFAULT '0.00000000',
  `remise` double(24,8) DEFAULT '0.00000000',
  `close_code` varchar(16) COLLATE latin1_general_ci DEFAULT NULL,
  `close_note` varchar(128) COLLATE latin1_general_ci DEFAULT NULL,
  `tva` double(24,8) DEFAULT '0.00000000',
  `localtax1` double(24,8) DEFAULT '0.00000000',
  `localtax2` double(24,8) DEFAULT '0.00000000',
  `total` double(24,8) DEFAULT '0.00000000',
  `total_ht` double(24,8) DEFAULT '0.00000000',
  `total_tva` double(24,8) DEFAULT '0.00000000',
  `total_ttc` double(24,8) DEFAULT '0.00000000',
  `fk_statut` smallint(6) NOT NULL DEFAULT '0',
  `fk_user_author` int(11) DEFAULT NULL,
  `fk_user_modif` int(11) DEFAULT NULL,
  `fk_user_valid` int(11) DEFAULT NULL,
  `fk_facture_source` int(11) DEFAULT NULL,
  `fk_projet` int(11) DEFAULT NULL,
  `fk_account` int(11) DEFAULT NULL,
  `fk_cond_reglement` int(11) DEFAULT NULL,
  `fk_mode_reglement` int(11) DEFAULT NULL,
  `date_lim_reglement` date DEFAULT NULL,
  `note_private` text COLLATE latin1_general_ci,
  `note_public` text COLLATE latin1_general_ci,
  `fk_incoterms` int(11) DEFAULT NULL,
  `location_incoterms` varchar(255) COLLATE latin1_general_ci DEFAULT NULL,
  `model_pdf` varchar(255) COLLATE latin1_general_ci DEFAULT NULL,
  `import_key` varchar(14) COLLATE latin1_general_ci DEFAULT NULL,
  `extraparams` varchar(255) COLLATE latin1_general_ci DEFAULT NULL,
  PRIMARY KEY (`rowid`),
  UNIQUE KEY `uk_facture_fourn_ref` (`ref`,`entity`),
  UNIQUE KEY `uk_facture_fourn_ref_supplier` (`ref_supplier`,`fk_soc`,`entity`),
  KEY `idx_facture_fourn_date_lim_reglement` (`date_lim_reglement`),
  KEY `idx_facture_fourn_fk_soc` (`fk_soc`),
  KEY `idx_facture_fourn_fk_user_author` (`fk_user_author`),
  KEY `idx_facture_fourn_fk_user_valid` (`fk_user_valid`),
  KEY `idx_facture_fourn_fk_projet` (`fk_projet`),
  CONSTRAINT `fk_facture_fourn_fk_projet` FOREIGN KEY (`fk_projet`) REFERENCES `llx_projet` (`rowid`),
  CONSTRAINT `fk_facture_fourn_fk_soc` FOREIGN KEY (`fk_soc`) REFERENCES `llx_societe` (`rowid`),
  CONSTRAINT `fk_facture_fourn_fk_user_author` FOREIGN KEY (`fk_user_author`) REFERENCES `llx_user` (`rowid`),
  CONSTRAINT `fk_facture_fourn_fk_user_valid` FOREIGN KEY (`fk_user_valid`) REFERENCES `llx_user` (`rowid`)
) ENGINE=InnoDB AUTO_INCREMENT=51 DEFAULT CHARSET=latin1 COLLATE=latin1_general_ci;

--
-- Dumping data for table `llx_facture_fourn`
--
LOCK TABLES `llx_facture_fourn` WRITE;
ALTER TABLE `llx_facture_fourn` DISABLE KEYS;
INSERT INTO `llx_facture_fourn` VALUES (5,'SI1611-0001',58166550,1,NULL,0,23,'2016-12-01 14:30:43','2016-11-18','2016-12-01 14:59:08','Assurance entreprise',0,'0.00000000','0.00000000',NULL,NULL,'0.00000000','0.00000000','0.00000000','0.00000000','1643.72000000','0.00000000','1643.72000000',1,2,NULL,2,NULL,NULL,1,7,7,'2016-11-19','','paiement trimestre RC Pro<br />\n657&euro; sur 1643,72&euro;',0,'',NULL,NULL,NULL);
INSERT INTO `llx_facture_fourn` VALUES (6,'SI1612-0002','DFEC011',1,NULL,0,23,'2016-12-01 14:48:54','2016-12-05','2016-12-01 14:54:05','Multirisque professionnelle',0,'0.00000000','0.00000000',NULL,NULL,'0.00000000',NULL,NULL,'0.00000000','291.43000000','0.00000000','291.43000000',1,2,NULL,2,NULL,NULL,1,1,3,'2017-06-30','','',0,'',NULL,NULL,NULL);
INSERT INTO `llx_facture_fourn` VALUES (8,'SI1611-0003','01572029.01',1,NULL,0,36,'2016-12-01 15:12:42','2016-11-14','2016-12-01 15:17:10','',1,'0.00000000','0.00000000',NULL,NULL,'0.00000000','0.00000000','0.00000000','0.00000000','5512.50000000','1102.50000000','6615.00000000',2,2,NULL,2,NULL,NULL,1,1,7,'2017-01-14','','Mat&eacute;rielle de mesure',0,'',NULL,NULL,NULL);
INSERT INTO `llx_facture_fourn` VALUES (9,'SI1612-0004','6COMF/2405',1,NULL,0,41,'2016-12-15 14:41:28','2016-12-13','2016-12-16 14:59:38','SIMA 2017',1,'0.00000000','0.00000000',NULL,NULL,'0.00000000','0.00000000','0.00000000','0.00000000','2500.00000000','476.00000000','2976.00000000',2,2,NULL,2,NULL,NULL,1,1,7,'2016-12-25','','Reglement village startup sima2017',0,'',NULL,NULL,NULL);
INSERT INTO `llx_facture_fourn` VALUES (10,'SI1612-0005',1612166637,1,NULL,0,42,'2016-12-16 17:17:22','2016-12-16','2016-12-16 17:19:07','',1,'0.00000000','0.00000000',NULL,NULL,'0.00000000','0.00000000','0.00000000','0.00000000','48.00000000','9.60000000','57.60000000',2,2,NULL,2,NULL,NULL,1,1,2,'2016-12-16','','',0,'',NULL,NULL,NULL);
INSERT INTO `llx_facture_fourn` VALUES (11,'SI1612-0006','FO-1612-000013',1,NULL,0,43,'2016-12-21 20:13:38','2016-12-21','2017-01-16 16:03:56','',1,'0.00000000','0.00000000',NULL,NULL,'0.00000000','0.00000000','0.00000000','0.00000000','29.10000000','0.00000000','29.10000000',2,1,NULL,1,NULL,NULL,1,6,6,'2016-12-22','','Tampons entreprise',0,'',NULL,NULL,NULL);
INSERT INTO `llx_facture_fourn` VALUES (12,'SI1701-0007',70020902637,1,NULL,0,46,'2017-01-06 19:30:44','2017-01-02','2017-01-16 16:33:47','',1,'0.00000000','0.00000000',NULL,NULL,'0.00000000','0.00000000','0.00000000','0.00000000','3.50000000','0.70000000','4.20000000',2,2,NULL,2,NULL,NULL,1,1,6,'2017-01-02','','',0,'',NULL,NULL,NULL);
INSERT INTO `llx_facture_fourn` VALUES (13,'SI1612-0008','tbd',1,NULL,0,47,'2017-01-06 19:40:12','2016-12-30','2017-01-16 15:57:31','',1,'0.00000000','0.00000000',NULL,NULL,'0.00000000','0.00000000','0.00000000','0.00000000','55.59000000','11.12000000','66.71000000',2,2,NULL,2,NULL,NULL,1,1,6,'2016-12-30','','etiqueteuse + cl&eacute; usb',0,'',NULL,NULL,NULL);
INSERT INTO `llx_facture_fourn` VALUES (14,'SI1612-0009',2091408,1,NULL,0,24,'2017-01-06 19:47:22','2016-12-31','2017-01-06 19:48:04','',1,'0.00000000','0.00000000',NULL,NULL,'0.00000000','0.00000000','0.00000000','0.00000000','92.26000000','0.00000000','92.26000000',2,2,NULL,2,NULL,NULL,1,1,3,'2016-12-31','','Frais bancaires',0,'',NULL,NULL,NULL);
INSERT INTO `llx_facture_fourn` VALUES (15,'SI1701-0010','FO - 1701 - 000016',1,NULL,0,48,'2017-01-10 10:07:36','2017-01-04','2017-01-16 16:26:01','',1,'0.00000000','0.00000000',NULL,NULL,'0.00000000','0.00000000','0.00000000','0.00000000','22.92000000','0.00000000','22.92000000',2,1,NULL,1,NULL,NULL,NULL,1,6,'2017-01-10','','',0,'',NULL,NULL,NULL);
INSERT INTO `llx_facture_fourn` VALUES (16,'SI1701-0011','FO-1701-000017',1,NULL,0,49,'2017-01-10 17:41:56','2017-01-10','2017-02-16 14:03:33','Salon biogaz europe',1,'0.00000000','0.00000000',NULL,NULL,'0.00000000','0.00000000','0.00000000','0.00000000','1080.00000000','216.00000000','1296.00000000',2,1,NULL,1,NULL,NULL,1,1,7,'2017-01-10','','',0,'',NULL,NULL,NULL);
INSERT INTO `llx_facture_fourn` VALUES (17,'SI1701-0012','FO-1701-000018',1,NULL,0,50,'2017-01-11 13:45:19','2017-01-11','2017-01-16 15:52:35','Achat PC + imprimante (et consommables)',1,'0.00000000','0.00000000',NULL,NULL,'0.00000000','0.00000000','0.00000000','0.00000000','988.14000000','197.63000000','1185.77000000',2,1,NULL,1,NULL,NULL,1,1,6,'2017-01-11','','',0,'',NULL,NULL,NULL);
INSERT INTO `llx_facture_fourn` VALUES (18,'SI1701-0013','TBD',1,NULL,0,10,'2017-01-11 17:59:45','2017-01-11','2017-04-04 16:10:34','Sponsoring Saint Eloi',1,'0.00000000','0.00000000',NULL,NULL,'0.00000000','0.00000000','0.00000000','0.00000000','50.00000000','0.00000000','50.00000000',2,2,NULL,2,NULL,NULL,1,1,7,'2017-01-11','','Sponsoring portes ouvertes parents d&#39;&eacute;l&egrave;ves',0,'',NULL,NULL,NULL);
INSERT INTO `llx_facture_fourn` VALUES (19,'SI1701-0014',828435006,1,NULL,0,50,'2017-01-11 18:27:00','2017-01-11','2017-02-16 14:01:39','Commande 828435006',1,'0.00000000','0.00000000',NULL,NULL,'0.00000000','0.00000000','0.00000000','0.00000000','806.65000000','161.33000000','967.98000000',2,2,NULL,2,NULL,NULL,1,1,6,'2017-01-11','','MAtériel informatique<br />\npc remboursé',0,'',NULL,NULL,NULL);
INSERT INTO `llx_facture_fourn` VALUES (20,'SI1701-0015','FO-1701-000020',1,NULL,0,51,'2017-01-20 17:54:12','2017-01-18','2017-02-16 14:16:32','café + chocolat',1,'0.00000000','0.00000000',NULL,NULL,'0.00000000','0.00000000','0.00000000','0.00000000','43.63000000','2.41000000','46.04000000',2,1,NULL,1,NULL,NULL,1,1,6,'2017-01-18','','',0,'',NULL,NULL,NULL);
INSERT INTO `llx_facture_fourn` VALUES (21,'SI1701-0016','FO-1701-000021',1,NULL,0,52,'2017-01-20 18:23:07','2017-01-20','2017-04-06 15:31:24','hebergement site internet + mails',1,'0.00000000','0.00000000',NULL,NULL,'0.00000000','0.00000000','0.00000000','0.00000000','131.88000000','26.38000000','158.26000000',2,1,NULL,1,NULL,NULL,1,1,6,'2017-01-20','','',0,'',NULL,NULL,NULL);
INSERT INTO `llx_facture_fourn` VALUES (22,'SI1701-0017','ovh',1,NULL,0,52,'2017-01-31 17:58:01','2017-01-31','2017-02-16 13:47:55','domaine agriwork',1,'0.00000000','0.00000000',NULL,NULL,'0.00000000','0.00000000','0.00000000','0.00000000','5.49000000','1.10000000','6.59000000',2,1,NULL,1,NULL,NULL,1,1,6,'2017-01-31','','',0,'',NULL,NULL,NULL);
INSERT INTO `llx_facture_fourn` VALUES (23,'SI1702-0018','6104517367-010317',1,NULL,0,55,'2017-02-16 13:43:59','2017-02-02','2017-02-16 13:45:34','',1,'0.00000000','0.00000000',NULL,NULL,'0.00000000','0.00000000','0.00000000','0.00000000','16.66000000','3.33000000','19.99000000',2,2,NULL,2,NULL,NULL,NULL,1,3,'2017-02-02','','Service de remplacement de cartouches d&#39;encre',0,'',NULL,NULL,NULL);
INSERT INTO `llx_facture_fourn` VALUES (24,'SI1702-0019','7comf/2453',1,NULL,0,41,'2017-03-03 15:32:19','2017-02-17','2017-03-03 15:36:54','Parking sima 2017',1,'0.00000000','0.00000000',NULL,NULL,'0.00000000','0.00000000','0.00000000','0.00000000','142.75000000','28.55000000','171.30000000',2,2,NULL,2,NULL,NULL,1,1,7,'2017-02-18','','parking camping car',0,'',NULL,NULL,NULL);
INSERT INTO `llx_facture_fourn` VALUES (25,'SI1702-0020','NC',1,NULL,0,57,'2017-03-03 15:38:17','2017-02-24','2017-03-03 15:39:11','Poster SIMA',1,'0.00000000','0.00000000',NULL,NULL,'0.00000000','0.00000000','0.00000000','0.00000000','60.00000000','12.00000000','72.00000000',2,2,NULL,2,NULL,NULL,NULL,1,7,'2017-02-25','','',0,'',NULL,NULL,NULL);
INSERT INTO `llx_facture_fourn` VALUES (26,'SI1702-0021',70561202965,1,NULL,0,46,'2017-03-03 15:58:31','2017-02-25','2017-03-03 15:59:27','',1,'0.00000000','0.00000000',NULL,NULL,'0.00000000','0.00000000','0.00000000','0.00000000','88.68000000','17.74000000','106.42000000',2,2,NULL,2,NULL,NULL,1,1,6,'2017-02-25','','',0,'',NULL,NULL,NULL);
INSERT INTO `llx_facture_fourn` VALUES (27,'SI1702-0022',501222,1,NULL,0,58,'2017-03-05 17:42:37','2017-02-20','2017-03-05 17:43:29','',1,'0.00000000','0.00000000',NULL,NULL,'0.00000000','0.00000000','0.00000000','0.00000000','251.90000000','50.38000000','302.28000000',2,2,NULL,2,NULL,NULL,1,1,6,'2017-02-20','','orriflamme sima',0,'',NULL,NULL,NULL);
INSERT INTO `llx_facture_fourn` VALUES (28,'SI1702-0023',501234,1,NULL,0,58,'2017-03-05 17:44:39','2017-02-20','2017-03-05 17:45:22','',1,'0.00000000','0.00000000',NULL,NULL,'0.00000000','0.00000000','0.00000000','0.00000000','47.90000000','9.58000000','57.48000000',2,2,NULL,2,NULL,NULL,1,1,6,'2017-02-20','','cartes de visite',0,'',NULL,NULL,NULL);
INSERT INTO `llx_facture_fourn` VALUES (29,'SI1702-0024','FRO16658',1,NULL,0,59,'2017-03-05 17:50:11','2017-02-20','2017-03-05 17:51:12','',1,'0.00000000','0.00000000',NULL,NULL,'0.00000000','0.00000000','0.00000000','0.00000000','79.90000000','15.98000000','95.88000000',2,2,NULL,2,NULL,NULL,1,1,6,'2017-02-20','','Roll Up SIMA',0,'',NULL,NULL,NULL);
INSERT INTO `llx_facture_fourn` VALUES (30,'SI1703-0025','6104517367-020317',1,NULL,0,55,'2017-03-05 17:59:26','2017-03-02','2017-03-05 18:00:23','',1,'0.00000000','0.00000000',NULL,NULL,'0.00000000','0.00000000','0.00000000','0.00000000','4.16000000','0.83000000','4.99000000',2,2,NULL,2,NULL,NULL,1,1,6,'2017-03-02','','Cycle de facturation &agrave; partir du 03/02/2017 - 02/03/2017',0,'',NULL,NULL,NULL);
INSERT INTO `llx_facture_fourn` VALUES (31,'SI1703-0026','fact',1,NULL,0,102,'2017-03-14 12:23:41','2017-03-07','2017-03-14 12:24:54','',1,'0.00000000','0.00000000',NULL,NULL,'0.00000000','0.00000000','0.00000000','0.00000000','14.38000000','2.88000000','17.26000000',2,2,NULL,2,NULL,NULL,NULL,1,6,'2017-03-08','','',0,'',NULL,NULL,NULL);
INSERT INTO `llx_facture_fourn` VALUES (32,'SI1703-0027','GH/JD/218',1,NULL,0,103,'2017-03-14 12:29:07','2017-02-25','2017-03-14 12:32:06','',1,'0.00000000','0.00000000',NULL,NULL,'0.00000000',NULL,NULL,'0.00000000','250.00000000','50.00000000','300.00000000',2,2,NULL,2,NULL,NULL,1,1,7,'2017-03-03','','',0,'',NULL,NULL,NULL);
INSERT INTO `llx_facture_fourn` VALUES (33,'SI1703-0028',2482247,1,NULL,0,104,'2017-03-14 12:47:04','2017-03-13','2017-03-14 12:49:58','',1,'0.00000000','0.00000000',NULL,NULL,'0.00000000','0.00000000','0.00000000','0.00000000','210.00000000','0.00000000','210.00000000',2,2,NULL,2,NULL,NULL,NULL,1,6,'2017-03-14','','Depot de marques',0,'',NULL,NULL,NULL);
INSERT INTO `llx_facture_fourn` VALUES (34,'SI1703-0029',2482177,1,NULL,0,104,'2017-03-14 12:48:38','2017-03-14','2017-03-14 12:49:58','',1,'0.00000000','0.00000000',NULL,NULL,'0.00000000','0.00000000','0.00000000','0.00000000','210.00000000','0.00000000','210.00000000',2,2,NULL,2,NULL,NULL,NULL,1,6,NULL,'','Depot de marques',0,'',NULL,NULL,NULL);
INSERT INTO `llx_facture_fourn` VALUES (35,'SI1702-0030','nc',1,NULL,0,41,'2017-03-14 13:33:51','2017-02-27','2017-03-14 13:35:28','parking sima',1,'0.00000000','0.00000000',NULL,NULL,'0.00000000','0.00000000','0.00000000','0.00000000','72.50000000','14.50000000','87.00000000',2,2,NULL,2,NULL,NULL,1,1,6,'2017-02-27','','parking sima auto',0,'',NULL,NULL,NULL);
INSERT INTO `llx_facture_fourn` VALUES (36,'SI1702-0031',1704000238564,1,NULL,0,24,'2017-03-14 13:36:43','2017-02-09','2017-03-14 13:37:24','cotis cac pro',1,'0.00000000','0.00000000',NULL,NULL,'0.00000000','0.00000000','0.00000000','0.00000000','17.32000000','0.00000000','17.32000000',2,2,NULL,2,NULL,NULL,1,1,3,'2017-02-09','','',0,'',NULL,NULL,NULL);
INSERT INTO `llx_facture_fourn` VALUES (37,'SI1702-0032','650-543',1,NULL,0,48,'2017-03-14 13:39:57','2017-02-01','2017-03-14 13:41:00','',1,'0.00000000','0.00000000',NULL,NULL,'0.00000000','0.00000000','0.00000000','0.00000000','16.67000000','3.33000000','20.00000000',2,2,NULL,2,NULL,NULL,NULL,1,6,'2017-02-01','','facebook ad',0,'',NULL,NULL,NULL);
INSERT INTO `llx_facture_fourn` VALUES (38,'SI1703-0033',1706822353257,1,NULL,0,24,'2017-03-14 13:46:43','2017-03-09','2017-03-14 13:47:31','cotis cac pro',1,'0.00000000','0.00000000',NULL,NULL,'0.00000000','0.00000000','0.00000000','0.00000000','17.32000000','0.00000000','17.32000000',2,2,NULL,2,NULL,NULL,NULL,1,3,'2017-03-09','','',0,'',NULL,NULL,NULL);
INSERT INTO `llx_facture_fourn` VALUES (39,'SI1703-0034','Enerb',1,NULL,0,22,'2017-03-27 15:27:33','2017-03-27','2017-03-27 15:39:37','Honoraire Année 1',1,'0.00000000','0.00000000',NULL,NULL,'0.00000000','0.00000000','0.00000000','0.00000000','2000.00000000','400.00000000','2400.00000000',2,2,NULL,2,NULL,NULL,1,8,7,'2017-06-15','','',0,'',NULL,NULL,NULL);
INSERT INTO `llx_facture_fourn` VALUES (40,'SI1704-0035','6104517367-030317',1,NULL,0,55,'2017-04-04 15:29:06','2017-04-02','2017-04-04 15:30:47','',1,'0.00000000','0.00000000',NULL,NULL,'0.00000000','0.00000000','0.00000000','0.00000000','4.16000000','0.83000000','4.99000000',2,2,NULL,2,NULL,NULL,1,1,3,'2017-04-04','','',0,'',NULL,NULL,NULL);
INSERT INTO `llx_facture_fourn` VALUES (41,'SI1704-0036','FA1075575',1,NULL,0,122,'2017-04-04 15:59:25','2017-04-03','2017-04-04 16:04:11','',1,'0.00000000','0.00000000',NULL,NULL,'0.00000000','0.00000000','0.00000000','0.00000000','18.09000000','3.62000000','21.71000000',2,2,NULL,2,NULL,NULL,NULL,1,6,'2017-04-03','','',0,'',NULL,NULL,NULL);
INSERT INTO `llx_facture_fourn` VALUES (43,'SI1704-0037','FA NC',1,NULL,0,122,'2017-04-04 16:02:23','2017-04-03','2017-04-04 16:04:11','',1,'0.00000000','0.00000000',NULL,NULL,'0.00000000','0.00000000','0.00000000','0.00000000','47.64000000','9.53000000','57.17000000',2,2,NULL,2,NULL,NULL,1,1,6,'2017-04-03','','',0,'',NULL,NULL,NULL);
INSERT INTO `llx_facture_fourn` VALUES (44,'SI1703-0038','406-0988971-6929147',1,NULL,0,47,'2017-04-04 16:15:48','2017-03-20','2017-04-04 16:16:46','',1,'0.00000000','0.00000000',NULL,NULL,'0.00000000','0.00000000','0.00000000','0.00000000','5.78000000','1.16000000','6.94000000',2,2,NULL,2,NULL,NULL,1,1,6,'2017-03-20','','',0,'',NULL,NULL,NULL);
INSERT INTO `llx_facture_fourn` VALUES (45,'SI1703-0039','NC',1,NULL,0,48,'2017-04-04 16:30:05','2017-03-01','2017-04-04 16:30:57','',1,'0.00000000','0.00000000',NULL,NULL,'0.00000000','0.00000000','0.00000000','0.00000000','8.33000000','1.67000000','10.00000000',2,2,NULL,2,NULL,NULL,NULL,1,3,'2017-03-02','','',0,'',NULL,NULL,NULL);
INSERT INTO `llx_facture_fourn` VALUES (46,'SI1704-0040',132384672,1,NULL,0,102,'2017-04-12 14:17:52','2017-04-10','2017-04-12 14:20:26','',1,'0.00000000','0.00000000',NULL,NULL,'0.00000000','0.00000000','0.00000000','0.00000000','156.00000000','0.00000000','156.00000000',2,2,NULL,2,NULL,NULL,1,1,6,'2017-04-11','','',0,'',NULL,NULL,NULL);
INSERT INTO `llx_facture_fourn` VALUES (47,'SI1704-0041','AEU-INV-FR-2017-3132839',1,NULL,0,47,'2017-04-12 14:19:17','2017-04-10','2017-04-12 14:20:03','',1,'0.00000000','0.00000000',NULL,NULL,'0.00000000','0.00000000','0.00000000','0.00000000','10.79000000','2.16000000','12.95000000',2,2,NULL,2,NULL,NULL,1,1,6,'2017-04-11','','',0,'',NULL,NULL,NULL);
INSERT INTO `llx_facture_fourn` VALUES (48,'SI1704-0042','NC',1,NULL,0,208,'2017-05-05 15:20:34','2017-04-21','2017-05-05 15:21:11','',1,'0.00000000','0.00000000',NULL,NULL,'0.00000000','0.00000000','0.00000000','0.00000000','92.64000000','0.00000000','92.64000000',2,2,NULL,2,NULL,NULL,1,1,6,'2017-04-22','','',0,'',NULL,NULL,NULL);
INSERT INTO `llx_facture_fourn` VALUES (49,'SI1705-0043','6104517367-040317',1,NULL,0,55,'2017-05-05 15:35:12','2017-05-02','2017-05-05 15:36:01','',1,'0.00000000','0.00000000',NULL,NULL,'0.00000000','0.00000000','0.00000000','0.00000000','5.83000000','1.16000000','6.99000000',2,2,NULL,2,NULL,NULL,1,1,6,'2017-05-02','','',0,'',NULL,NULL,NULL);
INSERT INTO `llx_facture_fourn` VALUES (50,'SI1705-0044','FO-1703-000028',1,NULL,0,102,'2017-05-23 10:41:59','2017-05-23','2017-05-23 10:43:12','AO CERDD',0,'0.00000000','0.00000000',NULL,NULL,'0.00000000','0.00000000','0.00000000','0.00000000','6.08000000','1.22000000','7.30000000',1,1,NULL,1,NULL,NULL,NULL,1,6,'2017-05-23','','',0,'',NULL,NULL,NULL);
ALTER TABLE `llx_facture_fourn` ENABLE KEYS;
UNLOCK TABLES;




--
-- Table structure for table `llx_facture_fourn_det`
--
DROP TABLE IF EXISTS `llx_facture_fourn_det`;
CREATE TABLE `llx_facture_fourn_det` (
  `rowid` int(11) NOT NULL AUTO_INCREMENT,
  `fk_facture_fourn` int(11) NOT NULL,
  `fk_parent_line` int(11) DEFAULT NULL,
  `fk_product` int(11) DEFAULT NULL,
  `ref` varchar(50) COLLATE latin1_general_ci DEFAULT NULL,
  `label` varchar(255) COLLATE latin1_general_ci DEFAULT NULL,
  `description` text COLLATE latin1_general_ci,
  `pu_ht` double(24,8) DEFAULT NULL,
  `pu_ttc` double(24,8) DEFAULT NULL,
  `qty` double DEFAULT NULL,
  `remise_percent` double DEFAULT '0',
  `tva_tx` double(6,3) DEFAULT NULL,
  `localtax1_tx` double(6,3) DEFAULT '0.000',
  `localtax1_type` varchar(10) COLLATE latin1_general_ci DEFAULT NULL,
  `localtax2_tx` double(6,3) DEFAULT '0.000',
  `localtax2_type` varchar(10) COLLATE latin1_general_ci DEFAULT NULL,
  `total_ht` double(24,8) DEFAULT NULL,
  `tva` double(24,8) DEFAULT NULL,
  `total_localtax1` double(24,8) DEFAULT '0.00000000',
  `total_localtax2` double(24,8) DEFAULT '0.00000000',
  `total_ttc` double(24,8) DEFAULT NULL,
  `product_type` int(11) DEFAULT '0',
  `date_start` datetime DEFAULT NULL,
  `date_end` datetime DEFAULT NULL,
  `info_bits` int(11) DEFAULT '0',
  `fk_code_ventilation` int(11) NOT NULL DEFAULT '0',
  `special_code` int(11) DEFAULT '0',
  `rang` int(11) DEFAULT '0',
  `import_key` varchar(14) COLLATE latin1_general_ci DEFAULT NULL,
  `fk_unit` int(11) DEFAULT NULL,
  PRIMARY KEY (`rowid`),
  KEY `idx_facture_fourn_det_fk_facture` (`fk_facture_fourn`),
  KEY `fk_facture_fourn_det_fk_unit` (`fk_unit`),
  CONSTRAINT `fk_facture_fourn_det_fk_facture` FOREIGN KEY (`fk_facture_fourn`) REFERENCES `llx_facture_fourn` (`rowid`),
  CONSTRAINT `fk_facture_fourn_det_fk_unit` FOREIGN KEY (`fk_unit`) REFERENCES `llx_c_units` (`rowid`)
) ENGINE=InnoDB AUTO_INCREMENT=66 DEFAULT CHARSET=latin1 COLLATE=latin1_general_ci;

--
-- Dumping data for table `llx_facture_fourn_det`
--
LOCK TABLES `llx_facture_fourn_det` WRITE;
ALTER TABLE `llx_facture_fourn_det` DISABLE KEYS;
INSERT INTO `llx_facture_fourn_det` VALUES (7,5,NULL,NULL,NULL,NULL,'Assurance Entreprise','1643.72000000','1643.72000000',1,0,'0.000','0.000',0,'0.000',0,'1643.72000000','0.00000000','0.00000000','0.00000000','1643.72000000',1,NULL,NULL,0,0,0,0,NULL,NULL);
INSERT INTO `llx_facture_fourn_det` VALUES (9,6,NULL,NULL,NULL,NULL,'contrat multirisque pro','291.43000000','291.43000000',1,0,'0.000','0.000',0,'0.000',0,'291.43000000','0.00000000','0.00000000','0.00000000','291.43000000',0,NULL,NULL,0,0,0,0,NULL,NULL);
INSERT INTO `llx_facture_fourn_det` VALUES (14,8,NULL,NULL,NULL,NULL,'Mat&eacute;riel d&#39;&#39;acquisition','5512.50000000','6615.00000000',1,0,'20.000','0.000',0,'0.000',0,'5512.50000000','1102.50000000','0.00000000','0.00000000','6615.00000000',0,NULL,NULL,0,0,0,0,NULL,NULL);
INSERT INTO `llx_facture_fourn_det` VALUES (16,9,NULL,NULL,NULL,NULL,'Salon<br />\n2380&euro; TVA 20%','2380.00000000','2856.00000000',1,0,'20.000','0.000',0,'0.000',0,'2380.00000000','476.00000000','0.00000000','0.00000000','2856.00000000',0,NULL,NULL,0,0,0,0,NULL,NULL);
INSERT INTO `llx_facture_fourn_det` VALUES (17,9,NULL,NULL,NULL,NULL,'Assurance<br />\n120&euro; TVA 0%','120.00000000','120.00000000',1,0,'0.000','0.000',0,'0.000',0,'120.00000000','0.00000000','0.00000000','0.00000000','120.00000000',1,NULL,NULL,0,0,0,0,NULL,NULL);
INSERT INTO `llx_facture_fourn_det` VALUES (18,10,NULL,NULL,NULL,NULL,'Base de donn&eacute;es email','48.00000000','57.60000000',1,0,'20.000','0.000',0,'0.000',0,'48.00000000','9.60000000','0.00000000','0.00000000','57.60000000',1,NULL,NULL,0,0,0,0,NULL,NULL);
INSERT INTO `llx_facture_fourn_det` VALUES (19,11,NULL,NULL,NULL,NULL,'2 Tampons pour l&#39;entreprise','29.10000000','29.10000000',1,0,'0.000','0.000',0,'0.000',0,'29.10000000','0.00000000','0.00000000','0.00000000','29.10000000',0,NULL,NULL,0,0,0,0,NULL,NULL);
INSERT INTO `llx_facture_fourn_det` VALUES (20,12,NULL,NULL,NULL,NULL,'Cartes de voeux','1.75000000','2.10000000',2,0,'20.000','0.000',0,'0.000',0,'3.50000000','0.70000000','0.00000000','0.00000000','4.20000000',0,NULL,NULL,0,0,0,0,NULL,NULL);
INSERT INTO `llx_facture_fourn_det` VALUES (21,13,NULL,NULL,NULL,NULL,'<a class=\"a-link-normal\" href=\"https://www.amazon.fr/gp/product/B00N9U2E7U/ref=oh_aui_detailpage_o00_s00?ie=UTF8&amp;psc=1\" style=\"box-sizing: border-box; color: rgb(196, 85, 0); outline: 0px; outline-offset: -2px; cursor: pointer; font-family: Arial, sans-serif;\">5 Pi&egrave;ce Cl&eacute; USB 1 Go M&eacute;moire Flash Rotation Disque USB 2.0</a>','11.88333000','14.26000000',1,0,'20.000','0.000',0,'0.000',0,'11.88000000','2.38000000','0.00000000','0.00000000','14.26000000',0,NULL,NULL,0,0,0,0,NULL,NULL);
INSERT INTO `llx_facture_fourn_det` VALUES (22,13,NULL,NULL,NULL,NULL,'<a class=\"a-link-normal\" href=\"https://www.amazon.fr/gp/product/B00CJ8FQEQ/ref=oh_aui_detailpage_o00_s00?ie=UTF8&amp;psc=1\" style=\"box-sizing: border-box; color: rgb(196, 85, 0); outline: 0px; outline-offset: -2px; cursor: pointer; font-family: Arial, sans-serif;\">Brother PTE100VP Etiqueteuse Electronique pour Electriciens Orange/Noir</a>','43.70833000','52.45000000',1,0,'20.000','0.000',0,'0.000',0,'43.71000000','8.74000000','0.00000000','0.00000000','52.45000000',0,NULL,NULL,0,0,0,0,NULL,NULL);
INSERT INTO `llx_facture_fourn_det` VALUES (23,14,NULL,NULL,NULL,NULL,'Frais bancaires','92.26000000','92.26000000',1,0,'0.000','0.000',0,'0.000',0,'92.26000000','0.00000000','0.00000000','0.00000000','92.26000000',1,NULL,NULL,0,0,0,0,NULL,NULL);
INSERT INTO `llx_facture_fourn_det` VALUES (24,15,NULL,NULL,NULL,NULL,'Facebook Ads','22.92000000','22.92000000',1,0,'0.000','0.000',0,'0.000',0,'22.92000000','0.00000000','0.00000000','0.00000000','22.92000000',1,NULL,NULL,0,0,0,0,NULL,NULL);
INSERT INTO `llx_facture_fourn_det` VALUES (25,16,NULL,NULL,NULL,NULL,'Stand salon biogaz europe','1080.00000000','1296.00000000',1,0,'20.000','0.000',0,'0.000',0,'1080.00000000','216.00000000','0.00000000','0.00000000','1296.00000000',1,NULL,NULL,0,0,0,0,NULL,NULL);
INSERT INTO `llx_facture_fourn_det` VALUES (26,17,NULL,NULL,NULL,NULL,'Pack Cartouches Noir + Couleurs HP 953<br />\nOfficejet Pro 8715<br />\nAspire VN7-792G-7844 - Noir<br />\nPack Advantage Briefcase 16-18 Pouces 015004 + Souris sans fil noire<br />\nDisque Dur Externe 1 To USB 3.0 Noir + Housse Chevron noire','988.14000000','1185.76800000',1,0,'20.000','0.000',0,'0.000',0,'988.14000000','197.63000000','0.00000000','0.00000000','1185.77000000',0,NULL,NULL,0,0,0,0,NULL,NULL);
INSERT INTO `llx_facture_fourn_det` VALUES (27,18,NULL,NULL,NULL,NULL,'Sponsoring','50.00000000','50.00000000',1,0,'0.000','0.000',0,'0.000',0,'50.00000000','0.00000000','0.00000000','0.00000000','50.00000000',1,NULL,NULL,0,0,0,0,NULL,NULL);
INSERT INTO `llx_facture_fourn_det` VALUES (28,19,NULL,NULL,NULL,NULL,'PC ACER + Saccoche','806.65000000','967.98000000',1,0,'20.000','0.000',0,'0.000',0,'806.65000000','161.33000000','0.00000000','0.00000000','967.98000000',0,NULL,NULL,0,0,0,0,NULL,NULL);
INSERT INTO `llx_facture_fourn_det` VALUES (32,20,NULL,NULL,NULL,NULL,'caf&eacute; salon + chocolat &eacute;tudiants paris 13','43.54502000','45.94000000',1,0,'5.500','0.000',0,'0.000',0,'43.55000000','2.39000000','0.00000000','0.00000000','45.94000000',0,NULL,NULL,0,0,0,0,NULL,NULL);
INSERT INTO `llx_facture_fourn_det` VALUES (33,20,NULL,NULL,NULL,NULL,'sac course','0.08333000','0.10000000',1,0,'20.000','0.000',0,'0.000',0,'0.08000000','0.02000000','0.00000000','0.00000000','0.10000000',0,NULL,NULL,0,0,0,0,NULL,NULL);
INSERT INTO `llx_facture_fourn_det` VALUES (34,21,NULL,NULL,NULL,NULL,'12 mois','131.88000000','158.25600000',1,0,'20.000','0.000',0,'0.000',0,'131.88000000','26.38000000','0.00000000','0.00000000','158.26000000',1,NULL,NULL,0,0,0,0,NULL,NULL);
INSERT INTO `llx_facture_fourn_det` VALUES (35,22,NULL,NULL,NULL,NULL,'domaine agriwork.fr 1 an','5.49000000','6.58800000',1,0,'20.000','0.000',0,'0.000',0,'5.49000000','1.10000000','0.00000000','0.00000000','6.59000000',1,NULL,NULL,0,0,0,0,NULL,NULL);
INSERT INTO `llx_facture_fourn_det` VALUES (36,23,NULL,NULL,NULL,NULL,'PAGES IMPRIM&Eacute;ES','16.66000000','19.99200000',1,0,'20.000','0.000',0,'0.000',0,'16.66000000','3.33000000','0.00000000','0.00000000','19.99000000',0,NULL,NULL,0,0,0,0,NULL,NULL);
INSERT INTO `llx_facture_fourn_det` VALUES (37,24,NULL,NULL,NULL,NULL,'abonnement exposant','142.75000000','171.30000000',1,0,'20.000','0.000',0,'0.000',0,'142.75000000','28.55000000','0.00000000','0.00000000','171.30000000',1,NULL,NULL,0,0,0,0,NULL,NULL);
INSERT INTO `llx_facture_fourn_det` VALUES (38,25,NULL,NULL,NULL,NULL,'Poster Sima','30.00000000','36.00000000',2,0,'20.000','0.000',0,'0.000',0,'60.00000000','12.00000000','0.00000000','0.00000000','72.00000000',0,NULL,NULL,0,0,0,0,NULL,NULL);
INSERT INTO `llx_facture_fourn_det` VALUES (39,26,NULL,NULL,NULL,NULL,'bi&egrave;re sima','14.78000000','17.73600000',6,0,'20.000','0.000',0,'0.000',0,'88.68000000','17.74000000','0.00000000','0.00000000','106.42000000',0,NULL,NULL,0,0,0,0,NULL,NULL);
INSERT INTO `llx_facture_fourn_det` VALUES (40,27,NULL,NULL,NULL,NULL,'Drapeau Plume - Taille:Drapeau de plage Small (40 x 240 cm)','125.95000000','151.14000000',2,0,'20.000','0.000',0,'0.000',0,'251.90000000','50.38000000','0.00000000','0.00000000','302.28000000',0,NULL,NULL,0,0,0,0,NULL,NULL);
INSERT INTO `llx_facture_fourn_det` VALUES (41,28,NULL,NULL,NULL,NULL,'Cartes de visite - Mat&eacute;riaux:Classique 340grs - Impression:Recto/verso Quadri -<br />\nQuantit&eacute;:500','23.95000000','28.74000000',2,0,'20.000','0.000',0,'0.000',0,'47.90000000','9.58000000','0.00000000','0.00000000','57.48000000',0,NULL,NULL,0,0,0,0,NULL,NULL);
INSERT INTO `llx_facture_fourn_det` VALUES (42,29,NULL,NULL,NULL,NULL,'Roll-up Classic 100x200cm','79.90000000','95.88000000',1,0,'20.000','0.000',0,'0.000',0,'79.90000000','15.98000000','0.00000000','0.00000000','95.88000000',0,NULL,NULL,0,0,0,0,NULL,NULL);
INSERT INTO `llx_facture_fourn_det` VALUES (43,30,NULL,NULL,NULL,NULL,'PAGES IMPRIM&Eacute;ES','4.15833000','4.99000000',1,0,'20.000','0.000',0,'0.000',0,'4.16000000','0.83000000','0.00000000','0.00000000','4.99000000',1,NULL,NULL,0,0,0,0,NULL,NULL);
INSERT INTO `llx_facture_fourn_det` VALUES (44,31,NULL,NULL,NULL,NULL,'recommand&eacute;','14.38333000','17.26000000',1,0,'20.000','0.000',0,'0.000',0,'14.38000000','2.88000000','0.00000000','0.00000000','17.26000000',1,NULL,NULL,0,0,0,0,NULL,NULL);
INSERT INTO `llx_facture_fourn_det` VALUES (45,32,NULL,NULL,NULL,NULL,'location camping car','250.00000000','300.00000000',1,0,'20.000','0.000',0,'0.000',0,'250.00000000','50.00000000','0.00000000','0.00000000','300.00000000',1,NULL,NULL,0,0,0,0,NULL,NULL);
INSERT INTO `llx_facture_fourn_det` VALUES (46,33,NULL,NULL,NULL,NULL,'agriwork','210.00000000','210.00000000',1,0,'0.000','0.000',0,'0.000',0,'210.00000000','0.00000000','0.00000000','0.00000000','210.00000000',0,NULL,NULL,0,0,0,0,NULL,NULL);
INSERT INTO `llx_facture_fourn_det` VALUES (47,34,NULL,NULL,NULL,NULL,'energiculteur','210.00000000','210.00000000',1,0,'0.000','0.000',0,'0.000',0,'210.00000000','0.00000000','0.00000000','0.00000000','210.00000000',0,NULL,NULL,0,0,0,0,NULL,NULL);
INSERT INTO `llx_facture_fourn_det` VALUES (48,35,NULL,NULL,NULL,NULL,'1 place 1 semaine','72.50000000','87.00000000',1,0,'20.000','0.000',0,'0.000',0,'72.50000000','14.50000000','0.00000000','0.00000000','87.00000000',0,NULL,NULL,0,0,0,0,NULL,NULL);
INSERT INTO `llx_facture_fourn_det` VALUES (49,36,NULL,NULL,NULL,NULL,'cotis','17.32000000','17.32000000',1,0,'0.000','0.000',0,'0.000',0,'17.32000000','0.00000000','0.00000000','0.00000000','17.32000000',1,NULL,NULL,0,0,0,0,NULL,NULL);
INSERT INTO `llx_facture_fourn_det` VALUES (50,37,NULL,NULL,NULL,NULL,'add','16.66667000','20.00000000',1,0,'20.000','0.000',0,'0.000',0,'16.67000000','3.33000000','0.00000000','0.00000000','20.00000000',1,NULL,NULL,0,0,0,0,NULL,NULL);
INSERT INTO `llx_facture_fourn_det` VALUES (52,38,NULL,NULL,NULL,NULL,'cotise','17.32000000','17.32000000',1,0,'0.000','0.000',0,'0.000',0,'17.32000000','0.00000000','0.00000000','0.00000000','17.32000000',0,NULL,NULL,0,0,0,0,NULL,NULL);
INSERT INTO `llx_facture_fourn_det` VALUES (53,39,NULL,NULL,NULL,NULL,'Honoraire ann&eacute;e 1','2000.00000000','2400.00000000',1,0,'20.000','0.000',0,'0.000',0,'2000.00000000','400.00000000','0.00000000','0.00000000','2400.00000000',1,NULL,NULL,0,0,0,0,NULL,NULL);
INSERT INTO `llx_facture_fourn_det` VALUES (55,40,NULL,NULL,NULL,NULL,'encre','4.15833000','4.99000000',1,0,'20.000','0.000',0,'0.000',0,'4.16000000','0.83000000','0.00000000','0.00000000','4.99000000',0,NULL,NULL,0,0,0,0,NULL,NULL);
INSERT INTO `llx_facture_fourn_det` VALUES (56,41,NULL,NULL,NULL,NULL,'encre imprimante','18.09000000','21.70800000',1,0,'20.000','0.000',0,'0.000',0,'18.09000000','3.62000000','0.00000000','0.00000000','21.71000000',0,NULL,NULL,0,0,0,0,NULL,NULL);
INSERT INTO `llx_facture_fourn_det` VALUES (58,43,NULL,NULL,NULL,NULL,'encre imprimante','47.64167000','57.17000000',1,0,'20.000','0.000',0,'0.000',0,'47.64000000','9.53000000','0.00000000','0.00000000','57.17000000',0,NULL,NULL,0,0,0,0,NULL,NULL);
INSERT INTO `llx_facture_fourn_det` VALUES (59,44,NULL,NULL,NULL,NULL,'lettre a4','5.78333000','6.94000000',1,0,'20.000','0.000',0,'0.000',0,'5.78000000','1.16000000','0.00000000','0.00000000','6.94000000',0,NULL,NULL,0,0,0,0,NULL,NULL);
INSERT INTO `llx_facture_fourn_det` VALUES (60,45,NULL,NULL,NULL,NULL,'adword','8.33333000','10.00000000',1,0,'20.000','0.000',0,'0.000',0,'8.33000000','1.67000000','0.00000000','0.00000000','10.00000000',1,NULL,NULL,0,0,0,0,NULL,NULL);
INSERT INTO `llx_facture_fourn_det` VALUES (61,46,NULL,NULL,NULL,NULL,'timbres','156.00000000','156.00000000',1,0,'0.000','0.000',0,'0.000',0,'156.00000000','0.00000000','0.00000000','0.00000000','156.00000000',0,NULL,NULL,0,0,0,0,NULL,NULL);
INSERT INTO `llx_facture_fourn_det` VALUES (62,47,NULL,NULL,NULL,NULL,'envelloppe','10.79000000','12.94800000',1,0,'20.000','0.000',0,'0.000',0,'10.79000000','2.16000000','0.00000000','0.00000000','12.95000000',0,NULL,NULL,0,0,0,0,NULL,NULL);
INSERT INTO `llx_facture_fourn_det` VALUES (63,48,NULL,NULL,NULL,NULL,'biable','92.64000000','92.64000000',1,0,'0.000','0.000',0,'0.000',0,'92.64000000','0.00000000','0.00000000','0.00000000','92.64000000',1,NULL,NULL,0,0,0,0,NULL,NULL);
INSERT INTO `llx_facture_fourn_det` VALUES (64,49,NULL,NULL,NULL,NULL,'encre','5.82500000','6.99000000',1,0,'20.000','0.000',0,'0.000',0,'5.83000000','1.16000000','0.00000000','0.00000000','6.99000000',0,NULL,NULL,0,0,0,0,NULL,NULL);
INSERT INTO `llx_facture_fourn_det` VALUES (65,50,NULL,NULL,NULL,NULL,'Envoi courrier recommand&eacute;','6.08333000','7.30000000',1,0,'20.000','0.000',0,'0.000',0,'6.08000000','1.22000000','0.00000000','0.00000000','7.30000000',1,NULL,NULL,0,0,0,0,NULL,NULL);
ALTER TABLE `llx_facture_fourn_det` ENABLE KEYS;
UNLOCK TABLES;




--
-- Table structure for table `llx_facture_fourn_det_extrafields`
--
DROP TABLE IF EXISTS `llx_facture_fourn_det_extrafields`;
CREATE TABLE `llx_facture_fourn_det_extrafields` (
  `rowid` int(11) NOT NULL AUTO_INCREMENT,
  `tms` timestamp NOT NULL DEFAULT CURRENT_TIMESTAMP ON UPDATE CURRENT_TIMESTAMP,
  `fk_object` int(11) NOT NULL,
  `import_key` varchar(14) COLLATE latin1_general_ci DEFAULT NULL,
  PRIMARY KEY (`rowid`),
  KEY `idx_facture_fourn_det_extrafields` (`fk_object`)
) ENGINE=InnoDB DEFAULT CHARSET=latin1 COLLATE=latin1_general_ci;

--
-- Dumping data for table `llx_facture_fourn_det_extrafields`
--
LOCK TABLES `llx_facture_fourn_det_extrafields` WRITE;
ALTER TABLE `llx_facture_fourn_det_extrafields` DISABLE KEYS;
ALTER TABLE `llx_facture_fourn_det_extrafields` ENABLE KEYS;
UNLOCK TABLES;




--
-- Table structure for table `llx_facture_fourn_extrafields`
--
DROP TABLE IF EXISTS `llx_facture_fourn_extrafields`;
CREATE TABLE `llx_facture_fourn_extrafields` (
  `rowid` int(11) NOT NULL AUTO_INCREMENT,
  `tms` timestamp NOT NULL DEFAULT CURRENT_TIMESTAMP ON UPDATE CURRENT_TIMESTAMP,
  `fk_object` int(11) NOT NULL,
  `import_key` varchar(14) COLLATE latin1_general_ci DEFAULT NULL,
  PRIMARY KEY (`rowid`),
  KEY `idx_facture_fourn_extrafields` (`fk_object`)
) ENGINE=InnoDB DEFAULT CHARSET=latin1 COLLATE=latin1_general_ci;

--
-- Dumping data for table `llx_facture_fourn_extrafields`
--
LOCK TABLES `llx_facture_fourn_extrafields` WRITE;
ALTER TABLE `llx_facture_fourn_extrafields` DISABLE KEYS;
ALTER TABLE `llx_facture_fourn_extrafields` ENABLE KEYS;
UNLOCK TABLES;




--
-- Table structure for table `llx_facture_rec`
--
DROP TABLE IF EXISTS `llx_facture_rec`;
CREATE TABLE `llx_facture_rec` (
  `rowid` int(11) NOT NULL AUTO_INCREMENT,
  `titre` varchar(50) COLLATE latin1_general_ci NOT NULL,
  `entity` int(11) NOT NULL DEFAULT '1',
  `fk_soc` int(11) NOT NULL,
  `datec` datetime DEFAULT NULL,
  `amount` double(24,8) NOT NULL DEFAULT '0.00000000',
  `remise` double DEFAULT '0',
  `remise_percent` double DEFAULT '0',
  `remise_absolue` double DEFAULT '0',
  `tva` double(24,8) DEFAULT '0.00000000',
  `localtax1` double(24,8) DEFAULT '0.00000000',
  `localtax2` double(24,8) DEFAULT '0.00000000',
  `revenuestamp` double(24,8) DEFAULT '0.00000000',
  `total` double(24,8) DEFAULT '0.00000000',
  `total_ttc` double(24,8) DEFAULT '0.00000000',
  `fk_user_author` int(11) DEFAULT NULL,
  `fk_projet` int(11) DEFAULT NULL,
  `fk_cond_reglement` int(11) DEFAULT '0',
  `fk_mode_reglement` int(11) DEFAULT '0',
  `date_lim_reglement` date DEFAULT NULL,
  `note_private` text COLLATE latin1_general_ci,
  `note_public` text COLLATE latin1_general_ci,
  `usenewprice` int(11) DEFAULT '0',
  `frequency` int(11) DEFAULT NULL,
  `unit_frequency` varchar(2) COLLATE latin1_general_ci DEFAULT 'm',
  `date_when` datetime DEFAULT NULL,
  `date_last_gen` datetime DEFAULT NULL,
  `nb_gen_done` int(11) DEFAULT NULL,
  `nb_gen_max` int(11) DEFAULT NULL,
  PRIMARY KEY (`rowid`),
  UNIQUE KEY `idx_facture_rec_uk_titre` (`titre`,`entity`),
  KEY `idx_facture_rec_fk_soc` (`fk_soc`),
  KEY `idx_facture_rec_fk_user_author` (`fk_user_author`),
  KEY `idx_facture_rec_fk_projet` (`fk_projet`),
  CONSTRAINT `fk_facture_rec_fk_projet` FOREIGN KEY (`fk_projet`) REFERENCES `llx_projet` (`rowid`),
  CONSTRAINT `fk_facture_rec_fk_soc` FOREIGN KEY (`fk_soc`) REFERENCES `llx_societe` (`rowid`),
  CONSTRAINT `fk_facture_rec_fk_user_author` FOREIGN KEY (`fk_user_author`) REFERENCES `llx_user` (`rowid`)
) ENGINE=InnoDB DEFAULT CHARSET=latin1 COLLATE=latin1_general_ci;

--
-- Dumping data for table `llx_facture_rec`
--
LOCK TABLES `llx_facture_rec` WRITE;
ALTER TABLE `llx_facture_rec` DISABLE KEYS;
ALTER TABLE `llx_facture_rec` ENABLE KEYS;
UNLOCK TABLES;




--
-- Table structure for table `llx_facturedet`
--
DROP TABLE IF EXISTS `llx_facturedet`;
CREATE TABLE `llx_facturedet` (
  `rowid` int(11) NOT NULL AUTO_INCREMENT,
  `fk_facture` int(11) NOT NULL,
  `fk_parent_line` int(11) DEFAULT NULL,
  `fk_product` int(11) DEFAULT NULL,
  `label` varchar(255) COLLATE latin1_general_ci DEFAULT NULL,
  `description` text COLLATE latin1_general_ci,
  `tva_tx` double(6,3) DEFAULT NULL,
  `localtax1_tx` double(6,3) DEFAULT '0.000',
  `localtax1_type` varchar(10) COLLATE latin1_general_ci DEFAULT NULL,
  `localtax2_tx` double(6,3) DEFAULT '0.000',
  `localtax2_type` varchar(10) COLLATE latin1_general_ci DEFAULT NULL,
  `qty` double DEFAULT NULL,
  `remise_percent` double DEFAULT '0',
  `remise` double DEFAULT '0',
  `fk_remise_except` int(11) DEFAULT NULL,
  `subprice` double(24,8) DEFAULT NULL,
  `price` double(24,8) DEFAULT NULL,
  `total_ht` double(24,8) DEFAULT NULL,
  `total_tva` double(24,8) DEFAULT NULL,
  `total_localtax1` double(24,8) DEFAULT '0.00000000',
  `total_localtax2` double(24,8) DEFAULT '0.00000000',
  `total_ttc` double(24,8) DEFAULT NULL,
  `product_type` int(11) DEFAULT '0',
  `date_start` datetime DEFAULT NULL,
  `date_end` datetime DEFAULT NULL,
  `info_bits` int(11) DEFAULT '0',
  `buy_price_ht` double(24,8) DEFAULT '0.00000000',
  `fk_product_fournisseur_price` int(11) DEFAULT NULL,
  `fk_code_ventilation` int(11) NOT NULL DEFAULT '0',
  `special_code` int(11) DEFAULT '0',
  `rang` int(11) DEFAULT '0',
  `import_key` varchar(14) COLLATE latin1_general_ci DEFAULT NULL,
  `situation_percent` double DEFAULT NULL,
  `fk_prev_id` int(11) DEFAULT NULL,
  `fk_unit` int(11) DEFAULT NULL,
  PRIMARY KEY (`rowid`),
  UNIQUE KEY `uk_fk_remise_except` (`fk_remise_except`,`fk_facture`),
  KEY `idx_facturedet_fk_facture` (`fk_facture`),
  KEY `idx_facturedet_fk_product` (`fk_product`),
  KEY `fk_facturedet_fk_unit` (`fk_unit`),
  CONSTRAINT `fk_facturedet_fk_facture` FOREIGN KEY (`fk_facture`) REFERENCES `llx_facture` (`rowid`),
  CONSTRAINT `fk_facturedet_fk_unit` FOREIGN KEY (`fk_unit`) REFERENCES `llx_c_units` (`rowid`)
) ENGINE=InnoDB AUTO_INCREMENT=15 DEFAULT CHARSET=latin1 COLLATE=latin1_general_ci;

--
-- Dumping data for table `llx_facturedet`
--
LOCK TABLES `llx_facturedet` WRITE;
ALTER TABLE `llx_facturedet` DISABLE KEYS;
INSERT INTO `llx_facturedet` VALUES (1,2,NULL,3,NULL,'(Pays d\'origine: France)','20.000','0.000',0,'0.000',0,1,15,0,NULL,'120.00000000',NULL,'102.00000000','20.40000000','0.00000000','0.00000000','122.40000000',1,NULL,NULL,0,'0.00000000',NULL,0,0,1,NULL,100,NULL,NULL);
INSERT INTO `llx_facturedet` VALUES (4,4,NULL,4,NULL,'Tarif sp&eacute;cial adh&eacute;rant Nord-Appro','20.000','0.000',0,'0.000',0,1,0,0,NULL,'100.00000000',NULL,'100.00000000','20.00000000','0.00000000','0.00000000','120.00000000',1,NULL,NULL,0,'0.00000000',NULL,0,0,1,NULL,100,NULL,NULL);
INSERT INTO `llx_facturedet` VALUES (5,5,NULL,2,NULL,'','20.000','0.000',0,'0.000',0,1,0,0,NULL,'150.00000000',NULL,'150.00000000','30.00000000','0.00000000','0.00000000','180.00000000',1,NULL,NULL,0,'0.00000000',NULL,0,0,1,NULL,100,NULL,NULL);
INSERT INTO `llx_facturedet` VALUES (6,6,NULL,7,NULL,'Forfait journalier formation professionnelle','20.000','0.000',0,'0.000',0,1,0,0,NULL,'700.00000000',NULL,'700.00000000','140.00000000','0.00000000','0.00000000','840.00000000',1,NULL,NULL,0,'0.00000000',NULL,0,0,1,NULL,100,NULL,NULL);
INSERT INTO `llx_facturedet` VALUES (7,7,NULL,NULL,NULL,'Enseignement vacation','0.000','0.000',0,'0.000',0,45,0,0,NULL,'45.00000000',NULL,'2025.00000000','0.00000000','0.00000000','0.00000000','2025.00000000',1,NULL,NULL,0,'0.00000000',NULL,0,0,1,NULL,100,NULL,NULL);
INSERT INTO `llx_facturedet` VALUES (8,8,NULL,7,NULL,'','20.000','0.000',0,'0.000',0,1.5,0,0,NULL,'700.00000000',NULL,'1050.00000000','210.00000000','0.00000000','0.00000000','1260.00000000',1,NULL,NULL,0,'0.00000000',NULL,0,0,1,NULL,100,NULL,NULL);
INSERT INTO `llx_facturedet` VALUES (9,9,NULL,NULL,NULL,'Enseignement vacation','0.000','0.000',0,'0.000',0,45,0,0,NULL,'-45.00000000',NULL,'-2025.00000000','0.00000000','0.00000000','0.00000000','-2025.00000000',1,NULL,NULL,0,'0.00000000',NULL,0,0,1,NULL,100,NULL,NULL);
INSERT INTO `llx_facturedet` VALUES (10,10,NULL,NULL,NULL,'Enseignement vacation','20.000','0.000',0,'0.000',0,45,0,0,NULL,'37.50000000',NULL,'1687.50000000','337.50000000','0.00000000','0.00000000','2025.00000000',1,NULL,NULL,0,'0.00000000',NULL,0,0,1,NULL,100,NULL,NULL);
INSERT INTO `llx_facturedet` VALUES (11,11,NULL,NULL,NULL,'H&eacute;bergement&nbsp;','20.000','0.000',0,'0.000',0,2,0,0,NULL,'150.00000000',NULL,'300.00000000','60.00000000','0.00000000','0.00000000','360.00000000',1,NULL,NULL,0,'0.00000000',NULL,0,0,1,NULL,100,NULL,NULL);
INSERT INTO `llx_facturedet` VALUES (12,11,NULL,NULL,NULL,'Repas&nbsp;','20.000','0.000',0,'0.000',0,2,0,0,NULL,'50.00000000',NULL,'100.00000000','20.00000000','0.00000000','0.00000000','120.00000000',1,NULL,NULL,0,'0.00000000',NULL,0,0,2,NULL,100,NULL,NULL);
INSERT INTO `llx_facturedet` VALUES (13,12,NULL,7,NULL,'Formation de 7h avec deux intervenants.','20.000','0.000',0,'0.000',0,1,0,0,NULL,'700.00000000',NULL,'700.00000000','140.00000000','0.00000000','0.00000000','840.00000000',1,NULL,NULL,0,'0.00000000',NULL,0,0,1,NULL,100,NULL,NULL);
INSERT INTO `llx_facturedet` VALUES (14,12,NULL,NULL,NULL,'Frais de d&eacute;placement.<br />\nComprend l&#39;aller retour entre le si&egrave;ge Enerbioflex et le lieu de formation.','20.000','0.000',0,'0.000',0,300,0,0,NULL,'0.26000000',NULL,'78.00000000','15.60000000','0.00000000','0.00000000','93.60000000',1,NULL,NULL,0,'0.00000000',NULL,0,0,2,NULL,100,NULL,NULL);
ALTER TABLE `llx_facturedet` ENABLE KEYS;
UNLOCK TABLES;




--
-- Table structure for table `llx_facturedet_extrafields`
--
DROP TABLE IF EXISTS `llx_facturedet_extrafields`;
CREATE TABLE `llx_facturedet_extrafields` (
  `rowid` int(11) NOT NULL AUTO_INCREMENT,
  `tms` timestamp NOT NULL DEFAULT CURRENT_TIMESTAMP ON UPDATE CURRENT_TIMESTAMP,
  `fk_object` int(11) NOT NULL,
  `import_key` varchar(14) COLLATE latin1_general_ci DEFAULT NULL,
  PRIMARY KEY (`rowid`),
  KEY `idx_facturedet_extrafields` (`fk_object`)
) ENGINE=InnoDB DEFAULT CHARSET=latin1 COLLATE=latin1_general_ci;

--
-- Dumping data for table `llx_facturedet_extrafields`
--
LOCK TABLES `llx_facturedet_extrafields` WRITE;
ALTER TABLE `llx_facturedet_extrafields` DISABLE KEYS;
ALTER TABLE `llx_facturedet_extrafields` ENABLE KEYS;
UNLOCK TABLES;




--
-- Table structure for table `llx_facturedet_rec`
--
DROP TABLE IF EXISTS `llx_facturedet_rec`;
CREATE TABLE `llx_facturedet_rec` (
  `rowid` int(11) NOT NULL AUTO_INCREMENT,
  `fk_facture` int(11) NOT NULL,
  `fk_parent_line` int(11) DEFAULT NULL,
  `fk_product` int(11) DEFAULT NULL,
  `product_type` int(11) DEFAULT '0',
  `label` varchar(255) COLLATE latin1_general_ci DEFAULT NULL,
  `description` text COLLATE latin1_general_ci,
  `tva_tx` double(6,3) DEFAULT NULL,
  `localtax1_tx` double(6,3) DEFAULT '0.000',
  `localtax1_type` varchar(10) COLLATE latin1_general_ci DEFAULT NULL,
  `localtax2_tx` double(6,3) DEFAULT '0.000',
  `localtax2_type` varchar(10) COLLATE latin1_general_ci DEFAULT NULL,
  `qty` double DEFAULT NULL,
  `remise_percent` double DEFAULT '0',
  `remise` double DEFAULT '0',
  `subprice` double(24,8) DEFAULT NULL,
  `price` double(24,8) DEFAULT NULL,
  `total_ht` double(24,8) DEFAULT NULL,
  `total_tva` double(24,8) DEFAULT NULL,
  `total_localtax1` double(24,8) DEFAULT '0.00000000',
  `total_localtax2` double(24,8) DEFAULT '0.00000000',
  `total_ttc` double(24,8) DEFAULT NULL,
  `info_bits` int(11) DEFAULT '0',
  `special_code` int(10) unsigned DEFAULT '0',
  `rang` int(11) DEFAULT '0',
  `fk_contract_line` int(11) DEFAULT NULL,
  `fk_unit` int(11) DEFAULT NULL,
  PRIMARY KEY (`rowid`),
  KEY `fk_facturedet_rec_fk_unit` (`fk_unit`),
  CONSTRAINT `fk_facturedet_rec_fk_unit` FOREIGN KEY (`fk_unit`) REFERENCES `llx_c_units` (`rowid`)
) ENGINE=InnoDB DEFAULT CHARSET=latin1 COLLATE=latin1_general_ci;

--
-- Dumping data for table `llx_facturedet_rec`
--
LOCK TABLES `llx_facturedet_rec` WRITE;
ALTER TABLE `llx_facturedet_rec` DISABLE KEYS;
ALTER TABLE `llx_facturedet_rec` ENABLE KEYS;
UNLOCK TABLES;




--
-- Table structure for table `llx_fichinter`
--
DROP TABLE IF EXISTS `llx_fichinter`;
CREATE TABLE `llx_fichinter` (
  `rowid` int(11) NOT NULL AUTO_INCREMENT,
  `fk_soc` int(11) NOT NULL,
  `fk_projet` int(11) DEFAULT '0',
  `fk_contrat` int(11) DEFAULT '0',
  `ref` varchar(30) COLLATE latin1_general_ci NOT NULL,
  `ref_ext` varchar(255) COLLATE latin1_general_ci DEFAULT NULL,
  `entity` int(11) NOT NULL DEFAULT '1',
  `tms` timestamp NOT NULL DEFAULT CURRENT_TIMESTAMP ON UPDATE CURRENT_TIMESTAMP,
  `datec` datetime DEFAULT NULL,
  `date_valid` datetime DEFAULT NULL,
  `datei` date DEFAULT NULL,
  `fk_user_author` int(11) DEFAULT NULL,
  `fk_user_modif` int(11) DEFAULT NULL,
  `fk_user_valid` int(11) DEFAULT NULL,
  `fk_statut` smallint(6) DEFAULT '0',
  `duree` double DEFAULT NULL,
  `description` text COLLATE latin1_general_ci,
  `note_private` text COLLATE latin1_general_ci,
  `note_public` text COLLATE latin1_general_ci,
  `model_pdf` varchar(255) COLLATE latin1_general_ci DEFAULT NULL,
  `extraparams` varchar(255) COLLATE latin1_general_ci DEFAULT NULL,
  PRIMARY KEY (`rowid`),
  UNIQUE KEY `uk_fichinter_ref` (`ref`,`entity`),
  KEY `idx_fichinter_fk_soc` (`fk_soc`),
  CONSTRAINT `fk_fichinter_fk_soc` FOREIGN KEY (`fk_soc`) REFERENCES `llx_societe` (`rowid`)
) ENGINE=InnoDB DEFAULT CHARSET=latin1 COLLATE=latin1_general_ci;

--
-- Dumping data for table `llx_fichinter`
--
LOCK TABLES `llx_fichinter` WRITE;
ALTER TABLE `llx_fichinter` DISABLE KEYS;
ALTER TABLE `llx_fichinter` ENABLE KEYS;
UNLOCK TABLES;




--
-- Table structure for table `llx_fichinter_extrafields`
--
DROP TABLE IF EXISTS `llx_fichinter_extrafields`;
CREATE TABLE `llx_fichinter_extrafields` (
  `rowid` int(11) NOT NULL AUTO_INCREMENT,
  `tms` timestamp NOT NULL DEFAULT CURRENT_TIMESTAMP ON UPDATE CURRENT_TIMESTAMP,
  `fk_object` int(11) NOT NULL,
  `import_key` varchar(14) COLLATE latin1_general_ci DEFAULT NULL,
  PRIMARY KEY (`rowid`),
  KEY `idx_ficheinter_extrafields` (`fk_object`)
) ENGINE=InnoDB DEFAULT CHARSET=latin1 COLLATE=latin1_general_ci;

--
-- Dumping data for table `llx_fichinter_extrafields`
--
LOCK TABLES `llx_fichinter_extrafields` WRITE;
ALTER TABLE `llx_fichinter_extrafields` DISABLE KEYS;
ALTER TABLE `llx_fichinter_extrafields` ENABLE KEYS;
UNLOCK TABLES;




--
-- Table structure for table `llx_fichinterdet`
--
DROP TABLE IF EXISTS `llx_fichinterdet`;
CREATE TABLE `llx_fichinterdet` (
  `rowid` int(11) NOT NULL AUTO_INCREMENT,
  `fk_fichinter` int(11) DEFAULT NULL,
  `fk_parent_line` int(11) DEFAULT NULL,
  `date` datetime DEFAULT NULL,
  `description` text COLLATE latin1_general_ci,
  `duree` int(11) DEFAULT NULL,
  `rang` int(11) DEFAULT '0',
  PRIMARY KEY (`rowid`),
  KEY `idx_fichinterdet_fk_fichinter` (`fk_fichinter`),
  CONSTRAINT `fk_fichinterdet_fk_fichinter` FOREIGN KEY (`fk_fichinter`) REFERENCES `llx_fichinter` (`rowid`)
) ENGINE=InnoDB DEFAULT CHARSET=latin1 COLLATE=latin1_general_ci;

--
-- Dumping data for table `llx_fichinterdet`
--
LOCK TABLES `llx_fichinterdet` WRITE;
ALTER TABLE `llx_fichinterdet` DISABLE KEYS;
ALTER TABLE `llx_fichinterdet` ENABLE KEYS;
UNLOCK TABLES;




--
-- Table structure for table `llx_fichinterdet_extrafields`
--
DROP TABLE IF EXISTS `llx_fichinterdet_extrafields`;
CREATE TABLE `llx_fichinterdet_extrafields` (
  `rowid` int(11) NOT NULL AUTO_INCREMENT,
  `tms` timestamp NOT NULL DEFAULT CURRENT_TIMESTAMP ON UPDATE CURRENT_TIMESTAMP,
  `fk_object` int(11) NOT NULL,
  `import_key` varchar(14) COLLATE latin1_general_ci DEFAULT NULL,
  PRIMARY KEY (`rowid`),
  KEY `idx_ficheinterdet_extrafields` (`fk_object`)
) ENGINE=InnoDB DEFAULT CHARSET=latin1 COLLATE=latin1_general_ci;

--
-- Dumping data for table `llx_fichinterdet_extrafields`
--
LOCK TABLES `llx_fichinterdet_extrafields` WRITE;
ALTER TABLE `llx_fichinterdet_extrafields` DISABLE KEYS;
ALTER TABLE `llx_fichinterdet_extrafields` ENABLE KEYS;
UNLOCK TABLES;




--
-- Table structure for table `llx_holiday`
--
DROP TABLE IF EXISTS `llx_holiday`;
CREATE TABLE `llx_holiday` (
  `rowid` int(11) NOT NULL AUTO_INCREMENT,
  `entity` int(11) NOT NULL DEFAULT '1',
  `fk_user` int(11) NOT NULL,
  `fk_user_create` int(11) DEFAULT NULL,
  `fk_type` int(11) NOT NULL,
  `date_create` datetime NOT NULL,
  `description` varchar(255) COLLATE latin1_general_ci NOT NULL,
  `date_debut` date NOT NULL,
  `date_fin` date NOT NULL,
  `halfday` int(11) DEFAULT '0',
  `statut` int(11) NOT NULL DEFAULT '1',
  `fk_validator` int(11) NOT NULL,
  `date_valid` datetime DEFAULT NULL,
  `fk_user_valid` int(11) DEFAULT NULL,
  `date_refuse` datetime DEFAULT NULL,
  `fk_user_refuse` int(11) DEFAULT NULL,
  `date_cancel` datetime DEFAULT NULL,
  `fk_user_cancel` int(11) DEFAULT NULL,
  `detail_refuse` varchar(250) COLLATE latin1_general_ci DEFAULT NULL,
  `note_private` text COLLATE latin1_general_ci,
  `note_public` text COLLATE latin1_general_ci,
  `tms` timestamp NOT NULL DEFAULT CURRENT_TIMESTAMP ON UPDATE CURRENT_TIMESTAMP,
  PRIMARY KEY (`rowid`),
  KEY `idx_holiday_entity` (`entity`),
  KEY `idx_holiday_fk_user` (`fk_user`),
  KEY `idx_holiday_fk_user_create` (`fk_user_create`),
  KEY `idx_holiday_date_create` (`date_create`),
  KEY `idx_holiday_date_debut` (`date_debut`),
  KEY `idx_holiday_date_fin` (`date_fin`),
  KEY `idx_holiday_fk_validator` (`fk_validator`)
) ENGINE=InnoDB DEFAULT CHARSET=latin1 COLLATE=latin1_general_ci;

--
-- Dumping data for table `llx_holiday`
--
LOCK TABLES `llx_holiday` WRITE;
ALTER TABLE `llx_holiday` DISABLE KEYS;
ALTER TABLE `llx_holiday` ENABLE KEYS;
UNLOCK TABLES;




--
-- Table structure for table `llx_holiday_config`
--
DROP TABLE IF EXISTS `llx_holiday_config`;
CREATE TABLE `llx_holiday_config` (
  `rowid` int(11) NOT NULL AUTO_INCREMENT,
  `name` varchar(255) COLLATE latin1_general_ci NOT NULL,
  `value` text COLLATE latin1_general_ci,
  PRIMARY KEY (`rowid`),
  UNIQUE KEY `name` (`name`)
) ENGINE=InnoDB AUTO_INCREMENT=2 DEFAULT CHARSET=latin1 COLLATE=latin1_general_ci;

--
-- Dumping data for table `llx_holiday_config`
--
LOCK TABLES `llx_holiday_config` WRITE;
ALTER TABLE `llx_holiday_config` DISABLE KEYS;
INSERT INTO `llx_holiday_config` VALUES (1,'lastUpdate',20160810175423);
ALTER TABLE `llx_holiday_config` ENABLE KEYS;
UNLOCK TABLES;




--
-- Table structure for table `llx_holiday_events`
--
DROP TABLE IF EXISTS `llx_holiday_events`;
CREATE TABLE `llx_holiday_events` (
  `rowid` int(11) NOT NULL AUTO_INCREMENT,
  `entity` int(11) NOT NULL DEFAULT '1',
  `name` varchar(255) COLLATE latin1_general_ci NOT NULL,
  `value` text COLLATE latin1_general_ci NOT NULL,
  PRIMARY KEY (`rowid`),
  UNIQUE KEY `uk_holiday_name` (`name`,`entity`)
) ENGINE=InnoDB DEFAULT CHARSET=latin1 COLLATE=latin1_general_ci;

--
-- Dumping data for table `llx_holiday_events`
--
LOCK TABLES `llx_holiday_events` WRITE;
ALTER TABLE `llx_holiday_events` DISABLE KEYS;
ALTER TABLE `llx_holiday_events` ENABLE KEYS;
UNLOCK TABLES;




--
-- Table structure for table `llx_holiday_logs`
--
DROP TABLE IF EXISTS `llx_holiday_logs`;
CREATE TABLE `llx_holiday_logs` (
  `rowid` int(11) NOT NULL AUTO_INCREMENT,
  `date_action` datetime NOT NULL,
  `fk_user_action` int(11) NOT NULL,
  `fk_user_update` int(11) NOT NULL,
  `fk_type` int(11) NOT NULL,
  `type_action` varchar(255) COLLATE latin1_general_ci NOT NULL,
  `prev_solde` varchar(255) COLLATE latin1_general_ci NOT NULL,
  `new_solde` varchar(255) COLLATE latin1_general_ci NOT NULL,
  PRIMARY KEY (`rowid`)
) ENGINE=InnoDB DEFAULT CHARSET=latin1 COLLATE=latin1_general_ci;

--
-- Dumping data for table `llx_holiday_logs`
--
LOCK TABLES `llx_holiday_logs` WRITE;
ALTER TABLE `llx_holiday_logs` DISABLE KEYS;
ALTER TABLE `llx_holiday_logs` ENABLE KEYS;
UNLOCK TABLES;




--
-- Table structure for table `llx_holiday_users`
--
DROP TABLE IF EXISTS `llx_holiday_users`;
CREATE TABLE `llx_holiday_users` (
  `fk_user` int(11) NOT NULL,
  `fk_type` int(11) NOT NULL,
  `nb_holiday` double NOT NULL DEFAULT '0'
) ENGINE=InnoDB DEFAULT CHARSET=latin1 COLLATE=latin1_general_ci;

--
-- Dumping data for table `llx_holiday_users`
--
LOCK TABLES `llx_holiday_users` WRITE;
ALTER TABLE `llx_holiday_users` DISABLE KEYS;
ALTER TABLE `llx_holiday_users` ENABLE KEYS;
UNLOCK TABLES;




--
-- Table structure for table `llx_import_model`
--
DROP TABLE IF EXISTS `llx_import_model`;
CREATE TABLE `llx_import_model` (
  `rowid` int(11) NOT NULL AUTO_INCREMENT,
  `fk_user` int(11) NOT NULL DEFAULT '0',
  `label` varchar(50) COLLATE latin1_general_ci NOT NULL,
  `type` varchar(50) COLLATE latin1_general_ci NOT NULL,
  `field` text COLLATE latin1_general_ci NOT NULL,
  PRIMARY KEY (`rowid`),
  UNIQUE KEY `uk_import_model` (`label`,`type`)
) ENGINE=InnoDB DEFAULT CHARSET=latin1 COLLATE=latin1_general_ci;

--
-- Dumping data for table `llx_import_model`
--
LOCK TABLES `llx_import_model` WRITE;
ALTER TABLE `llx_import_model` DISABLE KEYS;
ALTER TABLE `llx_import_model` ENABLE KEYS;
UNLOCK TABLES;




--
-- Table structure for table `llx_links`
--
DROP TABLE IF EXISTS `llx_links`;
CREATE TABLE `llx_links` (
  `rowid` int(11) NOT NULL AUTO_INCREMENT,
  `entity` int(11) NOT NULL DEFAULT '1',
  `datea` datetime NOT NULL,
  `url` varchar(255) COLLATE latin1_general_ci NOT NULL,
  `label` varchar(255) COLLATE latin1_general_ci NOT NULL,
  `objecttype` varchar(255) COLLATE latin1_general_ci NOT NULL,
  `objectid` int(11) NOT NULL,
  PRIMARY KEY (`rowid`)
) ENGINE=InnoDB DEFAULT CHARSET=latin1 COLLATE=latin1_general_ci;

--
-- Dumping data for table `llx_links`
--
LOCK TABLES `llx_links` WRITE;
ALTER TABLE `llx_links` DISABLE KEYS;
ALTER TABLE `llx_links` ENABLE KEYS;
UNLOCK TABLES;




--
-- Table structure for table `llx_livraison`
--
DROP TABLE IF EXISTS `llx_livraison`;
CREATE TABLE `llx_livraison` (
  `rowid` int(11) NOT NULL AUTO_INCREMENT,
  `tms` timestamp NOT NULL DEFAULT CURRENT_TIMESTAMP ON UPDATE CURRENT_TIMESTAMP,
  `ref` varchar(30) COLLATE latin1_general_ci NOT NULL,
  `entity` int(11) NOT NULL DEFAULT '1',
  `fk_soc` int(11) NOT NULL,
  `ref_ext` varchar(30) COLLATE latin1_general_ci DEFAULT NULL,
  `ref_int` varchar(30) COLLATE latin1_general_ci DEFAULT NULL,
  `ref_customer` varchar(30) COLLATE latin1_general_ci DEFAULT NULL,
  `date_creation` datetime DEFAULT NULL,
  `fk_user_author` int(11) DEFAULT NULL,
  `date_valid` datetime DEFAULT NULL,
  `fk_user_valid` int(11) DEFAULT NULL,
  `date_delivery` datetime DEFAULT NULL,
  `fk_address` int(11) DEFAULT NULL,
  `fk_statut` smallint(6) DEFAULT '0',
  `total_ht` double(24,8) DEFAULT '0.00000000',
  `note_private` text COLLATE latin1_general_ci,
  `note_public` text COLLATE latin1_general_ci,
  `model_pdf` varchar(255) COLLATE latin1_general_ci DEFAULT NULL,
  `fk_incoterms` int(11) DEFAULT NULL,
  `location_incoterms` varchar(255) COLLATE latin1_general_ci DEFAULT NULL,
  PRIMARY KEY (`rowid`),
  UNIQUE KEY `idx_livraison_uk_ref` (`ref`,`entity`),
  KEY `idx_livraison_fk_soc` (`fk_soc`),
  KEY `idx_livraison_fk_user_author` (`fk_user_author`),
  KEY `idx_livraison_fk_user_valid` (`fk_user_valid`),
  CONSTRAINT `fk_livraison_fk_soc` FOREIGN KEY (`fk_soc`) REFERENCES `llx_societe` (`rowid`),
  CONSTRAINT `fk_livraison_fk_user_author` FOREIGN KEY (`fk_user_author`) REFERENCES `llx_user` (`rowid`),
  CONSTRAINT `fk_livraison_fk_user_valid` FOREIGN KEY (`fk_user_valid`) REFERENCES `llx_user` (`rowid`)
) ENGINE=InnoDB DEFAULT CHARSET=latin1 COLLATE=latin1_general_ci;

--
-- Dumping data for table `llx_livraison`
--
LOCK TABLES `llx_livraison` WRITE;
ALTER TABLE `llx_livraison` DISABLE KEYS;
ALTER TABLE `llx_livraison` ENABLE KEYS;
UNLOCK TABLES;




--
-- Table structure for table `llx_livraison_extrafields`
--
DROP TABLE IF EXISTS `llx_livraison_extrafields`;
CREATE TABLE `llx_livraison_extrafields` (
  `rowid` int(11) NOT NULL AUTO_INCREMENT,
  `tms` timestamp NOT NULL DEFAULT CURRENT_TIMESTAMP ON UPDATE CURRENT_TIMESTAMP,
  `fk_object` int(11) NOT NULL,
  `import_key` varchar(14) COLLATE latin1_general_ci DEFAULT NULL,
  PRIMARY KEY (`rowid`),
  KEY `idx_livraison_extrafields` (`fk_object`)
) ENGINE=InnoDB DEFAULT CHARSET=latin1 COLLATE=latin1_general_ci;

--
-- Dumping data for table `llx_livraison_extrafields`
--
LOCK TABLES `llx_livraison_extrafields` WRITE;
ALTER TABLE `llx_livraison_extrafields` DISABLE KEYS;
ALTER TABLE `llx_livraison_extrafields` ENABLE KEYS;
UNLOCK TABLES;




--
-- Table structure for table `llx_livraisondet`
--
DROP TABLE IF EXISTS `llx_livraisondet`;
CREATE TABLE `llx_livraisondet` (
  `rowid` int(11) NOT NULL AUTO_INCREMENT,
  `fk_livraison` int(11) DEFAULT NULL,
  `fk_origin_line` int(11) DEFAULT NULL,
  `fk_product` int(11) DEFAULT NULL,
  `description` text COLLATE latin1_general_ci,
  `qty` double DEFAULT NULL,
  `subprice` double(24,8) DEFAULT '0.00000000',
  `total_ht` double(24,8) DEFAULT '0.00000000',
  `rang` int(11) DEFAULT '0',
  PRIMARY KEY (`rowid`),
  KEY `idx_livraisondet_fk_expedition` (`fk_livraison`),
  CONSTRAINT `fk_livraisondet_fk_livraison` FOREIGN KEY (`fk_livraison`) REFERENCES `llx_livraison` (`rowid`)
) ENGINE=InnoDB DEFAULT CHARSET=latin1 COLLATE=latin1_general_ci;

--
-- Dumping data for table `llx_livraisondet`
--
LOCK TABLES `llx_livraisondet` WRITE;
ALTER TABLE `llx_livraisondet` DISABLE KEYS;
ALTER TABLE `llx_livraisondet` ENABLE KEYS;
UNLOCK TABLES;




--
-- Table structure for table `llx_livraisondet_extrafields`
--
DROP TABLE IF EXISTS `llx_livraisondet_extrafields`;
CREATE TABLE `llx_livraisondet_extrafields` (
  `rowid` int(11) NOT NULL AUTO_INCREMENT,
  `tms` timestamp NOT NULL DEFAULT CURRENT_TIMESTAMP ON UPDATE CURRENT_TIMESTAMP,
  `fk_object` int(11) NOT NULL,
  `import_key` varchar(14) COLLATE latin1_general_ci DEFAULT NULL,
  PRIMARY KEY (`rowid`),
  KEY `idx_livraisondet_extrafields` (`fk_object`)
) ENGINE=InnoDB DEFAULT CHARSET=latin1 COLLATE=latin1_general_ci;

--
-- Dumping data for table `llx_livraisondet_extrafields`
--
LOCK TABLES `llx_livraisondet_extrafields` WRITE;
ALTER TABLE `llx_livraisondet_extrafields` DISABLE KEYS;
ALTER TABLE `llx_livraisondet_extrafields` ENABLE KEYS;
UNLOCK TABLES;




--
-- Table structure for table `llx_loan`
--
DROP TABLE IF EXISTS `llx_loan`;
CREATE TABLE `llx_loan` (
  `rowid` int(11) NOT NULL AUTO_INCREMENT,
  `entity` int(11) NOT NULL DEFAULT '1',
  `datec` datetime DEFAULT NULL,
  `tms` timestamp NOT NULL DEFAULT CURRENT_TIMESTAMP ON UPDATE CURRENT_TIMESTAMP,
  `label` varchar(80) COLLATE latin1_general_ci NOT NULL,
  `fk_bank` int(11) DEFAULT NULL,
  `capital` double NOT NULL DEFAULT '0',
  `datestart` date DEFAULT NULL,
  `dateend` date DEFAULT NULL,
  `nbterm` double DEFAULT NULL,
  `rate` double NOT NULL,
  `note_private` text COLLATE latin1_general_ci,
  `note_public` text COLLATE latin1_general_ci,
  `capital_position` double DEFAULT '0',
  `date_position` date DEFAULT NULL,
  `paid` smallint(6) NOT NULL DEFAULT '0',
  `accountancy_account_capital` varchar(32) COLLATE latin1_general_ci DEFAULT NULL,
  `accountancy_account_insurance` varchar(32) COLLATE latin1_general_ci DEFAULT NULL,
  `accountancy_account_interest` varchar(32) COLLATE latin1_general_ci DEFAULT NULL,
  `fk_user_author` int(11) DEFAULT NULL,
  `fk_user_modif` int(11) DEFAULT NULL,
  `active` tinyint(4) NOT NULL DEFAULT '1',
  PRIMARY KEY (`rowid`)
) ENGINE=InnoDB DEFAULT CHARSET=latin1 COLLATE=latin1_general_ci;

--
-- Dumping data for table `llx_loan`
--
LOCK TABLES `llx_loan` WRITE;
ALTER TABLE `llx_loan` DISABLE KEYS;
ALTER TABLE `llx_loan` ENABLE KEYS;
UNLOCK TABLES;




--
-- Table structure for table `llx_localtax`
--
DROP TABLE IF EXISTS `llx_localtax`;
CREATE TABLE `llx_localtax` (
  `rowid` int(11) NOT NULL AUTO_INCREMENT,
  `entity` int(11) NOT NULL DEFAULT '1',
  `localtaxtype` tinyint(4) DEFAULT NULL,
  `tms` timestamp NOT NULL DEFAULT CURRENT_TIMESTAMP ON UPDATE CURRENT_TIMESTAMP,
  `datep` date DEFAULT NULL,
  `datev` date DEFAULT NULL,
  `amount` double DEFAULT NULL,
  `label` varchar(255) COLLATE latin1_general_ci DEFAULT NULL,
  `note` text COLLATE latin1_general_ci,
  `fk_bank` int(11) DEFAULT NULL,
  `fk_user_creat` int(11) DEFAULT NULL,
  `fk_user_modif` int(11) DEFAULT NULL,
  PRIMARY KEY (`rowid`)
) ENGINE=InnoDB DEFAULT CHARSET=latin1 COLLATE=latin1_general_ci;

--
-- Dumping data for table `llx_localtax`
--
LOCK TABLES `llx_localtax` WRITE;
ALTER TABLE `llx_localtax` DISABLE KEYS;
ALTER TABLE `llx_localtax` ENABLE KEYS;
UNLOCK TABLES;




--
-- Table structure for table `llx_mailing`
--
DROP TABLE IF EXISTS `llx_mailing`;
CREATE TABLE `llx_mailing` (
  `rowid` int(11) NOT NULL AUTO_INCREMENT,
  `statut` smallint(6) DEFAULT '0',
  `titre` varchar(60) COLLATE latin1_general_ci DEFAULT NULL,
  `entity` int(11) NOT NULL DEFAULT '1',
  `sujet` varchar(60) COLLATE latin1_general_ci DEFAULT NULL,
  `body` mediumtext COLLATE latin1_general_ci,
  `bgcolor` varchar(8) COLLATE latin1_general_ci DEFAULT NULL,
  `bgimage` varchar(255) COLLATE latin1_general_ci DEFAULT NULL,
  `cible` varchar(60) COLLATE latin1_general_ci DEFAULT NULL,
  `nbemail` int(11) DEFAULT NULL,
  `email_from` varchar(160) COLLATE latin1_general_ci DEFAULT NULL,
  `email_replyto` varchar(160) COLLATE latin1_general_ci DEFAULT NULL,
  `email_errorsto` varchar(160) COLLATE latin1_general_ci DEFAULT NULL,
  `tag` varchar(128) COLLATE latin1_general_ci DEFAULT NULL,
  `date_creat` datetime DEFAULT NULL,
  `date_valid` datetime DEFAULT NULL,
  `date_appro` datetime DEFAULT NULL,
  `date_envoi` datetime DEFAULT NULL,
  `fk_user_creat` int(11) DEFAULT NULL,
  `fk_user_valid` int(11) DEFAULT NULL,
  `fk_user_appro` int(11) DEFAULT NULL,
  `extraparams` varchar(255) COLLATE latin1_general_ci DEFAULT NULL,
  `joined_file1` varchar(255) COLLATE latin1_general_ci DEFAULT NULL,
  `joined_file2` varchar(255) COLLATE latin1_general_ci DEFAULT NULL,
  `joined_file3` varchar(255) COLLATE latin1_general_ci DEFAULT NULL,
  `joined_file4` varchar(255) COLLATE latin1_general_ci DEFAULT NULL,
  PRIMARY KEY (`rowid`)
) ENGINE=InnoDB AUTO_INCREMENT=3 DEFAULT CHARSET=latin1 COLLATE=latin1_general_ci;

--
-- Dumping data for table `llx_mailing`
--
LOCK TABLES `llx_mailing` WRITE;
ALTER TABLE `llx_mailing` DISABLE KEYS;
INSERT INTO `llx_mailing` VALUES (1,3,'Formation',1,'EnerBIOflex / Formation économies d\'énergie','Bonjour,<br />\n&nbsp;<br />\nEnerBIOflex est un bureau d&#39;&eacute;tudes sp&eacute;cialis&eacute; en &eacute;nerg&eacute;tique pour le monde agricole.<br />\nLa soci&eacute;t&eacute; s&#39;appuie sur 3 axes :\n<ul>\n	<li>La r&eacute;duction des consommations d&#39;&eacute;nergie &agrave; la ferme</li>\n	<li>L&#39;accompagnement des projets de production d&#39;&eacute;nergie renouvelable</li>\n	<li>La formation</li>\n</ul>\nNous r&eacute;alisons d&eacute;j&agrave; des formations pour les <strong>Chambres d&#39;Agriculture de l&#39;Oise et de l&#39;Aisne </strong>sur les th&eacute;matiques :\n\n<ul>\n	<li>Comprendre et r&eacute;duire sa facture d&#39;&eacute;lectricit&eacute; ( &agrave; destination des agriculteurs ayant des contrats sup&eacute;rieurs &agrave; 36kVA =&gt; anciens tarifs jaunes)</li>\n	<li>Autoconsommation photovolta&iuml;que</li>\n</ul>\n&nbsp;<br />\nLes agriculteurs ayant particuli&egrave;rement &eacute;t&eacute; int&eacute;ress&eacute;s par ces th&eacute;matiques, nous avons d&eacute;cid&eacute; d&#39;&eacute;tendre ces formations aux r&eacute;gions pouvant avoir des probl&eacute;matiques similaires.<br />\nPourriez-vous &ecirc;tre int&eacute;ress&eacute; par l&#39;une de ces formations ?<br />\n<br />\nCordialement.&nbsp;<br />\n<br />\nJulien DELGOVE<br />\nIng&eacute;nieur en &eacute;nerg&eacute;tique et Pr&eacute;sident d&#39;EnerBIOflex<br />\njulien.delgove@enerbioflex.fr<br />\n06 87 38 54 53','','',NULL,15,'julien.delgove@enerbioflex.fr','','julien.delgove@enerbioflex.fr',NULL,'2017-04-10 14:57:41','2017-04-10 15:02:24',NULL,'2017-04-10 15:02:48',1,1,NULL,NULL,NULL,NULL,NULL,NULL);
INSERT INTO `llx_mailing` VALUES (2,3,'Communiqué de presse - concours génération dvp durable',1,'Communiqué de presse - EnerBIOflex remporte le 2ème prix du','Bonjour,<br />\n<br />\nVeuillez trouver ci joint le communiqu&eacute; de presse relatif &agrave; notre&nbsp;2&egrave;me prix au&nbsp;Concours G&eacute;n&eacute;ration D&eacute;veloppement Durable.<br />\n<br />\nCordialement<br />\nEtienne DEMEILLER<br />\nCofondateur et directeur Enerbioflex<br />\n06.80.45.39.59','ffffff','',NULL,12,'etienne.demeiller@enerbioflex.fr','','',NULL,'2017-05-15 18:01:18','2017-05-15 18:21:54',NULL,'2017-05-15 18:22:53',2,2,NULL,NULL,NULL,NULL,NULL,NULL);
ALTER TABLE `llx_mailing` ENABLE KEYS;
UNLOCK TABLES;




--
-- Table structure for table `llx_mailing_cibles`
--
DROP TABLE IF EXISTS `llx_mailing_cibles`;
CREATE TABLE `llx_mailing_cibles` (
  `rowid` int(11) NOT NULL AUTO_INCREMENT,
  `fk_mailing` int(11) NOT NULL,
  `fk_contact` int(11) NOT NULL,
  `lastname` varchar(160) COLLATE latin1_general_ci DEFAULT NULL,
  `firstname` varchar(160) COLLATE latin1_general_ci DEFAULT NULL,
  `email` varchar(160) COLLATE latin1_general_ci NOT NULL,
  `other` varchar(255) COLLATE latin1_general_ci DEFAULT NULL,
  `tag` varchar(128) COLLATE latin1_general_ci DEFAULT NULL,
  `statut` smallint(6) NOT NULL DEFAULT '0',
  `source_url` varchar(160) COLLATE latin1_general_ci DEFAULT NULL,
  `source_id` int(11) DEFAULT NULL,
  `source_type` varchar(16) COLLATE latin1_general_ci DEFAULT NULL,
  `date_envoi` datetime DEFAULT NULL,
  PRIMARY KEY (`rowid`),
  UNIQUE KEY `uk_mailing_cibles` (`fk_mailing`,`email`),
  KEY `idx_mailing_cibles_email` (`email`)
) ENGINE=InnoDB AUTO_INCREMENT=29 DEFAULT CHARSET=latin1 COLLATE=latin1_general_ci;

--
-- Dumping data for table `llx_mailing_cibles`
--
LOCK TABLES `llx_mailing_cibles` WRITE;
ALTER TABLE `llx_mailing_cibles` DISABLE KEYS;
INSERT INTO `llx_mailing_cibles` VALUES (1,1,109,'Blarel','Jacques','jacques.blarel@agriculture-npdc.fr','ThirdParty=Chalbre d\'agriculture du nord-pas-de-calais;UserTitle=Monsieur','087a445ed9954b1822b27b59a8faa25a',1,'<a href=\"/dolibarr-3.9.3/dolibarr-3.9.3/htdocs/contact/card.php?id=109\"><img src=\"/dolibarr-3.9.3/dolibarr-3.9.3/htdocs/theme/eldy/img/object_contact.png\" borde',109,'contact','2017-04-10 15:02:48');
INSERT INTO `llx_mailing_cibles` VALUES (2,1,95,'CONTOU','Cerise','cerise.contou@aube.chambagri.fr','ThirdParty=Chambre agriculture Haute Marne;UserTitle=Madame','968546ecef21ee9d07b0f6988caa5dc0',1,'<a href=\"/dolibarr-3.9.3/dolibarr-3.9.3/htdocs/contact/card.php?id=95\"><img src=\"/dolibarr-3.9.3/dolibarr-3.9.3/htdocs/theme/eldy/img/object_contact.png\" border',95,'contact','2017-04-10 15:02:48');
INSERT INTO `llx_mailing_cibles` VALUES (3,1,91,'CULAN','Benjamin','benjamin.culan@indre.chambagri.fr','ThirdParty=Chambre agriculture Indre;UserTitle=Monsieur','a5a341bb81a30effc9fd83b552532e76',1,'<a href=\"/dolibarr-3.9.3/dolibarr-3.9.3/htdocs/contact/card.php?id=91\"><img src=\"/dolibarr-3.9.3/dolibarr-3.9.3/htdocs/theme/eldy/img/object_contact.png\" border',91,'contact','2017-04-10 15:02:48');
INSERT INTO `llx_mailing_cibles` VALUES (4,1,110,'Deceuninck','Aurélien','a.deceuninck@somme.chambagri.fr','ThirdParty=Chambre d\'agriculture de la Somme;UserTitle=Monsieur','bfa3e0112b670ed8c8f3eb2580844e9e',1,'<a href=\"/dolibarr-3.9.3/dolibarr-3.9.3/htdocs/contact/card.php?id=110\"><img src=\"/dolibarr-3.9.3/dolibarr-3.9.3/htdocs/theme/eldy/img/object_contact.png\" borde',110,'contact','2017-04-10 15:02:48');
INSERT INTO `llx_mailing_cibles` VALUES (5,1,86,'DUFRESNOY','Bertrand','bdufresnoy@haute-marne.chambagri.fr','ThirdParty=Chambre agriculture Haute Marne;UserTitle=Monsieur','5edf111a5b22808f6d3c9f5177b6b239',1,'<a href=\"/dolibarr-3.9.3/dolibarr-3.9.3/htdocs/contact/card.php?id=86\"><img src=\"/dolibarr-3.9.3/dolibarr-3.9.3/htdocs/theme/eldy/img/object_contact.png\" border',86,'contact','2017-04-10 15:02:48');
INSERT INTO `llx_mailing_cibles` VALUES (6,1,92,'GLEIZES','Christian','environnement.territoires@indre.chambagri.fr','ThirdParty=Chambre agriculture Indre;UserTitle=Monsieur','5d65ad7a3ec089634d8801806680adb7',1,'<a href=\"/dolibarr-3.9.3/dolibarr-3.9.3/htdocs/contact/card.php?id=92\"><img src=\"/dolibarr-3.9.3/dolibarr-3.9.3/htdocs/theme/eldy/img/object_contact.png\" border',92,'contact','2017-04-10 15:02:48');
INSERT INTO `llx_mailing_cibles` VALUES (7,1,90,'GRESSIER','Aude','aude.gressier@indre.chambagri.fr','ThirdParty=Chambre agriculture Indre;UserTitle=Madame','1077c61bc4413fd561e5ea4818bc3e7e',1,'<a href=\"/dolibarr-3.9.3/dolibarr-3.9.3/htdocs/contact/card.php?id=90\"><img src=\"/dolibarr-3.9.3/dolibarr-3.9.3/htdocs/theme/eldy/img/object_contact.png\" border',90,'contact','2017-04-10 15:02:48');
INSERT INTO `llx_mailing_cibles` VALUES (8,1,96,'KIENTZ','Sylvain','s.kientz@calvados.chambagri.fr','ThirdParty=Chambre agriculture Calvados;UserTitle=','7c221377cabb9dce06431a50e4c99744',1,'<a href=\"/dolibarr-3.9.3/dolibarr-3.9.3/htdocs/contact/card.php?id=96\"><img src=\"/dolibarr-3.9.3/dolibarr-3.9.3/htdocs/theme/eldy/img/object_contact.png\" border',96,'contact','2017-04-10 15:02:48');
INSERT INTO `llx_mailing_cibles` VALUES (9,1,106,'Leroy','Hervé','herve.leroy@moselle.chambagri.fr','ThirdParty=Chambre d\'agriculture de Moselle;UserTitle=Monsieur','a66df0b05219ec26b56a1066f08fcd06',1,'<a href=\"/dolibarr-3.9.3/dolibarr-3.9.3/htdocs/contact/card.php?id=106\"><img src=\"/dolibarr-3.9.3/dolibarr-3.9.3/htdocs/theme/eldy/img/object_contact.png\" borde',106,'contact','2017-04-10 15:02:48');
INSERT INTO `llx_mailing_cibles` VALUES (10,1,112,'Poitou','Hervé','herve.poitou@agri-eure.com','ThirdParty=Chambre d\'agriculture de l\'Eure;UserTitle=Monsieur','f673e9d78d74c4abdccaaea77e71516f',1,'<a href=\"/dolibarr-3.9.3/dolibarr-3.9.3/htdocs/contact/card.php?id=112\"><img src=\"/dolibarr-3.9.3/dolibarr-3.9.3/htdocs/theme/eldy/img/object_contact.png\" borde',112,'contact','2017-04-10 15:02:48');
INSERT INTO `llx_mailing_cibles` VALUES (11,1,108,'Prevost','Thierry','thierry.prevost@vosges.chambagri.fr','ThirdParty=Chambre d\'agriculture des vosges;UserTitle=Monsieur','4db78f26b316b1df519f78f132c435dd',1,'<a href=\"/dolibarr-3.9.3/dolibarr-3.9.3/htdocs/contact/card.php?id=108\"><img src=\"/dolibarr-3.9.3/dolibarr-3.9.3/htdocs/theme/eldy/img/object_contact.png\" borde',108,'contact','2017-04-10 15:02:48');
INSERT INTO `llx_mailing_cibles` VALUES (12,1,107,'Rol','Pascal','pascal.rol@meurthe-et-moselle.chambagri.fr','ThirdParty=Chambre d\'agriculture de meurthe et moselle;UserTitle=Monsieur','6b2af3a4234d3f39eb211b21f28c2f32',1,'<a href=\"/dolibarr-3.9.3/dolibarr-3.9.3/htdocs/contact/card.php?id=107\"><img src=\"/dolibarr-3.9.3/dolibarr-3.9.3/htdocs/theme/eldy/img/object_contact.png\" borde',107,'contact','2017-04-10 15:02:48');
INSERT INTO `llx_mailing_cibles` VALUES (13,1,111,'Rouzaut','Emilie','emilie.rouzaut@seine-maritime.chambagri.fr','ThirdParty=Chambre d\'agriculture de la Seine-Maritime;UserTitle=Madame','dbc494a83a3879b6817bb76114cd3ba9',1,'<a href=\"/dolibarr-3.9.3/dolibarr-3.9.3/htdocs/contact/card.php?id=111\"><img src=\"/dolibarr-3.9.3/dolibarr-3.9.3/htdocs/theme/eldy/img/object_contact.png\" borde',111,'contact','2017-04-10 15:02:48');
INSERT INTO `llx_mailing_cibles` VALUES (14,1,113,'Six','Romain','r.six@somme.chambagri.fr','ThirdParty=Chambre d\'agriculture de la Somme;UserTitle=Monsieur','e0f255a307307686d7385cc19f04f465',1,'<a href=\"/dolibarr-3.9.3/dolibarr-3.9.3/htdocs/contact/card.php?id=113\"><img src=\"/dolibarr-3.9.3/dolibarr-3.9.3/htdocs/theme/eldy/img/object_contact.png\" borde',113,'contact','2017-04-10 15:02:48');
INSERT INTO `llx_mailing_cibles` VALUES (15,1,0,'','','contact@enerbioflex.fr','','bac047cef715bd7daf6f034e1c7283ad',1,'',NULL,'file','2017-04-10 15:02:48');
INSERT INTO `llx_mailing_cibles` VALUES (16,2,98,'BACOUEL','Jean Yves','JYBACOUEL@leparisien.fr','ThirdParty=Le Parisien;UserTitle=Monsieur','d904bba662c5d7ba4cf5cc34e884e2f6',1,'<a href=\"/dolibarr-3.9.3/dolibarr-3.9.3/htdocs/contact/card.php?id=98\"><img src=\"/dolibarr-3.9.3/dolibarr-3.9.3/htdocs/theme/eldy/img/object_contact.png\" border',98,'contact','2017-05-15 18:22:53');
INSERT INTO `llx_mailing_cibles` VALUES (17,2,77,'BERTIN','Kévin','entreprises60@gmail.com','ThirdParty=Entreprise60;UserTitle=Monsieur','3e0e7b08bbcab7f35f785e24af00135f',1,'<a href=\"/dolibarr-3.9.3/dolibarr-3.9.3/htdocs/contact/card.php?id=77\"><img src=\"/dolibarr-3.9.3/dolibarr-3.9.3/htdocs/theme/eldy/img/object_contact.png\" border',77,'contact','2017-05-15 18:22:53');
INSERT INTO `llx_mailing_cibles` VALUES (18,2,100,'CACHELIEVRE','Brigitte','bcache@Courrier-Picard.fr','ThirdParty=Courrier Picard;UserTitle=Madame','d65439f030c34f69c614ad5623176b03',1,'<a href=\"/dolibarr-3.9.3/dolibarr-3.9.3/htdocs/contact/card.php?id=100\"><img src=\"/dolibarr-3.9.3/dolibarr-3.9.3/htdocs/theme/eldy/img/object_contact.png\" borde',100,'contact','2017-05-15 18:22:53');
INSERT INTO `llx_mailing_cibles` VALUES (19,2,101,'Clay','Francois','francois.clay@lobservateurdebeauvais.fr','ThirdParty=L\'Observateur de Beauvais;UserTitle=Monsieur','bd5a1b970b953216adc76d66c1a1c1fd',1,'<a href=\"/dolibarr-3.9.3/dolibarr-3.9.3/htdocs/contact/card.php?id=101\"><img src=\"/dolibarr-3.9.3/dolibarr-3.9.3/htdocs/theme/eldy/img/object_contact.png\" borde',101,'contact','2017-05-15 18:22:53');
INSERT INTO `llx_mailing_cibles` VALUES (20,2,103,'Forestier','','sforestier@leparisien.fr','ThirdParty=Le Parisien;UserTitle=Monsieur','e8ec79f34e223682b2fb57dcc68bc92a',1,'<a href=\"/dolibarr-3.9.3/dolibarr-3.9.3/htdocs/contact/card.php?id=103\"><img src=\"/dolibarr-3.9.3/dolibarr-3.9.3/htdocs/theme/eldy/img/object_contact.png\" borde',103,'contact','2017-05-15 18:22:53');
INSERT INTO `llx_mailing_cibles` VALUES (21,2,99,'GIROT','Yolande','Yolande.GIROT@publihebdos.fr','ThirdParty=Groupe PubliHebdos;UserTitle=Madame','9a892860f32b52f2bff3e428fff0633a',1,'<a href=\"/dolibarr-3.9.3/dolibarr-3.9.3/htdocs/contact/card.php?id=99\"><img src=\"/dolibarr-3.9.3/dolibarr-3.9.3/htdocs/theme/eldy/img/object_contact.png\" border',99,'contact','2017-05-15 18:22:53');
INSERT INTO `llx_mailing_cibles` VALUES (22,2,83,'Kubatko','Virginie','virginie.kubatko@gmail.com','ThirdParty=Virginie Kubatko;UserTitle=Madame','d2d04b3e6f5fadb76dc146ddc4890bb3',1,'<a href=\"/dolibarr-3.9.3/dolibarr-3.9.3/htdocs/contact/card.php?id=83\"><img src=\"/dolibarr-3.9.3/dolibarr-3.9.3/htdocs/theme/eldy/img/object_contact.png\" border',83,'contact','2017-05-15 18:22:53');
INSERT INTO `llx_mailing_cibles` VALUES (23,2,73,'Meunier','Joffrey','joffrey.menier@lobservateurdebeauvais.fr','ThirdParty=L\'Observateur de Beauvais;UserTitle=Monsieur','e06a333529e0bb9a05ff12bd4e1fffcb',1,'<a href=\"/dolibarr-3.9.3/dolibarr-3.9.3/htdocs/contact/card.php?id=73\"><img src=\"/dolibarr-3.9.3/dolibarr-3.9.3/htdocs/theme/eldy/img/object_contact.png\" border',73,'contact','2017-05-15 18:22:53');
INSERT INTO `llx_mailing_cibles` VALUES (24,2,104,'Peroz','Amelie','amelie.peroz@picardiegazette.fr','ThirdParty=Picardie Gazette;UserTitle=Madame','e7d442002379f0d11734997cc75018e0',1,'<a href=\"/dolibarr-3.9.3/dolibarr-3.9.3/htdocs/contact/card.php?id=104\"><img src=\"/dolibarr-3.9.3/dolibarr-3.9.3/htdocs/theme/eldy/img/object_contact.png\" borde',104,'contact','2017-05-15 18:22:53');
INSERT INTO `llx_mailing_cibles` VALUES (25,2,102,'SH','','sh.oisehebdo@gmail.com','ThirdParty=Oise Hebdo;UserTitle=Monsieur','90dc0d00165384d90926f9b6503bfe58',1,'<a href=\"/dolibarr-3.9.3/dolibarr-3.9.3/htdocs/contact/card.php?id=102\"><img src=\"/dolibarr-3.9.3/dolibarr-3.9.3/htdocs/theme/eldy/img/object_contact.png\" borde',102,'contact','2017-05-15 18:22:53');
INSERT INTO `llx_mailing_cibles` VALUES (27,2,0,'DEMEILLER','Etienne','etienne.demeiller@enerbioflex.fr','Identifiant=EDemeiller;Titre civilité=;Tél pro.=','340d546001b39cae4769be7fa1985b82',1,'<a href=\"/dolibarr-3.9.3/dolibarr-3.9.3/htdocs/user/card.php?id=2\"><img src=\"/dolibarr-3.9.3/dolibarr-3.9.3/htdocs/theme/eldy/img/object_user.png\" border=\"0\" al',2,'user','2017-05-15 18:22:53');
INSERT INTO `llx_mailing_cibles` VALUES (28,2,0,'Delgove','Julien','julien.delgove@enerbioflex.fr','Identifiant=JDelgove;Titre civilité=;Tél pro.=','20240ed2852280bf8c531b8e4d72ee06',1,'<a href=\"/dolibarr-3.9.3/dolibarr-3.9.3/htdocs/user/card.php?id=1\"><img src=\"/dolibarr-3.9.3/dolibarr-3.9.3/htdocs/theme/eldy/img/object_user.png\" border=\"0\" al',1,'user','2017-05-15 18:22:53');
ALTER TABLE `llx_mailing_cibles` ENABLE KEYS;
UNLOCK TABLES;




--
-- Table structure for table `llx_materiels`
--
DROP TABLE IF EXISTS `llx_materiels`;
CREATE TABLE `llx_materiels` (
  `rowid` int(6) unsigned NOT NULL AUTO_INCREMENT,
  `ref` varchar(50) COLLATE latin1_general_ci NOT NULL,
  `socid` int(6) DEFAULT NULL,
  `marque` varchar(50) COLLATE latin1_general_ci DEFAULT NULL,
  `model` varchar(50) COLLATE latin1_general_ci DEFAULT NULL,
  `noserie` varchar(50) COLLATE latin1_general_ci DEFAULT NULL,
  `options` text COLLATE latin1_general_ci,
  `note_public` text COLLATE latin1_general_ci,
  `date_achat` date DEFAULT NULL,
  `garantie` int(1) DEFAULT NULL,
  PRIMARY KEY (`rowid`)
) ENGINE=MyISAM DEFAULT CHARSET=latin1 COLLATE=latin1_general_ci;

--
-- Dumping data for table `llx_materiels`
--
LOCK TABLES `llx_materiels` WRITE;
ALTER TABLE `llx_materiels` DISABLE KEYS;
ALTER TABLE `llx_materiels` ENABLE KEYS;
UNLOCK TABLES;




--
-- Table structure for table `llx_menu`
--
DROP TABLE IF EXISTS `llx_menu`;
CREATE TABLE `llx_menu` (
  `rowid` int(11) NOT NULL AUTO_INCREMENT,
  `menu_handler` varchar(16) COLLATE latin1_general_ci NOT NULL,
  `entity` int(11) NOT NULL DEFAULT '1',
  `module` varchar(64) COLLATE latin1_general_ci DEFAULT NULL,
  `type` varchar(4) COLLATE latin1_general_ci NOT NULL,
  `mainmenu` varchar(100) COLLATE latin1_general_ci NOT NULL,
  `leftmenu` varchar(100) COLLATE latin1_general_ci DEFAULT NULL,
  `fk_menu` int(11) NOT NULL,
  `fk_mainmenu` varchar(24) COLLATE latin1_general_ci DEFAULT NULL,
  `fk_leftmenu` varchar(24) COLLATE latin1_general_ci DEFAULT NULL,
  `position` int(11) NOT NULL,
  `url` varchar(255) COLLATE latin1_general_ci NOT NULL,
  `target` varchar(100) COLLATE latin1_general_ci DEFAULT NULL,
  `titre` varchar(255) COLLATE latin1_general_ci NOT NULL,
  `langs` varchar(100) COLLATE latin1_general_ci DEFAULT NULL,
  `level` smallint(6) DEFAULT NULL,
  `perms` varchar(255) COLLATE latin1_general_ci DEFAULT NULL,
  `enabled` varchar(255) COLLATE latin1_general_ci DEFAULT '1',
  `usertype` int(11) NOT NULL DEFAULT '0',
  `tms` timestamp NOT NULL DEFAULT CURRENT_TIMESTAMP ON UPDATE CURRENT_TIMESTAMP,
  PRIMARY KEY (`rowid`),
  UNIQUE KEY `idx_menu_uk_menu` (`menu_handler`,`fk_menu`,`position`,`url`,`entity`),
  KEY `idx_menu_menuhandler_type` (`menu_handler`,`type`)
) ENGINE=InnoDB AUTO_INCREMENT=47 DEFAULT CHARSET=latin1 COLLATE=latin1_general_ci;

--
-- Dumping data for table `llx_menu`
--
LOCK TABLES `llx_menu` WRITE;
ALTER TABLE `llx_menu` DISABLE KEYS;
INSERT INTO `llx_menu` VALUES (1,'all',1,'expensereport','left','hrm','expensereport',-1,'hrm',NULL,100,'/expensereport/index.php','','TripsAndExpenses','trips',NULL,'$user->rights->expensereport->lire','$conf->expensereport->enabled',2,'2016-08-09 11:40:12');
INSERT INTO `llx_menu` VALUES (2,'all',1,'expensereport','left','hrm','expensereport_detailnew',-1,'hrm','expensereport',100,'/expensereport/card.php?action=create','','New','trips',NULL,'$user->rights->expensereport->creer','$conf->expensereport->enabled',2,'2016-08-09 11:40:12');
INSERT INTO `llx_menu` VALUES (3,'all',1,'expensereport','left','hrm','expensereport_detaillist',-1,'hrm','expensereport',100,'/expensereport/list.php','','List','trips',NULL,'$user->rights->expensereport->lire','$conf->expensereport->enabled',2,'2016-08-09 11:40:12');
INSERT INTO `llx_menu` VALUES (4,'all',1,'expensereport','left','hrm','expensereport_detaillist_approve',-1,'hrm','expensereport_detaillist',100,'/expensereport/list.php?search_status=2','','ListToApprove','trips',NULL,'$user->rights->expensereport->approve','$conf->expensereport->enabled',2,'2016-08-09 11:40:12');
INSERT INTO `llx_menu` VALUES (5,'all',1,'expensereport','left','hrm','expensereport_detail',-1,'hrm','expensereport',100,'/expensereport/stats/index.php','','Statistics','trips',NULL,'$user->rights->expensereport->lire','$conf->expensereport->enabled',2,'2016-08-09 11:40:12');
INSERT INTO `llx_menu` VALUES (6,'all',1,'expensereport','left','hrm','expensereport_detail',-1,'hrm','expensereport',100,'/expensereport/export_csv.php','','ExportTripCSV','expensereport',NULL,'$user->rights->expensereport->lire','$conf->global->DEPLACEMENT_TO_CLEAN',2,'2016-08-09 11:40:12');
INSERT INTO `llx_menu` VALUES (7,'all',1,'expensereport','left','hrm','expensereport_detail',-1,'hrm','expensereport',100,'/expensereport/synchro_compta.php','','Synchro_Compta','expensereport',NULL,'$user->rights->expensereport->lire','$conf->global->DEPLACEMENT_TO_CLEAN',2,'2016-08-09 11:40:12');
INSERT INTO `llx_menu` VALUES (8,'all',1,'margins','left','accountancy','margins',-1,'accountancy',NULL,100,'/margin/index.php','','Margins','margins',NULL,'$user->rights->margins->liretous','$conf->margin->enabled',2,'2016-08-09 11:41:13');
INSERT INTO `llx_menu` VALUES (9,'all',1,'agenda','top','agenda',NULL,0,NULL,NULL,100,'/comm/action/index.php','','Agenda','agenda',NULL,'$user->rights->agenda->myactions->read','$conf->agenda->enabled',2,'2016-08-09 11:42:02');
INSERT INTO `llx_menu` VALUES (10,'all',1,'agenda','left','agenda',NULL,9,NULL,NULL,100,'/comm/action/index.php?mainmenu=agenda&amp;leftmenu=agenda','','Actions','agenda',NULL,'$user->rights->agenda->myactions->read','$conf->agenda->enabled',2,'2016-08-09 11:42:02');
INSERT INTO `llx_menu` VALUES (11,'all',1,'agenda','left','agenda',NULL,10,NULL,NULL,101,'/comm/action/card.php?mainmenu=agenda&amp;leftmenu=agenda&amp;action=create','','NewAction','commercial',NULL,'($user->rights->agenda->myactions->create||$user->rights->agenda->allactions->create)','$conf->agenda->enabled',2,'2016-08-09 11:42:02');
INSERT INTO `llx_menu` VALUES (12,'all',1,'agenda','left','agenda',NULL,10,NULL,NULL,102,'/comm/action/index.php?mainmenu=agenda&amp;leftmenu=agenda','','Agenda','agenda',NULL,'$user->rights->agenda->myactions->read','$conf->agenda->enabled',2,'2016-08-09 11:42:02');
INSERT INTO `llx_menu` VALUES (13,'all',1,'agenda','left','agenda',NULL,12,NULL,NULL,103,'/comm/action/index.php?mainmenu=agenda&amp;leftmenu=agenda&amp;status=todo&amp;filter=mine','','MenuToDoMyActions','agenda',NULL,'$user->rights->agenda->myactions->read','$conf->agenda->enabled',2,'2016-08-09 11:42:02');
INSERT INTO `llx_menu` VALUES (14,'all',1,'agenda','left','agenda',NULL,12,NULL,NULL,104,'/comm/action/index.php?mainmenu=agenda&amp;leftmenu=agenda&amp;status=done&amp;filter=mine','','MenuDoneMyActions','agenda',NULL,'$user->rights->agenda->myactions->read','$conf->agenda->enabled',2,'2016-08-09 11:42:02');
INSERT INTO `llx_menu` VALUES (15,'all',1,'agenda','left','agenda',NULL,12,NULL,NULL,105,'/comm/action/index.php?mainmenu=agenda&amp;leftmenu=agenda&amp;status=todo&amp;filtert=-1','','MenuToDoActions','agenda',NULL,'$user->rights->agenda->allactions->read','$user->rights->agenda->allactions->read',2,'2016-08-09 11:42:02');
INSERT INTO `llx_menu` VALUES (16,'all',1,'agenda','left','agenda',NULL,12,NULL,NULL,106,'/comm/action/index.php?mainmenu=agenda&amp;leftmenu=agenda&amp;status=done&amp;filtert=-1','','MenuDoneActions','agenda',NULL,'$user->rights->agenda->allactions->read','$user->rights->agenda->allactions->read',2,'2016-08-09 11:42:02');
INSERT INTO `llx_menu` VALUES (17,'all',1,'agenda','left','agenda',NULL,10,NULL,NULL,112,'/comm/action/listactions.php?mainmenu=agenda&amp;leftmenu=agenda','','List','agenda',NULL,'$user->rights->agenda->myactions->read','$conf->agenda->enabled',2,'2016-08-09 11:42:02');
INSERT INTO `llx_menu` VALUES (18,'all',1,'agenda','left','agenda',NULL,17,NULL,NULL,113,'/comm/action/listactions.php?mainmenu=agenda&amp;leftmenu=agenda&amp;status=todo&amp;filter=mine','','MenuToDoMyActions','agenda',NULL,'$user->rights->agenda->myactions->read','$conf->agenda->enabled',2,'2016-08-09 11:42:02');
INSERT INTO `llx_menu` VALUES (19,'all',1,'agenda','left','agenda',NULL,17,NULL,NULL,114,'/comm/action/listactions.php?mainmenu=agenda&amp;leftmenu=agenda&amp;status=done&amp;filter=mine','','MenuDoneMyActions','agenda',NULL,'$user->rights->agenda->myactions->read','$conf->agenda->enabled',2,'2016-08-09 11:42:02');
INSERT INTO `llx_menu` VALUES (20,'all',1,'agenda','left','agenda',NULL,17,NULL,NULL,115,'/comm/action/listactions.php?mainmenu=agenda&amp;leftmenu=agenda&amp;status=todo&amp;filtert=-1','','MenuToDoActions','agenda',NULL,'$user->rights->agenda->allactions->read','$user->rights->agenda->allactions->read',2,'2016-08-09 11:42:02');
INSERT INTO `llx_menu` VALUES (21,'all',1,'agenda','left','agenda',NULL,17,NULL,NULL,116,'/comm/action/listactions.php?mainmenu=agenda&amp;leftmenu=agenda&amp;status=done&amp;filtert=-1','','MenuDoneActions','agenda',NULL,'$user->rights->agenda->allactions->read','$user->rights->agenda->allactions->read',2,'2016-08-09 11:42:02');
INSERT INTO `llx_menu` VALUES (22,'all',1,'agenda','left','agenda',NULL,10,NULL,NULL,120,'/comm/action/rapport/index.php?mainmenu=agenda&amp;leftmenu=agenda','','Reportings','agenda',NULL,'$user->rights->agenda->allactions->read','$conf->agenda->enabled',2,'2016-08-09 11:42:02');
INSERT INTO `llx_menu` VALUES (23,'all',1,'resource','left','tools','resource',-1,'tools',NULL,100,'/resource/list.php','','MenuResourceIndex','resource',NULL,'$user->rights->resource->read',1,0,'2016-08-09 11:42:09');
INSERT INTO `llx_menu` VALUES (24,'all',1,'resource','left','tools',NULL,-1,'tools','resource',101,'/resource/add.php','','MenuResourceAdd','resource',NULL,'$user->rights->resource->read',1,0,'2016-08-09 11:42:09');
INSERT INTO `llx_menu` VALUES (25,'all',1,'resource','left','tools',NULL,-1,'tools','resource',102,'/resource/list.php','','List','resource',NULL,'$user->rights->resource->read',1,0,'2016-08-09 11:42:09');
INSERT INTO `llx_menu` VALUES (26,'all',1,'ecm','top','ecm',NULL,0,NULL,NULL,100,'/ecm/index.php','','MenuECM','ecm',NULL,'$user->rights->ecm->read || $user->rights->ecm->upload || $user->rights->ecm->setup','$conf->ecm->enabled',2,'2016-08-09 11:42:14');
INSERT INTO `llx_menu` VALUES (27,'all',1,'ecm','left','ecm','ecm',-1,'ecm',NULL,101,'/ecm/index.php?mainmenu=ecm&leftmenu=ecm','','ECMArea','ecm',NULL,'$user->rights->ecm->read || $user->rights->ecm->upload','$user->rights->ecm->read || $user->rights->ecm->upload',2,'2016-08-09 11:42:14');
INSERT INTO `llx_menu` VALUES (28,'all',1,'ecm','left','ecm','ecm_manual',-1,'ecm','ecm',102,'/ecm/index.php?action=file_manager&mainmenu=ecm&leftmenu=ecm','','ECMSectionsManual','ecm',NULL,'$user->rights->ecm->read || $user->rights->ecm->upload','$user->rights->ecm->read || $user->rights->ecm->upload',2,'2016-08-09 11:42:14');
INSERT INTO `llx_menu` VALUES (29,'all',1,'ecm','left','ecm',NULL,-1,'ecm','ecm',103,'/ecm/index_auto.php?action=file_manager&mainmenu=ecm&leftmenu=ecm','','ECMSectionsAuto','ecm',NULL,'$user->rights->ecm->read || $user->rights->ecm->upload','($user->rights->ecm->read || $user->rights->ecm->upload) && ! empty($conf->global->ECM_AUTO_TREE_ENABLED)',2,'2016-08-09 11:42:14');
INSERT INTO `llx_menu` VALUES (32,'all',1,'externalsite','top','externalsite',NULL,0,NULL,NULL,100,'/externalsite/frames.php','','$conf->global->EXTERNALSITE_LABEL','other',NULL,'','$conf->externalsite->enabled',0,'2016-08-09 11:43:37');
INSERT INTO `llx_menu` VALUES (33,'all',1,'ftp','top','ftp',NULL,0,NULL,NULL,100,'/ftp/index.php','','FTP','ftp',NULL,'$user->rights->ftp->read || $user->rights->ftp->write || $user->rights->ftp->setup','$conf->ftp->enabled',2,'2016-08-09 11:43:48');
INSERT INTO `llx_menu` VALUES (34,'all',1,'printing','left','printing',NULL,-1,'home','modulesadmintools',300,'/printing/index.php','','MenuDirectPrinting','printing',NULL,'$user->rights->printing->read','$conf->printing->enabled && $leftmenu==\'modulesadmintools\'',0,'2016-08-09 11:44:32');
INSERT INTO `llx_menu` VALUES (35,'all',1,'cron','left','home',NULL,-1,'home','modulesadmintools',200,'/cron/list.php?status=-2','','CronList','cron',NULL,'$user->rights->cron->read','$leftmenu==\'modulesadmintools\'',2,'2016-08-09 11:44:48');
INSERT INTO `llx_menu` VALUES (36,'all',1,'todoist','top','todoist',NULL,0,NULL,NULL,100,'/todoist/todoist_frame.php','','$conf->global->todoist_LABEL','other',NULL,'$user->rights->todoist->see','$conf->todoist->enabled',0,'2017-03-05 17:20:56');
INSERT INTO `llx_menu` VALUES (37,'all',1,'timesheet','top','timesheet','timesheet',0,NULL,NULL,100,'/timesheet/timesheet.php','','Timesheet','timesheet@timesheet',NULL,1,'$conf->timesheet->enabled',2,'2017-03-05 18:03:16');
INSERT INTO `llx_menu` VALUES (38,'all',1,'timesheet','left','timesheet','Timesheet',-1,'timesheet',NULL,100,'/timesheet/timesheet.php?action=list','','Timesheet','timesheet@timesheet',NULL,1,'$conf->timesheet->enabled',2,'2017-03-05 18:03:16');
INSERT INTO `llx_menu` VALUES (39,'all',1,'timesheet','left','timesheet','timesheet',-1,'timesheet',NULL,120,'/timesheet/reportuser.php','','userReport','timesheet@timesheet',NULL,1,'$conf->timesheet->enabled',2,'2017-03-05 18:03:16');
INSERT INTO `llx_menu` VALUES (40,'all',1,'timesheet','left','timesheet','Timesheetwhitelist',-1,'timesheet',NULL,110,'/timesheet/timesheetwhitelist.php','','Timesheetwhitelist','timesheet@timesheet',NULL,1,'TIMESHEET_WHITELIST==1',2,'2017-03-05 18:03:16');
INSERT INTO `llx_menu` VALUES (41,'all',1,'timesheet','left','timesheet','modewhitelist',-1,'timesheet','Timesheet',101,'/timesheet/timesheet.php?wlm=0','','modeWhiteList','timesheet@timesheet',NULL,1,'TIMESHEET_WHITELIST==1',2,'2017-03-05 18:03:16');
INSERT INTO `llx_menu` VALUES (42,'all',1,'timesheet','left','timesheet','modeblacklist',-1,'timesheet','Timesheet',102,'/timesheet/timesheet.php?wlm=1','','modeBlackList','timesheet@timesheet',NULL,1,'TIMESHEET_WHITELIST==1',2,'2017-03-05 18:03:16');
INSERT INTO `llx_menu` VALUES (43,'all',1,'timesheet','left','timesheet','modeAll',-1,'timesheet','Timesheet',103,'/timesheet/timesheet.php?wlm=2','','modeNone','timesheet@timesheet',NULL,1,'TIMESHEET_WHITELIST==1',2,'2017-03-05 18:03:16');
INSERT INTO `llx_menu` VALUES (44,'all',1,'timesheet','left','project','projectReport',-1,'project','projects',120,'/timesheet/reportproject.php','','projectReport','timesheet@timesheet',NULL,1,'$conf->timesheet->enabled',2,'2017-03-05 18:03:16');
INSERT INTO `llx_menu` VALUES (45,'all',1,'timesheet','left','timesheet','Timesheetapproval',-1,'timesheet',NULL,130,'/timesheet/timesheetAp.php','','Timesheetapproval','timesheet@timesheet',NULL,'$user->rights->timesheet->approval','$user->rights->timesheet->approval',2,'2017-03-05 18:03:16');
INSERT INTO `llx_menu` VALUES (46,'all',1,'timesheet','left','timesheet','Adminapproval',-1,'timesheet','Timesheetapproval',131,'/timesheet/timesheetuser.php?action=list&sortfield=t.year_week_date&sortorder=desc','','Adminapproval','timesheet@timesheet',NULL,'$user->rights->timesheet->approval->admin','$user->rights->timesheet->approval',2,'2017-03-05 18:03:16');
ALTER TABLE `llx_menu` ENABLE KEYS;
UNLOCK TABLES;




--
-- Table structure for table `llx_notify`
--
DROP TABLE IF EXISTS `llx_notify`;
CREATE TABLE `llx_notify` (
  `rowid` int(11) NOT NULL AUTO_INCREMENT,
  `tms` timestamp NOT NULL DEFAULT CURRENT_TIMESTAMP ON UPDATE CURRENT_TIMESTAMP,
  `daten` datetime DEFAULT NULL,
  `fk_action` int(11) NOT NULL,
  `fk_soc` int(11) DEFAULT NULL,
  `fk_contact` int(11) DEFAULT NULL,
  `fk_user` int(11) DEFAULT NULL,
  `type` varchar(16) COLLATE latin1_general_ci DEFAULT 'email',
  `objet_type` varchar(24) COLLATE latin1_general_ci NOT NULL,
  `objet_id` int(11) NOT NULL,
  `email` varchar(255) COLLATE latin1_general_ci DEFAULT NULL,
  PRIMARY KEY (`rowid`)
) ENGINE=InnoDB DEFAULT CHARSET=latin1 COLLATE=latin1_general_ci;

--
-- Dumping data for table `llx_notify`
--
LOCK TABLES `llx_notify` WRITE;
ALTER TABLE `llx_notify` DISABLE KEYS;
ALTER TABLE `llx_notify` ENABLE KEYS;
UNLOCK TABLES;




--
-- Table structure for table `llx_notify_def`
--
DROP TABLE IF EXISTS `llx_notify_def`;
CREATE TABLE `llx_notify_def` (
  `rowid` int(11) NOT NULL AUTO_INCREMENT,
  `tms` timestamp NOT NULL DEFAULT CURRENT_TIMESTAMP ON UPDATE CURRENT_TIMESTAMP,
  `datec` date DEFAULT NULL,
  `fk_action` int(11) NOT NULL,
  `fk_soc` int(11) NOT NULL,
  `fk_contact` int(11) DEFAULT NULL,
  `fk_user` int(11) DEFAULT NULL,
  `type` varchar(16) COLLATE latin1_general_ci DEFAULT 'email',
  PRIMARY KEY (`rowid`)
) ENGINE=InnoDB DEFAULT CHARSET=latin1 COLLATE=latin1_general_ci;

--
-- Dumping data for table `llx_notify_def`
--
LOCK TABLES `llx_notify_def` WRITE;
ALTER TABLE `llx_notify_def` DISABLE KEYS;
ALTER TABLE `llx_notify_def` ENABLE KEYS;
UNLOCK TABLES;




--
-- Table structure for table `llx_oauth_state`
--
DROP TABLE IF EXISTS `llx_oauth_state`;
CREATE TABLE `llx_oauth_state` (
  `rowid` int(11) NOT NULL AUTO_INCREMENT,
  `service` varchar(36) DEFAULT NULL,
  `state` varchar(128) DEFAULT NULL,
  `fk_user` int(11) DEFAULT NULL,
  `fk_adherent` int(11) DEFAULT NULL,
  `entity` int(11) DEFAULT NULL,
  PRIMARY KEY (`rowid`)
) ENGINE=InnoDB DEFAULT CHARSET=utf8;

--
-- Dumping data for table `llx_oauth_state`
--
LOCK TABLES `llx_oauth_state` WRITE;
ALTER TABLE `llx_oauth_state` DISABLE KEYS;
ALTER TABLE `llx_oauth_state` ENABLE KEYS;
UNLOCK TABLES;




--
-- Table structure for table `llx_oauth_token`
--
DROP TABLE IF EXISTS `llx_oauth_token`;
CREATE TABLE `llx_oauth_token` (
  `rowid` int(11) NOT NULL AUTO_INCREMENT,
  `service` varchar(36) DEFAULT NULL,
  `token` text,
  `fk_user` int(11) DEFAULT NULL,
  `fk_adherent` int(11) DEFAULT NULL,
  `entity` int(11) DEFAULT NULL,
  PRIMARY KEY (`rowid`)
) ENGINE=InnoDB DEFAULT CHARSET=utf8;

--
-- Dumping data for table `llx_oauth_token`
--
LOCK TABLES `llx_oauth_token` WRITE;
ALTER TABLE `llx_oauth_token` DISABLE KEYS;
ALTER TABLE `llx_oauth_token` ENABLE KEYS;
UNLOCK TABLES;




--
-- Table structure for table `llx_opensurvey_comments`
--
DROP TABLE IF EXISTS `llx_opensurvey_comments`;
CREATE TABLE `llx_opensurvey_comments` (
  `id_comment` int(10) unsigned NOT NULL AUTO_INCREMENT,
  `id_sondage` char(16) COLLATE latin1_general_ci NOT NULL,
  `comment` text COLLATE latin1_general_ci NOT NULL,
  `tms` timestamp NOT NULL DEFAULT CURRENT_TIMESTAMP ON UPDATE CURRENT_TIMESTAMP,
  `usercomment` text COLLATE latin1_general_ci,
  PRIMARY KEY (`id_comment`),
  KEY `idx_id_comment` (`id_comment`),
  KEY `idx_id_sondage` (`id_sondage`)
) ENGINE=InnoDB DEFAULT CHARSET=latin1 COLLATE=latin1_general_ci;

--
-- Dumping data for table `llx_opensurvey_comments`
--
LOCK TABLES `llx_opensurvey_comments` WRITE;
ALTER TABLE `llx_opensurvey_comments` DISABLE KEYS;
ALTER TABLE `llx_opensurvey_comments` ENABLE KEYS;
UNLOCK TABLES;




--
-- Table structure for table `llx_opensurvey_formquestions`
--
DROP TABLE IF EXISTS `llx_opensurvey_formquestions`;
CREATE TABLE `llx_opensurvey_formquestions` (
  `rowid` int(11) NOT NULL AUTO_INCREMENT,
  `id_sondage` varchar(16) COLLATE latin1_general_ci DEFAULT NULL,
  `question` text COLLATE latin1_general_ci,
  `available_answers` text COLLATE latin1_general_ci,
  PRIMARY KEY (`rowid`)
) ENGINE=InnoDB DEFAULT CHARSET=latin1 COLLATE=latin1_general_ci;

--
-- Dumping data for table `llx_opensurvey_formquestions`
--
LOCK TABLES `llx_opensurvey_formquestions` WRITE;
ALTER TABLE `llx_opensurvey_formquestions` DISABLE KEYS;
ALTER TABLE `llx_opensurvey_formquestions` ENABLE KEYS;
UNLOCK TABLES;




--
-- Table structure for table `llx_opensurvey_sondage`
--
DROP TABLE IF EXISTS `llx_opensurvey_sondage`;
CREATE TABLE `llx_opensurvey_sondage` (
  `id_sondage` varchar(16) COLLATE latin1_general_ci NOT NULL,
  `entity` int(11) NOT NULL DEFAULT '1',
  `commentaires` text COLLATE latin1_general_ci,
  `mail_admin` varchar(128) COLLATE latin1_general_ci DEFAULT NULL,
  `nom_admin` varchar(64) COLLATE latin1_general_ci DEFAULT NULL,
  `fk_user_creat` int(11) NOT NULL,
  `titre` text COLLATE latin1_general_ci NOT NULL,
  `date_fin` datetime NOT NULL,
  `format` varchar(2) COLLATE latin1_general_ci NOT NULL,
  `mailsonde` tinyint(4) NOT NULL DEFAULT '0',
  `allow_comments` tinyint(4) NOT NULL DEFAULT '1',
  `allow_spy` tinyint(4) NOT NULL DEFAULT '1',
  `tms` timestamp NOT NULL DEFAULT CURRENT_TIMESTAMP ON UPDATE CURRENT_TIMESTAMP,
  `sujet` text COLLATE latin1_general_ci,
  PRIMARY KEY (`id_sondage`),
  KEY `idx_date_fin` (`date_fin`)
) ENGINE=InnoDB DEFAULT CHARSET=latin1 COLLATE=latin1_general_ci;

--
-- Dumping data for table `llx_opensurvey_sondage`
--
LOCK TABLES `llx_opensurvey_sondage` WRITE;
ALTER TABLE `llx_opensurvey_sondage` DISABLE KEYS;
ALTER TABLE `llx_opensurvey_sondage` ENABLE KEYS;
UNLOCK TABLES;




--
-- Table structure for table `llx_opensurvey_user_formanswers`
--
DROP TABLE IF EXISTS `llx_opensurvey_user_formanswers`;
CREATE TABLE `llx_opensurvey_user_formanswers` (
  `fk_user_survey` int(11) NOT NULL,
  `fk_question` int(11) NOT NULL,
  `reponses` text COLLATE latin1_general_ci
) ENGINE=InnoDB DEFAULT CHARSET=latin1 COLLATE=latin1_general_ci;

--
-- Dumping data for table `llx_opensurvey_user_formanswers`
--
LOCK TABLES `llx_opensurvey_user_formanswers` WRITE;
ALTER TABLE `llx_opensurvey_user_formanswers` DISABLE KEYS;
ALTER TABLE `llx_opensurvey_user_formanswers` ENABLE KEYS;
UNLOCK TABLES;




--
-- Table structure for table `llx_opensurvey_user_studs`
--
DROP TABLE IF EXISTS `llx_opensurvey_user_studs`;
CREATE TABLE `llx_opensurvey_user_studs` (
  `id_users` int(11) NOT NULL AUTO_INCREMENT,
  `nom` varchar(64) COLLATE latin1_general_ci NOT NULL,
  `id_sondage` varchar(16) COLLATE latin1_general_ci NOT NULL,
  `reponses` varchar(100) COLLATE latin1_general_ci NOT NULL,
  `tms` timestamp NOT NULL DEFAULT CURRENT_TIMESTAMP ON UPDATE CURRENT_TIMESTAMP,
  PRIMARY KEY (`id_users`),
  KEY `idx_opensurvey_user_studs_id_users` (`id_users`),
  KEY `idx_opensurvey_user_studs_nom` (`nom`),
  KEY `idx_opensurvey_user_studs_id_sondage` (`id_sondage`)
) ENGINE=InnoDB DEFAULT CHARSET=latin1 COLLATE=latin1_general_ci;

--
-- Dumping data for table `llx_opensurvey_user_studs`
--
LOCK TABLES `llx_opensurvey_user_studs` WRITE;
ALTER TABLE `llx_opensurvey_user_studs` DISABLE KEYS;
ALTER TABLE `llx_opensurvey_user_studs` ENABLE KEYS;
UNLOCK TABLES;




--
-- Table structure for table `llx_overwrite_trans`
--
DROP TABLE IF EXISTS `llx_overwrite_trans`;
CREATE TABLE `llx_overwrite_trans` (
  `rowid` int(11) NOT NULL AUTO_INCREMENT,
  `lang` varchar(5) COLLATE latin1_general_ci DEFAULT NULL,
  `transkey` varchar(128) COLLATE latin1_general_ci DEFAULT NULL,
  `transvalue` text COLLATE latin1_general_ci,
  PRIMARY KEY (`rowid`)
) ENGINE=InnoDB DEFAULT CHARSET=latin1 COLLATE=latin1_general_ci;

--
-- Dumping data for table `llx_overwrite_trans`
--
LOCK TABLES `llx_overwrite_trans` WRITE;
ALTER TABLE `llx_overwrite_trans` DISABLE KEYS;
ALTER TABLE `llx_overwrite_trans` ENABLE KEYS;
UNLOCK TABLES;




--
-- Table structure for table `llx_paiement`
--
DROP TABLE IF EXISTS `llx_paiement`;
CREATE TABLE `llx_paiement` (
  `rowid` int(11) NOT NULL AUTO_INCREMENT,
  `ref` varchar(30) COLLATE latin1_general_ci NOT NULL,
  `entity` int(11) NOT NULL DEFAULT '1',
  `datec` datetime DEFAULT NULL,
  `tms` timestamp NOT NULL DEFAULT CURRENT_TIMESTAMP ON UPDATE CURRENT_TIMESTAMP,
  `datep` datetime DEFAULT NULL,
  `amount` double(24,8) DEFAULT '0.00000000',
  `fk_paiement` int(11) NOT NULL,
  `num_paiement` varchar(50) COLLATE latin1_general_ci DEFAULT NULL,
  `note` text COLLATE latin1_general_ci,
  `fk_bank` int(11) NOT NULL DEFAULT '0',
  `fk_user_creat` int(11) DEFAULT NULL,
  `fk_user_modif` int(11) DEFAULT NULL,
  `statut` smallint(6) NOT NULL DEFAULT '0',
  `fk_export_compta` int(11) NOT NULL DEFAULT '0',
  PRIMARY KEY (`rowid`)
) ENGINE=InnoDB AUTO_INCREMENT=9 DEFAULT CHARSET=latin1 COLLATE=latin1_general_ci;

--
-- Dumping data for table `llx_paiement`
--
LOCK TABLES `llx_paiement` WRITE;
ALTER TABLE `llx_paiement` DISABLE KEYS;
INSERT INTO `llx_paiement` VALUES (1,'PAY1611-0001',1,'2016-11-04 14:30:46','2016-11-04 14:30:46','2016-11-04 12:00:00','122.40000000',7,'3633636 80018706908 023060400156','',2,2,NULL,0,0);
INSERT INTO `llx_paiement` VALUES (2,'PAY1701-0002',1,'2017-01-16 15:35:19','2017-01-16 15:35:19','2017-01-16 12:00:00','2025.00000000',7,2457884,'',18,2,NULL,0,0);
INSERT INTO `llx_paiement` VALUES (3,'PAY1701-0003',1,'2017-01-28 11:59:03','2017-01-28 11:59:04','2017-01-05 12:00:00','120.00000000',7,5870787,'',28,2,NULL,0,0);
INSERT INTO `llx_paiement` VALUES (4,'PAY1701-0004',1,'2017-01-28 12:00:46','2017-01-28 12:00:46','2017-01-24 12:00:00','840.00000000',7,5037905,'',29,2,NULL,0,0);
INSERT INTO `llx_paiement` VALUES (5,'PAY1702-0005',1,'2017-02-09 13:22:29','2017-02-09 13:22:29','2017-02-09 12:00:00','2025.00000000',7,2457884,'',30,2,NULL,0,0);
INSERT INTO `llx_paiement` VALUES (6,'PAY1702-0006',1,'2017-02-16 13:07:45','2017-02-16 13:07:46','2017-02-16 12:00:00','1260.00000000',7,8939300,'',30,2,NULL,0,0);
INSERT INTO `llx_paiement` VALUES (7,'PAY1702-0007',1,'2017-02-22 13:51:46','2017-02-22 13:51:46','2017-02-22 12:00:00','180.00000000',7,2289645,'',43,2,NULL,0,0);
INSERT INTO `llx_paiement` VALUES (8,'PAY1703-0008',1,'2017-03-27 13:26:53','2017-03-27 13:26:53','2017-03-12 12:00:00','480.00000000',2,'','',63,2,NULL,0,0);
ALTER TABLE `llx_paiement` ENABLE KEYS;
UNLOCK TABLES;




--
-- Table structure for table `llx_paiement_facture`
--
DROP TABLE IF EXISTS `llx_paiement_facture`;
CREATE TABLE `llx_paiement_facture` (
  `rowid` int(11) NOT NULL AUTO_INCREMENT,
  `fk_paiement` int(11) DEFAULT NULL,
  `fk_facture` int(11) DEFAULT NULL,
  `amount` double(24,8) DEFAULT '0.00000000',
  PRIMARY KEY (`rowid`),
  UNIQUE KEY `uk_paiement_facture` (`fk_paiement`,`fk_facture`),
  KEY `idx_paiement_facture_fk_facture` (`fk_facture`),
  KEY `idx_paiement_facture_fk_paiement` (`fk_paiement`),
  CONSTRAINT `fk_paiement_facture_fk_facture` FOREIGN KEY (`fk_facture`) REFERENCES `llx_facture` (`rowid`),
  CONSTRAINT `fk_paiement_facture_fk_paiement` FOREIGN KEY (`fk_paiement`) REFERENCES `llx_paiement` (`rowid`)
) ENGINE=InnoDB AUTO_INCREMENT=9 DEFAULT CHARSET=latin1 COLLATE=latin1_general_ci;

--
-- Dumping data for table `llx_paiement_facture`
--
LOCK TABLES `llx_paiement_facture` WRITE;
ALTER TABLE `llx_paiement_facture` DISABLE KEYS;
INSERT INTO `llx_paiement_facture` VALUES (1,1,2,'122.40000000');
INSERT INTO `llx_paiement_facture` VALUES (2,2,7,'2025.00000000');
INSERT INTO `llx_paiement_facture` VALUES (3,3,4,'120.00000000');
INSERT INTO `llx_paiement_facture` VALUES (4,4,6,'840.00000000');
INSERT INTO `llx_paiement_facture` VALUES (5,5,10,'2025.00000000');
INSERT INTO `llx_paiement_facture` VALUES (6,6,8,'1260.00000000');
INSERT INTO `llx_paiement_facture` VALUES (7,7,5,'180.00000000');
INSERT INTO `llx_paiement_facture` VALUES (8,8,11,'480.00000000');
ALTER TABLE `llx_paiement_facture` ENABLE KEYS;
UNLOCK TABLES;




--
-- Table structure for table `llx_paiementcharge`
--
DROP TABLE IF EXISTS `llx_paiementcharge`;
CREATE TABLE `llx_paiementcharge` (
  `rowid` int(11) NOT NULL AUTO_INCREMENT,
  `fk_charge` int(11) DEFAULT NULL,
  `datec` datetime DEFAULT NULL,
  `tms` timestamp NOT NULL DEFAULT CURRENT_TIMESTAMP ON UPDATE CURRENT_TIMESTAMP,
  `datep` datetime DEFAULT NULL,
  `amount` double DEFAULT '0',
  `fk_typepaiement` int(11) NOT NULL,
  `num_paiement` varchar(50) COLLATE latin1_general_ci DEFAULT NULL,
  `note` text COLLATE latin1_general_ci,
  `fk_bank` int(11) NOT NULL,
  `fk_user_creat` int(11) DEFAULT NULL,
  `fk_user_modif` int(11) DEFAULT NULL,
  PRIMARY KEY (`rowid`)
) ENGINE=InnoDB DEFAULT CHARSET=latin1 COLLATE=latin1_general_ci;

--
-- Dumping data for table `llx_paiementcharge`
--
LOCK TABLES `llx_paiementcharge` WRITE;
ALTER TABLE `llx_paiementcharge` DISABLE KEYS;
ALTER TABLE `llx_paiementcharge` ENABLE KEYS;
UNLOCK TABLES;




--
-- Table structure for table `llx_paiementfourn`
--
DROP TABLE IF EXISTS `llx_paiementfourn`;
CREATE TABLE `llx_paiementfourn` (
  `rowid` int(11) NOT NULL AUTO_INCREMENT,
  `tms` timestamp NOT NULL DEFAULT CURRENT_TIMESTAMP ON UPDATE CURRENT_TIMESTAMP,
  `datec` datetime DEFAULT NULL,
  `datep` datetime DEFAULT NULL,
  `amount` double DEFAULT '0',
  `fk_user_author` int(11) DEFAULT NULL,
  `fk_paiement` int(11) NOT NULL,
  `num_paiement` varchar(50) COLLATE latin1_general_ci DEFAULT NULL,
  `note` text COLLATE latin1_general_ci,
  `fk_bank` int(11) NOT NULL,
  `statut` smallint(6) NOT NULL DEFAULT '0',
  PRIMARY KEY (`rowid`)
) ENGINE=InnoDB AUTO_INCREMENT=53 DEFAULT CHARSET=latin1 COLLATE=latin1_general_ci;

--
-- Dumping data for table `llx_paiementfourn`
--
LOCK TABLES `llx_paiementfourn` WRITE;
ALTER TABLE `llx_paiementfourn` DISABLE KEYS;
INSERT INTO `llx_paiementfourn` VALUES (1,'2016-12-01 14:56:47','2016-12-01 14:56:47','2016-12-01 12:00:00',657,2,7,5420391,'',3,0);
INSERT INTO `llx_paiementfourn` VALUES (2,'2016-12-01 15:01:12','2016-12-01 15:01:12','2016-12-05 12:00:00',58.2,2,3,'','',4,0);
INSERT INTO `llx_paiementfourn` VALUES (3,'2016-12-01 15:17:10','2016-12-01 15:17:10','2016-12-01 12:00:00',6615,2,7,5420392,'',5,0);
INSERT INTO `llx_paiementfourn` VALUES (4,'2016-12-16 14:59:38','2016-12-16 14:59:38','2016-12-16 12:00:00',2976,2,7,5420393,'',9,0);
INSERT INTO `llx_paiementfourn` VALUES (5,'2016-12-16 17:19:07','2016-12-16 17:19:07','2016-12-16 12:00:00',57.6,2,2,'','',10,0);
INSERT INTO `llx_paiementfourn` VALUES (6,'2017-01-06 20:35:20','2017-01-06 20:35:20','2017-01-05 12:00:00',24.75,2,3,'Ms0010319879290','',12,0);
INSERT INTO `llx_paiementfourn` VALUES (8,'2017-01-16 15:52:35','2017-01-16 15:52:35','2017-01-12 12:00:00',1185.77,2,6,'','payé julien',19,0);
INSERT INTO `llx_paiementfourn` VALUES (9,'2017-01-16 15:53:41','2017-01-16 15:53:41','2017-01-12 12:00:00',967.98,2,6,'','payé Etienne',20,0);
INSERT INTO `llx_paiementfourn` VALUES (10,'2017-01-16 15:57:31','2017-01-16 15:57:31','2017-01-03 12:00:00',66.71,2,6,'','Payé Etienne',21,0);
INSERT INTO `llx_paiementfourn` VALUES (13,'2017-01-16 16:03:56','2017-01-16 16:03:56','2016-12-22 12:00:00',29.1,2,6,'','',24,0);
INSERT INTO `llx_paiementfourn` VALUES (14,'2017-01-16 16:26:01','2017-01-16 16:26:01','2017-01-05 12:00:00',22.92,2,6,'','',26,0);
INSERT INTO `llx_paiementfourn` VALUES (15,'2017-01-16 16:33:47','2017-01-16 16:33:47','2017-01-03 12:00:00',4.2,2,6,'','',27,0);
INSERT INTO `llx_paiementfourn` VALUES (16,'2017-02-16 13:45:34','2017-02-16 13:45:34','2017-02-06 12:00:00',19.99,2,3,'','',31,0);
INSERT INTO `llx_paiementfourn` VALUES (17,'2017-02-16 13:47:55','2017-02-16 13:47:55','2017-02-06 12:00:00',6.59,2,6,'','',32,0);
INSERT INTO `llx_paiementfourn` VALUES (18,'2017-02-16 13:49:39','2017-02-16 13:49:39','2017-02-06 12:00:00',24.75,2,3,'','',33,0);
INSERT INTO `llx_paiementfourn` VALUES (19,'2017-02-16 13:51:32','2017-02-16 13:51:32','2017-02-23 12:00:00',158.26,2,6,'','',34,0);
INSERT INTO `llx_paiementfourn` VALUES (20,'2017-02-16 14:01:26','2017-02-16 14:01:26','2017-01-23 12:00:00',38,2,6,'','38 € pour régulation suite à avoir\nFacture total 1005.98\nPAyé 967.38\nrégule 38',36,0);
INSERT INTO `llx_paiementfourn` VALUES (21,'2017-02-16 14:03:33','2017-02-16 14:03:33','2017-01-20 12:00:00',1296,2,7,'','payé par julien',37,0);
INSERT INTO `llx_paiementfourn` VALUES (22,'2017-02-16 14:16:32','2017-02-16 14:16:32','2017-01-19 12:00:00',46.04,2,6,'','Julien',39,0);
INSERT INTO `llx_paiementfourn` VALUES (23,'2017-03-03 15:36:54','2017-03-03 15:36:54','2017-02-17 12:00:00',171.3,2,7,5420398,'',44,0);
INSERT INTO `llx_paiementfourn` VALUES (24,'2017-03-03 15:39:11','2017-03-03 15:39:11','2017-02-24 12:00:00',72,2,7,5420399,'',45,0);
INSERT INTO `llx_paiementfourn` VALUES (25,'2017-03-03 15:40:37','2017-03-03 15:40:36','2017-03-03 12:00:00',406,2,7,5420401,'',46,0);
INSERT INTO `llx_paiementfourn` VALUES (26,'2017-03-03 15:59:27','2017-03-03 15:59:27','2017-02-25 12:00:00',106.42,2,6,'','',47,0);
INSERT INTO `llx_paiementfourn` VALUES (27,'2017-03-05 17:43:29','2017-03-05 17:43:29','2017-02-20 12:00:00',302.28,2,6,'','',48,0);
INSERT INTO `llx_paiementfourn` VALUES (28,'2017-03-05 17:45:22','2017-03-05 17:45:22','2017-02-20 12:00:00',57.48,2,6,'','',49,0);
INSERT INTO `llx_paiementfourn` VALUES (29,'2017-03-05 17:51:12','2017-03-05 17:51:12','2017-02-20 12:00:00',95.88,2,6,'','',50,0);
INSERT INTO `llx_paiementfourn` VALUES (30,'2017-03-05 18:00:23','2017-03-05 18:00:23','2017-03-02 12:00:00',4.99,2,6,'','',51,0);
INSERT INTO `llx_paiementfourn` VALUES (31,'2017-03-14 12:24:54','2017-03-14 12:24:54','2017-03-07 12:00:00',17.26,2,6,'','',53,0);
INSERT INTO `llx_paiementfourn` VALUES (32,'2017-03-14 12:32:06','2017-03-14 12:32:06','2017-02-25 12:00:00',300,2,7,'','payé par julien',54,0);
INSERT INTO `llx_paiementfourn` VALUES (33,'2017-03-14 12:49:58','2017-03-14 12:49:58','2017-03-14 12:00:00',420,2,6,'','payé julien',55,0);
INSERT INTO `llx_paiementfourn` VALUES (34,'2017-03-14 13:35:28','2017-03-14 13:35:28','2017-02-27 12:00:00',87,2,6,'','Paiement Par Carte Etienne\n',56,0);
INSERT INTO `llx_paiementfourn` VALUES (35,'2017-03-14 13:37:25','2017-03-14 13:37:24','2017-02-09 12:00:00',17.32,2,3,'','',57,0);
INSERT INTO `llx_paiementfourn` VALUES (36,'2017-03-14 13:41:00','2017-03-14 13:41:00','2017-02-01 12:00:00',20,2,6,'','carte julien',58,0);
INSERT INTO `llx_paiementfourn` VALUES (37,'2017-03-14 13:47:31','2017-03-14 13:47:31','2017-03-09 12:00:00',17.32,2,3,'','',59,0);
INSERT INTO `llx_paiementfourn` VALUES (38,'2017-03-14 13:52:51','2017-03-14 13:52:51','2017-03-06 12:00:00',24.75,2,3,106054,'',61,0);
INSERT INTO `llx_paiementfourn` VALUES (39,'2017-03-27 15:35:37','2017-03-27 15:35:37','2017-03-27 12:00:00',400,2,7,5420402,'payé premier versement 400€\n',64,0);
INSERT INTO `llx_paiementfourn` VALUES (40,'2017-03-27 15:36:23','2017-03-27 15:36:22','2017-04-15 12:00:00',400,2,7,5420403,'versement n2',65,0);
INSERT INTO `llx_paiementfourn` VALUES (41,'2017-03-27 15:36:54','2017-03-27 15:36:54','2017-05-15 12:00:00',400,2,7,5420404,'versement 3',66,0);
INSERT INTO `llx_paiementfourn` VALUES (42,'2017-03-27 15:39:37','2017-03-27 15:39:37','2017-06-15 12:00:00',1200,2,7,'','',67,0);
INSERT INTO `llx_paiementfourn` VALUES (43,'2017-04-04 15:30:48','2017-04-04 15:30:47','2017-04-04 12:00:00',4.99,2,3,'','',70,0);
INSERT INTO `llx_paiementfourn` VALUES (44,'2017-04-04 16:04:11','2017-04-04 16:04:10','2017-04-03 12:00:00',78.88,2,6,'','carte julien',73,0);
INSERT INTO `llx_paiementfourn` VALUES (45,'2017-04-04 16:10:34','2017-04-04 16:10:34','2017-04-04 12:00:00',50,2,7,5420394,'',74,0);
INSERT INTO `llx_paiementfourn` VALUES (46,'2017-04-04 16:16:46','2017-04-04 16:16:46','2017-03-20 12:00:00',6.94,2,6,'','carte etienne',76,0);
INSERT INTO `llx_paiementfourn` VALUES (47,'2017-04-04 16:30:57','2017-04-04 16:30:57','2017-03-01 12:00:00',10,2,3,'','carte julien',77,0);
INSERT INTO `llx_paiementfourn` VALUES (48,'2017-04-12 14:20:03','2017-04-12 14:20:03','2017-04-10 12:00:00',12.95,2,6,'','',78,0);
INSERT INTO `llx_paiementfourn` VALUES (49,'2017-04-12 14:20:26','2017-04-12 14:20:26','2017-04-10 12:00:00',156,2,6,'','',79,0);
INSERT INTO `llx_paiementfourn` VALUES (50,'2017-05-05 15:21:11','2017-05-05 15:21:11','2017-04-21 12:00:00',92.64,2,6,'','',82,0);
INSERT INTO `llx_paiementfourn` VALUES (51,'2017-05-05 15:22:18','2017-05-05 15:22:17','2017-04-05 12:00:00',24.75,2,3,'','',83,0);
INSERT INTO `llx_paiementfourn` VALUES (52,'2017-05-05 15:36:01','2017-05-05 15:36:01','2017-05-02 12:00:00',6.99,2,6,'','',84,0);
ALTER TABLE `llx_paiementfourn` ENABLE KEYS;
UNLOCK TABLES;




--
-- Table structure for table `llx_paiementfourn_facturefourn`
--
DROP TABLE IF EXISTS `llx_paiementfourn_facturefourn`;
CREATE TABLE `llx_paiementfourn_facturefourn` (
  `rowid` int(11) NOT NULL AUTO_INCREMENT,
  `fk_paiementfourn` int(11) DEFAULT NULL,
  `fk_facturefourn` int(11) DEFAULT NULL,
  `amount` double(24,8) DEFAULT '0.00000000',
  PRIMARY KEY (`rowid`),
  UNIQUE KEY `uk_paiementfourn_facturefourn` (`fk_paiementfourn`,`fk_facturefourn`),
  KEY `idx_paiementfourn_facturefourn_fk_facture` (`fk_facturefourn`),
  KEY `idx_paiementfourn_facturefourn_fk_paiement` (`fk_paiementfourn`)
) ENGINE=InnoDB AUTO_INCREMENT=55 DEFAULT CHARSET=latin1 COLLATE=latin1_general_ci;

--
-- Dumping data for table `llx_paiementfourn_facturefourn`
--
LOCK TABLES `llx_paiementfourn_facturefourn` WRITE;
ALTER TABLE `llx_paiementfourn_facturefourn` DISABLE KEYS;
INSERT INTO `llx_paiementfourn_facturefourn` VALUES (1,1,5,'657.00000000');
INSERT INTO `llx_paiementfourn_facturefourn` VALUES (2,2,6,'58.20000000');
INSERT INTO `llx_paiementfourn_facturefourn` VALUES (3,3,8,'6615.00000000');
INSERT INTO `llx_paiementfourn_facturefourn` VALUES (4,4,9,'2976.00000000');
INSERT INTO `llx_paiementfourn_facturefourn` VALUES (5,5,10,'57.60000000');
INSERT INTO `llx_paiementfourn_facturefourn` VALUES (6,6,6,'24.75000000');
INSERT INTO `llx_paiementfourn_facturefourn` VALUES (8,8,17,'1185.77000000');
INSERT INTO `llx_paiementfourn_facturefourn` VALUES (9,9,19,'967.98000000');
INSERT INTO `llx_paiementfourn_facturefourn` VALUES (10,10,13,'66.71000000');
INSERT INTO `llx_paiementfourn_facturefourn` VALUES (13,13,11,'29.10000000');
INSERT INTO `llx_paiementfourn_facturefourn` VALUES (14,14,15,'22.92000000');
INSERT INTO `llx_paiementfourn_facturefourn` VALUES (15,15,12,'4.20000000');
INSERT INTO `llx_paiementfourn_facturefourn` VALUES (16,16,23,'19.99000000');
INSERT INTO `llx_paiementfourn_facturefourn` VALUES (17,17,22,'6.59000000');
INSERT INTO `llx_paiementfourn_facturefourn` VALUES (18,18,6,'24.75000000');
INSERT INTO `llx_paiementfourn_facturefourn` VALUES (19,19,21,'158.26000000');
INSERT INTO `llx_paiementfourn_facturefourn` VALUES (20,20,19,'38.00000000');
INSERT INTO `llx_paiementfourn_facturefourn` VALUES (21,21,16,'1296.00000000');
INSERT INTO `llx_paiementfourn_facturefourn` VALUES (22,22,20,'46.04000000');
INSERT INTO `llx_paiementfourn_facturefourn` VALUES (23,23,24,'171.30000000');
INSERT INTO `llx_paiementfourn_facturefourn` VALUES (24,24,25,'72.00000000');
INSERT INTO `llx_paiementfourn_facturefourn` VALUES (25,25,5,'406.00000000');
INSERT INTO `llx_paiementfourn_facturefourn` VALUES (26,26,26,'106.42000000');
INSERT INTO `llx_paiementfourn_facturefourn` VALUES (27,27,27,'302.28000000');
INSERT INTO `llx_paiementfourn_facturefourn` VALUES (28,28,28,'57.48000000');
INSERT INTO `llx_paiementfourn_facturefourn` VALUES (29,29,29,'95.88000000');
INSERT INTO `llx_paiementfourn_facturefourn` VALUES (30,30,30,'4.99000000');
INSERT INTO `llx_paiementfourn_facturefourn` VALUES (31,31,31,'17.26000000');
INSERT INTO `llx_paiementfourn_facturefourn` VALUES (32,32,32,'300.00000000');
INSERT INTO `llx_paiementfourn_facturefourn` VALUES (33,33,33,'210.00000000');
INSERT INTO `llx_paiementfourn_facturefourn` VALUES (34,33,34,'210.00000000');
INSERT INTO `llx_paiementfourn_facturefourn` VALUES (35,34,35,'87.00000000');
INSERT INTO `llx_paiementfourn_facturefourn` VALUES (36,35,36,'17.32000000');
INSERT INTO `llx_paiementfourn_facturefourn` VALUES (37,36,37,'20.00000000');
INSERT INTO `llx_paiementfourn_facturefourn` VALUES (38,37,38,'17.32000000');
INSERT INTO `llx_paiementfourn_facturefourn` VALUES (39,38,6,'24.75000000');
INSERT INTO `llx_paiementfourn_facturefourn` VALUES (40,39,39,'400.00000000');
INSERT INTO `llx_paiementfourn_facturefourn` VALUES (41,40,39,'400.00000000');
INSERT INTO `llx_paiementfourn_facturefourn` VALUES (42,41,39,'400.00000000');
INSERT INTO `llx_paiementfourn_facturefourn` VALUES (43,42,39,'1200.00000000');
INSERT INTO `llx_paiementfourn_facturefourn` VALUES (44,43,40,'4.99000000');
INSERT INTO `llx_paiementfourn_facturefourn` VALUES (45,44,41,'21.71000000');
INSERT INTO `llx_paiementfourn_facturefourn` VALUES (46,44,43,'57.17000000');
INSERT INTO `llx_paiementfourn_facturefourn` VALUES (47,45,18,'50.00000000');
INSERT INTO `llx_paiementfourn_facturefourn` VALUES (48,46,44,'6.94000000');
INSERT INTO `llx_paiementfourn_facturefourn` VALUES (49,47,45,'10.00000000');
INSERT INTO `llx_paiementfourn_facturefourn` VALUES (50,48,47,'12.95000000');
INSERT INTO `llx_paiementfourn_facturefourn` VALUES (51,49,46,'156.00000000');
INSERT INTO `llx_paiementfourn_facturefourn` VALUES (52,50,48,'92.64000000');
INSERT INTO `llx_paiementfourn_facturefourn` VALUES (53,51,6,'24.75000000');
INSERT INTO `llx_paiementfourn_facturefourn` VALUES (54,52,49,'6.99000000');
ALTER TABLE `llx_paiementfourn_facturefourn` ENABLE KEYS;
UNLOCK TABLES;




--
-- Table structure for table `llx_payment_donation`
--
DROP TABLE IF EXISTS `llx_payment_donation`;
CREATE TABLE `llx_payment_donation` (
  `rowid` int(11) NOT NULL AUTO_INCREMENT,
  `fk_donation` int(11) DEFAULT NULL,
  `datec` datetime DEFAULT NULL,
  `tms` timestamp NOT NULL DEFAULT CURRENT_TIMESTAMP ON UPDATE CURRENT_TIMESTAMP,
  `datep` datetime DEFAULT NULL,
  `amount` double DEFAULT '0',
  `fk_typepayment` int(11) NOT NULL,
  `num_payment` varchar(50) COLLATE latin1_general_ci DEFAULT NULL,
  `note` text COLLATE latin1_general_ci,
  `fk_bank` int(11) NOT NULL,
  `fk_user_creat` int(11) DEFAULT NULL,
  `fk_user_modif` int(11) DEFAULT NULL,
  PRIMARY KEY (`rowid`)
) ENGINE=InnoDB DEFAULT CHARSET=latin1 COLLATE=latin1_general_ci;

--
-- Dumping data for table `llx_payment_donation`
--
LOCK TABLES `llx_payment_donation` WRITE;
ALTER TABLE `llx_payment_donation` DISABLE KEYS;
ALTER TABLE `llx_payment_donation` ENABLE KEYS;
UNLOCK TABLES;




--
-- Table structure for table `llx_payment_expensereport`
--
DROP TABLE IF EXISTS `llx_payment_expensereport`;
CREATE TABLE `llx_payment_expensereport` (
  `rowid` int(11) NOT NULL AUTO_INCREMENT,
  `fk_expensereport` int(11) DEFAULT NULL,
  `datec` datetime DEFAULT NULL,
  `tms` timestamp NOT NULL DEFAULT CURRENT_TIMESTAMP ON UPDATE CURRENT_TIMESTAMP,
  `datep` datetime DEFAULT NULL,
  `amount` double DEFAULT '0',
  `fk_typepayment` int(11) NOT NULL,
  `num_payment` varchar(50) COLLATE latin1_general_ci DEFAULT NULL,
  `note` text COLLATE latin1_general_ci,
  `fk_bank` int(11) NOT NULL,
  `fk_user_creat` int(11) DEFAULT NULL,
  `fk_user_modif` int(11) DEFAULT NULL,
  PRIMARY KEY (`rowid`)
) ENGINE=InnoDB DEFAULT CHARSET=latin1 COLLATE=latin1_general_ci;

--
-- Dumping data for table `llx_payment_expensereport`
--
LOCK TABLES `llx_payment_expensereport` WRITE;
ALTER TABLE `llx_payment_expensereport` DISABLE KEYS;
ALTER TABLE `llx_payment_expensereport` ENABLE KEYS;
UNLOCK TABLES;




--
-- Table structure for table `llx_payment_loan`
--
DROP TABLE IF EXISTS `llx_payment_loan`;
CREATE TABLE `llx_payment_loan` (
  `rowid` int(11) NOT NULL AUTO_INCREMENT,
  `fk_loan` int(11) DEFAULT NULL,
  `datec` datetime DEFAULT NULL,
  `tms` timestamp NOT NULL DEFAULT CURRENT_TIMESTAMP ON UPDATE CURRENT_TIMESTAMP,
  `datep` datetime DEFAULT NULL,
  `amount_capital` double DEFAULT '0',
  `amount_insurance` double DEFAULT '0',
  `amount_interest` double DEFAULT '0',
  `fk_typepayment` int(11) NOT NULL,
  `num_payment` varchar(50) COLLATE latin1_general_ci DEFAULT NULL,
  `note_private` text COLLATE latin1_general_ci,
  `note_public` text COLLATE latin1_general_ci,
  `fk_bank` int(11) NOT NULL,
  `fk_user_creat` int(11) DEFAULT NULL,
  `fk_user_modif` int(11) DEFAULT NULL,
  PRIMARY KEY (`rowid`)
) ENGINE=InnoDB DEFAULT CHARSET=latin1 COLLATE=latin1_general_ci;

--
-- Dumping data for table `llx_payment_loan`
--
LOCK TABLES `llx_payment_loan` WRITE;
ALTER TABLE `llx_payment_loan` DISABLE KEYS;
ALTER TABLE `llx_payment_loan` ENABLE KEYS;
UNLOCK TABLES;




--
-- Table structure for table `llx_payment_salary`
--
DROP TABLE IF EXISTS `llx_payment_salary`;
CREATE TABLE `llx_payment_salary` (
  `rowid` int(11) NOT NULL AUTO_INCREMENT,
  `tms` timestamp NOT NULL DEFAULT CURRENT_TIMESTAMP ON UPDATE CURRENT_TIMESTAMP,
  `datec` datetime DEFAULT NULL,
  `fk_user` int(11) NOT NULL,
  `datep` date DEFAULT NULL,
  `datev` date DEFAULT NULL,
  `salary` double DEFAULT NULL,
  `amount` double NOT NULL DEFAULT '0',
  `fk_typepayment` int(11) NOT NULL,
  `num_payment` varchar(50) COLLATE latin1_general_ci DEFAULT NULL,
  `label` varchar(255) COLLATE latin1_general_ci DEFAULT NULL,
  `datesp` date DEFAULT NULL,
  `dateep` date DEFAULT NULL,
  `entity` int(11) NOT NULL DEFAULT '1',
  `note` text COLLATE latin1_general_ci,
  `fk_bank` int(11) DEFAULT NULL,
  `fk_user_author` int(11) DEFAULT NULL,
  `fk_user_modif` int(11) DEFAULT NULL,
  PRIMARY KEY (`rowid`),
  KEY `idx_payment_salary_ref` (`num_payment`),
  KEY `idx_payment_salary_user` (`fk_user`,`entity`),
  KEY `idx_payment_salary_datep` (`datep`),
  KEY `idx_payment_salary_datesp` (`datesp`),
  KEY `idx_payment_salary_dateep` (`dateep`),
  CONSTRAINT `fk_payment_salary_user` FOREIGN KEY (`fk_user`) REFERENCES `llx_user` (`rowid`)
) ENGINE=InnoDB AUTO_INCREMENT=2 DEFAULT CHARSET=latin1 COLLATE=latin1_general_ci;

--
-- Dumping data for table `llx_payment_salary`
--
LOCK TABLES `llx_payment_salary` WRITE;
ALTER TABLE `llx_payment_salary` DISABLE KEYS;
INSERT INTO `llx_payment_salary` VALUES (1,'2017-05-05 15:04:37','2017-05-05 15:04:37',4,'2017-04-30','2017-05-05',543.6,579.6,7,5441075,'Règlement salaire','2017-04-03','2017-04-30',1,NULL,81,2,NULL);
ALTER TABLE `llx_payment_salary` ENABLE KEYS;
UNLOCK TABLES;




--
-- Table structure for table `llx_prelevement_bons`
--
DROP TABLE IF EXISTS `llx_prelevement_bons`;
CREATE TABLE `llx_prelevement_bons` (
  `rowid` int(11) NOT NULL AUTO_INCREMENT,
  `ref` varchar(12) COLLATE latin1_general_ci DEFAULT NULL,
  `entity` int(11) NOT NULL DEFAULT '1',
  `datec` datetime DEFAULT NULL,
  `amount` double DEFAULT '0',
  `statut` smallint(6) DEFAULT '0',
  `credite` smallint(6) DEFAULT '0',
  `note` text COLLATE latin1_general_ci,
  `date_trans` datetime DEFAULT NULL,
  `method_trans` smallint(6) DEFAULT NULL,
  `fk_user_trans` int(11) DEFAULT NULL,
  `date_credit` datetime DEFAULT NULL,
  `fk_user_credit` int(11) DEFAULT NULL,
  PRIMARY KEY (`rowid`),
  UNIQUE KEY `uk_prelevement_bons_ref` (`ref`,`entity`)
) ENGINE=InnoDB DEFAULT CHARSET=latin1 COLLATE=latin1_general_ci;

--
-- Dumping data for table `llx_prelevement_bons`
--
LOCK TABLES `llx_prelevement_bons` WRITE;
ALTER TABLE `llx_prelevement_bons` DISABLE KEYS;
ALTER TABLE `llx_prelevement_bons` ENABLE KEYS;
UNLOCK TABLES;




--
-- Table structure for table `llx_prelevement_facture`
--
DROP TABLE IF EXISTS `llx_prelevement_facture`;
CREATE TABLE `llx_prelevement_facture` (
  `rowid` int(11) NOT NULL AUTO_INCREMENT,
  `fk_facture` int(11) NOT NULL,
  `fk_prelevement_lignes` int(11) NOT NULL,
  PRIMARY KEY (`rowid`),
  KEY `idx_prelevement_facture_fk_prelevement_lignes` (`fk_prelevement_lignes`),
  CONSTRAINT `fk_prelevement_facture_fk_prelevement_lignes` FOREIGN KEY (`fk_prelevement_lignes`) REFERENCES `llx_prelevement_lignes` (`rowid`)
) ENGINE=InnoDB DEFAULT CHARSET=latin1 COLLATE=latin1_general_ci;

--
-- Dumping data for table `llx_prelevement_facture`
--
LOCK TABLES `llx_prelevement_facture` WRITE;
ALTER TABLE `llx_prelevement_facture` DISABLE KEYS;
ALTER TABLE `llx_prelevement_facture` ENABLE KEYS;
UNLOCK TABLES;




--
-- Table structure for table `llx_prelevement_facture_demande`
--
DROP TABLE IF EXISTS `llx_prelevement_facture_demande`;
CREATE TABLE `llx_prelevement_facture_demande` (
  `rowid` int(11) NOT NULL AUTO_INCREMENT,
  `fk_facture` int(11) NOT NULL,
  `amount` double NOT NULL,
  `date_demande` datetime NOT NULL,
  `traite` smallint(6) DEFAULT '0',
  `date_traite` datetime DEFAULT NULL,
  `fk_prelevement_bons` int(11) DEFAULT NULL,
  `fk_user_demande` int(11) NOT NULL,
  `code_banque` varchar(128) COLLATE latin1_general_ci DEFAULT NULL,
  `code_guichet` varchar(6) COLLATE latin1_general_ci DEFAULT NULL,
  `number` varchar(255) COLLATE latin1_general_ci DEFAULT NULL,
  `cle_rib` varchar(5) COLLATE latin1_general_ci DEFAULT NULL,
  PRIMARY KEY (`rowid`)
) ENGINE=InnoDB DEFAULT CHARSET=latin1 COLLATE=latin1_general_ci;

--
-- Dumping data for table `llx_prelevement_facture_demande`
--
LOCK TABLES `llx_prelevement_facture_demande` WRITE;
ALTER TABLE `llx_prelevement_facture_demande` DISABLE KEYS;
ALTER TABLE `llx_prelevement_facture_demande` ENABLE KEYS;
UNLOCK TABLES;




--
-- Table structure for table `llx_prelevement_lignes`
--
DROP TABLE IF EXISTS `llx_prelevement_lignes`;
CREATE TABLE `llx_prelevement_lignes` (
  `rowid` int(11) NOT NULL AUTO_INCREMENT,
  `fk_prelevement_bons` int(11) DEFAULT NULL,
  `fk_soc` int(11) NOT NULL,
  `statut` smallint(6) DEFAULT '0',
  `client_nom` varchar(255) COLLATE latin1_general_ci DEFAULT NULL,
  `amount` double DEFAULT '0',
  `code_banque` varchar(128) COLLATE latin1_general_ci DEFAULT NULL,
  `code_guichet` varchar(6) COLLATE latin1_general_ci DEFAULT NULL,
  `number` varchar(255) COLLATE latin1_general_ci DEFAULT NULL,
  `cle_rib` varchar(5) COLLATE latin1_general_ci DEFAULT NULL,
  `note` text COLLATE latin1_general_ci,
  PRIMARY KEY (`rowid`),
  KEY `idx_prelevement_lignes_fk_prelevement_bons` (`fk_prelevement_bons`),
  CONSTRAINT `fk_prelevement_lignes_fk_prelevement_bons` FOREIGN KEY (`fk_prelevement_bons`) REFERENCES `llx_prelevement_bons` (`rowid`)
) ENGINE=InnoDB DEFAULT CHARSET=latin1 COLLATE=latin1_general_ci;

--
-- Dumping data for table `llx_prelevement_lignes`
--
LOCK TABLES `llx_prelevement_lignes` WRITE;
ALTER TABLE `llx_prelevement_lignes` DISABLE KEYS;
ALTER TABLE `llx_prelevement_lignes` ENABLE KEYS;
UNLOCK TABLES;




--
-- Table structure for table `llx_prelevement_rejet`
--
DROP TABLE IF EXISTS `llx_prelevement_rejet`;
CREATE TABLE `llx_prelevement_rejet` (
  `rowid` int(11) NOT NULL AUTO_INCREMENT,
  `fk_prelevement_lignes` int(11) DEFAULT NULL,
  `date_rejet` datetime DEFAULT NULL,
  `motif` int(11) DEFAULT NULL,
  `date_creation` datetime DEFAULT NULL,
  `fk_user_creation` int(11) DEFAULT NULL,
  `note` text COLLATE latin1_general_ci,
  `afacturer` tinyint(4) DEFAULT '0',
  `fk_facture` int(11) DEFAULT NULL,
  PRIMARY KEY (`rowid`)
) ENGINE=InnoDB DEFAULT CHARSET=latin1 COLLATE=latin1_general_ci;

--
-- Dumping data for table `llx_prelevement_rejet`
--
LOCK TABLES `llx_prelevement_rejet` WRITE;
ALTER TABLE `llx_prelevement_rejet` DISABLE KEYS;
ALTER TABLE `llx_prelevement_rejet` ENABLE KEYS;
UNLOCK TABLES;




--
-- Table structure for table `llx_printing`
--
DROP TABLE IF EXISTS `llx_printing`;
CREATE TABLE `llx_printing` (
  `rowid` int(11) NOT NULL AUTO_INCREMENT,
  `tms` timestamp NOT NULL DEFAULT CURRENT_TIMESTAMP ON UPDATE CURRENT_TIMESTAMP,
  `datec` datetime DEFAULT NULL,
  `printer_name` text COLLATE latin1_general_ci NOT NULL,
  `printer_location` text COLLATE latin1_general_ci NOT NULL,
  `printer_id` varchar(255) COLLATE latin1_general_ci NOT NULL,
  `copy` int(11) NOT NULL DEFAULT '1',
  `module` varchar(16) COLLATE latin1_general_ci NOT NULL,
  `driver` varchar(16) COLLATE latin1_general_ci NOT NULL,
  `userid` int(11) DEFAULT NULL,
  PRIMARY KEY (`rowid`)
) ENGINE=InnoDB DEFAULT CHARSET=latin1 COLLATE=latin1_general_ci;

--
-- Dumping data for table `llx_printing`
--
LOCK TABLES `llx_printing` WRITE;
ALTER TABLE `llx_printing` DISABLE KEYS;
ALTER TABLE `llx_printing` ENABLE KEYS;
UNLOCK TABLES;




--
-- Table structure for table `llx_product`
--
DROP TABLE IF EXISTS `llx_product`;
CREATE TABLE `llx_product` (
  `rowid` int(11) NOT NULL AUTO_INCREMENT,
  `ref` varchar(128) COLLATE latin1_general_ci NOT NULL,
  `entity` int(11) NOT NULL DEFAULT '1',
  `ref_ext` varchar(128) COLLATE latin1_general_ci DEFAULT NULL,
  `datec` datetime DEFAULT NULL,
  `tms` timestamp NOT NULL DEFAULT CURRENT_TIMESTAMP ON UPDATE CURRENT_TIMESTAMP,
  `fk_parent` int(11) DEFAULT '0',
  `label` varchar(255) COLLATE latin1_general_ci NOT NULL,
  `description` text COLLATE latin1_general_ci,
  `note` text COLLATE latin1_general_ci,
  `customcode` varchar(32) COLLATE latin1_general_ci DEFAULT NULL,
  `fk_country` int(11) DEFAULT NULL,
  `price` double(24,8) DEFAULT '0.00000000',
  `price_ttc` double(24,8) DEFAULT '0.00000000',
  `price_min` double(24,8) DEFAULT '0.00000000',
  `price_min_ttc` double(24,8) DEFAULT '0.00000000',
  `price_base_type` varchar(3) COLLATE latin1_general_ci DEFAULT 'HT',
  `cost_price` double(24,8) DEFAULT NULL,
  `tva_tx` double(6,3) DEFAULT NULL,
  `recuperableonly` int(11) NOT NULL DEFAULT '0',
  `localtax1_tx` double(6,3) DEFAULT '0.000',
  `localtax1_type` varchar(10) COLLATE latin1_general_ci NOT NULL DEFAULT '0',
  `localtax2_tx` double(6,3) DEFAULT '0.000',
  `localtax2_type` varchar(10) COLLATE latin1_general_ci NOT NULL DEFAULT '0',
  `fk_user_author` int(11) DEFAULT NULL,
  `fk_user_modif` int(11) DEFAULT NULL,
  `tosell` tinyint(4) DEFAULT '1',
  `tobuy` tinyint(4) DEFAULT '1',
  `onportal` tinyint(4) DEFAULT '0',
  `tobatch` tinyint(4) NOT NULL DEFAULT '0',
  `fk_product_type` int(11) DEFAULT '0',
  `duration` varchar(6) COLLATE latin1_general_ci DEFAULT NULL,
  `seuil_stock_alerte` int(11) DEFAULT '0',
  `url` varchar(255) COLLATE latin1_general_ci DEFAULT NULL,
  `barcode` varchar(255) COLLATE latin1_general_ci DEFAULT NULL,
  `fk_barcode_type` int(11) DEFAULT NULL,
  `accountancy_code_sell` varchar(32) COLLATE latin1_general_ci DEFAULT NULL,
  `accountancy_code_buy` varchar(32) COLLATE latin1_general_ci DEFAULT NULL,
  `partnumber` varchar(32) COLLATE latin1_general_ci DEFAULT NULL,
  `weight` float DEFAULT NULL,
  `weight_units` tinyint(4) DEFAULT NULL,
  `length` float DEFAULT NULL,
  `length_units` tinyint(4) DEFAULT NULL,
  `surface` float DEFAULT NULL,
  `surface_units` tinyint(4) DEFAULT NULL,
  `volume` float DEFAULT NULL,
  `volume_units` tinyint(4) DEFAULT NULL,
  `stock` int(11) DEFAULT NULL,
  `pmp` double(24,8) NOT NULL DEFAULT '0.00000000',
  `fifo` double(24,8) DEFAULT NULL,
  `lifo` double(24,8) DEFAULT NULL,
  `canvas` varchar(32) COLLATE latin1_general_ci DEFAULT NULL,
  `finished` tinyint(4) DEFAULT NULL,
  `hidden` tinyint(4) DEFAULT '0',
  `import_key` varchar(14) COLLATE latin1_general_ci DEFAULT NULL,
  `fk_price_expression` int(11) DEFAULT NULL,
  `desiredstock` int(11) DEFAULT '0',
  `fk_unit` int(11) DEFAULT NULL,
  `price_autogen` tinyint(4) DEFAULT '0',
  PRIMARY KEY (`rowid`),
  UNIQUE KEY `uk_product_ref` (`ref`,`entity`),
  UNIQUE KEY `uk_product_barcode` (`barcode`,`fk_barcode_type`,`entity`),
  KEY `idx_product_label` (`label`),
  KEY `idx_product_barcode` (`barcode`),
  KEY `idx_product_import_key` (`import_key`),
  KEY `idx_product_seuil_stock_alerte` (`seuil_stock_alerte`),
  KEY `idx_product_fk_country` (`fk_country`),
  KEY `idx_product_fk_user_author` (`fk_user_author`),
  KEY `idx_product_fk_barcode_type` (`fk_barcode_type`),
  KEY `fk_product_fk_unit` (`fk_unit`),
  CONSTRAINT `fk_product_barcode_type` FOREIGN KEY (`fk_barcode_type`) REFERENCES `llx_c_barcode_type` (`rowid`),
  CONSTRAINT `fk_product_fk_country` FOREIGN KEY (`fk_country`) REFERENCES `llx_c_country` (`rowid`),
  CONSTRAINT `fk_product_fk_unit` FOREIGN KEY (`fk_unit`) REFERENCES `llx_c_units` (`rowid`)
) ENGINE=InnoDB AUTO_INCREMENT=12 DEFAULT CHARSET=latin1 COLLATE=latin1_general_ci;

--
-- Dumping data for table `llx_product`
--
LOCK TABLES `llx_product` WRITE;
ALTER TABLE `llx_product` DISABLE KEYS;
INSERT INTO `llx_product` VALUES (1,'Audit01',1,NULL,'2016-09-06 11:14:34','2016-09-06 11:14:34',0,'Audit énergétique à la ferme','Acquisition + conseil technique','','',NULL,'890.00000000','1068.00000000','0.00000000','0.00000000','HT',NULL,'20.000',0,'0.000',0,'0.000',0,2,2,1,0,0,0,1,'2d',NULL,NULL,NULL,NULL,'','',NULL,NULL,NULL,NULL,NULL,NULL,NULL,NULL,NULL,NULL,'0.00000000',NULL,NULL,'',0,0,NULL,NULL,NULL,NULL,0);
INSERT INTO `llx_product` VALUES (2,'Neg03',1,NULL,'2016-09-06 11:23:45','2017-04-10 16:37:44',0,'Négociation contrat électricité','','Prix d&eacute;gressif en fonction du nombre de filleul trouv&eacute; par clients','',NULL,'600.00000000','720.00000000','250.00000000','300.00000000','HT',NULL,'20.000',0,'0.000',0,'0.000',0,2,2,1,0,0,0,1,'',NULL,NULL,NULL,NULL,'','',NULL,NULL,NULL,NULL,NULL,NULL,NULL,NULL,NULL,NULL,'0.00000000',NULL,NULL,'',0,0,NULL,NULL,NULL,NULL,0);
INSERT INTO `llx_product` VALUES (3,'Neg01',1,NULL,'2016-10-01 21:10:19','2017-04-10 16:36:24',0,'Forfait négociation de contrat électricité','','Tarif pratiqu&eacute; pour des appels d&#39;offre de contrats &eacute;lectrique','',1,'600.00000000','720.00000000','150.00000000','180.00000000','HT',NULL,'20.000',0,'0.000',0,'0.000',0,2,2,1,0,0,0,1,'',NULL,NULL,NULL,NULL,'','',NULL,NULL,NULL,NULL,NULL,NULL,NULL,NULL,NULL,NULL,'0.00000000',NULL,NULL,'',0,0,NULL,NULL,NULL,NULL,0);
INSERT INTO `llx_product` VALUES (4,'Neg02',1,NULL,'2016-10-20 18:40:46','2016-10-20 18:41:37',0,'Forfait de négociation contrat électricité','Tarif sp&eacute;cial adh&eacute;rant Nord-Appro','','',NULL,'100.00000000','120.00000000','100.00000000','120.00000000','HT',NULL,'20.000',0,'0.000',0,'0.000',0,2,2,1,1,0,0,1,'',NULL,NULL,NULL,NULL,'','',NULL,NULL,NULL,NULL,NULL,NULL,NULL,NULL,NULL,NULL,'0.00000000',NULL,NULL,'',0,0,NULL,NULL,NULL,NULL,0);
INSERT INTO `llx_product` VALUES (5,'Dep01',1,NULL,'2016-10-25 17:32:05','2016-10-25 17:32:05',0,'Indemnité de déplacement','Indemnit&eacute; kilom&eacute;trique','','',NULL,'0.70000000','0.84000000','0.65000000','0.78000000','HT',NULL,'20.000',0,'0.000',0,'0.000',0,2,2,1,1,0,0,1,'',NULL,NULL,NULL,NULL,'','',NULL,NULL,NULL,NULL,NULL,NULL,NULL,NULL,NULL,NULL,'0.00000000',NULL,NULL,'',0,0,NULL,NULL,NULL,NULL,0);
INSERT INTO `llx_product` VALUES (6,'EtuOppor1',1,NULL,'2016-10-25 17:44:53','2017-03-13 17:38:05',0,'Etude d\'opportunité','Etude d&#39;opportunit&eacute; solaire photovolta&iuml;que\n<ul>\n	<li>Analyse de potentiel solaire</li>\n	<li>Analyse de sc&eacute;narios (autoconsommation et revente de la production)</li>\n	<li>Consultations de fournisseurs</li>\n	<li>Etudes de rentabilit&eacute;&nbsp;</li>\n</ul>','','',NULL,'1800.00000000','2160.00000000','1500.00000000','1800.00000000','HT',NULL,'20.000',0,'0.000',0,'0.000',0,2,2,1,1,0,0,1,'',NULL,NULL,NULL,NULL,'','',NULL,NULL,NULL,NULL,NULL,NULL,NULL,NULL,NULL,NULL,'0.00000000',NULL,NULL,'',0,0,NULL,NULL,NULL,NULL,0);
INSERT INTO `llx_product` VALUES (7,'Form01',1,NULL,'2016-11-27 19:20:41','2016-12-13 15:12:04',0,'Forfait journalier formation professionnelle','','forfait formation 700&euro;/jour&nbsp;','',NULL,'700.00000000','840.00000000','0.00000000','0.00000000','HT',NULL,'20.000',0,'0.000',0,'0.000',0,2,2,1,1,0,0,1,'1d',NULL,NULL,NULL,NULL,'','',NULL,NULL,NULL,NULL,NULL,NULL,NULL,NULL,NULL,NULL,'0.00000000',NULL,NULL,'',0,0,NULL,NULL,NULL,NULL,0);
INSERT INTO `llx_product` VALUES (8,'AMO01',1,NULL,'2016-11-29 09:31:53','2017-04-19 10:05:23',0,'AMO Méthanisation','<p><span style=\"font-size:11px\"><span style=\"font-family:arial,helvetica,sans-serif\">Prestation d&#39;Assistance &agrave; Maitrise d&#39;Ouvrage (AMO) comprenant :<br />\n- R<span style=\"color:rgb(34, 34, 34)\">&eacute;alisation du cahier des charges</span><br />\n-&nbsp;Consultation et aide au choix des fournisseurs<br />\n- Demande de raccordement aupr&egrave;s du gestionnaire de r&eacute;seau<br />\n- Contractualisation de l&#39;achat d&#39;&eacute;nergie<br />\n- R&eacute;daction des demandes d&#39;aides financi&egrave;res et subventions<br />\n-&nbsp;P<span style=\"color:rgb(34, 34, 34)\">ilotage et de coordination des activit&eacute;s des diff&eacute;rents acteurs du projet<br />\n- Suivi de travaux&nbsp;<br />\n- V&eacute;rification des livrables en conformit&eacute; avec le cahier des charges<br />\n- Support et conseil 1 an apr&egrave;s la mise en service</span></span></span></p>','','',NULL,'80000.00000000','96000.00000000','0.00000000','0.00000000','HT',NULL,'20.000',0,'0.000',0,'0.000',0,1,2,1,1,0,0,1,'24m',NULL,NULL,NULL,NULL,'AMO-vente-','AMO-achat-',NULL,NULL,NULL,NULL,NULL,NULL,NULL,NULL,NULL,NULL,'0.00000000',NULL,NULL,'',0,0,NULL,NULL,NULL,NULL,0);
INSERT INTO `llx_product` VALUES (9,'AIDE01',1,NULL,'2016-11-29 10:01:04','2016-11-29 10:01:04',0,'Demande d\'aides et subventions','R&eacute;alisation des demandes et dossiers d&#39;aides finanic&egrave;res et de subventions aupr&egrave;s :<br />\n- des collectivit&eacute;s<br />\n- du d&eacute;partement<br />\n- de la r&eacute;gion<br />\n- de l&#39;ademe<br />\n- du FEDER et FEDEAR<br />\n- du minist&egrave;re de l&#39;agriculture dans le cadre du Plan Performance Energ&eacute;tique (PPE)','','',NULL,'10000.00000000','12000.00000000','0.00000000','0.00000000','HT',NULL,'20.000',0,'0.000',0,'0.000',0,1,1,1,1,0,0,1,'2m',NULL,NULL,NULL,NULL,'Aide-vente','Aide-achat',NULL,NULL,NULL,NULL,NULL,NULL,NULL,NULL,NULL,NULL,'0.00000000',NULL,NULL,'',0,0,NULL,NULL,NULL,NULL,0);
INSERT INTO `llx_product` VALUES (10,'Accept_so01',1,NULL,'2016-11-29 10:20:17','2016-11-29 10:20:17',0,'Acceptation sociale de projets','Acceptation sociale de projets visant &agrave; &eacute;viter tous blocages pouvant freiner ou mettre en p&eacute;ril le projet.<br />\nLa prestation comprend :<br />\n- la cr&eacute;ation d&#39;un site internet<br />\n- la cr&eacute;ation d&#39;une plaquette explicative du projet<br />\n- 2 r&eacute;unions publiques informatives<br />\n- la cr&eacute;ation d&#39;un portail de veille permettant la d&eacute;tection d&#39;une &eacute;ventuelle p&eacute;tition ou contestation du projet','','',NULL,'20000.00000000','24000.00000000','0.00000000','0.00000000','HT',NULL,'20.000',0,'0.000',0,'0.000',0,1,1,1,1,0,0,1,'24m',NULL,NULL,NULL,NULL,'Acc_so-vente','Acc_so-achat',NULL,NULL,NULL,NULL,NULL,NULL,NULL,NULL,NULL,NULL,'0.00000000',NULL,NULL,'',0,0,NULL,NULL,NULL,NULL,0);
INSERT INTO `llx_product` VALUES (11,'AMO02',1,NULL,'2016-12-01 09:38:20','2016-12-01 09:38:20',0,'AMO Photovoltaïque 100kWc','Prestation d&#39;Assistance &agrave; Maitrise d&#39;Ouvreage (AMO) comprenant :&nbsp;\n<ul>\n	<li>la consultation des diff&eacute;rents fournisseurs</li>\n	<li>la comparaison des offres re&ccedil;ues</li>\n	<li>les demandes d&#39;aides financi&egrave;res et subventions</li>\n	<li>les d&eacute;marches administratives aupr&egrave;s du gestionnaire de r&eacute;seau de distribution</li>\n	<li>les d&eacute;marches administratives aupr&egrave;s du fournisseur d&#39;&eacute;nergie</li>\n	<li>le suivi de chantier (hors d&eacute;placement)</li>\n	<li>aide et assistance durant 1 an apr&egrave;s la mise en service</li>\n	<li>une analyse de la production apr&egrave;s 1 an de mise en service</li>\n</ul>','','',NULL,'7450.00000000','8940.00000000','0.00000000','0.00000000','HT',NULL,'20.000',0,'0.000',0,'0.000',0,1,1,1,1,0,0,1,'12m',NULL,NULL,NULL,NULL,'AMO-vente-','AMO-achat-',NULL,NULL,NULL,NULL,NULL,NULL,NULL,NULL,NULL,NULL,'0.00000000',NULL,NULL,'',0,0,NULL,NULL,NULL,NULL,0);
ALTER TABLE `llx_product` ENABLE KEYS;
UNLOCK TABLES;




--
-- Table structure for table `llx_product_association`
--
DROP TABLE IF EXISTS `llx_product_association`;
CREATE TABLE `llx_product_association` (
  `rowid` int(11) NOT NULL AUTO_INCREMENT,
  `fk_product_pere` int(11) NOT NULL DEFAULT '0',
  `fk_product_fils` int(11) NOT NULL DEFAULT '0',
  `qty` double DEFAULT NULL,
  `incdec` int(11) DEFAULT '1',
  PRIMARY KEY (`rowid`),
  UNIQUE KEY `uk_product_association` (`fk_product_pere`,`fk_product_fils`),
  KEY `idx_product_association_fils` (`fk_product_fils`)
) ENGINE=InnoDB DEFAULT CHARSET=latin1 COLLATE=latin1_general_ci;

--
-- Dumping data for table `llx_product_association`
--
LOCK TABLES `llx_product_association` WRITE;
ALTER TABLE `llx_product_association` DISABLE KEYS;
ALTER TABLE `llx_product_association` ENABLE KEYS;
UNLOCK TABLES;




--
-- Table structure for table `llx_product_batch`
--
DROP TABLE IF EXISTS `llx_product_batch`;
CREATE TABLE `llx_product_batch` (
  `rowid` int(11) NOT NULL AUTO_INCREMENT,
  `tms` timestamp NOT NULL DEFAULT CURRENT_TIMESTAMP ON UPDATE CURRENT_TIMESTAMP,
  `fk_product_stock` int(11) NOT NULL,
  `eatby` datetime DEFAULT NULL,
  `sellby` datetime DEFAULT NULL,
  `batch` varchar(30) COLLATE latin1_general_ci NOT NULL,
  `qty` double NOT NULL DEFAULT '0',
  `import_key` varchar(14) COLLATE latin1_general_ci DEFAULT NULL,
  PRIMARY KEY (`rowid`),
  KEY `idx_fk_product_stock` (`fk_product_stock`),
  KEY `idx_batch` (`batch`),
  CONSTRAINT `fk_product_batch_fk_product_stock` FOREIGN KEY (`fk_product_stock`) REFERENCES `llx_product_stock` (`rowid`)
) ENGINE=InnoDB DEFAULT CHARSET=latin1 COLLATE=latin1_general_ci;

--
-- Dumping data for table `llx_product_batch`
--
LOCK TABLES `llx_product_batch` WRITE;
ALTER TABLE `llx_product_batch` DISABLE KEYS;
ALTER TABLE `llx_product_batch` ENABLE KEYS;
UNLOCK TABLES;




--
-- Table structure for table `llx_product_customer_price`
--
DROP TABLE IF EXISTS `llx_product_customer_price`;
CREATE TABLE `llx_product_customer_price` (
  `rowid` int(11) NOT NULL AUTO_INCREMENT,
  `entity` int(11) NOT NULL DEFAULT '1',
  `datec` datetime DEFAULT NULL,
  `tms` timestamp NOT NULL DEFAULT CURRENT_TIMESTAMP ON UPDATE CURRENT_TIMESTAMP,
  `fk_product` int(11) NOT NULL,
  `fk_soc` int(11) NOT NULL,
  `price` double(24,8) DEFAULT '0.00000000',
  `price_ttc` double(24,8) DEFAULT '0.00000000',
  `price_min` double(24,8) DEFAULT '0.00000000',
  `price_min_ttc` double(24,8) DEFAULT '0.00000000',
  `price_base_type` varchar(3) COLLATE latin1_general_ci DEFAULT 'HT',
  `tva_tx` double(6,3) DEFAULT NULL,
  `recuperableonly` int(11) NOT NULL DEFAULT '0',
  `localtax1_tx` double(6,3) DEFAULT '0.000',
  `localtax1_type` varchar(10) COLLATE latin1_general_ci NOT NULL DEFAULT '0',
  `localtax2_tx` double(6,3) DEFAULT '0.000',
  `localtax2_type` varchar(10) COLLATE latin1_general_ci NOT NULL DEFAULT '0',
  `fk_user` int(11) DEFAULT NULL,
  `import_key` varchar(14) COLLATE latin1_general_ci DEFAULT NULL,
  PRIMARY KEY (`rowid`),
  UNIQUE KEY `uk_customer_price_fk_product_fk_soc` (`fk_product`,`fk_soc`),
  KEY `idx_product_customer_price_fk_user` (`fk_user`),
  KEY `idx_product_customer_price_fk_soc` (`fk_soc`),
  CONSTRAINT `fk_product_customer_price_fk_product` FOREIGN KEY (`fk_product`) REFERENCES `llx_product` (`rowid`),
  CONSTRAINT `fk_product_customer_price_fk_soc` FOREIGN KEY (`fk_soc`) REFERENCES `llx_societe` (`rowid`),
  CONSTRAINT `fk_product_customer_price_fk_user` FOREIGN KEY (`fk_user`) REFERENCES `llx_user` (`rowid`)
) ENGINE=InnoDB DEFAULT CHARSET=latin1 COLLATE=latin1_general_ci;

--
-- Dumping data for table `llx_product_customer_price`
--
LOCK TABLES `llx_product_customer_price` WRITE;
ALTER TABLE `llx_product_customer_price` DISABLE KEYS;
ALTER TABLE `llx_product_customer_price` ENABLE KEYS;
UNLOCK TABLES;




--
-- Table structure for table `llx_product_customer_price_log`
--
DROP TABLE IF EXISTS `llx_product_customer_price_log`;
CREATE TABLE `llx_product_customer_price_log` (
  `rowid` int(11) NOT NULL AUTO_INCREMENT,
  `entity` int(11) NOT NULL DEFAULT '1',
  `datec` datetime DEFAULT NULL,
  `fk_product` int(11) NOT NULL,
  `fk_soc` int(11) NOT NULL,
  `price` double(24,8) DEFAULT '0.00000000',
  `price_ttc` double(24,8) DEFAULT '0.00000000',
  `price_min` double(24,8) DEFAULT '0.00000000',
  `price_min_ttc` double(24,8) DEFAULT '0.00000000',
  `price_base_type` varchar(3) COLLATE latin1_general_ci DEFAULT 'HT',
  `tva_tx` double(6,3) DEFAULT NULL,
  `recuperableonly` int(11) NOT NULL DEFAULT '0',
  `localtax1_tx` double(6,3) DEFAULT '0.000',
  `localtax1_type` varchar(10) COLLATE latin1_general_ci NOT NULL DEFAULT '0',
  `localtax2_tx` double(6,3) DEFAULT '0.000',
  `localtax2_type` varchar(10) COLLATE latin1_general_ci NOT NULL DEFAULT '0',
  `fk_user` int(11) DEFAULT NULL,
  `import_key` varchar(14) COLLATE latin1_general_ci DEFAULT NULL,
  PRIMARY KEY (`rowid`)
) ENGINE=InnoDB DEFAULT CHARSET=latin1 COLLATE=latin1_general_ci;

--
-- Dumping data for table `llx_product_customer_price_log`
--
LOCK TABLES `llx_product_customer_price_log` WRITE;
ALTER TABLE `llx_product_customer_price_log` DISABLE KEYS;
ALTER TABLE `llx_product_customer_price_log` ENABLE KEYS;
UNLOCK TABLES;




--
-- Table structure for table `llx_product_extrafields`
--
DROP TABLE IF EXISTS `llx_product_extrafields`;
CREATE TABLE `llx_product_extrafields` (
  `rowid` int(11) NOT NULL AUTO_INCREMENT,
  `tms` timestamp NOT NULL DEFAULT CURRENT_TIMESTAMP ON UPDATE CURRENT_TIMESTAMP,
  `fk_object` int(11) NOT NULL,
  `import_key` varchar(14) COLLATE latin1_general_ci DEFAULT NULL,
  PRIMARY KEY (`rowid`),
  KEY `idx_product_extrafields` (`fk_object`)
) ENGINE=InnoDB DEFAULT CHARSET=latin1 COLLATE=latin1_general_ci;

--
-- Dumping data for table `llx_product_extrafields`
--
LOCK TABLES `llx_product_extrafields` WRITE;
ALTER TABLE `llx_product_extrafields` DISABLE KEYS;
ALTER TABLE `llx_product_extrafields` ENABLE KEYS;
UNLOCK TABLES;




--
-- Table structure for table `llx_product_fournisseur_price`
--
DROP TABLE IF EXISTS `llx_product_fournisseur_price`;
CREATE TABLE `llx_product_fournisseur_price` (
  `rowid` int(11) NOT NULL AUTO_INCREMENT,
  `entity` int(11) NOT NULL DEFAULT '1',
  `datec` datetime DEFAULT NULL,
  `tms` timestamp NOT NULL DEFAULT CURRENT_TIMESTAMP ON UPDATE CURRENT_TIMESTAMP,
  `fk_product` int(11) DEFAULT NULL,
  `fk_soc` int(11) DEFAULT NULL,
  `ref_fourn` varchar(30) COLLATE latin1_general_ci DEFAULT NULL,
  `fk_availability` int(11) DEFAULT NULL,
  `price` double(24,8) DEFAULT '0.00000000',
  `quantity` double DEFAULT NULL,
  `remise_percent` double NOT NULL DEFAULT '0',
  `remise` double NOT NULL DEFAULT '0',
  `unitprice` double(24,8) DEFAULT '0.00000000',
  `charges` double(24,8) DEFAULT '0.00000000',
  `unitcharges` double(24,8) DEFAULT '0.00000000',
  `tva_tx` double(6,3) NOT NULL,
  `info_bits` int(11) NOT NULL DEFAULT '0',
  `fk_user` int(11) DEFAULT NULL,
  `fk_supplier_price_expression` int(11) DEFAULT NULL,
  `import_key` varchar(14) COLLATE latin1_general_ci DEFAULT NULL,
  `delivery_time_days` int(11) DEFAULT NULL,
  PRIMARY KEY (`rowid`),
  UNIQUE KEY `uk_product_fournisseur_price_ref` (`ref_fourn`,`fk_soc`,`quantity`,`entity`),
  KEY `idx_product_fournisseur_price_fk_user` (`fk_user`),
  KEY `idx_product_fourn_price_fk_product` (`fk_product`,`entity`),
  KEY `idx_product_fourn_price_fk_soc` (`fk_soc`,`entity`),
  CONSTRAINT `fk_product_fournisseur_price_fk_product` FOREIGN KEY (`fk_product`) REFERENCES `llx_product` (`rowid`),
  CONSTRAINT `fk_product_fournisseur_price_fk_user` FOREIGN KEY (`fk_user`) REFERENCES `llx_user` (`rowid`)
) ENGINE=InnoDB DEFAULT CHARSET=latin1 COLLATE=latin1_general_ci;

--
-- Dumping data for table `llx_product_fournisseur_price`
--
LOCK TABLES `llx_product_fournisseur_price` WRITE;
ALTER TABLE `llx_product_fournisseur_price` DISABLE KEYS;
ALTER TABLE `llx_product_fournisseur_price` ENABLE KEYS;
UNLOCK TABLES;




--
-- Table structure for table `llx_product_fournisseur_price_log`
--
DROP TABLE IF EXISTS `llx_product_fournisseur_price_log`;
CREATE TABLE `llx_product_fournisseur_price_log` (
  `rowid` int(11) NOT NULL AUTO_INCREMENT,
  `datec` datetime DEFAULT NULL,
  `fk_product_fournisseur` int(11) NOT NULL,
  `price` double(24,8) DEFAULT '0.00000000',
  `quantity` double DEFAULT NULL,
  `fk_user` int(11) DEFAULT NULL,
  PRIMARY KEY (`rowid`)
) ENGINE=InnoDB DEFAULT CHARSET=latin1 COLLATE=latin1_general_ci;

--
-- Dumping data for table `llx_product_fournisseur_price_log`
--
LOCK TABLES `llx_product_fournisseur_price_log` WRITE;
ALTER TABLE `llx_product_fournisseur_price_log` DISABLE KEYS;
ALTER TABLE `llx_product_fournisseur_price_log` ENABLE KEYS;
UNLOCK TABLES;




--
-- Table structure for table `llx_product_lang`
--
DROP TABLE IF EXISTS `llx_product_lang`;
CREATE TABLE `llx_product_lang` (
  `rowid` int(11) NOT NULL AUTO_INCREMENT,
  `fk_product` int(11) NOT NULL DEFAULT '0',
  `lang` varchar(5) COLLATE latin1_general_ci NOT NULL DEFAULT '0',
  `label` varchar(255) COLLATE latin1_general_ci NOT NULL,
  `description` text COLLATE latin1_general_ci,
  `note` text COLLATE latin1_general_ci,
  PRIMARY KEY (`rowid`),
  UNIQUE KEY `uk_product_lang` (`fk_product`,`lang`),
  CONSTRAINT `fk_product_lang_fk_product` FOREIGN KEY (`fk_product`) REFERENCES `llx_product` (`rowid`)
) ENGINE=InnoDB DEFAULT CHARSET=latin1 COLLATE=latin1_general_ci;

--
-- Dumping data for table `llx_product_lang`
--
LOCK TABLES `llx_product_lang` WRITE;
ALTER TABLE `llx_product_lang` DISABLE KEYS;
ALTER TABLE `llx_product_lang` ENABLE KEYS;
UNLOCK TABLES;




--
-- Table structure for table `llx_product_price`
--
DROP TABLE IF EXISTS `llx_product_price`;
CREATE TABLE `llx_product_price` (
  `rowid` int(11) NOT NULL AUTO_INCREMENT,
  `entity` int(11) NOT NULL DEFAULT '1',
  `tms` timestamp NOT NULL DEFAULT CURRENT_TIMESTAMP ON UPDATE CURRENT_TIMESTAMP,
  `fk_product` int(11) NOT NULL,
  `date_price` datetime NOT NULL,
  `price_level` smallint(6) DEFAULT '1',
  `price` double(24,8) DEFAULT NULL,
  `price_ttc` double(24,8) DEFAULT NULL,
  `price_min` double(24,8) DEFAULT NULL,
  `price_min_ttc` double(24,8) DEFAULT NULL,
  `price_base_type` varchar(3) COLLATE latin1_general_ci DEFAULT 'HT',
  `tva_tx` double(6,3) NOT NULL,
  `recuperableonly` int(11) NOT NULL DEFAULT '0',
  `localtax1_tx` double(6,3) DEFAULT '0.000',
  `localtax1_type` varchar(10) COLLATE latin1_general_ci NOT NULL DEFAULT '0',
  `localtax2_tx` double(6,3) DEFAULT '0.000',
  `localtax2_type` varchar(10) COLLATE latin1_general_ci NOT NULL DEFAULT '0',
  `fk_user_author` int(11) DEFAULT NULL,
  `tosell` tinyint(4) DEFAULT '1',
  `price_by_qty` int(11) NOT NULL DEFAULT '0',
  `fk_price_expression` int(11) DEFAULT NULL,
  `import_key` varchar(14) COLLATE latin1_general_ci DEFAULT NULL,
  PRIMARY KEY (`rowid`),
  KEY `idx_product_price_fk_user_author` (`fk_user_author`),
  KEY `idx_product_price_fk_product` (`fk_product`),
  CONSTRAINT `fk_product_price_product` FOREIGN KEY (`fk_user_author`) REFERENCES `llx_user` (`rowid`),
  CONSTRAINT `fk_product_price_user_author` FOREIGN KEY (`fk_product`) REFERENCES `llx_product` (`rowid`)
) ENGINE=InnoDB AUTO_INCREMENT=17 DEFAULT CHARSET=latin1 COLLATE=latin1_general_ci;

--
-- Dumping data for table `llx_product_price`
--
LOCK TABLES `llx_product_price` WRITE;
ALTER TABLE `llx_product_price` DISABLE KEYS;
INSERT INTO `llx_product_price` VALUES (1,1,'2016-09-06 11:14:34',1,'2016-09-06 11:14:34',1,'890.00000000','1068.00000000','0.00000000','0.00000000','HT','20.000',0,'0.000',0,'0.000',0,2,1,0,NULL,NULL);
INSERT INTO `llx_product_price` VALUES (2,1,'2016-09-06 11:23:45',2,'2016-09-06 11:23:45',1,'150.00000000','180.00000000','20.00000000','24.00000000','HT','20.000',0,'0.000',0,'0.000',0,2,1,0,NULL,NULL);
INSERT INTO `llx_product_price` VALUES (3,1,'2016-10-01 21:10:19',3,'2016-10-01 21:10:19',1,'0.00000000','0.00000000','0.00000000','0.00000000','HT','20.000',0,'0.000',0,'0.000',0,2,1,0,NULL,NULL);
INSERT INTO `llx_product_price` VALUES (4,1,'2016-10-01 21:14:49',3,'2016-10-01 21:14:49',1,'35.00000000','42.00000000','0.00000000','0.00000000','HT','20.000',0,'0.000',0,'0.000',0,2,1,0,NULL,NULL);
INSERT INTO `llx_product_price` VALUES (5,1,'2016-10-01 21:23:30',3,'2016-10-01 21:23:30',1,'120.00000000','144.00000000','0.00000000','0.00000000','HT','20.000',0,'0.000',0,'0.000',0,2,1,0,NULL,NULL);
INSERT INTO `llx_product_price` VALUES (6,1,'2016-10-14 11:51:49',3,'2016-10-14 11:51:49',1,'119.99000000','143.98800000','50.00000000','60.00000000','HT','20.000',0,'0.000',0,'0.000',0,2,1,0,NULL,NULL);
INSERT INTO `llx_product_price` VALUES (7,1,'2016-10-20 18:40:46',4,'2016-10-20 18:40:46',1,'100.00000000','120.00000000','100.00000000','120.00000000','HT','20.000',0,'0.000',0,'0.000',0,2,1,0,NULL,NULL);
INSERT INTO `llx_product_price` VALUES (8,1,'2016-10-25 17:32:05',5,'2016-10-25 17:32:05',1,'0.70000000','0.84000000','0.65000000','0.78000000','HT','20.000',0,'0.000',0,'0.000',0,2,1,0,NULL,NULL);
INSERT INTO `llx_product_price` VALUES (9,1,'2016-10-25 17:44:53',6,'2016-10-25 17:44:53',1,'1800.00000000','2160.00000000','1500.00000000','1800.00000000','HT','20.000',0,'0.000',0,'0.000',0,2,1,0,NULL,NULL);
INSERT INTO `llx_product_price` VALUES (10,1,'2016-11-27 19:20:41',7,'2016-11-27 19:20:41',1,'700.00000000','840.00000000','0.00000000','0.00000000','HT','20.000',0,'0.000',0,'0.000',0,2,1,0,NULL,NULL);
INSERT INTO `llx_product_price` VALUES (11,1,'2016-11-29 09:31:53',8,'2016-11-29 09:31:53',1,'80000.00000000','96000.00000000','0.00000000','0.00000000','HT','20.000',0,'0.000',0,'0.000',0,1,1,0,NULL,NULL);
INSERT INTO `llx_product_price` VALUES (12,1,'2016-11-29 10:01:04',9,'2016-11-29 10:01:04',1,'10000.00000000','12000.00000000','0.00000000','0.00000000','HT','20.000',0,'0.000',0,'0.000',0,1,1,0,NULL,NULL);
INSERT INTO `llx_product_price` VALUES (13,1,'2016-11-29 10:20:17',10,'2016-11-29 10:20:17',1,'20000.00000000','24000.00000000','0.00000000','0.00000000','HT','20.000',0,'0.000',0,'0.000',0,1,1,0,NULL,NULL);
INSERT INTO `llx_product_price` VALUES (14,1,'2016-12-01 09:38:20',11,'2016-12-01 09:38:20',1,'7450.00000000','8940.00000000','0.00000000','0.00000000','HT','20.000',0,'0.000',0,'0.000',0,1,1,0,NULL,NULL);
INSERT INTO `llx_product_price` VALUES (15,1,'2017-04-10 16:36:24',3,'2017-04-10 16:36:24',1,'600.00000000','720.00000000','150.00000000','180.00000000','HT','20.000',0,'0.000',0,'0.000',0,2,1,0,NULL,NULL);
INSERT INTO `llx_product_price` VALUES (16,1,'2017-04-10 16:37:44',2,'2017-04-10 16:37:44',1,'600.00000000','720.00000000','250.00000000','300.00000000','HT','20.000',0,'0.000',0,'0.000',0,2,1,0,NULL,NULL);
ALTER TABLE `llx_product_price` ENABLE KEYS;
UNLOCK TABLES;




--
-- Table structure for table `llx_product_price_by_qty`
--
DROP TABLE IF EXISTS `llx_product_price_by_qty`;
CREATE TABLE `llx_product_price_by_qty` (
  `rowid` int(11) NOT NULL AUTO_INCREMENT,
  `fk_product_price` int(11) NOT NULL,
  `date_price` timestamp NOT NULL DEFAULT CURRENT_TIMESTAMP ON UPDATE CURRENT_TIMESTAMP,
  `price` double(24,8) DEFAULT '0.00000000',
  `quantity` double DEFAULT NULL,
  `remise_percent` double NOT NULL DEFAULT '0',
  `remise` double NOT NULL DEFAULT '0',
  `unitprice` double(24,8) DEFAULT '0.00000000',
  PRIMARY KEY (`rowid`),
  UNIQUE KEY `uk_product_price_by_qty_level` (`fk_product_price`,`quantity`),
  KEY `idx_product_price_by_qty_fk_product_price` (`fk_product_price`),
  CONSTRAINT `fk_product_price_by_qty_fk_product_price` FOREIGN KEY (`fk_product_price`) REFERENCES `llx_product_price` (`rowid`)
) ENGINE=InnoDB DEFAULT CHARSET=latin1 COLLATE=latin1_general_ci;

--
-- Dumping data for table `llx_product_price_by_qty`
--
LOCK TABLES `llx_product_price_by_qty` WRITE;
ALTER TABLE `llx_product_price_by_qty` DISABLE KEYS;
ALTER TABLE `llx_product_price_by_qty` ENABLE KEYS;
UNLOCK TABLES;




--
-- Table structure for table `llx_product_pricerules`
--
DROP TABLE IF EXISTS `llx_product_pricerules`;
CREATE TABLE `llx_product_pricerules` (
  `rowid` int(11) NOT NULL AUTO_INCREMENT,
  `level` int(11) NOT NULL,
  `fk_level` int(11) NOT NULL,
  `var_percent` float NOT NULL,
  `var_min_percent` float NOT NULL,
  PRIMARY KEY (`rowid`),
  UNIQUE KEY `unique_level` (`level`)
) ENGINE=MyISAM DEFAULT CHARSET=latin1 COLLATE=latin1_general_ci;

--
-- Dumping data for table `llx_product_pricerules`
--
LOCK TABLES `llx_product_pricerules` WRITE;
ALTER TABLE `llx_product_pricerules` DISABLE KEYS;
ALTER TABLE `llx_product_pricerules` ENABLE KEYS;
UNLOCK TABLES;




--
-- Table structure for table `llx_product_stock`
--
DROP TABLE IF EXISTS `llx_product_stock`;
CREATE TABLE `llx_product_stock` (
  `rowid` int(11) NOT NULL AUTO_INCREMENT,
  `tms` timestamp NOT NULL DEFAULT CURRENT_TIMESTAMP ON UPDATE CURRENT_TIMESTAMP,
  `fk_product` int(11) NOT NULL,
  `fk_entrepot` int(11) NOT NULL,
  `reel` double DEFAULT NULL,
  `pmp` double(24,8) NOT NULL DEFAULT '0.00000000',
  `import_key` varchar(14) COLLATE latin1_general_ci DEFAULT NULL,
  PRIMARY KEY (`rowid`),
  UNIQUE KEY `uk_product_stock` (`fk_product`,`fk_entrepot`),
  KEY `idx_product_stock_fk_product` (`fk_product`),
  KEY `idx_product_stock_fk_entrepot` (`fk_entrepot`)
) ENGINE=InnoDB DEFAULT CHARSET=latin1 COLLATE=latin1_general_ci;

--
-- Dumping data for table `llx_product_stock`
--
LOCK TABLES `llx_product_stock` WRITE;
ALTER TABLE `llx_product_stock` DISABLE KEYS;
ALTER TABLE `llx_product_stock` ENABLE KEYS;
UNLOCK TABLES;




--
-- Table structure for table `llx_projet`
--
DROP TABLE IF EXISTS `llx_projet`;
CREATE TABLE `llx_projet` (
  `rowid` int(11) NOT NULL AUTO_INCREMENT,
  `fk_soc` int(11) DEFAULT NULL,
  `datec` date DEFAULT NULL,
  `tms` timestamp NOT NULL DEFAULT CURRENT_TIMESTAMP ON UPDATE CURRENT_TIMESTAMP,
  `dateo` date DEFAULT NULL,
  `datee` date DEFAULT NULL,
  `ref` varchar(50) COLLATE latin1_general_ci DEFAULT NULL,
  `entity` int(11) NOT NULL DEFAULT '1',
  `title` varchar(255) COLLATE latin1_general_ci NOT NULL,
  `description` text COLLATE latin1_general_ci,
  `fk_user_creat` int(11) NOT NULL,
  `public` int(11) DEFAULT NULL,
  `fk_statut` int(11) NOT NULL DEFAULT '0',
  `fk_opp_status` int(11) DEFAULT NULL,
  `date_close` datetime DEFAULT NULL,
  `fk_user_close` int(11) DEFAULT NULL,
  `note_private` text COLLATE latin1_general_ci,
  `note_public` text COLLATE latin1_general_ci,
  `opp_amount` double(24,8) DEFAULT NULL,
  `budget_amount` double(24,8) DEFAULT NULL,
  `model_pdf` varchar(255) COLLATE latin1_general_ci DEFAULT NULL,
  PRIMARY KEY (`rowid`),
  UNIQUE KEY `uk_projet_ref` (`ref`,`entity`),
  KEY `idx_projet_fk_soc` (`fk_soc`),
  CONSTRAINT `fk_projet_fk_soc` FOREIGN KEY (`fk_soc`) REFERENCES `llx_societe` (`rowid`)
) ENGINE=InnoDB AUTO_INCREMENT=3 DEFAULT CHARSET=latin1 COLLATE=latin1_general_ci;

--
-- Dumping data for table `llx_projet`
--
LOCK TABLES `llx_projet` WRITE;
ALTER TABLE `llx_projet` DISABLE KEYS;
INSERT INTO `llx_projet` VALUES (1,2,'2016-10-11','2016-10-11 10:55:49','2016-10-11','2016-10-31','PJ1610-0001',1,'Pré-étude photovoltaïque','',2,1,0,1,NULL,NULL,NULL,NULL,'10000.00000000',NULL,NULL);
INSERT INTO `llx_projet` VALUES (2,35,'2016-11-29','2017-03-20 17:38:02','2016-12-01','2018-12-01','PJ1611-0002',1,'AMO Méthanisation','',1,0,2,1,'2017-03-20 17:38:02',2,NULL,NULL,'80000.00000000','80000.00000000',NULL);
ALTER TABLE `llx_projet` ENABLE KEYS;
UNLOCK TABLES;




--
-- Table structure for table `llx_projet_extrafields`
--
DROP TABLE IF EXISTS `llx_projet_extrafields`;
CREATE TABLE `llx_projet_extrafields` (
  `rowid` int(11) NOT NULL AUTO_INCREMENT,
  `tms` timestamp NOT NULL DEFAULT CURRENT_TIMESTAMP ON UPDATE CURRENT_TIMESTAMP,
  `fk_object` int(11) NOT NULL,
  `import_key` varchar(14) COLLATE latin1_general_ci DEFAULT NULL,
  PRIMARY KEY (`rowid`),
  KEY `idx_projet_extrafields` (`fk_object`)
) ENGINE=InnoDB DEFAULT CHARSET=latin1 COLLATE=latin1_general_ci;

--
-- Dumping data for table `llx_projet_extrafields`
--
LOCK TABLES `llx_projet_extrafields` WRITE;
ALTER TABLE `llx_projet_extrafields` DISABLE KEYS;
ALTER TABLE `llx_projet_extrafields` ENABLE KEYS;
UNLOCK TABLES;




--
-- Table structure for table `llx_projet_task`
--
DROP TABLE IF EXISTS `llx_projet_task`;
CREATE TABLE `llx_projet_task` (
  `rowid` int(11) NOT NULL AUTO_INCREMENT,
  `ref` varchar(50) COLLATE latin1_general_ci DEFAULT NULL,
  `entity` int(11) NOT NULL DEFAULT '1',
  `fk_projet` int(11) NOT NULL,
  `fk_task_parent` int(11) NOT NULL DEFAULT '0',
  `datec` datetime DEFAULT NULL,
  `tms` timestamp NOT NULL DEFAULT CURRENT_TIMESTAMP ON UPDATE CURRENT_TIMESTAMP,
  `dateo` datetime DEFAULT NULL,
  `datee` datetime DEFAULT NULL,
  `datev` datetime DEFAULT NULL,
  `label` varchar(255) COLLATE latin1_general_ci NOT NULL,
  `description` text COLLATE latin1_general_ci,
  `duration_effective` double DEFAULT '0',
  `planned_workload` double DEFAULT '0',
  `progress` int(11) DEFAULT '0',
  `priority` int(11) DEFAULT '0',
  `fk_user_creat` int(11) DEFAULT NULL,
  `fk_user_valid` int(11) DEFAULT NULL,
  `fk_statut` smallint(6) NOT NULL DEFAULT '0',
  `note_private` text COLLATE latin1_general_ci,
  `note_public` text COLLATE latin1_general_ci,
  `rang` int(11) DEFAULT '0',
  `model_pdf` varchar(255) COLLATE latin1_general_ci DEFAULT NULL,
  PRIMARY KEY (`rowid`),
  KEY `idx_projet_task_fk_projet` (`fk_projet`),
  KEY `idx_projet_task_fk_user_creat` (`fk_user_creat`),
  KEY `idx_projet_task_fk_user_valid` (`fk_user_valid`),
  CONSTRAINT `fk_projet_task_fk_projet` FOREIGN KEY (`fk_projet`) REFERENCES `llx_projet` (`rowid`),
  CONSTRAINT `fk_projet_task_fk_user_creat` FOREIGN KEY (`fk_user_creat`) REFERENCES `llx_user` (`rowid`),
  CONSTRAINT `fk_projet_task_fk_user_valid` FOREIGN KEY (`fk_user_valid`) REFERENCES `llx_user` (`rowid`)
) ENGINE=InnoDB AUTO_INCREMENT=2 DEFAULT CHARSET=latin1 COLLATE=latin1_general_ci;

--
-- Dumping data for table `llx_projet_task`
--
LOCK TABLES `llx_projet_task` WRITE;
ALTER TABLE `llx_projet_task` DISABLE KEYS;
INSERT INTO `llx_projet_task` VALUES (1,'TK1703-0001',1,1,0,'2017-03-07 13:25:54','2017-03-07 13:25:54','2017-03-07 00:00:00',NULL,NULL,'Tache test','',0,0,0,0,2,NULL,0,NULL,NULL,0,NULL);
ALTER TABLE `llx_projet_task` ENABLE KEYS;
UNLOCK TABLES;




--
-- Table structure for table `llx_projet_task_extrafields`
--
DROP TABLE IF EXISTS `llx_projet_task_extrafields`;
CREATE TABLE `llx_projet_task_extrafields` (
  `rowid` int(11) NOT NULL AUTO_INCREMENT,
  `tms` timestamp NOT NULL DEFAULT CURRENT_TIMESTAMP ON UPDATE CURRENT_TIMESTAMP,
  `fk_object` int(11) NOT NULL,
  `import_key` varchar(14) COLLATE latin1_general_ci DEFAULT NULL,
  PRIMARY KEY (`rowid`),
  KEY `idx_projet_task_extrafields` (`fk_object`)
) ENGINE=InnoDB DEFAULT CHARSET=latin1 COLLATE=latin1_general_ci;

--
-- Dumping data for table `llx_projet_task_extrafields`
--
LOCK TABLES `llx_projet_task_extrafields` WRITE;
ALTER TABLE `llx_projet_task_extrafields` DISABLE KEYS;
ALTER TABLE `llx_projet_task_extrafields` ENABLE KEYS;
UNLOCK TABLES;




--
-- Table structure for table `llx_projet_task_time`
--
DROP TABLE IF EXISTS `llx_projet_task_time`;
CREATE TABLE `llx_projet_task_time` (
  `rowid` int(11) NOT NULL AUTO_INCREMENT,
  `fk_task` int(11) NOT NULL,
  `task_date` date DEFAULT NULL,
  `task_datehour` datetime DEFAULT NULL,
  `task_date_withhour` int(11) DEFAULT '0',
  `task_duration` double DEFAULT NULL,
  `fk_user` int(11) DEFAULT NULL,
  `thm` double(24,8) DEFAULT NULL,
  `invoice_id` int(11) DEFAULT NULL,
  `invoice_line_id` int(11) DEFAULT NULL,
  `note` text COLLATE latin1_general_ci,
  PRIMARY KEY (`rowid`),
  KEY `idx_projet_task_time_task` (`fk_task`),
  KEY `idx_projet_task_time_date` (`task_date`),
  KEY `idx_projet_task_time_datehour` (`task_datehour`)
) ENGINE=InnoDB DEFAULT CHARSET=latin1 COLLATE=latin1_general_ci;

--
-- Dumping data for table `llx_projet_task_time`
--
LOCK TABLES `llx_projet_task_time` WRITE;
ALTER TABLE `llx_projet_task_time` DISABLE KEYS;
ALTER TABLE `llx_projet_task_time` ENABLE KEYS;
UNLOCK TABLES;




--
-- Table structure for table `llx_propal`
--
DROP TABLE IF EXISTS `llx_propal`;
CREATE TABLE `llx_propal` (
  `rowid` int(11) NOT NULL AUTO_INCREMENT,
  `ref` varchar(30) COLLATE latin1_general_ci NOT NULL,
  `entity` int(11) NOT NULL DEFAULT '1',
  `ref_ext` varchar(255) COLLATE latin1_general_ci DEFAULT NULL,
  `ref_int` varchar(255) COLLATE latin1_general_ci DEFAULT NULL,
  `ref_client` varchar(255) COLLATE latin1_general_ci DEFAULT NULL,
  `fk_soc` int(11) DEFAULT NULL,
  `fk_projet` int(11) DEFAULT NULL,
  `tms` timestamp NOT NULL DEFAULT CURRENT_TIMESTAMP ON UPDATE CURRENT_TIMESTAMP,
  `datec` datetime DEFAULT NULL,
  `datep` date DEFAULT NULL,
  `fin_validite` datetime DEFAULT NULL,
  `date_valid` datetime DEFAULT NULL,
  `date_cloture` datetime DEFAULT NULL,
  `fk_user_author` int(11) DEFAULT NULL,
  `fk_user_modif` int(11) DEFAULT NULL,
  `fk_user_valid` int(11) DEFAULT NULL,
  `fk_user_cloture` int(11) DEFAULT NULL,
  `fk_statut` smallint(6) NOT NULL DEFAULT '0',
  `price` double DEFAULT '0',
  `remise_percent` double DEFAULT '0',
  `remise_absolue` double DEFAULT '0',
  `remise` double DEFAULT '0',
  `total_ht` double(24,8) DEFAULT '0.00000000',
  `tva` double(24,8) DEFAULT '0.00000000',
  `localtax1` double(24,8) DEFAULT '0.00000000',
  `localtax2` double(24,8) DEFAULT '0.00000000',
  `total` double(24,8) DEFAULT '0.00000000',
  `fk_account` int(11) DEFAULT NULL,
  `fk_currency` varchar(3) COLLATE latin1_general_ci DEFAULT NULL,
  `fk_cond_reglement` int(11) DEFAULT NULL,
  `fk_mode_reglement` int(11) DEFAULT NULL,
  `note_private` text COLLATE latin1_general_ci,
  `note_public` text COLLATE latin1_general_ci,
  `model_pdf` varchar(255) COLLATE latin1_general_ci DEFAULT NULL,
  `date_livraison` date DEFAULT NULL,
  `fk_shipping_method` int(11) DEFAULT NULL,
  `fk_availability` int(11) DEFAULT NULL,
  `fk_input_reason` int(11) DEFAULT NULL,
  `fk_incoterms` int(11) DEFAULT NULL,
  `location_incoterms` varchar(255) COLLATE latin1_general_ci DEFAULT NULL,
  `import_key` varchar(14) COLLATE latin1_general_ci DEFAULT NULL,
  `extraparams` varchar(255) COLLATE latin1_general_ci DEFAULT NULL,
  `fk_delivery_address` int(11) DEFAULT NULL,
  PRIMARY KEY (`rowid`),
  UNIQUE KEY `uk_propal_ref` (`ref`,`entity`),
  KEY `idx_propal_fk_soc` (`fk_soc`),
  KEY `idx_propal_fk_user_author` (`fk_user_author`),
  KEY `idx_propal_fk_user_valid` (`fk_user_valid`),
  KEY `idx_propal_fk_user_cloture` (`fk_user_cloture`),
  KEY `idx_propal_fk_projet` (`fk_projet`),
  KEY `idx_propal_fk_account` (`fk_account`),
  KEY `idx_propal_fk_currency` (`fk_currency`),
  CONSTRAINT `fk_propal_fk_projet` FOREIGN KEY (`fk_projet`) REFERENCES `llx_projet` (`rowid`),
  CONSTRAINT `fk_propal_fk_soc` FOREIGN KEY (`fk_soc`) REFERENCES `llx_societe` (`rowid`),
  CONSTRAINT `fk_propal_fk_user_author` FOREIGN KEY (`fk_user_author`) REFERENCES `llx_user` (`rowid`),
  CONSTRAINT `fk_propal_fk_user_cloture` FOREIGN KEY (`fk_user_cloture`) REFERENCES `llx_user` (`rowid`),
  CONSTRAINT `fk_propal_fk_user_valid` FOREIGN KEY (`fk_user_valid`) REFERENCES `llx_user` (`rowid`)
) ENGINE=InnoDB AUTO_INCREMENT=28 DEFAULT CHARSET=latin1 COLLATE=latin1_general_ci;

--
-- Dumping data for table `llx_propal`
--
LOCK TABLES `llx_propal` WRITE;
ALTER TABLE `llx_propal` DISABLE KEYS;
INSERT INTO `llx_propal` VALUES (1,'PR1611-0004',1,NULL,NULL,'',1,NULL,'2016-12-02 08:53:42','2016-09-06 11:08:54','2016-09-06','2016-12-05 12:00:00','2016-12-02 08:53:42',NULL,2,NULL,2,NULL,1,0,NULL,NULL,0,'890.00000000','178.00000000','0.00000000','0.00000000','1068.00000000',NULL,NULL,1,0,'Audit energ&eacute;tique &agrave; la ferme','','azur',NULL,NULL,0,0,0,'',NULL,NULL,NULL);
INSERT INTO `llx_propal` VALUES (3,'PR1610-0001',1,NULL,NULL,'',4,NULL,'2016-12-16 15:41:13','2016-10-01 21:25:08','2016-10-03','2016-10-18 12:00:00','2016-10-01 21:26:04','2016-12-16 15:41:13',2,NULL,2,2,4,0,NULL,NULL,0,'102.00000000','20.40000000','0.00000000','0.00000000','122.40000000',NULL,NULL,2,7,'','','azur','2016-10-04',NULL,2,8,0,'',NULL,NULL,NULL);
INSERT INTO `llx_propal` VALUES (4,'PR1610-0002',1,NULL,NULL,'',11,NULL,'2016-12-16 15:42:26','2016-10-20 18:43:07','2016-10-20','2016-11-09 11:00:00','2016-11-27 18:31:18','2016-12-16 15:42:26',2,NULL,2,2,4,0,NULL,NULL,0,'100.00000000','20.00000000','0.00000000','0.00000000','120.00000000',NULL,NULL,1,7,'','','azur',NULL,NULL,1,9,0,'',NULL,NULL,NULL);
INSERT INTO `llx_propal` VALUES (5,'PR1610-0003',1,NULL,NULL,'',2,NULL,'2017-03-05 18:08:19','2016-10-25 17:46:49','2016-10-25','2016-11-24 11:00:00','2016-10-25 17:48:09','2017-03-05 18:08:19',2,NULL,2,2,3,0,NULL,NULL,0,'2276.00000000','455.20000000','0.00000000','0.00000000','2731.20000000',NULL,NULL,7,7,'','','azur',NULL,NULL,0,8,0,'',NULL,NULL,NULL);
INSERT INTO `llx_propal` VALUES (6,'PR1611-0005',1,NULL,NULL,'',35,2,'2017-03-05 18:09:21','2016-11-29 09:10:38','2016-11-29','2016-12-14 12:00:00','2016-11-29 15:53:03','2017-03-05 18:09:21',1,NULL,1,2,3,0,NULL,NULL,0,'80000.00000000','16000.00000000','0.00000000','0.00000000','96000.00000000',NULL,NULL,1,0,'','','azur',NULL,NULL,0,0,0,'',NULL,NULL,NULL);
INSERT INTO `llx_propal` VALUES (7,'PR1611-0006',1,NULL,NULL,'',35,2,'2017-03-05 18:08:53','2016-11-29 10:02:33','2016-11-29','2017-01-13 12:00:00','2016-11-29 10:22:55','2017-03-05 18:08:53',1,NULL,1,2,3,0,NULL,NULL,0,'10000.00000000','2000.00000000','0.00000000','0.00000000','12000.00000000',NULL,NULL,2,7,'','','azur',NULL,NULL,1,5,0,'',NULL,NULL,NULL);
INSERT INTO `llx_propal` VALUES (8,'PR1611-0007',1,NULL,NULL,'',35,2,'2017-03-05 18:09:09','2016-11-29 10:20:37','2016-11-29','2016-12-14 10:20:37','2016-11-29 10:22:11','2017-03-05 18:09:09',1,NULL,1,2,3,0,NULL,NULL,0,'20000.00000000','4000.00000000','0.00000000','0.00000000','24000.00000000',NULL,NULL,2,7,'','','azur',NULL,NULL,1,5,0,'',NULL,NULL,NULL);
INSERT INTO `llx_propal` VALUES (9,'PR1612-0008',1,NULL,NULL,'',31,NULL,'2017-01-29 18:00:18','2016-12-01 09:39:57','2016-12-01','2017-01-15 12:00:00','2017-01-29 17:59:22','2017-01-29 18:00:18',1,NULL,2,2,3,0,NULL,NULL,0,'7630.00000000','1526.00000000','0.00000000','0.00000000','9156.00000000',NULL,NULL,8,7,'Refusé à cause du CER','','azur','2016-12-01',NULL,0,1,0,'',NULL,NULL,NULL);
INSERT INTO `llx_propal` VALUES (10,'PR1612-0009',1,NULL,NULL,'',40,NULL,'2017-03-05 18:09:33','2016-12-13 15:08:37','2016-12-13','2016-12-28 12:00:00','2016-12-13 18:13:28','2017-03-05 18:09:33',2,NULL,2,2,3,0,NULL,NULL,0,'2025.00000000','405.00000000','0.00000000','0.00000000','2430.00000000',NULL,NULL,1,6,'','','azur',NULL,NULL,0,8,0,'',NULL,NULL,NULL);
INSERT INTO `llx_propal` VALUES (11,'PR1701-0010',1,NULL,NULL,'CL-1701-000021',44,NULL,'2017-04-10 14:50:58','2017-01-03 16:54:34','2017-01-03','2017-02-17 12:00:00','2017-01-03 16:56:08','2017-04-10 14:50:58',1,NULL,1,2,3,0,NULL,NULL,0,'246450.00000000','49290.00000000','0.00000000','0.00000000','295740.00000000',NULL,NULL,1,7,'','','azur',NULL,NULL,0,1,0,'',NULL,NULL,NULL);
INSERT INTO `llx_propal` VALUES (12,'PR1701-0011',1,NULL,NULL,'',45,NULL,'2017-03-27 13:17:22','2017-01-06 18:26:38','2017-01-06','2017-01-21 12:00:00','2017-01-06 18:34:41','2017-03-27 13:17:22',2,NULL,2,2,3,0,NULL,NULL,0,'778.00000000','155.60000000','0.00000000','0.00000000','933.60000000',NULL,NULL,2,7,'annulé par manque de stagiaire','Formation professionnelle chosir son fournisseur d&rsquo;&eacute;lectricit&eacute; et le contrat adapt&eacute; &agrave; sa consommation.<br />\nStagiaires &agrave; dominante viticulture','azur',NULL,NULL,1,8,0,'',NULL,NULL,NULL);
INSERT INTO `llx_propal` VALUES (14,'PR1701-0012',1,NULL,NULL,'',45,NULL,'2017-03-27 13:26:01','2017-01-06 18:42:25','2017-01-06','2017-01-21 12:00:00','2017-01-06 19:04:15','2017-03-27 13:26:01',2,NULL,2,2,4,0,NULL,NULL,0,'778.00000000','155.60000000','0.00000000','0.00000000','933.60000000',NULL,NULL,2,7,'','Formation professionnelle, choisir son fournisseur d&rsquo;&eacute;lectricit&eacute; et le contrat adapt&eacute; &agrave; sa consommation.<br />\nStagiaires &agrave; dominante polyculteur/&eacute;leveur.','azur',NULL,NULL,1,8,0,'',NULL,NULL,NULL);
INSERT INTO `llx_propal` VALUES (15,'PR1702-0013',1,NULL,NULL,'',54,NULL,'2017-03-05 18:11:33','2017-02-11 10:37:54','2017-02-11','2017-03-13 12:00:00','2017-02-11 10:56:12','2017-03-05 18:11:33',1,NULL,1,2,3,0,NULL,NULL,0,'57625.00000000','11525.00000000','0.00000000','0.00000000','69150.00000000',NULL,NULL,2,7,'Vu sur la liste des exposants suite au salon biogaz de rennes','','azur',NULL,NULL,0,5,0,'',NULL,NULL,NULL);
INSERT INTO `llx_propal` VALUES (16,'PR1703-0014',1,NULL,NULL,'',69,NULL,'2017-03-13 18:26:05','2017-03-13 17:20:56','2017-03-13','2017-04-12 13:00:00','2017-03-13 18:26:05',NULL,2,NULL,2,NULL,1,0,NULL,NULL,0,'9460.00000000','1892.00000000','0.00000000','0.00000000','11352.00000000',NULL,NULL,2,7,'','','azur',NULL,NULL,4,12,0,'',NULL,NULL,NULL);
INSERT INTO `llx_propal` VALUES (17,'PR1703-0015',1,NULL,NULL,'',106,NULL,'2017-03-20 16:19:20','2017-03-17 15:15:00','2017-03-17','2017-05-01 13:00:00','2017-03-20 16:19:20',NULL,2,NULL,2,NULL,1,0,NULL,NULL,0,'1650.00000000','330.00000000','0.00000000','0.00000000','1980.00000000',NULL,NULL,1,7,'','Offre essentiel - Etude d\'opportunité autoconsommation photovoltaïque','azur',NULL,NULL,4,8,0,'',NULL,NULL,NULL);
INSERT INTO `llx_propal` VALUES (18,'PR1703-0016',1,NULL,NULL,'',106,NULL,'2017-03-20 16:24:04','2017-03-17 15:17:58','2017-03-17','2017-05-01 13:00:00','2017-03-20 16:24:04',NULL,2,NULL,2,NULL,1,0,NULL,NULL,0,'6300.00000000','1260.00000000','0.00000000','0.00000000','7560.00000000',NULL,NULL,1,7,'','Offre tranquilité - Prestation d\'Assistance à Maitrise d\'Ouvrage','azur',NULL,NULL,4,8,0,'',NULL,NULL,NULL);
INSERT INTO `llx_propal` VALUES (19,'PR1704-0017',1,NULL,NULL,'',75,NULL,'2017-04-06 15:22:01','2017-04-06 15:19:07','2017-04-06','2017-05-06 12:00:00','2017-04-06 15:22:01',NULL,2,NULL,2,NULL,1,0,NULL,NULL,0,'3986.00000000','797.20000000','0.00000000','0.00000000','4783.20000000',NULL,NULL,2,7,'','Etude d&#39;opportunit&eacute; photovolta&iuml;que','azur','2017-05-15',NULL,4,12,0,'',NULL,NULL,NULL);
INSERT INTO `llx_propal` VALUES (20,'PR1704-0018',1,NULL,NULL,'',121,NULL,'2017-04-10 14:58:04','2017-04-10 14:55:35','2017-04-10','2017-04-24 12:00:00','2017-04-10 14:58:04',NULL,2,NULL,2,NULL,1,0,NULL,NULL,0,'150.00000000','30.00000000','0.00000000','0.00000000','180.00000000',NULL,NULL,2,7,'','Groupement d&#39;achat d&#39;&eacute;lectricit&eacute;','azur',NULL,NULL,2,0,0,'',NULL,NULL,NULL);
INSERT INTO `llx_propal` VALUES (21,'PR1704-0019',1,NULL,NULL,'',106,NULL,'2017-04-10 14:59:59','2017-04-10 14:59:46','2017-03-20','2017-04-10 13:00:00','2017-04-10 14:59:59',NULL,2,NULL,2,NULL,1,0,NULL,NULL,0,'150.00000000','30.00000000','0.00000000','0.00000000','180.00000000',NULL,NULL,2,7,'','Groupement d&#39;achat d&#39;&eacute;lectricit&eacute;','azur',NULL,NULL,2,8,0,'',NULL,NULL,NULL);
INSERT INTO `llx_propal` VALUES (22,'PR1704-0020',1,NULL,NULL,'',63,NULL,'2017-04-10 15:01:12','2017-04-10 15:01:00','2017-03-14','2017-04-13 13:00:00','2017-04-10 15:01:12',NULL,2,NULL,2,NULL,1,0,NULL,NULL,0,'150.00000000','30.00000000','0.00000000','0.00000000','180.00000000',NULL,NULL,2,7,'','Ngociation contrat &eacute;lectricit&eacute;','azur',NULL,NULL,2,0,0,'',NULL,NULL,NULL);
INSERT INTO `llx_propal` VALUES (23,'PR1704-0021',1,NULL,NULL,'',11,NULL,'2017-04-21 15:21:03','2017-04-21 15:10:04','2017-04-21','2017-05-21 12:00:00','2017-04-21 15:21:03',NULL,2,NULL,2,NULL,1,0,NULL,NULL,0,'11624.00000000','2324.80000000','0.00000000','0.00000000','13948.80000000',NULL,NULL,2,7,'','Prestation d\'Assistance à Maitrise d\'Ouvrage sur la mise en place d\'un projet de méthanisation','azur',NULL,NULL,4,9,0,'',NULL,NULL,NULL);
INSERT INTO `llx_propal` VALUES (25,'PR1705-0023',1,NULL,NULL,'',202,NULL,'2017-05-08 19:36:23','2017-05-08 19:35:42','2017-05-08','2017-05-23 12:00:00','2017-05-08 19:36:23',NULL,2,NULL,2,NULL,1,0,NULL,NULL,0,'100.00000000','20.00000000','0.00000000','0.00000000','120.00000000',NULL,NULL,1,7,'','Groupement d&#39;achat &eacute;lectricit&eacute; - factur&eacute; XX% &nbsp;de l&#39;&eacute;conomie annuelle r&eacute;alis&eacute;e','azur',NULL,NULL,4,13,0,'',NULL,NULL,NULL);
INSERT INTO `llx_propal` VALUES (26,'PR1705-0024',1,NULL,NULL,'',62,NULL,'2017-05-15 17:38:10','2017-05-15 17:37:32','2017-05-15','2017-05-30 12:00:00','2017-05-15 17:38:10',NULL,2,NULL,2,NULL,1,0,NULL,NULL,0,'100.00000000','20.00000000','0.00000000','0.00000000','120.00000000',NULL,NULL,1,7,'','','azur',NULL,NULL,4,0,0,'',NULL,NULL,NULL);
INSERT INTO `llx_propal` VALUES (27,'PR1705-0025',1,NULL,NULL,'',68,NULL,'2017-05-23 10:20:18','2017-05-23 10:19:42','2017-05-23','2017-06-07 12:00:00','2017-05-23 10:20:18',NULL,2,NULL,2,NULL,1,0,NULL,NULL,0,'100.00000000','20.00000000','0.00000000','0.00000000','120.00000000',NULL,NULL,1,7,'','Groupement d&#39;achat &eacute;lectricit&eacute;','azur',NULL,NULL,4,0,0,'',NULL,NULL,NULL);
ALTER TABLE `llx_propal` ENABLE KEYS;
UNLOCK TABLES;




--
-- Table structure for table `llx_propal_extrafields`
--
DROP TABLE IF EXISTS `llx_propal_extrafields`;
CREATE TABLE `llx_propal_extrafields` (
  `rowid` int(11) NOT NULL AUTO_INCREMENT,
  `tms` timestamp NOT NULL DEFAULT CURRENT_TIMESTAMP ON UPDATE CURRENT_TIMESTAMP,
  `fk_object` int(11) NOT NULL,
  `import_key` varchar(14) COLLATE latin1_general_ci DEFAULT NULL,
  PRIMARY KEY (`rowid`),
  KEY `idx_propal_extrafields` (`fk_object`)
) ENGINE=InnoDB DEFAULT CHARSET=latin1 COLLATE=latin1_general_ci;

--
-- Dumping data for table `llx_propal_extrafields`
--
LOCK TABLES `llx_propal_extrafields` WRITE;
ALTER TABLE `llx_propal_extrafields` DISABLE KEYS;
ALTER TABLE `llx_propal_extrafields` ENABLE KEYS;
UNLOCK TABLES;




--
-- Table structure for table `llx_propal_merge_pdf_product`
--
DROP TABLE IF EXISTS `llx_propal_merge_pdf_product`;
CREATE TABLE `llx_propal_merge_pdf_product` (
  `rowid` int(11) NOT NULL AUTO_INCREMENT,
  `fk_product` int(11) NOT NULL,
  `file_name` varchar(200) COLLATE latin1_general_ci NOT NULL,
  `lang` varchar(5) COLLATE latin1_general_ci DEFAULT NULL,
  `fk_user_author` int(11) DEFAULT NULL,
  `fk_user_mod` int(11) NOT NULL,
  `datec` datetime NOT NULL,
  `tms` timestamp NOT NULL DEFAULT CURRENT_TIMESTAMP ON UPDATE CURRENT_TIMESTAMP,
  `import_key` varchar(14) COLLATE latin1_general_ci DEFAULT NULL,
  PRIMARY KEY (`rowid`)
) ENGINE=InnoDB DEFAULT CHARSET=latin1 COLLATE=latin1_general_ci;

--
-- Dumping data for table `llx_propal_merge_pdf_product`
--
LOCK TABLES `llx_propal_merge_pdf_product` WRITE;
ALTER TABLE `llx_propal_merge_pdf_product` DISABLE KEYS;
ALTER TABLE `llx_propal_merge_pdf_product` ENABLE KEYS;
UNLOCK TABLES;




--
-- Table structure for table `llx_propaldet`
--
DROP TABLE IF EXISTS `llx_propaldet`;
CREATE TABLE `llx_propaldet` (
  `rowid` int(11) NOT NULL AUTO_INCREMENT,
  `fk_propal` int(11) NOT NULL,
  `fk_parent_line` int(11) DEFAULT NULL,
  `fk_product` int(11) DEFAULT NULL,
  `label` varchar(255) COLLATE latin1_general_ci DEFAULT NULL,
  `description` text COLLATE latin1_general_ci,
  `fk_remise_except` int(11) DEFAULT NULL,
  `tva_tx` double(6,3) DEFAULT '0.000',
  `localtax1_tx` double(6,3) DEFAULT '0.000',
  `localtax1_type` varchar(10) COLLATE latin1_general_ci DEFAULT NULL,
  `localtax2_tx` double(6,3) DEFAULT '0.000',
  `localtax2_type` varchar(10) COLLATE latin1_general_ci DEFAULT NULL,
  `qty` double DEFAULT NULL,
  `remise_percent` double DEFAULT '0',
  `remise` double DEFAULT '0',
  `price` double DEFAULT NULL,
  `subprice` double(24,8) DEFAULT '0.00000000',
  `total_ht` double(24,8) DEFAULT '0.00000000',
  `total_tva` double(24,8) DEFAULT '0.00000000',
  `total_localtax1` double(24,8) DEFAULT '0.00000000',
  `total_localtax2` double(24,8) DEFAULT '0.00000000',
  `total_ttc` double(24,8) DEFAULT '0.00000000',
  `product_type` int(11) DEFAULT '0',
  `date_start` datetime DEFAULT NULL,
  `date_end` datetime DEFAULT NULL,
  `info_bits` int(11) DEFAULT '0',
  `buy_price_ht` double(24,8) DEFAULT '0.00000000',
  `fk_product_fournisseur_price` int(11) DEFAULT NULL,
  `special_code` int(11) DEFAULT '0',
  `rang` int(11) DEFAULT '0',
  `fk_unit` int(11) DEFAULT NULL,
  PRIMARY KEY (`rowid`),
  KEY `idx_propaldet_fk_propal` (`fk_propal`),
  KEY `idx_propaldet_fk_product` (`fk_product`),
  KEY `fk_propaldet_fk_unit` (`fk_unit`),
  CONSTRAINT `fk_propaldet_fk_propal` FOREIGN KEY (`fk_propal`) REFERENCES `llx_propal` (`rowid`),
  CONSTRAINT `fk_propaldet_fk_unit` FOREIGN KEY (`fk_unit`) REFERENCES `llx_c_units` (`rowid`)
) ENGINE=InnoDB AUTO_INCREMENT=57 DEFAULT CHARSET=latin1 COLLATE=latin1_general_ci;

--
-- Dumping data for table `llx_propaldet`
--
LOCK TABLES `llx_propaldet` WRITE;
ALTER TABLE `llx_propaldet` DISABLE KEYS;
INSERT INTO `llx_propaldet` VALUES (1,1,NULL,1,NULL,'Acquisition + conseil technique',NULL,'20.000','0.000',0,'0.000',0,1,0,0,NULL,'890.00000000','890.00000000','178.00000000','0.00000000','0.00000000','1068.00000000',0,NULL,NULL,0,'0.00000000',NULL,0,1,NULL);
INSERT INTO `llx_propaldet` VALUES (4,3,NULL,3,NULL,'(Pays d&#39;origine: France)',NULL,'20.000','0.000',0,'0.000',0,1,15,18,102,'120.00000000','102.00000000','20.40000000','0.00000000','0.00000000','122.40000000',1,NULL,NULL,0,'0.00000000',NULL,0,1,NULL);
INSERT INTO `llx_propaldet` VALUES (5,4,NULL,4,NULL,'Tarif sp&eacute;cial adh&eacute;rant Nord-Appro',NULL,'20.000','0.000',0,'0.000',0,1,0,0,NULL,'100.00000000','100.00000000','20.00000000','0.00000000','0.00000000','120.00000000',1,NULL,NULL,0,'0.00000000',NULL,0,1,NULL);
INSERT INTO `llx_propaldet` VALUES (6,5,NULL,6,NULL,'Etude d&#39;opportunit&eacute; solaire photovolta&iuml;que',NULL,'20.000','0.000',0,'0.000',0,1,0,0,NULL,'1800.00000000','1800.00000000','360.00000000','0.00000000','0.00000000','2160.00000000',1,NULL,NULL,0,'0.00000000',NULL,0,1,NULL);
INSERT INTO `llx_propaldet` VALUES (7,5,NULL,5,NULL,'Indemnit&eacute; kilom&eacute;trique',NULL,'20.000','0.000',0,'0.000',0,680,0,0,0.7,'0.70000000','476.00000000','95.20000000','0.00000000','0.00000000','571.20000000',1,NULL,NULL,0,'0.00000000',NULL,0,2,NULL);
INSERT INTO `llx_propaldet` VALUES (10,7,NULL,9,NULL,'R&eacute;alisation des demandes et dossiers d&#39;aides finanic&egrave;res et de subventions aupr&egrave;s :<br />\n- des collectivit&eacute;s<br />\n- du d&eacute;partement<br />\n- de la r&eacute;gion<br />\n- de l&#39;ademe<br />\n- du FEDER et FEDEAR<br />\n- du minist&egrave;re de l&#39;agriculture dans le cadre du Plan Performance Energ&eacute;tique (PPE)',NULL,'20.000','0.000',0,'0.000',0,1,0,0,NULL,'10000.00000000','10000.00000000','2000.00000000','0.00000000','0.00000000','12000.00000000',1,NULL,NULL,0,'0.00000000',NULL,0,1,NULL);
INSERT INTO `llx_propaldet` VALUES (12,8,NULL,10,NULL,'Acceptation sociale de projets visant &agrave; &eacute;viter tous blocages pouvant freiner ou mettre en p&eacute;ril le projet.<br />\nLa prestation comprend :<br />\n- la cr&eacute;ation d&#39;un site internet<br />\n- la cr&eacute;ation d&#39;une plaquette explicative du projet<br />\n- 2 r&eacute;unions publiques informatives<br />\n- la cr&eacute;ation d&#39;un portail de veille permettant la d&eacute;tection d&#39;une &eacute;ventuelle p&eacute;tition ou contestation du projet',NULL,'20.000','0.000',0,'0.000',0,1,0,0,NULL,'20000.00000000','20000.00000000','4000.00000000','0.00000000','0.00000000','24000.00000000',1,NULL,NULL,0,'0.00000000',NULL,0,1,NULL);
INSERT INTO `llx_propaldet` VALUES (14,6,NULL,8,NULL,'<p><span style=\"font-size:11px\"><span style=\"font-family:arial,helvetica,sans-serif\">Prestation d&#39;Assistance &agrave; Maitrise d&#39;Ouvrage (AMO) comprenant :<br />\n- R<span style=\"color:rgb(34, 34, 34)\">&eacute;alisation du cahier des charges</span><br />\n-&nbsp;Consultation et aide au choix des fournisseurs<br />\n- Demande de raccordement aupr&egrave;s du gestionnaire de r&eacute;seau<br />\n- Contractualisation de l&#39;achat d&#39;&eacute;nergie<br />\n- R&eacute;daction des demandes d&#39;aides inanci&egrave;res et subventions<br />\n-&nbsp;P<span style=\"color:rgb(34, 34, 34)\">ilotage et de coordination des activit&eacute;s des diff&eacute;rents acteurs du projet<br />\n- Suivi de travaux&nbsp;<br />\n- V&eacute;rification des livrables en conformit&eacute; avec le cahier des charges<br />\n- Support et conseil 1 an apr&egrave;s la mise en service</span></span></span></p>',NULL,'20.000','0.000',0,'0.000',0,1,0,0,NULL,'80000.00000000','80000.00000000','16000.00000000','0.00000000','0.00000000','96000.00000000',1,NULL,NULL,0,'0.00000000',NULL,0,1,NULL);
INSERT INTO `llx_propaldet` VALUES (15,9,NULL,11,NULL,'Prestation d&#39;Assistance &agrave; Maitrise d&#39;Ouvreage (AMO) comprenant :&nbsp;\n<ul>\n	<li>la consultation des diff&eacute;rents fournisseurs</li>\n	<li>la comparaison des offres re&ccedil;ues</li>\n	<li>les demandes d&#39;aides financi&egrave;res et subventions</li>\n	<li>les d&eacute;marches administratives aupr&egrave;s du gestionnaire de r&eacute;seau de distribution</li>\n	<li>les d&eacute;marches administratives aupr&egrave;s du fournisseur d&#39;&eacute;nergie</li>\n	<li>le suivi de chantier (hors d&eacute;placement)</li>\n	<li>aide et assistance durant 1 an apr&egrave;s la mise en service</li>\n	<li>une analyse de la production apr&egrave;s 1 an de mise en service</li>\n</ul>',NULL,'20.000','0.000',0,'0.000',0,1,0,0,NULL,'7450.00000000','7450.00000000','1490.00000000','0.00000000','0.00000000','8940.00000000',1,NULL,NULL,0,'0.00000000',NULL,0,1,NULL);
INSERT INTO `llx_propaldet` VALUES (16,9,NULL,NULL,NULL,'Frais de d&eacute;placement :&nbsp;',NULL,'20.000','0.000',0,'0.000',0,1,0,0,NULL,'180.00000000','180.00000000','36.00000000','0.00000000','0.00000000','216.00000000',1,NULL,NULL,0,'0.00000000',NULL,0,2,NULL);
INSERT INTO `llx_propaldet` VALUES (17,10,NULL,7,NULL,'Forfait journalier formation professionnelle avec deux intervenants ing&eacute;nieurs',NULL,'20.000','0.000',0,'0.000',0,2,0,0,700,'700.00000000','1400.00000000','280.00000000','0.00000000','0.00000000','1680.00000000',1,NULL,NULL,0,'0.00000000',NULL,0,1,NULL);
INSERT INTO `llx_propaldet` VALUES (18,10,NULL,NULL,NULL,'Forfait h&eacute;bergement 2 personnes / nuit<br />\nComprend la restauration et l&#39;h&eacute;bergement<br />\n&nbsp;',NULL,'20.000','0.000',0,'0.000',0,1,0,0,225,'225.00000000','225.00000000','45.00000000','0.00000000','0.00000000','270.00000000',0,NULL,NULL,0,'225.00000000',NULL,0,2,NULL);
INSERT INTO `llx_propaldet` VALUES (19,10,NULL,NULL,NULL,'Forfait d&eacute;placement Beauvais - Lyon<br />\nPour deux personnes<br />\n&nbsp;',NULL,'20.000','0.000',0,'0.000',0,1,0,0,400,'400.00000000','400.00000000','80.00000000','0.00000000','0.00000000','480.00000000',0,NULL,NULL,0,'350.00000000',NULL,0,3,NULL);
INSERT INTO `llx_propaldet` VALUES (20,11,NULL,NULL,NULL,'Appel d&#39;offre :&nbsp;AO-1648-4024',NULL,'20.000','0.000',0,'0.000',0,1,0,0,NULL,'246450.00000000','246450.00000000','49290.00000000','0.00000000','0.00000000','295740.00000000',0,NULL,NULL,0,'0.00000000',NULL,0,1,NULL);
INSERT INTO `llx_propaldet` VALUES (21,12,NULL,7,NULL,'7h de formation, avec deux intervenants.',NULL,'20.000','0.000',0,'0.000',0,1,0,0,NULL,'700.00000000','700.00000000','140.00000000','0.00000000','0.00000000','840.00000000',1,NULL,NULL,0,'0.00000000',NULL,0,1,NULL);
INSERT INTO `llx_propaldet` VALUES (22,12,NULL,NULL,NULL,'Frais de d&eacute;placement.<br />\nComprend l&#39;aller retour entre le si&egrave;ge Enerbioflex et le lieu de formation.',NULL,'20.000','0.000',0,'0.000',0,300,0,0,NULL,'0.26000000','78.00000000','15.60000000','0.00000000','0.00000000','93.60000000',1,NULL,NULL,0,'0.00000000',NULL,0,2,NULL);
INSERT INTO `llx_propaldet` VALUES (25,14,NULL,7,NULL,'Formation de 7h avec deux intervenants.',NULL,'20.000','0.000',0,'0.000',0,1,0,0,NULL,'700.00000000','700.00000000','140.00000000','0.00000000','0.00000000','840.00000000',1,NULL,NULL,0,'0.00000000',NULL,0,1,NULL);
INSERT INTO `llx_propaldet` VALUES (26,14,NULL,NULL,NULL,'Frais de d&eacute;placement.<br />\nComprend l&#39;aller retour entre le si&egrave;ge Enerbioflex et le lieu de formation.',NULL,'20.000','0.000',0,'0.000',0,300,0,0,NULL,'0.26000000','78.00000000','15.60000000','0.00000000','0.00000000','93.60000000',1,NULL,NULL,0,'0.00000000',NULL,0,2,NULL);
INSERT INTO `llx_propaldet` VALUES (27,15,NULL,NULL,NULL,'Etude du gisement compl&eacute;mentaire (5 jours &agrave; 650&euro;HT)',NULL,'20.000','0.000',0,'0.000',0,5,0,0,650,'650.00000000','3250.00000000','650.00000000','0.00000000','0.00000000','3900.00000000',1,NULL,NULL,0,'0.00000000',NULL,0,1,NULL);
INSERT INTO `llx_propaldet` VALUES (28,15,NULL,NULL,NULL,'Etude du pouvoir m&eacute;thanog&egrave;ne (8 analyses &agrave; 800&euro;HT par analyse)',NULL,'20.000','0.000',0,'0.000',0,8,0,0,NULL,'800.00000000','6400.00000000','1280.00000000','0.00000000','0.00000000','7680.00000000',1,NULL,NULL,0,'0.00000000',NULL,0,2,NULL);
INSERT INTO `llx_propaldet` VALUES (29,15,NULL,NULL,NULL,'Description technique &eacute;quipements (11 jours &agrave; 650&euro;HT)',NULL,'20.000','0.000',0,'0.000',0,11,0,0,650,'650.00000000','7150.00000000','1430.00000000','0.00000000','0.00000000','8580.00000000',1,NULL,NULL,0,'0.00000000',NULL,0,3,NULL);
INSERT INTO `llx_propaldet` VALUES (30,15,NULL,NULL,NULL,'Etude injection et stockage biom&eacute;tane (3,5 jours &agrave; 650&euro;HT)',NULL,'20.000','0.000',0,'0.000',0,3.5,0,0,NULL,'650.00000000','2275.00000000','455.00000000','0.00000000','0.00000000','2730.00000000',1,NULL,NULL,0,'0.00000000',NULL,0,4,NULL);
INSERT INTO `llx_propaldet` VALUES (31,15,NULL,NULL,NULL,'Etude valorisation du digestat (10 jours &agrave; 650&euro;HT)',NULL,'20.000','0.000',0,'0.000',0,10,0,0,650,'650.00000000','6500.00000000','1300.00000000','0.00000000','0.00000000','7800.00000000',1,NULL,NULL,0,'0.00000000',NULL,0,5,NULL);
INSERT INTO `llx_propaldet` VALUES (32,15,NULL,NULL,NULL,'Etude digestat (2 analyses &agrave; 6000&euro;HT l&#39;analyse)',NULL,'20.000','0.000',0,'0.000',0,2,0,0,NULL,'6000.00000000','12000.00000000','2400.00000000','0.00000000','0.00000000','14400.00000000',1,NULL,NULL,0,'0.00000000',NULL,0,6,NULL);
INSERT INTO `llx_propaldet` VALUES (33,15,NULL,NULL,NULL,'Etude r&eacute;glementaire et technique (12 jours &agrave; 650&euro;HT)',NULL,'20.000','0.000',0,'0.000',0,12,0,0,NULL,'650.00000000','7800.00000000','1560.00000000','0.00000000','0.00000000','9360.00000000',1,NULL,NULL,0,'0.00000000',NULL,0,7,NULL);
INSERT INTO `llx_propaldet` VALUES (34,15,NULL,NULL,NULL,'Impacts environnementaux (1,5 jours &agrave; 650&euro;HT)',NULL,'20.000','0.000',0,'0.000',0,1.5,0,0,NULL,'650.00000000','975.00000000','195.00000000','0.00000000','0.00000000','1170.00000000',1,NULL,NULL,0,'0.00000000',NULL,0,8,NULL);
INSERT INTO `llx_propaldet` VALUES (35,15,NULL,NULL,NULL,'Analyse &eacute;conomique (9 jours &agrave; 650&euro;HT)',NULL,'20.000','0.000',0,'0.000',0,9,0,0,NULL,'650.00000000','5850.00000000','1170.00000000','0.00000000','0.00000000','7020.00000000',1,NULL,NULL,0,'0.00000000',NULL,0,9,NULL);
INSERT INTO `llx_propaldet` VALUES (36,15,NULL,NULL,NULL,'Synth&egrave;se (6,5 jours &agrave; 650&euro;HT)',NULL,'20.000','0.000',0,'0.000',0,6.5,0,0,NULL,'650.00000000','4225.00000000','845.00000000','0.00000000','0.00000000','5070.00000000',1,NULL,NULL,0,'0.00000000',NULL,0,10,NULL);
INSERT INTO `llx_propaldet` VALUES (37,15,NULL,NULL,NULL,'Frais de d&eacute;placements (4 d&eacute;placements pr&eacute;vus &agrave; 300&euro;HT par d&eacute;placement)',NULL,'20.000','0.000',0,'0.000',0,4,0,0,NULL,'300.00000000','1200.00000000','240.00000000','0.00000000','0.00000000','1440.00000000',1,NULL,NULL,0,'0.00000000',NULL,0,11,NULL);
INSERT INTO `llx_propaldet` VALUES (39,16,NULL,11,NULL,'Prestation d&#39;Assistance &agrave; Maitrise d&#39;Ouvreage (AMO) comprenant :&nbsp;\n<ul>\n	<li>la consultation des diff&eacute;rents fournisseurs</li>\n	<li>la comparaison des offres re&ccedil;ues</li>\n	<li>les demandes d&#39;aides financi&egrave;res et subventions</li>\n	<li>les d&eacute;marches administratives aupr&egrave;s du gestionnaire de r&eacute;seau de distribution</li>\n	<li>les d&eacute;marches administratives aupr&egrave;s du fournisseur d&#39;&eacute;nergie</li>\n	<li>le suivi de chantier (hors d&eacute;placement)</li>\n	<li>aide et assistance durant 1 an apr&egrave;s la mise en service</li>\n	<li>une analyse de la production apr&egrave;s 1 an de mise en service</li>\n</ul>',NULL,'20.000','0.000',0,'0.000',0,1,0,0,NULL,'7450.00000000','7450.00000000','1490.00000000','0.00000000','0.00000000','8940.00000000',1,NULL,NULL,0,'0.00000000',NULL,0,2,NULL);
INSERT INTO `llx_propaldet` VALUES (40,16,NULL,6,NULL,'Etude d&#39;opportunit&eacute; solaire photovolta&iuml;que\n<ul>\n	<li>1 d&eacute;placement sur site</li>\n	<li>Analyse de potentiel solaire</li>\n	<li>Analyse de sc&eacute;narios (autoconsommation et revente de la production)</li>\n	<li>Consultation des fournisseurs et installateurs</li>\n	<li>Etudes de rentabilit&eacute;&nbsp;</li>\n</ul>',NULL,'20.000','0.000',0,'0.000',0,1,0,0,1800,'1800.00000000','1800.00000000','360.00000000','0.00000000','0.00000000','2160.00000000',1,NULL,NULL,0,'0.00000000',NULL,0,1,NULL);
INSERT INTO `llx_propaldet` VALUES (41,16,NULL,5,NULL,'Indemnit&eacute; kilom&eacute;trique 0,7&euro;/km<br />\nPrix unitaire d&#39;un d&eacute;placement aller retour sur site client',NULL,'20.000','0.000',0,'0.000',0,300,0,0,0.7,'0.70000000','210.00000000','42.00000000','0.00000000','0.00000000','252.00000000',1,NULL,NULL,0,'0.00000000',NULL,0,3,NULL);
INSERT INTO `llx_propaldet` VALUES (42,17,NULL,6,NULL,'Etude d&#39;opportunit&eacute; solaire photovolta&iuml;que\n<ul>\n	<li>Analyse de potentiel solaire</li>\n	<li>Analyse de sc&eacute;narios (strat&eacute;gies d&#39;autoconsommation)</li>\n	<li>Consultations de fournisseurs et demandes de cotations</li>\n	<li>Etudes de rentabilit&eacute; du projet</li>\n</ul>',NULL,'20.000','0.000',0,'0.000',0,1,0,0,1650,'1650.00000000','1650.00000000','330.00000000','0.00000000','0.00000000','1980.00000000',1,NULL,NULL,0,'0.00000000',NULL,0,1,NULL);
INSERT INTO `llx_propaldet` VALUES (43,18,NULL,11,NULL,'Prestation d&#39;Assistance &agrave; Maitrise d&#39;Ouvrage (AMO) comprenant :&nbsp;\n<ul>\n	<li>l&#39;analyse de potentiel solaire</li>\n	<li>l&#39;analyse&nbsp;de sc&eacute;narios (strat&eacute;gies d&#39;autoconsommation)</li>\n	<li>la consultations de fournisseurs et les demandes de cotations</li>\n	<li>les &eacute;tudes de rentabilit&eacute; du projet</li>\n	<li>la consultation des diff&eacute;rents fournisseurs</li>\n	<li>la comparaison des offres re&ccedil;ues (techniques et &eacute;conomiques)</li>\n	<li>les demandes d&#39;aides financi&egrave;res et subventions</li>\n	<li>le suivi de chantier (hors d&eacute;placement)</li>\n	<li>aide et assistance durant 1 an apr&egrave;s la mise en service</li>\n	<li>une analyse de la production apr&egrave;s 1 an de mise en service</li>\n</ul>\n<br />\n<br />\n&nbsp;',NULL,'20.000','0.000',0,'0.000',0,1,0,0,6300,'6300.00000000','6300.00000000','1260.00000000','0.00000000','0.00000000','7560.00000000',1,NULL,NULL,0,'0.00000000',NULL,0,1,NULL);
INSERT INTO `llx_propaldet` VALUES (44,19,NULL,11,NULL,'Etude d&#39;opportunit&eacute; solaire photovolta&iuml;que &gt; 100kWc\n<ul>\n	<li>Analyse du potentiel solaire</li>\n	<li>Analyse de sc&eacute;narios (autoconsommation et revente de la production)</li>\n	<li>Consultation de fournisseurs et demandes de cotations</li>\n	<li>Etudes de rentabilit&eacute; du projet</li>\n	<li>R&eacute;alisation des dossiers d&#39;aides finanic&egrave;res et de subventions</li>\n</ul>',NULL,'20.000','0.000',0,'0.000',0,1,0,0,3986,'3986.00000000','3986.00000000','797.20000000','0.00000000','0.00000000','4783.20000000',1,NULL,NULL,0,'0.00000000',NULL,0,1,NULL);
INSERT INTO `llx_propaldet` VALUES (45,20,NULL,2,NULL,'',NULL,'20.000','0.000',0,'0.000',0,1,0,0,NULL,'150.00000000','150.00000000','30.00000000','0.00000000','0.00000000','180.00000000',1,NULL,NULL,0,'0.00000000',NULL,0,1,NULL);
INSERT INTO `llx_propaldet` VALUES (46,21,NULL,2,NULL,'',NULL,'20.000','0.000',0,'0.000',0,1,0,0,NULL,'150.00000000','150.00000000','30.00000000','0.00000000','0.00000000','180.00000000',1,NULL,NULL,0,'0.00000000',NULL,0,1,NULL);
INSERT INTO `llx_propaldet` VALUES (47,22,NULL,2,NULL,'',NULL,'20.000','0.000',0,'0.000',0,1,0,0,NULL,'150.00000000','150.00000000','30.00000000','0.00000000','0.00000000','180.00000000',1,NULL,NULL,0,'0.00000000',NULL,0,1,NULL);
INSERT INTO `llx_propaldet` VALUES (48,23,NULL,NULL,NULL,'Consultation et aide au choix de contructeurs (4 constructeurs)',NULL,'20.000','0.000',0,'0.000',0,1,0,0,NULL,'6308.00000000','6308.00000000','1261.60000000','0.00000000','0.00000000','7569.60000000',1,NULL,NULL,0,'0.00000000',NULL,0,1,NULL);
INSERT INTO `llx_propaldet` VALUES (49,23,NULL,NULL,NULL,'N&eacute;gociation du contrat d&#39;achat d&#39;&eacute;nergie',NULL,'20.000','0.000',0,'0.000',0,1,0,0,NULL,'400.00000000','400.00000000','80.00000000','0.00000000','0.00000000','480.00000000',1,NULL,NULL,0,'0.00000000',NULL,0,2,NULL);
INSERT INTO `llx_propaldet` VALUES (50,23,NULL,NULL,NULL,'R&eacute;alisation des demandes et dossiers d&#39;aides finanic&egrave;res et de subventions',NULL,'20.000','0.000',0,'0.000',0,1,0,0,NULL,'2408.00000000','2408.00000000','481.60000000','0.00000000','0.00000000','2889.60000000',1,NULL,NULL,0,'0.00000000',NULL,0,3,NULL);
INSERT INTO `llx_propaldet` VALUES (51,23,NULL,NULL,NULL,'Valorisation de la chaleur ;<br />\nConsultation de fournisseurs et demandes de cotations<br />\n&nbsp;',NULL,'20.000','0.000',0,'0.000',0,1,0,0,NULL,'1354.00000000','1354.00000000','270.80000000','0.00000000','0.00000000','1624.80000000',1,NULL,NULL,0,'0.00000000',NULL,0,4,NULL);
INSERT INTO `llx_propaldet` VALUES (52,23,NULL,NULL,NULL,'Valorisation de la chaleur ;<br />\nEtudes de rentabilit&eacute;, comparaison de deux sc&eacute;narios',NULL,'20.000','0.000',0,'0.000',0,1,0,0,NULL,'1154.00000000','1154.00000000','230.80000000','0.00000000','0.00000000','1384.80000000',1,NULL,NULL,0,'0.00000000',NULL,0,5,NULL);
INSERT INTO `llx_propaldet` VALUES (54,25,NULL,4,NULL,'Tarif sp&eacute;cial adh&eacute;rant Nord-Appro',NULL,'20.000','0.000',0,'0.000',0,1,0,0,NULL,'100.00000000','100.00000000','20.00000000','0.00000000','0.00000000','120.00000000',1,NULL,NULL,0,'0.00000000',NULL,0,1,NULL);
INSERT INTO `llx_propaldet` VALUES (55,26,NULL,4,NULL,'Tarif sp&eacute;cial adh&eacute;rant Nord-Appro',NULL,'20.000','0.000',0,'0.000',0,1,0,0,NULL,'100.00000000','100.00000000','20.00000000','0.00000000','0.00000000','120.00000000',1,NULL,NULL,0,'0.00000000',NULL,0,1,NULL);
INSERT INTO `llx_propaldet` VALUES (56,27,NULL,4,NULL,'Tarif sp&eacute;cial adh&eacute;rant Nord-Appro',NULL,'20.000','0.000',0,'0.000',0,1,0,0,NULL,'100.00000000','100.00000000','20.00000000','0.00000000','0.00000000','120.00000000',1,NULL,NULL,0,'0.00000000',NULL,0,1,NULL);
ALTER TABLE `llx_propaldet` ENABLE KEYS;
UNLOCK TABLES;




--
-- Table structure for table `llx_propaldet_extrafields`
--
DROP TABLE IF EXISTS `llx_propaldet_extrafields`;
CREATE TABLE `llx_propaldet_extrafields` (
  `rowid` int(11) NOT NULL AUTO_INCREMENT,
  `tms` timestamp NOT NULL DEFAULT CURRENT_TIMESTAMP ON UPDATE CURRENT_TIMESTAMP,
  `fk_object` int(11) NOT NULL,
  `import_key` varchar(14) COLLATE latin1_general_ci DEFAULT NULL,
  PRIMARY KEY (`rowid`),
  KEY `idx_propaldet_extrafields` (`fk_object`)
) ENGINE=InnoDB DEFAULT CHARSET=latin1 COLLATE=latin1_general_ci;

--
-- Dumping data for table `llx_propaldet_extrafields`
--
LOCK TABLES `llx_propaldet_extrafields` WRITE;
ALTER TABLE `llx_propaldet_extrafields` DISABLE KEYS;
ALTER TABLE `llx_propaldet_extrafields` ENABLE KEYS;
UNLOCK TABLES;




--
-- Table structure for table `llx_resource`
--
DROP TABLE IF EXISTS `llx_resource`;
CREATE TABLE `llx_resource` (
  `rowid` int(11) NOT NULL AUTO_INCREMENT,
  `entity` int(11) NOT NULL DEFAULT '1',
  `ref` varchar(255) COLLATE latin1_general_ci DEFAULT NULL,
  `description` text COLLATE latin1_general_ci,
  `fk_code_type_resource` varchar(32) COLLATE latin1_general_ci DEFAULT NULL,
  `note_public` text COLLATE latin1_general_ci,
  `note_private` text COLLATE latin1_general_ci,
  `tms` timestamp NOT NULL DEFAULT CURRENT_TIMESTAMP ON UPDATE CURRENT_TIMESTAMP,
  PRIMARY KEY (`rowid`),
  KEY `fk_code_type_resource_idx` (`fk_code_type_resource`)
) ENGINE=InnoDB DEFAULT CHARSET=latin1 COLLATE=latin1_general_ci;

--
-- Dumping data for table `llx_resource`
--
LOCK TABLES `llx_resource` WRITE;
ALTER TABLE `llx_resource` DISABLE KEYS;
ALTER TABLE `llx_resource` ENABLE KEYS;
UNLOCK TABLES;




--
-- Table structure for table `llx_rights_def`
--
DROP TABLE IF EXISTS `llx_rights_def`;
CREATE TABLE `llx_rights_def` (
  `id` int(11) NOT NULL,
  `libelle` varchar(255) COLLATE latin1_general_ci DEFAULT NULL,
  `module` varchar(64) COLLATE latin1_general_ci DEFAULT NULL,
  `entity` int(11) NOT NULL DEFAULT '1',
  `perms` varchar(50) COLLATE latin1_general_ci DEFAULT NULL,
  `subperms` varchar(50) COLLATE latin1_general_ci DEFAULT NULL,
  `type` varchar(1) COLLATE latin1_general_ci DEFAULT NULL,
  `bydefault` tinyint(4) DEFAULT '0',
  PRIMARY KEY (`id`,`entity`)
) ENGINE=InnoDB DEFAULT CHARSET=latin1 COLLATE=latin1_general_ci;

--
-- Dumping data for table `llx_rights_def`
--
LOCK TABLES `llx_rights_def` WRITE;
ALTER TABLE `llx_rights_def` DISABLE KEYS;
INSERT INTO `llx_rights_def` VALUES (11,'Lire les factures','facture',1,'lire',NULL,'a',1);
INSERT INTO `llx_rights_def` VALUES (12,'Creer/modifier les factures','facture',1,'creer',NULL,'a',0);
INSERT INTO `llx_rights_def` VALUES (13,'Dévalider les factures','facture',1,'invoice_advance','unvalidate','a',0);
INSERT INTO `llx_rights_def` VALUES (14,'Valider les factures','facture',1,'invoice_advance','validate','a',0);
INSERT INTO `llx_rights_def` VALUES (15,'Envoyer les factures par mail','facture',1,'invoice_advance','send','a',0);
INSERT INTO `llx_rights_def` VALUES (16,'Emettre des paiements sur les factures','facture',1,'paiement',NULL,'a',0);
INSERT INTO `llx_rights_def` VALUES (19,'Supprimer les factures','facture',1,'supprimer',NULL,'a',0);
INSERT INTO `llx_rights_def` VALUES (21,'Lire les propositions commerciales','propale',1,'lire',NULL,'r',1);
INSERT INTO `llx_rights_def` VALUES (22,'Creer/modifier les propositions commerciales','propale',1,'creer',NULL,'w',0);
INSERT INTO `llx_rights_def` VALUES (24,'Valider les propositions commerciales','propale',1,'propal_advance','validate','d',0);
INSERT INTO `llx_rights_def` VALUES (25,'Envoyer les propositions commerciales aux clients','propale',1,'propal_advance','send','d',0);
INSERT INTO `llx_rights_def` VALUES (26,'Cloturer les propositions commerciales','propale',1,'cloturer',NULL,'d',0);
INSERT INTO `llx_rights_def` VALUES (27,'Supprimer les propositions commerciales','propale',1,'supprimer',NULL,'d',0);
INSERT INTO `llx_rights_def` VALUES (28,'Exporter les propositions commerciales et attributs','propale',1,'export',NULL,'r',0);
INSERT INTO `llx_rights_def` VALUES (41,'Read projects and tasks (shared projects or projects I am contact for). Can also enter time consumed on assigned tasks (timesheet)','projet',1,'lire',NULL,'r',1);
INSERT INTO `llx_rights_def` VALUES (42,'Create/modify projects and tasks (shared projects or projects I am contact for)','projet',1,'creer',NULL,'w',0);
INSERT INTO `llx_rights_def` VALUES (44,'Delete project and tasks (shared projects or projects I am contact for)','projet',1,'supprimer',NULL,'d',0);
INSERT INTO `llx_rights_def` VALUES (45,'Export projects','projet',1,'export',NULL,'d',0);
INSERT INTO `llx_rights_def` VALUES (61,'Lire les fiches d\'intervention','ficheinter',1,'lire',NULL,'r',1);
INSERT INTO `llx_rights_def` VALUES (62,'Creer/modifier les fiches d\'intervention','ficheinter',1,'creer',NULL,'w',0);
INSERT INTO `llx_rights_def` VALUES (64,'Supprimer les fiches d\'intervention','ficheinter',1,'supprimer',NULL,'d',0);
INSERT INTO `llx_rights_def` VALUES (67,'Exporter les fiches interventions','ficheinter',1,'export',NULL,'r',0);
INSERT INTO `llx_rights_def` VALUES (68,'Envoyer les fiches d\'intervention par courriel','ficheinter',1,'ficheinter_advance','send','r',0);
INSERT INTO `llx_rights_def` VALUES (71,'Read members\' card','adherent',1,'lire',NULL,'r',1);
INSERT INTO `llx_rights_def` VALUES (72,'Create/modify members (need also user module permissions if member linked to a user)','adherent',1,'creer',NULL,'w',0);
INSERT INTO `llx_rights_def` VALUES (74,'Remove members','adherent',1,'supprimer',NULL,'d',0);
INSERT INTO `llx_rights_def` VALUES (75,'Setup types of membership','adherent',1,'configurer',NULL,'w',0);
INSERT INTO `llx_rights_def` VALUES (76,'Export members','adherent',1,'export',NULL,'r',0);
INSERT INTO `llx_rights_def` VALUES (78,'Read subscriptions','adherent',1,'cotisation','lire','r',1);
INSERT INTO `llx_rights_def` VALUES (79,'Create/modify/remove subscriptions','adherent',1,'cotisation','creer','w',0);
INSERT INTO `llx_rights_def` VALUES (81,'Lire les commandes clients','commande',1,'lire',NULL,'r',1);
INSERT INTO `llx_rights_def` VALUES (82,'Creer/modifier les commandes clients','commande',1,'creer',NULL,'w',0);
INSERT INTO `llx_rights_def` VALUES (84,'Valider les commandes clients','commande',1,'order_advance','validate','d',0);
INSERT INTO `llx_rights_def` VALUES (86,'Envoyer les commandes clients','commande',1,'order_advance','send','d',0);
INSERT INTO `llx_rights_def` VALUES (87,'Cloturer les commandes clients','commande',1,'cloturer',NULL,'d',0);
INSERT INTO `llx_rights_def` VALUES (88,'Annuler les commandes clients','commande',1,'order_advance','annuler','d',0);
INSERT INTO `llx_rights_def` VALUES (89,'Supprimer les commandes clients','commande',1,'supprimer',NULL,'d',0);
INSERT INTO `llx_rights_def` VALUES (91,'Lire les charges','tax',1,'charges','lire','r',1);
INSERT INTO `llx_rights_def` VALUES (92,'Creer/modifier les charges','tax',1,'charges','creer','w',0);
INSERT INTO `llx_rights_def` VALUES (93,'Supprimer les charges','tax',1,'charges','supprimer','d',0);
INSERT INTO `llx_rights_def` VALUES (94,'Exporter les charges','tax',1,'charges','export','r',0);
INSERT INTO `llx_rights_def` VALUES (95,'Lire CA, bilans, resultats','compta',1,'resultat','lire','r',1);
INSERT INTO `llx_rights_def` VALUES (111,'Lire les comptes bancaires','banque',1,'lire',NULL,'r',1);
INSERT INTO `llx_rights_def` VALUES (112,'Creer/modifier montant/supprimer ecriture bancaire','banque',1,'modifier',NULL,'w',0);
INSERT INTO `llx_rights_def` VALUES (113,'Configurer les comptes bancaires (creer, gerer categories)','banque',1,'configurer',NULL,'a',0);
INSERT INTO `llx_rights_def` VALUES (114,'Rapprocher les ecritures bancaires','banque',1,'consolidate',NULL,'w',0);
INSERT INTO `llx_rights_def` VALUES (115,'Exporter transactions et releves','banque',1,'export',NULL,'r',0);
INSERT INTO `llx_rights_def` VALUES (116,'Virements entre comptes','banque',1,'transfer',NULL,'w',0);
INSERT INTO `llx_rights_def` VALUES (117,'Gerer les envois de cheques','banque',1,'cheque',NULL,'w',0);
INSERT INTO `llx_rights_def` VALUES (121,'Lire les societes','societe',1,'lire',NULL,'r',1);
INSERT INTO `llx_rights_def` VALUES (122,'Creer modifier les societes','societe',1,'creer',NULL,'w',0);
INSERT INTO `llx_rights_def` VALUES (125,'Supprimer les societes','societe',1,'supprimer',NULL,'d',0);
INSERT INTO `llx_rights_def` VALUES (126,'Exporter les societes','societe',1,'export',NULL,'r',0);
INSERT INTO `llx_rights_def` VALUES (141,'Read all projects and tasks (also private projects I am not contact for)','projet',1,'all','lire','r',0);
INSERT INTO `llx_rights_def` VALUES (142,'Create/modify all projects and tasks (also private projects I am not contact for)','projet',1,'all','creer','w',0);
INSERT INTO `llx_rights_def` VALUES (144,'Delete all projects and tasks (also private projects I am not contact for)','projet',1,'all','supprimer','d',0);
INSERT INTO `llx_rights_def` VALUES (151,'Read withdrawals','prelevement',1,'bons','lire','r',1);
INSERT INTO `llx_rights_def` VALUES (152,'Create/modify a withdrawals','prelevement',1,'bons','creer','w',0);
INSERT INTO `llx_rights_def` VALUES (153,'Send withdrawals to bank','prelevement',1,'bons','send','a',0);
INSERT INTO `llx_rights_def` VALUES (154,'credit/refuse withdrawals','prelevement',1,'bons','credit','a',0);
INSERT INTO `llx_rights_def` VALUES (221,'Consulter les mailings','mailing',1,'lire',NULL,'r',1);
INSERT INTO `llx_rights_def` VALUES (222,'Creer/modifier les mailings (sujet, destinataires...)','mailing',1,'creer',NULL,'w',0);
INSERT INTO `llx_rights_def` VALUES (223,'Valider les mailings (permet leur envoi)','mailing',1,'valider',NULL,'w',0);
INSERT INTO `llx_rights_def` VALUES (229,'Supprimer les mailings','mailing',1,'supprimer',NULL,'d',0);
INSERT INTO `llx_rights_def` VALUES (237,'View recipients and info','mailing',1,'mailing_advance','recipient','r',0);
INSERT INTO `llx_rights_def` VALUES (238,'Manually send mailings','mailing',1,'mailing_advance','send','w',0);
INSERT INTO `llx_rights_def` VALUES (239,'Delete mailings after validation and/or sent','mailing',1,'mailing_advance','delete','d',0);
INSERT INTO `llx_rights_def` VALUES (241,'Lire les categories','categorie',1,'lire',NULL,'r',1);
INSERT INTO `llx_rights_def` VALUES (242,'Creer/modifier les categories','categorie',1,'creer',NULL,'w',0);
INSERT INTO `llx_rights_def` VALUES (243,'Supprimer les categories','categorie',1,'supprimer',NULL,'d',0);
INSERT INTO `llx_rights_def` VALUES (251,'Consulter les autres utilisateurs','user',1,'user','lire','r',0);
INSERT INTO `llx_rights_def` VALUES (252,'Consulter les permissions des autres utilisateurs','user',1,'user_advance','readperms','r',0);
INSERT INTO `llx_rights_def` VALUES (253,'Creer/modifier utilisateurs internes et externes','user',1,'user','creer','w',0);
INSERT INTO `llx_rights_def` VALUES (254,'Creer/modifier utilisateurs externes seulement','user',1,'user_advance','write','w',0);
INSERT INTO `llx_rights_def` VALUES (255,'Modifier le mot de passe des autres utilisateurs','user',1,'user','password','w',0);
INSERT INTO `llx_rights_def` VALUES (256,'Supprimer ou desactiver les autres utilisateurs','user',1,'user','supprimer','d',0);
INSERT INTO `llx_rights_def` VALUES (262,'Consulter tous les tiers par utilisateurs internes (sinon uniquement si contact commercial). Non effectif pour utilisateurs externes (tjs limités à eux-meme).','societe',1,'client','voir','r',1);
INSERT INTO `llx_rights_def` VALUES (281,'Lire les contacts','societe',1,'contact','lire','r',1);
INSERT INTO `llx_rights_def` VALUES (282,'Creer modifier les contacts','societe',1,'contact','creer','w',0);
INSERT INTO `llx_rights_def` VALUES (283,'Supprimer les contacts','societe',1,'contact','supprimer','d',0);
INSERT INTO `llx_rights_def` VALUES (286,'Exporter les contacts','societe',1,'contact','export','d',0);
INSERT INTO `llx_rights_def` VALUES (331,'Lire les bookmarks','bookmark',1,'lire',NULL,'r',1);
INSERT INTO `llx_rights_def` VALUES (332,'Creer/modifier les bookmarks','bookmark',1,'creer',NULL,'r',1);
INSERT INTO `llx_rights_def` VALUES (333,'Supprimer les bookmarks','bookmark',1,'supprimer',NULL,'r',1);
INSERT INTO `llx_rights_def` VALUES (341,'Consulter ses propres permissions','user',1,'self_advance','readperms','r',1);
INSERT INTO `llx_rights_def` VALUES (342,'Creer/modifier ses propres infos utilisateur','user',1,'self','creer','w',1);
INSERT INTO `llx_rights_def` VALUES (343,'Modifier son propre mot de passe','user',1,'self','password','w',1);
INSERT INTO `llx_rights_def` VALUES (344,'Modifier ses propres permissions','user',1,'self_advance','writeperms','w',1);
INSERT INTO `llx_rights_def` VALUES (351,'Consulter les groupes','user',1,'group_advance','read','r',0);
INSERT INTO `llx_rights_def` VALUES (352,'Consulter les permissions des groupes','user',1,'group_advance','readperms','r',0);
INSERT INTO `llx_rights_def` VALUES (353,'Creer/modifier les groupes et leurs permissions','user',1,'group_advance','write','w',0);
INSERT INTO `llx_rights_def` VALUES (354,'Supprimer ou desactiver les groupes','user',1,'group_advance','delete','d',0);
INSERT INTO `llx_rights_def` VALUES (358,'Exporter les utilisateurs','user',1,'user','export','r',0);
INSERT INTO `llx_rights_def` VALUES (510,'Read salaries','salaries',1,'read',NULL,'r',0);
INSERT INTO `llx_rights_def` VALUES (512,'Create/modify salaries','salaries',1,'write',NULL,'w',0);
INSERT INTO `llx_rights_def` VALUES (514,'Delete salaries','salaries',1,'delete',NULL,'d',0);
INSERT INTO `llx_rights_def` VALUES (517,'Export salaries','salaries',1,'export',NULL,'r',0);
INSERT INTO `llx_rights_def` VALUES (531,'Lire les services','service',1,'lire',NULL,'r',1);
INSERT INTO `llx_rights_def` VALUES (532,'Creer/modifier les services','service',1,'creer',NULL,'w',0);
INSERT INTO `llx_rights_def` VALUES (534,'Supprimer les services','service',1,'supprimer',NULL,'d',0);
INSERT INTO `llx_rights_def` VALUES (538,'Exporter les services','service',1,'export',NULL,'r',0);
INSERT INTO `llx_rights_def` VALUES (701,'Lire les dons','don',1,'lire',NULL,'r',1);
INSERT INTO `llx_rights_def` VALUES (702,'Creer/modifier les dons','don',1,'creer',NULL,'w',0);
INSERT INTO `llx_rights_def` VALUES (703,'Supprimer les dons','don',1,'supprimer',NULL,'d',0);
INSERT INTO `llx_rights_def` VALUES (771,'Read expense reports (yours and your subordinates)','expensereport',1,'lire',NULL,'r',1);
INSERT INTO `llx_rights_def` VALUES (772,'Create/modify expense reports','expensereport',1,'creer',NULL,'w',0);
INSERT INTO `llx_rights_def` VALUES (773,'Delete expense reports','expensereport',1,'supprimer',NULL,'d',0);
INSERT INTO `llx_rights_def` VALUES (774,'Read all expense reports','expensereport',1,'readall',NULL,'r',1);
INSERT INTO `llx_rights_def` VALUES (775,'Approve expense reports','expensereport',1,'approve',NULL,'w',0);
INSERT INTO `llx_rights_def` VALUES (776,'Pay expense reports','expensereport',1,'to_paid',NULL,'w',0);
INSERT INTO `llx_rights_def` VALUES (779,'Export expense reports','expensereport',1,'export',NULL,'r',0);
INSERT INTO `llx_rights_def` VALUES (1181,'Consulter les fournisseurs','fournisseur',1,'lire',NULL,'r',1);
INSERT INTO `llx_rights_def` VALUES (1182,'Consulter les commandes fournisseur','fournisseur',1,'commande','lire','r',1);
INSERT INTO `llx_rights_def` VALUES (1183,'Creer une commande fournisseur','fournisseur',1,'commande','creer','w',0);
INSERT INTO `llx_rights_def` VALUES (1184,'Valider une commande fournisseur','fournisseur',1,'supplier_order_advance','validate','w',0);
INSERT INTO `llx_rights_def` VALUES (1185,'Approuver une commande fournisseur','fournisseur',1,'commande','approuver','w',0);
INSERT INTO `llx_rights_def` VALUES (1186,'Commander une commande fournisseur','fournisseur',1,'commande','commander','w',0);
INSERT INTO `llx_rights_def` VALUES (1187,'Receptionner une commande fournisseur','fournisseur',1,'commande','receptionner','d',0);
INSERT INTO `llx_rights_def` VALUES (1188,'Supprimer une commande fournisseur','fournisseur',1,'commande','supprimer','d',0);
INSERT INTO `llx_rights_def` VALUES (1189,'Check/Uncheck a supplier order reception','fournisseur',1,'commande_advance','check','w',0);
INSERT INTO `llx_rights_def` VALUES (1201,'Lire les exports','export',1,'lire',NULL,'r',1);
INSERT INTO `llx_rights_def` VALUES (1202,'Creer/modifier un export','export',1,'creer',NULL,'w',0);
INSERT INTO `llx_rights_def` VALUES (1231,'Consulter les factures fournisseur','fournisseur',1,'facture','lire','r',1);
INSERT INTO `llx_rights_def` VALUES (1232,'Creer une facture fournisseur','fournisseur',1,'facture','creer','w',0);
INSERT INTO `llx_rights_def` VALUES (1233,'Valider une facture fournisseur','fournisseur',1,'supplier_invoice_advance','validate','w',0);
INSERT INTO `llx_rights_def` VALUES (1234,'Supprimer une facture fournisseur','fournisseur',1,'facture','supprimer','d',0);
INSERT INTO `llx_rights_def` VALUES (1235,'Envoyer les factures par mail','fournisseur',1,'supplier_invoice_advance','send','a',0);
INSERT INTO `llx_rights_def` VALUES (1236,'Exporter les factures fournisseurs, attributs et reglements','fournisseur',1,'facture','export','r',0);
INSERT INTO `llx_rights_def` VALUES (1237,'Exporter les commande fournisseurs, attributs','fournisseur',1,'commande','export','r',0);
INSERT INTO `llx_rights_def` VALUES (1251,'Run mass imports of external data (data load)','import',1,'run',NULL,'r',0);
INSERT INTO `llx_rights_def` VALUES (1321,'Exporter les factures clients, attributs et reglements','facture',1,'facture','export','r',0);
INSERT INTO `llx_rights_def` VALUES (1421,'Exporter les commandes clients et attributs','commande',1,'commande','export','r',0);
INSERT INTO `llx_rights_def` VALUES (2401,'Read actions/tasks linked to his account','agenda',1,'myactions','read','r',1);
INSERT INTO `llx_rights_def` VALUES (2402,'Create/modify actions/tasks linked to his account','agenda',1,'myactions','create','w',0);
INSERT INTO `llx_rights_def` VALUES (2403,'Delete actions/tasks linked to his account','agenda',1,'myactions','delete','w',0);
INSERT INTO `llx_rights_def` VALUES (2411,'Read actions/tasks of others','agenda',1,'allactions','read','r',0);
INSERT INTO `llx_rights_def` VALUES (2412,'Create/modify actions/tasks of others','agenda',1,'allactions','create','w',0);
INSERT INTO `llx_rights_def` VALUES (2413,'Delete actions/tasks of others','agenda',1,'allactions','delete','w',0);
INSERT INTO `llx_rights_def` VALUES (2414,'Export actions/tasks of others','agenda',1,'export',NULL,'w',0);
INSERT INTO `llx_rights_def` VALUES (2501,'Consulter/Télécharger les documents','ecm',1,'read',NULL,'r',1);
INSERT INTO `llx_rights_def` VALUES (2503,'Soumettre ou supprimer des documents','ecm',1,'upload',NULL,'w',1);
INSERT INTO `llx_rights_def` VALUES (2515,'Administrer les rubriques de documents','ecm',1,'setup',NULL,'w',1);
INSERT INTO `llx_rights_def` VALUES (2801,'Use FTP client in read mode (browse and download only)','ftp',1,'read',NULL,'r',1);
INSERT INTO `llx_rights_def` VALUES (2802,'Use FTP client in write mode (delete or upload files)','ftp',1,'write',NULL,'w',0);
INSERT INTO `llx_rights_def` VALUES (23001,'Read cron jobs','cron',1,'read',NULL,'w',1);
INSERT INTO `llx_rights_def` VALUES (23002,'Create cron Jobs','cron',1,'create',NULL,'w',0);
INSERT INTO `llx_rights_def` VALUES (23003,'Delete cron Jobs','cron',1,'delete',NULL,'w',0);
INSERT INTO `llx_rights_def` VALUES (23004,'Execute cron Jobs','cron',1,'execute',NULL,'w',0);
INSERT INTO `llx_rights_def` VALUES (59001,'Visualiser les marges','margins',1,'liretous',NULL,'r',1);
INSERT INTO `llx_rights_def` VALUES (59002,'Définir les marges','margins',1,'creer',NULL,'w',0);
INSERT INTO `llx_rights_def` VALUES (59003,'Read every user margin','margins',1,'read','all','r',0);
INSERT INTO `llx_rights_def` VALUES (63001,'Read resources','resource',1,'read',NULL,'w',0);
INSERT INTO `llx_rights_def` VALUES (63002,'Create/Modify resources','resource',1,'write',NULL,'w',0);
INSERT INTO `llx_rights_def` VALUES (63003,'Delete resources','resource',1,'delete',NULL,'w',0);
INSERT INTO `llx_rights_def` VALUES (63004,'Link resources','resource',1,'link',NULL,'w',0);
INSERT INTO `llx_rights_def` VALUES (64001,'DirectPrint','printing',1,'read',NULL,'r',1);
INSERT INTO `llx_rights_def` VALUES (577777,'See todoist button','todoist',1,'see',NULL,'w',1);
INSERT INTO `llx_rights_def` VALUES (86100201,'Approver','timesheet',1,'approval','team','w',0);
INSERT INTO `llx_rights_def` VALUES (86100202,'Admin','timesheet',1,'approval','admin','w',0);
ALTER TABLE `llx_rights_def` ENABLE KEYS;
UNLOCK TABLES;




--
-- Table structure for table `llx_societe`
--
DROP TABLE IF EXISTS `llx_societe`;
CREATE TABLE `llx_societe` (
  `rowid` int(11) NOT NULL AUTO_INCREMENT,
  `nom` varchar(128) COLLATE latin1_general_ci DEFAULT NULL,
  `name_alias` varchar(128) COLLATE latin1_general_ci DEFAULT NULL,
  `entity` int(11) NOT NULL DEFAULT '1',
  `ref_ext` varchar(128) COLLATE latin1_general_ci DEFAULT NULL,
  `ref_int` varchar(60) COLLATE latin1_general_ci DEFAULT NULL,
  `statut` tinyint(4) DEFAULT '0',
  `parent` int(11) DEFAULT NULL,
  `tms` timestamp NOT NULL DEFAULT CURRENT_TIMESTAMP ON UPDATE CURRENT_TIMESTAMP,
  `datec` datetime DEFAULT NULL,
  `status` tinyint(4) DEFAULT '1',
  `code_client` varchar(24) COLLATE latin1_general_ci DEFAULT NULL,
  `code_fournisseur` varchar(24) COLLATE latin1_general_ci DEFAULT NULL,
  `code_compta` varchar(24) COLLATE latin1_general_ci DEFAULT NULL,
  `code_compta_fournisseur` varchar(24) COLLATE latin1_general_ci DEFAULT NULL,
  `address` varchar(255) COLLATE latin1_general_ci DEFAULT NULL,
  `zip` varchar(25) COLLATE latin1_general_ci DEFAULT NULL,
  `town` varchar(50) COLLATE latin1_general_ci DEFAULT NULL,
  `fk_departement` int(11) DEFAULT '0',
  `fk_pays` int(11) DEFAULT '0',
  `phone` varchar(20) COLLATE latin1_general_ci DEFAULT NULL,
  `fax` varchar(20) COLLATE latin1_general_ci DEFAULT NULL,
  `url` varchar(255) COLLATE latin1_general_ci DEFAULT NULL,
  `email` varchar(128) COLLATE latin1_general_ci DEFAULT NULL,
  `skype` varchar(255) COLLATE latin1_general_ci DEFAULT NULL,
  `fk_effectif` int(11) DEFAULT '0',
  `fk_typent` int(11) DEFAULT '0',
  `fk_forme_juridique` int(11) DEFAULT '0',
  `fk_currency` varchar(3) COLLATE latin1_general_ci DEFAULT NULL,
  `siren` varchar(128) COLLATE latin1_general_ci DEFAULT NULL,
  `siret` varchar(128) COLLATE latin1_general_ci DEFAULT NULL,
  `ape` varchar(128) COLLATE latin1_general_ci DEFAULT NULL,
  `idprof4` varchar(128) COLLATE latin1_general_ci DEFAULT NULL,
  `idprof5` varchar(128) COLLATE latin1_general_ci DEFAULT NULL,
  `idprof6` varchar(128) COLLATE latin1_general_ci DEFAULT NULL,
  `tva_intra` varchar(20) COLLATE latin1_general_ci DEFAULT NULL,
  `capital` double DEFAULT NULL,
  `fk_stcomm` int(11) NOT NULL DEFAULT '0',
  `note_private` text COLLATE latin1_general_ci,
  `note_public` text COLLATE latin1_general_ci,
  `model_pdf` varchar(255) COLLATE latin1_general_ci DEFAULT NULL,
  `prefix_comm` varchar(5) COLLATE latin1_general_ci DEFAULT NULL,
  `client` tinyint(4) DEFAULT '0',
  `fournisseur` tinyint(4) DEFAULT '0',
  `supplier_account` varchar(32) COLLATE latin1_general_ci DEFAULT NULL,
  `fk_prospectlevel` varchar(12) COLLATE latin1_general_ci DEFAULT NULL,
  `fk_incoterms` int(11) DEFAULT NULL,
  `location_incoterms` varchar(255) COLLATE latin1_general_ci DEFAULT NULL,
  `customer_bad` tinyint(4) DEFAULT '0',
  `customer_rate` double DEFAULT '0',
  `supplier_rate` double DEFAULT '0',
  `fk_user_creat` int(11) DEFAULT NULL,
  `fk_user_modif` int(11) DEFAULT NULL,
  `remise_client` double DEFAULT '0',
  `mode_reglement` tinyint(4) DEFAULT NULL,
  `cond_reglement` tinyint(4) DEFAULT NULL,
  `mode_reglement_supplier` tinyint(4) DEFAULT NULL,
  `cond_reglement_supplier` tinyint(4) DEFAULT NULL,
  `tva_assuj` tinyint(4) DEFAULT '1',
  `localtax1_assuj` tinyint(4) DEFAULT '0',
  `localtax1_value` double(6,3) DEFAULT NULL,
  `localtax2_assuj` tinyint(4) DEFAULT '0',
  `localtax2_value` double(6,3) DEFAULT NULL,
  `barcode` varchar(255) COLLATE latin1_general_ci DEFAULT NULL,
  `fk_barcode_type` int(11) DEFAULT '0',
  `price_level` int(11) DEFAULT NULL,
  `outstanding_limit` double(24,8) DEFAULT NULL,
  `default_lang` varchar(6) COLLATE latin1_general_ci DEFAULT NULL,
  `logo` varchar(255) COLLATE latin1_general_ci DEFAULT NULL,
  `canvas` varchar(32) COLLATE latin1_general_ci DEFAULT NULL,
  `import_key` varchar(14) COLLATE latin1_general_ci DEFAULT NULL,
  `webservices_url` varchar(255) COLLATE latin1_general_ci DEFAULT NULL,
  `webservices_key` varchar(128) COLLATE latin1_general_ci DEFAULT NULL,
  PRIMARY KEY (`rowid`),
  UNIQUE KEY `uk_societe_prefix_comm` (`prefix_comm`,`entity`),
  UNIQUE KEY `uk_societe_code_client` (`code_client`,`entity`),
  UNIQUE KEY `uk_societe_code_fournisseur` (`code_fournisseur`,`entity`),
  UNIQUE KEY `uk_societe_barcode` (`barcode`,`fk_barcode_type`,`entity`),
  KEY `idx_societe_user_creat` (`fk_user_creat`),
  KEY `idx_societe_user_modif` (`fk_user_modif`)
) ENGINE=InnoDB AUTO_INCREMENT=279 DEFAULT CHARSET=latin1 COLLATE=latin1_general_ci;

--
-- Dumping data for table `llx_societe`
--
LOCK TABLES `llx_societe` WRITE;
ALTER TABLE `llx_societe` DISABLE KEYS;
INSERT INTO `llx_societe` VALUES (1,'Dominique Lauwerier','',1,NULL,NULL,0,NULL,'2016-09-06 11:48:38','2016-09-06 10:44:36',1,'CL-1609-000001',NULL,'411CL1609000001',NULL,'1 RUE CENTRALE',80220,'MAISNIERES',87,1,'0322264877',NULL,'www.porclauwerier.fr/','dominique.lauwerier@wanadoo.fr',NULL,1,8,16,NULL,382721033,38272103300027,'0150Z','','','','',NULL,0,NULL,NULL,NULL,NULL,1,0,NULL,NULL,0,NULL,0,0,0,2,2,0,NULL,NULL,NULL,NULL,1,NULL,'0.000',NULL,'0.000',NULL,0,NULL,NULL,NULL,NULL,NULL,NULL,NULL,NULL);
INSERT INTO `llx_societe` VALUES (2,'EARL Gouge','',1,NULL,NULL,0,NULL,'2016-09-06 11:29:44','2016-09-06 11:27:42',1,'CL-1609-000002',NULL,NULL,NULL,'Ferme de l\'Eglise, 11 rue de l\'Eglise',77133,'Féricy.',84,1,'0619427948',NULL,NULL,'earl.gouge@wanadoo.fr',NULL,1,4,16,NULL,'','','','','','','',NULL,3,'Client avec un projet de photovoltaïque à la ferme',NULL,NULL,NULL,2,0,NULL,NULL,0,NULL,0,0,0,2,2,0,NULL,NULL,NULL,NULL,1,NULL,'0.000',NULL,'0.000',NULL,0,NULL,NULL,NULL,NULL,NULL,NULL,NULL,NULL);
INSERT INTO `llx_societe` VALUES (3,'SAS AMDPB','',1,NULL,NULL,0,NULL,'2016-10-01 20:51:58','2016-09-06 11:43:10',1,'CL-1609-000003',NULL,NULL,NULL,'43 RUE PRINCIPALE',57220,'VARIZE',64,1,NULL,NULL,NULL,'sas.amdpb@orange.fr',NULL,1,4,57,NULL,789297553,78929755300016,'3821Z','','','','',168000,2,'Unité de méthanisation à boulay en Moselle<br />\nVisité en mars 2016 par l\'intermédiaire de Nicolas Kalk.<br />\nInstallation en 250kW (à vérifier)<br />\nRecherche à optimiser la performance de l\'installation',NULL,NULL,NULL,2,0,NULL,NULL,0,NULL,0,0,0,2,2,0,NULL,NULL,NULL,NULL,1,NULL,'0.000',NULL,'0.000',NULL,0,NULL,NULL,NULL,NULL,NULL,NULL,NULL,NULL);
INSERT INTO `llx_societe` VALUES (4,'GAEC d\'Anjou','',1,NULL,NULL,0,NULL,'2016-11-08 12:05:03','2016-10-01 21:00:51',1,'CL-1610-000004',NULL,'411CL1610000004',NULL,'FERME D ANJOU',80470,'AILLY SUR SOMME',87,1,'0646301821',NULL,NULL,'gaecdanjou@orange.fr',NULL,1,4,18,NULL,335042602,33504260200011,'0150Z','','','','',487836.86,0,NULL,'Naissance 200 truies<br />\n5500 cochons par an<br />\nChauffage et refroidissement des salles<br />\nForage d\'eau<br />\nVentilation céréales',NULL,NULL,1,0,NULL,NULL,0,NULL,0,0,0,2,2,0,NULL,NULL,NULL,NULL,0,NULL,'0.000',NULL,'0.000',NULL,0,NULL,NULL,NULL,NULL,NULL,NULL,NULL,NULL);
INSERT INTO `llx_societe` VALUES (5,'ENERGEM','',1,NULL,NULL,0,NULL,'2016-10-01 21:55:53','2016-10-01 21:38:33',1,NULL,'FO-1610-000001',NULL,'401FO1610000001','2, place du Pontiffroy - BP 20129',57014,'METZ CEDEX 01',0,1,NULL,NULL,'www.energem.fr',NULL,NULL,4,2,54,NULL,'','','','','','','',50000,0,NULL,NULL,NULL,NULL,0,1,NULL,NULL,0,NULL,0,0,0,2,2,0,NULL,NULL,NULL,NULL,0,NULL,'0.000',NULL,'0.000',NULL,0,NULL,NULL,NULL,'energem_001.jpg',NULL,NULL,NULL,NULL);
INSERT INTO `llx_societe` VALUES (6,'Alterna','',1,NULL,NULL,0,NULL,'2016-10-01 22:18:57','2016-10-01 21:53:14',1,NULL,'FO-1610-000002',NULL,'401FO1610000002','78 avenue Jacques Coeur',86068,'POITIERS',93,1,NULL,NULL,'www.alterna-energie.fr/',NULL,NULL,2,4,57,NULL,'','','','','','','',469870,0,NULL,NULL,NULL,NULL,0,1,NULL,NULL,0,NULL,0,0,0,2,2,0,NULL,NULL,NULL,NULL,1,NULL,'0.000',NULL,'0.000',NULL,0,NULL,NULL,NULL,'LOGO Alterna.jpg',NULL,NULL,NULL,NULL);
INSERT INTO `llx_societe` VALUES (7,'Direct Energie','',1,NULL,NULL,0,NULL,'2016-10-01 21:58:43','2016-10-01 21:58:43',1,NULL,'FO-1610-000003',NULL,'401FO1610000003','2 bis, rue Louis Armand \nCS 51518',75725,'Paris Cedex 15',82,1,NULL,NULL,'www.direct-energie.com/',NULL,NULL,5,0,NULL,NULL,'','','','','','','',4122056.6,0,NULL,NULL,NULL,NULL,0,1,NULL,NULL,0,NULL,0,0,0,2,2,0,NULL,NULL,NULL,NULL,1,NULL,'0.000',NULL,'0.000',NULL,0,NULL,NULL,NULL,'logo-direct-energie.gif',NULL,NULL,NULL,NULL);
INSERT INTO `llx_societe` VALUES (8,'Enercoop','',1,NULL,NULL,0,NULL,'2016-10-01 22:10:48','2016-10-01 22:10:48',1,NULL,'FO-1610-000004',NULL,'401FO1610000004','235 Boulevard Paul Painlevé',59000,'Lille',66,1,NULL,NULL,'npdcpicardie.enercoop.fr',NULL,NULL,1,0,NULL,NULL,'','','3514Z','','','','',33500,0,NULL,NULL,NULL,NULL,0,1,NULL,NULL,0,NULL,0,0,0,2,2,0,NULL,NULL,NULL,NULL,1,NULL,'0.000',NULL,'0.000',NULL,0,NULL,NULL,NULL,'images.jpg',NULL,NULL,NULL,NULL);
INSERT INTO `llx_societe` VALUES (10,'Institut Saint Eloi','',1,NULL,NULL,0,NULL,'2017-04-20 16:20:02','2016-10-14 12:18:47',1,'CL-1610-000005','FO-1701-000019','411CL1610000005','401FO1701000019','36, rue Marcellin Gaudefroy',62452,'BAPAUME',69,1,'0321071420',NULL,'www.institut-sainteloi-bapaume.fr/','bapaume@cneap.fr',NULL,4,5,92,NULL,'','','','','','','',NULL,3,NULL,NULL,NULL,NULL,3,1,NULL,'PL_MEDIUM',0,NULL,0,0,0,2,2,0,7,1,NULL,NULL,1,NULL,'0.000',NULL,'0.000',NULL,0,NULL,NULL,NULL,'Institut Saint-Eloi_RVB.jpg',NULL,NULL,NULL,NULL);
INSERT INTO `llx_societe` VALUES (11,'GAEC HENNUYER','',1,NULL,NULL,0,NULL,'2016-11-27 18:33:26','2016-10-20 18:37:03',1,'CL-1610-000006',NULL,'411CL1610000006',NULL,'198 rue de Parmentier',62850,'Licques',69,1,NULL,NULL,NULL,'gaechennuyer@live.fr',NULL,1,3,NULL,NULL,'','','','','','','',NULL,3,NULL,'projet de méthanisation 100-150kW<br />\nDana ou planête',NULL,NULL,1,0,NULL,NULL,0,NULL,0,0,0,2,2,0,NULL,NULL,NULL,NULL,0,NULL,'0.000',NULL,'0.000',NULL,0,NULL,NULL,NULL,NULL,NULL,NULL,NULL,NULL);
INSERT INTO `llx_societe` VALUES (12,'calipso','Coopérative d\'Ailly le Haut-Clocher / Coopérative de Crécy-en-Ponthieu / Coopérative d\'Oisemont / Cavim / UCAVIM',1,NULL,NULL,0,NULL,'2017-04-04 15:12:19','2016-11-02 14:40:57',1,'CL-1704-000075',NULL,'411CL1704000075',NULL,'86 Boulevard de la République',80101,'Abbeville',87,1,'0322193707 / 0322313',NULL,'www.calipso-agri.fr','abbeville@calipso-agri.fr',NULL,NULL,0,NULL,NULL,'','','','','','','',NULL,0,'fusion en 2008 :<br />\nCoopérative d\'Ailly le Haut-Clocher / Coopérative de Crécy-en-Ponthieu / Coopérative d\'Oisemont / Cavim / UCAVIM',NULL,NULL,NULL,2,0,NULL,NULL,0,NULL,0,0,0,1,2,0,NULL,NULL,NULL,NULL,1,NULL,'0.000',NULL,'0.000',NULL,0,NULL,NULL,NULL,NULL,NULL,NULL,NULL,NULL);
INSERT INTO `llx_societe` VALUES (13,'SCA DE MILLY-SUR-THERAIN','',1,NULL,NULL,0,NULL,'2017-04-04 15:08:14','2016-11-02 14:53:59',1,'CL-1704-000070',NULL,'411CL1704000070',NULL,'7 rue de la Briqueterie',60112,'MILLY-SUR-THERAIN',67,1,'0344810019',NULL,'coopmilly.fr','contact@coopmilly.fr',NULL,NULL,0,NULL,NULL,'','','','','','','',NULL,0,NULL,NULL,NULL,NULL,2,0,NULL,NULL,0,NULL,0,0,0,1,2,0,NULL,NULL,NULL,NULL,1,NULL,'0.000',NULL,'0.000',NULL,0,NULL,NULL,NULL,NULL,NULL,NULL,NULL,NULL);
INSERT INTO `llx_societe` VALUES (14,'Cobevial','',1,NULL,NULL,0,NULL,'2017-04-10 15:14:40','2016-11-02 16:36:31',1,'CL-1611-000007',NULL,'411CL1611000007',NULL,'51 rue Sully\nCS 81604',80016,'AMIENS CEDEX 1',87,1,'0322515305',NULL,'www.cobevial.fr',NULL,NULL,NULL,3,NULL,NULL,'','','','','','','',NULL,1,NULL,NULL,NULL,NULL,2,0,NULL,NULL,0,NULL,0,0,0,2,2,0,NULL,NULL,NULL,NULL,1,NULL,'0.000',NULL,'0.000',NULL,0,NULL,NULL,NULL,'Piece jointe sans titre 00271.jpg',NULL,NULL,NULL,NULL);
INSERT INTO `llx_societe` VALUES (15,'Unéal','',1,NULL,NULL,0,NULL,'2017-04-04 14:59:23','2016-11-03 09:54:28',1,'CL-1704-000068',NULL,'411CL1704000068',NULL,'1, rue Marcel Leblanc',62054,'Saint-Laurent-Blangy',67,1,'0321237474',NULL,'uneal.com',NULL,NULL,NULL,0,NULL,NULL,'','','','','','','',NULL,0,NULL,NULL,NULL,NULL,2,0,NULL,NULL,0,NULL,0,0,0,1,2,0,NULL,NULL,NULL,NULL,1,NULL,'0.000',NULL,'0.000',NULL,0,NULL,NULL,NULL,NULL,NULL,NULL,NULL,NULL);
INSERT INTO `llx_societe` VALUES (16,'Cap seine','',1,NULL,NULL,0,NULL,'2017-04-04 15:11:42','2016-11-03 09:59:27',1,'CL-1704-000074',NULL,'411CL1704000074',NULL,'16, rue Georges Charpak',76134,'Mont Saint Aignan',83,1,'0235123512',NULL,'www.capseine.coop',NULL,NULL,NULL,0,NULL,NULL,'','','','','','','',NULL,0,NULL,NULL,NULL,NULL,2,0,NULL,NULL,0,NULL,0,0,0,1,2,0,NULL,NULL,NULL,NULL,1,NULL,'0.000',NULL,'0.000',NULL,0,NULL,NULL,NULL,NULL,NULL,NULL,NULL,NULL);
INSERT INTO `llx_societe` VALUES (17,'FN3PT/RD3PT','',1,NULL,NULL,0,NULL,'2016-11-03 10:06:45','2016-11-03 10:04:16',1,NULL,NULL,NULL,NULL,'43-45 rue de Naples',75008,'PARIS',82,1,'0144694260',NULL,'plantdepommedeterre.org/','fnpppt@plantdepommedeterre.org',NULL,NULL,0,NULL,NULL,'','','','','','','',NULL,0,'Contact 03/11/2016 de Bernard QUERE (Directeur idf) par linkedin ',NULL,NULL,NULL,0,0,NULL,NULL,0,NULL,0,0,0,1,1,0,NULL,NULL,NULL,NULL,1,NULL,'0.000',NULL,'0.000',NULL,0,NULL,NULL,NULL,NULL,NULL,NULL,NULL,NULL);
INSERT INTO `llx_societe` VALUES (18,'NORIAP','',1,NULL,NULL,0,NULL,'2017-04-04 15:09:10','2016-11-03 10:29:49',1,'CL-1704-000072',NULL,'411CL1704000072',NULL,'22 bd Michel Strogoff\nPôle Jules Verne - Secteur 2',80440,'BOVES',87,1,'0322504444',NULL,'www.noriap.com/','communication@noriap.fr',NULL,NULL,0,NULL,NULL,'','','','','','','',NULL,0,NULL,NULL,NULL,NULL,2,0,NULL,NULL,0,NULL,0,0,0,1,2,0,NULL,NULL,NULL,NULL,1,NULL,'0.000',NULL,'0.000',NULL,0,NULL,NULL,NULL,NULL,NULL,NULL,NULL,NULL);
INSERT INTO `llx_societe` VALUES (19,'Sana Terra','',1,NULL,NULL,0,NULL,'2017-04-04 15:08:40','2016-11-03 10:34:35',1,'CL-1704-000071',NULL,'411CL1704000071',NULL,'22 bis rue du 14 juillet',80170,'Rosières-en-Santerre',87,1,'0322880373',NULL,'www.sanaterra.fr/','contact@sanaterra.fr',NULL,NULL,0,NULL,NULL,'','','','','','','',NULL,0,NULL,NULL,NULL,NULL,2,0,NULL,NULL,0,NULL,0,0,0,1,2,0,NULL,NULL,NULL,NULL,1,NULL,'0.000',NULL,'0.000',NULL,0,NULL,NULL,NULL,NULL,NULL,NULL,NULL,NULL);
INSERT INTO `llx_societe` VALUES (20,'Acolyance','',1,NULL,NULL,0,NULL,'2017-04-10 15:12:56','2016-11-03 10:37:39',1,'CL-1704-000077',NULL,'411CL1704000077',NULL,'16, bvd du Val de Vesle',51684,'Reims',58,1,'0326857570',NULL,'acolyance.fr','contact@acolyance.fr',NULL,NULL,0,NULL,NULL,'','','','','','','',NULL,-1,NULL,NULL,NULL,NULL,2,0,NULL,NULL,0,NULL,0,0,0,1,2,0,NULL,NULL,NULL,NULL,1,NULL,'0.000',NULL,'0.000',NULL,0,NULL,NULL,NULL,NULL,NULL,NULL,NULL,NULL);
INSERT INTO `llx_societe` VALUES (21,'CFA Canappeville','',1,NULL,NULL,0,NULL,'2017-04-04 15:10:33','2016-11-03 10:58:54',1,'CL-1704-000073',NULL,'411CL1704000073',NULL,'CFA-CPSE 3 Les Landes',27400,'CANAPPEVILLE',34,1,'0232505171',NULL,'www.cfa-cpse-canappeville.fr/','cpse.canappeville@wanadoo.fr',NULL,NULL,0,NULL,NULL,'','','','','','','',NULL,0,'Contact par mail le 03/11/2016 par julien',NULL,NULL,NULL,2,0,NULL,NULL,0,NULL,0,0,0,1,2,0,NULL,NULL,NULL,NULL,1,NULL,'0.000',NULL,'0.000',NULL,0,NULL,NULL,NULL,NULL,NULL,NULL,NULL,NULL);
INSERT INTO `llx_societe` VALUES (22,'SEC OBJECTIFS','',1,NULL,NULL,0,NULL,'2016-11-03 11:20:35','2016-11-03 11:20:35',1,NULL,'FO-1611-000005',NULL,'401FO1611000005','7 rue du Musée',60000,'BEAUVAIS',67,1,'0344484454',NULL,NULL,'sec-objectIfs@wanadoo.fr',NULL,2,0,NULL,NULL,'','','','','','','',NULL,0,NULL,NULL,NULL,NULL,0,1,NULL,NULL,0,NULL,0,0,0,2,2,0,NULL,NULL,NULL,NULL,1,NULL,'0.000',NULL,'0.000',NULL,0,NULL,NULL,NULL,'logofull_962128.png',NULL,NULL,NULL,NULL);
INSERT INTO `llx_societe` VALUES (23,'MMA Beauvais','',1,NULL,NULL,0,NULL,'2016-11-03 11:33:02','2016-11-03 11:33:02',1,NULL,'FO-1611-000006',NULL,'401FO1611000006','3 RUE DESGROUX BOITE POSTALE 80439',60004,'BEAUVAIS',67,1,'0344480421',NULL,NULL,NULL,NULL,1,0,NULL,NULL,'','','','','','','',NULL,0,NULL,NULL,NULL,NULL,0,1,NULL,NULL,0,NULL,0,0,0,2,2,0,NULL,NULL,NULL,NULL,1,NULL,'0.000',NULL,'0.000',NULL,0,NULL,NULL,NULL,NULL,NULL,NULL,NULL,NULL);
INSERT INTO `llx_societe` VALUES (24,'CREDIT AGRICOLE MERU','',1,NULL,NULL,0,NULL,'2016-11-03 11:44:54','2016-11-03 11:44:27',1,NULL,'FO-1611-000007',NULL,'401FO1611000007','15 PLACE HOTEL DE VILLE',60110,'MERU',67,1,'0344526100',NULL,NULL,NULL,NULL,3,0,NULL,NULL,'','','','','','','',NULL,0,NULL,NULL,NULL,NULL,0,1,NULL,NULL,0,NULL,0,0,0,2,2,0,NULL,NULL,NULL,NULL,1,NULL,'0.000',NULL,'0.000',NULL,0,NULL,NULL,NULL,'logo_creditagricole_V16.png',NULL,NULL,NULL,NULL);
INSERT INTO `llx_societe` VALUES (25,'GAEC Des Croisettes','',1,NULL,NULL,0,NULL,'2016-11-08 11:04:51','2016-11-08 10:58:27',1,'CL-1611-000008',NULL,'411CL1611000008',NULL,'1 bis rue des croisettes',80135,'Bussus Bussuel',87,1,NULL,NULL,NULL,NULL,NULL,NULL,3,100,NULL,'','','','','','','',181500,0,NULL,'Provenance : correction des rapports de stage Tle Pro Saint Eloi Bapaume <br />\n245 hectares<br />\n719 000l/an<br />\n ',NULL,NULL,2,0,NULL,'PL_MEDIUM',0,NULL,0,0,0,2,2,0,NULL,NULL,NULL,NULL,1,NULL,'0.000',NULL,'0.000',NULL,0,NULL,NULL,NULL,NULL,NULL,NULL,NULL,NULL);
INSERT INTO `llx_societe` VALUES (26,'GAEC de l\'Argilière','',1,NULL,NULL,0,NULL,'2016-11-08 11:14:57','2016-11-08 11:07:25',1,'CL-1611-000009',NULL,'411CL1611000009',NULL,'23 Grande Rue',80300,'Grandcourt',87,1,NULL,NULL,NULL,NULL,NULL,1,0,100,NULL,'','','','','','','',NULL,0,NULL,'Provenance : Correction rapport de stage Tle Pro Bapaume<br />\nLait, Blé, Pdt (39ha)<br />\nPanneaux solaire 40kW sur batiments stockage matériel<br />\nProgramme PEA (Eau et Agriculture) 2010 <br />\nImplantations d\'arbres et de haies dans ses champs<br />\nPossède un forage<br />\nBonnes relation avec les voisins (CUMA et Entraide)<br />\n<br />\n ',NULL,NULL,2,0,NULL,'PL_HIGH',0,NULL,0,0,0,2,2,0,NULL,NULL,NULL,NULL,1,NULL,'0.000',NULL,'0.000',NULL,0,NULL,NULL,NULL,NULL,NULL,NULL,NULL,NULL);
INSERT INTO `llx_societe` VALUES (27,'Gaec de Viesville','',1,NULL,NULL,0,NULL,'2016-11-08 11:27:59','2016-11-08 11:20:09',1,'CL-1611-000010',NULL,'411CL1611000010',NULL,'13, Rue des Poissonniers',80190,'Nesles',87,1,'0322783847',NULL,NULL,NULL,NULL,1,0,100,NULL,'','','','','','','',NULL,0,NULL,'Provenance : Corretion de rapport Saint Eloi Bapaume<br />\nLa ferme est derrière le manoir<br />\n<br />\nFerme :<br />\n64 Vaches laitières 670 000L/an<br />\nSalle de traite neuve en 2010 <br />\nPlan de performance énergétique <br />\nvariateur de fréquence sur pompe à vide (bruit et énergie)<br />\n ',NULL,NULL,2,0,NULL,'PL_MEDIUM',0,NULL,0,0,0,2,2,0,NULL,NULL,NULL,NULL,1,NULL,'0.000',NULL,'0.000',NULL,0,NULL,NULL,NULL,NULL,NULL,NULL,NULL,NULL);
INSERT INTO `llx_societe` VALUES (28,'EARL AMBEZA','',1,NULL,NULL,0,NULL,'2016-11-08 11:37:47','2016-11-08 11:35:56',1,'CL-1611-000011',NULL,'411CL1611000011',NULL,'18 rue principale',62760,'Coin',69,1,NULL,NULL,NULL,NULL,NULL,NULL,0,NULL,NULL,'','','','','','','',NULL,0,NULL,'53 Vaches Laitières<br />\n90 hectares SAU<br />\nRobot de traite<br />\n6-8 jours de foramtion/an',NULL,NULL,2,0,NULL,'PL_MEDIUM',0,NULL,0,0,0,2,2,0,NULL,NULL,NULL,NULL,1,NULL,'0.000',NULL,'0.000',NULL,0,NULL,NULL,NULL,NULL,NULL,NULL,NULL,NULL);
INSERT INTO `llx_societe` VALUES (29,'EARL de l\'Aubépine','',1,NULL,NULL,0,NULL,'2016-11-08 11:45:29','2016-11-08 11:43:47',1,'CL-1611-000012',NULL,'411CL1611000012',NULL,'Rue De Molliens',80540,'Camps-en-Amiénois',87,1,'0322907310',NULL,NULL,NULL,NULL,NULL,0,16,NULL,'','','','','','','',NULL,0,NULL,'64 VL -> 450 000L /an<br />\n213 hectares<br />\n<br />\nProjet de métha en réflexion avec les voisin (EARL du Bonheur)',NULL,NULL,2,0,NULL,'PL_HIGH',0,NULL,0,0,0,2,2,0,NULL,NULL,NULL,NULL,1,NULL,'0.000',NULL,'0.000',NULL,0,NULL,NULL,NULL,NULL,NULL,NULL,NULL,NULL);
INSERT INTO `llx_societe` VALUES (30,'EARL des Hortensias','',1,NULL,NULL,0,NULL,'2016-11-08 11:57:29','2016-11-08 11:57:29',1,'CL-1611-000013',NULL,'411CL1611000013',NULL,'25 rue de Barly',62810,'Fosseux',69,1,NULL,NULL,NULL,NULL,NULL,NULL,0,NULL,NULL,'','','','','','','',NULL,0,NULL,NULL,NULL,NULL,2,0,NULL,NULL,0,NULL,0,0,0,2,2,0,NULL,NULL,NULL,NULL,1,NULL,'0.000',NULL,'0.000',NULL,0,NULL,NULL,NULL,NULL,NULL,NULL,NULL,NULL);
INSERT INTO `llx_societe` VALUES (31,'EARL de la Pierre Blanche','',1,NULL,NULL,0,NULL,'2016-11-28 10:59:53','2016-11-08 12:25:57',1,'CL-1611-000014',NULL,'411CL1611000014',NULL,'LA PIERRE BLANCHE',22170,'PLELO',29,1,NULL,NULL,NULL,NULL,NULL,1,0,NULL,NULL,'','','','','','','',NULL,0,'Femme infirmière<br />\nProjet photovoltaique sur bâtiment neuf servant à stocker de la biomasse et du matériel agricole<br />\nFutur bâtiment prévu pour janvier 2018<br />\nTaille bâtiment : 25 x 16 m<br />\nElevage de porcs <br />\nChaudière biomasse (2016) produit lui même sa biomasse','Contacté le 7/11/2016 pour projet d\'installation photovoltaïque sur batiment neuf',NULL,NULL,2,0,NULL,NULL,0,NULL,0,0,0,2,2,0,NULL,NULL,NULL,NULL,1,NULL,'0.000',NULL,'0.000',NULL,0,NULL,NULL,NULL,NULL,NULL,NULL,NULL,NULL);
INSERT INTO `llx_societe` VALUES (32,'Proxelia','',1,NULL,NULL,0,NULL,'2016-11-08 14:25:53','2016-11-08 14:25:53',1,NULL,'FO-1611-000008',NULL,'401FO1611000008','21 rue des Cordeliers',60200,'COMPIEGNE',67,1,NULL,NULL,NULL,NULL,NULL,NULL,0,NULL,NULL,'','','','','','','',NULL,0,NULL,NULL,NULL,NULL,0,1,NULL,NULL,0,NULL,0,0,0,2,2,0,NULL,NULL,NULL,NULL,1,NULL,'0.000',NULL,'0.000',NULL,0,NULL,NULL,NULL,NULL,NULL,NULL,NULL,NULL);
INSERT INTO `llx_societe` VALUES (33,'COOPERATIVE FRUITIERE LAIT PRAIRIES DU BOULONNAIS','',1,NULL,NULL,0,NULL,'2017-04-04 15:25:07','2016-11-27 18:53:29',1,'CL-1611-000015',NULL,'411CL1611000015',NULL,'48 RUE DU CAMP',62240,'VIEIL MOUTIER',69,1,NULL,NULL,NULL,NULL,NULL,NULL,3,51,NULL,803856608,'','','','','','',NULL,0,NULL,NULL,NULL,NULL,1,0,NULL,NULL,0,NULL,0,0,0,2,2,0,NULL,NULL,NULL,NULL,1,NULL,'0.000',NULL,'0.000',NULL,0,NULL,NULL,NULL,NULL,NULL,NULL,NULL,NULL);
INSERT INTO `llx_societe` VALUES (34,'Chambre d’Agriculture de l’Oise','',1,NULL,NULL,0,NULL,'2017-04-04 15:23:10','2016-11-27 19:12:08',1,'CL-1611-000016',NULL,'411CL1611000016',NULL,'Rue Frère Gagne – BP 40463',60000,'BEAUVAIS Cedex',67,1,NULL,NULL,NULL,NULL,NULL,4,5,NULL,NULL,'','','','','','','',NULL,3,NULL,NULL,NULL,NULL,1,0,NULL,NULL,0,NULL,0,0,0,2,2,0,NULL,NULL,NULL,NULL,1,NULL,'0.000',NULL,'0.000',NULL,0,NULL,NULL,NULL,'hh.png',NULL,NULL,NULL,NULL);
INSERT INTO `llx_societe` VALUES (35,'Julien BILOCQ','Ferme saint Laurent',1,NULL,NULL,0,NULL,'2016-12-15 14:24:59','2016-11-29 08:56:52',1,'CL-1611-000017',NULL,'411CL1611000017',NULL,'rue de metz',57420,'Coin sur seille',64,1,'0664868820',NULL,NULL,'julien.bilocq@hotmail.fr',NULL,NULL,0,NULL,NULL,'','','','','','','',NULL,0,NULL,NULL,NULL,NULL,2,0,NULL,NULL,0,NULL,0,0,0,1,2,0,NULL,NULL,NULL,NULL,1,NULL,'0.000',NULL,'0.000',NULL,0,NULL,NULL,NULL,NULL,NULL,NULL,NULL,NULL);
INSERT INTO `llx_societe` VALUES (36,'Chauvin Arnoux Test & Mesure','',1,NULL,NULL,0,NULL,'2016-12-01 15:10:19','2016-12-01 15:10:19',1,NULL,'FO-1612-000009',NULL,'401FO1612000009','190 rue championnet',75876,'Paris',82,1,NULL,NULL,NULL,NULL,NULL,5,0,57,NULL,'',57207583600013,'','','','','',13387757,0,NULL,NULL,NULL,NULL,0,1,NULL,NULL,0,NULL,0,0,0,2,2,0,NULL,NULL,NULL,NULL,1,NULL,'0.000',NULL,'0.000',NULL,0,NULL,NULL,NULL,NULL,NULL,NULL,NULL,NULL);
INSERT INTO `llx_societe` VALUES (37,'Uniper','',1,NULL,NULL,0,NULL,'2016-12-08 15:16:41','2016-12-08 11:15:34',1,NULL,'FO-1612-000010',NULL,'401FO1612000010','9 rue du Débarcadère',92700,'Colombes',99,1,NULL,NULL,'https://www.uniper-energy.fr',NULL,NULL,4,2,NULL,NULL,'','','','','','','',NULL,0,NULL,'que les différentes informations qui nous sont nécessaires pour répondre à un appel d’offre :<br />\n <br />\n- Le nom et la raison sociale des Prospects composant le lot,<br />\n- L’adresse des sites de consommation,<br />\n- Les informations techniques des sites (En gaz : CAR, Profil, tarif,… et en électricité : PS, tarif, index ou le cas échéant points 10 minutes….)<br />\n- Les noms, fonctions et coordonnées des signataires,<br />\n- La consommation annuelle totale prévisionnelle estimée du lot.<br />\n- Les RAE des sites en électricité et les PCE des sites en GAZ<br />\n- Les SIRET/SIREN de chaque société<br />\n- Les dates de début et fin de fourniture<br />\n- La date de retour des offres et la validité de celles-ci (En électricité : 5 jours ouvrés maximum et en gaz : 10 jours ouvrés maximum), il est à noter que moins la durée de validité est longue, plus l’offre sera compétitive',NULL,NULL,0,1,NULL,NULL,0,NULL,0,0,0,2,2,0,NULL,NULL,NULL,NULL,1,NULL,'0.000',NULL,'0.000',NULL,0,NULL,NULL,NULL,'uniper-twitter.png',NULL,NULL,NULL,NULL);
INSERT INTO `llx_societe` VALUES (38,'EARL Mascaux','',1,NULL,NULL,0,NULL,'2017-04-10 15:15:53','2016-12-12 16:17:21',1,'CL-1612-000018',NULL,'411CL1612000018',NULL,'FERME DU QUESNOY HAVRINCOURT',62147,'HERMIES',69,1,NULL,NULL,NULL,NULL,NULL,1,3,58,NULL,381416833,38141683300014,'0146Z','','','','',NULL,3,NULL,NULL,NULL,NULL,2,0,NULL,NULL,0,NULL,0,0,0,2,2,0,NULL,NULL,NULL,NULL,1,NULL,'0.000',NULL,'0.000',NULL,0,NULL,NULL,NULL,NULL,NULL,NULL,NULL,NULL);
INSERT INTO `llx_societe` VALUES (39,'EARL DENNEQUIN','',1,NULL,NULL,0,NULL,'2017-04-10 15:15:41','2016-12-12 16:24:50',1,'CL-1612-000019',NULL,'411CL1612000019',NULL,'2156 LOON STRAETE',59270,'MERRIS',66,1,NULL,NULL,NULL,NULL,NULL,NULL,0,NULL,NULL,334688777,33468877700013,'0146Z','','','','',NULL,2,NULL,NULL,NULL,NULL,2,0,NULL,NULL,0,NULL,0,0,0,2,2,0,NULL,NULL,NULL,NULL,1,NULL,'0.000',NULL,'0.000',NULL,0,NULL,NULL,NULL,NULL,NULL,NULL,NULL,NULL);
INSERT INTO `llx_societe` VALUES (40,'SCARA FORMATION','',1,NULL,NULL,0,NULL,'2016-12-13 15:05:47','2016-12-13 15:05:47',1,'CL-1612-000020',NULL,'411CL1612000020',NULL,'Immeuble L’Oisans\n81 rue du 1er mars 1943',69100,'Villeurbanne',76,1,NULL,NULL,'www.scaraconseil.fr',NULL,NULL,1,3,57,NULL,'808409 87',80840987400027,'8559A','','','','',1000,0,NULL,NULL,NULL,NULL,2,0,NULL,NULL,0,NULL,0,0,0,2,2,0,NULL,NULL,NULL,NULL,1,NULL,'0.000',NULL,'0.000',NULL,0,NULL,NULL,NULL,NULL,NULL,NULL,NULL,NULL);
INSERT INTO `llx_societe` VALUES (41,'EXPOSIMA','',1,NULL,NULL,0,NULL,'2016-12-15 14:38:30','2016-12-15 14:38:30',1,NULL,'FO-1612-000011',NULL,'401FO1612000011','70 avenue du Général de Gaulle',92058,'Paris La Défense CEDEX',99,1,NULL,NULL,NULL,NULL,NULL,NULL,0,NULL,NULL,'','','','','','','',NULL,0,NULL,NULL,NULL,NULL,0,1,NULL,NULL,0,NULL,0,0,0,2,2,0,NULL,NULL,NULL,NULL,1,NULL,'0.000',NULL,'0.000',NULL,0,NULL,NULL,NULL,NULL,NULL,NULL,NULL,NULL);
INSERT INTO `llx_societe` VALUES (42,'AXMAPRESSE','',1,NULL,NULL,0,NULL,'2016-12-16 17:16:22','2016-12-16 17:16:22',1,NULL,'FO-1612-000012',NULL,'401FO1612000012','103 BOULEVARD DE L OCEAN',44500,'LA BAULE',51,1,NULL,NULL,NULL,NULL,NULL,NULL,0,NULL,NULL,'','','',44824852600031,'','','FR58448248526',NULL,0,NULL,NULL,NULL,NULL,0,1,NULL,NULL,0,NULL,0,0,0,2,2,0,NULL,NULL,NULL,NULL,1,NULL,'0.000',NULL,'0.000',NULL,0,NULL,NULL,NULL,NULL,NULL,NULL,NULL,NULL);
INSERT INTO `llx_societe` VALUES (43,'VISTA PRINT','',1,NULL,NULL,0,NULL,'2016-12-21 20:11:28','2016-12-21 20:11:28',1,NULL,'FO-1612-000013',NULL,'401FO1612000013','',NULL,NULL,0,17,NULL,NULL,NULL,NULL,NULL,NULL,0,NULL,NULL,'','','','','','','',NULL,0,NULL,NULL,NULL,NULL,0,1,NULL,NULL,0,NULL,0,0,0,1,1,0,NULL,NULL,NULL,NULL,1,NULL,'0.000',NULL,'0.000',NULL,0,NULL,NULL,NULL,NULL,NULL,NULL,NULL,NULL);
INSERT INTO `llx_societe` VALUES (44,'ADEME','',1,NULL,NULL,0,NULL,'2017-01-06 20:02:40','2017-01-03 16:52:36',1,'CL-1701-000021',NULL,'411CL1701000021',NULL,'Centre tertiaire de l’arsenal',59500,'DOUAI',0,1,NULL,NULL,NULL,NULL,NULL,NULL,0,NULL,NULL,'','','','','','','',NULL,0,NULL,NULL,NULL,NULL,2,0,NULL,NULL,0,NULL,0,0,0,1,2,0,NULL,NULL,NULL,NULL,1,NULL,'0.000',NULL,'0.000',NULL,0,NULL,NULL,NULL,NULL,NULL,NULL,NULL,NULL);
INSERT INTO `llx_societe` VALUES (45,'Chambre Agriculture de l\'Aisne','',1,NULL,NULL,0,NULL,'2017-03-05 18:10:06','2017-01-06 18:19:37',1,'CL-1701-000022',NULL,'411CL1701000022',NULL,'1 rue René Blondelle','02007','LAON CEDEX',8,1,'0323225050','032323754',NULL,'direction@ma02.org',NULL,2,5,NULL,NULL,'','','','','','','',NULL,0,NULL,NULL,NULL,NULL,1,0,NULL,NULL,0,NULL,0,0,0,2,2,0,NULL,NULL,NULL,NULL,1,NULL,'0.000',NULL,'0.000',NULL,0,NULL,NULL,NULL,'logo_CA_France_RVB.png',NULL,NULL,NULL,NULL);
INSERT INTO `llx_societe` VALUES (46,'SA Tilguit','Intermarché Goincourt',1,NULL,NULL,0,NULL,'2017-01-06 19:29:47','2017-01-06 19:29:47',1,NULL,'FO-1701-000014',NULL,'401FO1701000014','RN31',60000,'Goincourt',67,1,'034414700',NULL,NULL,NULL,NULL,NULL,0,NULL,NULL,'','','','','','','',NULL,0,NULL,NULL,NULL,NULL,0,1,NULL,NULL,0,NULL,0,0,0,2,2,0,NULL,NULL,NULL,NULL,1,NULL,'0.000',NULL,'0.000',NULL,0,NULL,NULL,NULL,NULL,NULL,NULL,NULL,NULL);
INSERT INTO `llx_societe` VALUES (47,'AMAZON EU SARL','',1,NULL,NULL,0,NULL,'2017-01-06 19:34:28','2017-01-06 19:34:28',1,NULL,'FO-1701-000015',NULL,'401FO1701000015','67 Boulevard du General Leclerc',92110,'Clichy',99,1,NULL,NULL,NULL,NULL,NULL,NULL,0,54,NULL,'','','','','','','FR12487773327',NULL,0,NULL,NULL,NULL,NULL,0,1,NULL,NULL,0,NULL,0,0,0,2,2,0,NULL,NULL,NULL,NULL,1,NULL,'0.000',NULL,'0.000',NULL,0,NULL,NULL,NULL,NULL,NULL,NULL,NULL,NULL);
INSERT INTO `llx_societe` VALUES (48,'FACEBOOK','',1,NULL,NULL,0,NULL,'2017-01-10 10:06:03','2017-01-10 10:06:03',1,NULL,'FO-1701-000016',NULL,'401FO1701000016','',NULL,NULL,0,1,NULL,NULL,NULL,NULL,NULL,NULL,0,NULL,NULL,'','','','','','','',NULL,0,NULL,NULL,NULL,NULL,0,1,NULL,NULL,0,NULL,0,0,0,1,1,0,NULL,NULL,NULL,NULL,1,NULL,'0.000',NULL,'0.000',NULL,0,NULL,NULL,NULL,NULL,NULL,NULL,NULL,NULL);
INSERT INTO `llx_societe` VALUES (49,'BEES','Biogaz Europe',1,NULL,NULL,0,NULL,'2017-01-10 17:40:19','2017-01-10 17:40:19',1,NULL,'FO-1701-000017',NULL,'401FO1701000017','29 RUE SAINT SIMON',69009,'Lyon',0,1,NULL,NULL,NULL,NULL,NULL,NULL,0,NULL,NULL,'','','','','','','',NULL,0,NULL,NULL,NULL,NULL,0,1,NULL,NULL,0,NULL,0,0,0,1,1,0,NULL,NULL,NULL,NULL,1,NULL,'0.000',NULL,'0.000',NULL,0,NULL,NULL,NULL,NULL,NULL,NULL,NULL,NULL);
INSERT INTO `llx_societe` VALUES (50,'RUE DU COMMERCE','',1,NULL,NULL,0,NULL,'2017-01-11 13:43:37','2017-01-11 13:43:37',1,NULL,'FO-1701-000018',NULL,'401FO1701000018','',NULL,NULL,0,1,NULL,NULL,NULL,NULL,NULL,NULL,0,NULL,NULL,'','','','','','','',NULL,0,NULL,NULL,NULL,NULL,0,1,NULL,NULL,0,NULL,0,0,0,1,1,0,NULL,NULL,NULL,NULL,1,NULL,'0.000',NULL,'0.000',NULL,0,NULL,NULL,NULL,NULL,NULL,NULL,NULL,NULL);
INSERT INTO `llx_societe` VALUES (51,'auchan','',1,NULL,NULL,0,NULL,'2017-01-20 17:51:27','2017-01-20 17:51:27',1,NULL,'FO-1701-000020',NULL,'401FO1701000020','',NULL,NULL,0,1,NULL,NULL,NULL,NULL,NULL,NULL,0,NULL,NULL,'','','','','','','',NULL,0,NULL,NULL,NULL,NULL,0,1,NULL,NULL,0,NULL,0,0,0,1,1,0,NULL,NULL,NULL,NULL,1,NULL,'0.000',NULL,'0.000',NULL,0,NULL,NULL,NULL,NULL,NULL,NULL,NULL,NULL);
INSERT INTO `llx_societe` VALUES (52,'OVH','',1,NULL,NULL,0,NULL,'2017-01-20 18:22:13','2017-01-20 18:22:13',1,NULL,'FO-1701-000021',NULL,'401FO1701000021','',NULL,NULL,0,1,NULL,NULL,NULL,NULL,NULL,NULL,0,NULL,NULL,'','','','','','','',NULL,0,NULL,NULL,NULL,NULL,0,1,NULL,NULL,0,NULL,0,0,0,1,1,0,NULL,NULL,NULL,NULL,1,NULL,'0.000',NULL,'0.000',NULL,0,NULL,NULL,NULL,NULL,NULL,NULL,NULL,NULL);
INSERT INTO `llx_societe` VALUES (54,'SAS MIGNE BIOMETHANE','',1,NULL,NULL,0,NULL,'2017-03-21 10:55:10','2017-02-11 10:35:41',1,'CL-1702-000023',NULL,'411CL1702000023',NULL,'',86440,'MIGNE AUXANCES',93,1,NULL,NULL,NULL,'cedric.ab@orange.fr',NULL,NULL,0,NULL,NULL,'','','','','','','',NULL,0,NULL,NULL,NULL,NULL,2,0,NULL,NULL,0,NULL,0,0,0,1,2,0,NULL,NULL,NULL,NULL,1,NULL,'0.000',NULL,'0.000',NULL,0,NULL,NULL,NULL,NULL,NULL,NULL,NULL,NULL);
INSERT INTO `llx_societe` VALUES (55,'HP Instant Ink','',1,NULL,NULL,0,NULL,'2017-02-16 13:42:47','2017-02-16 13:42:47',1,NULL,'FO-1702-000022',NULL,'401FO1702000022','1, Aven u e d u C an ad a',91947,'Les U lis',98,1,NULL,NULL,NULL,NULL,NULL,NULL,0,NULL,NULL,'','','','','','','FR25448694133',NULL,0,NULL,NULL,NULL,NULL,0,1,NULL,NULL,0,NULL,0,0,0,2,2,0,NULL,NULL,NULL,NULL,1,NULL,'0.000',NULL,'0.000',NULL,0,NULL,NULL,NULL,NULL,NULL,NULL,NULL,NULL);
INSERT INTO `llx_societe` VALUES (56,'Weenat','',1,NULL,NULL,0,NULL,'2017-03-03 14:09:46','2017-03-03 14:09:46',1,'CL-1703-000024',NULL,'411CL1703000024',NULL,'165 Av. de Bretagne',59000,'Lille',66,1,NULL,NULL,NULL,NULL,NULL,NULL,0,57,NULL,'','','','','','','',NULL,0,NULL,NULL,NULL,NULL,1,0,NULL,NULL,0,NULL,0,0,0,2,2,0,NULL,NULL,NULL,NULL,1,NULL,'0.000',NULL,'0.000',NULL,0,NULL,NULL,NULL,NULL,NULL,NULL,NULL,NULL);
INSERT INTO `llx_societe` VALUES (57,'SMI','',1,NULL,NULL,0,NULL,'2017-03-03 15:37:42','2017-03-03 15:37:42',1,NULL,'FO-1703-000023',NULL,'401FO1703000023','97 rue du général de gaulle',60602,'Clermont',67,1,NULL,NULL,NULL,NULL,NULL,NULL,0,NULL,NULL,'','','','','','','',NULL,0,NULL,NULL,NULL,NULL,0,1,NULL,NULL,0,NULL,0,0,0,2,2,0,NULL,NULL,NULL,NULL,1,NULL,'0.000',NULL,'0.000',NULL,0,NULL,NULL,NULL,NULL,NULL,NULL,NULL,NULL);
INSERT INTO `llx_societe` VALUES (58,'Helloprint','',1,NULL,NULL,0,NULL,'2017-03-05 17:41:18','2017-03-05 17:41:18',1,NULL,'FO-1703-000024',NULL,'401FO1703000024','Les Mercuriales Levant Tower, 40, Rue Jean Jaurès',93170,'Bagnolet',100,1,NULL,NULL,'www.helloprint.fr','bonjour@helloprint.fr',NULL,NULL,0,NULL,NULL,'','','','','','','',NULL,0,NULL,NULL,NULL,NULL,0,1,NULL,NULL,0,NULL,0,0,0,2,2,0,NULL,NULL,NULL,NULL,1,NULL,'0.000',NULL,'0.000',NULL,0,NULL,NULL,NULL,NULL,NULL,NULL,NULL,NULL);
INSERT INTO `llx_societe` VALUES (59,'SARL IN-PRINT','Rollup online',1,NULL,NULL,0,NULL,'2017-03-05 17:48:58','2017-03-05 17:48:58',1,NULL,'FO-1703-000025',NULL,'401FO1703000025','ZI Le Casque\n31 rue Aristide Bergès',31270,'CUGNAUX',38,1,NULL,NULL,NULL,NULL,NULL,NULL,0,NULL,NULL,'','','','','','','',NULL,0,NULL,NULL,NULL,NULL,0,1,NULL,NULL,0,NULL,0,0,0,2,2,0,NULL,NULL,NULL,NULL,1,NULL,'0.000',NULL,'0.000',NULL,0,NULL,NULL,NULL,NULL,NULL,NULL,NULL,NULL);
INSERT INTO `llx_societe` VALUES (60,'Le Parisien','',1,NULL,NULL,0,NULL,'2017-04-02 21:44:03','2017-03-07 13:32:44',1,'CL-1704-000053',NULL,'411CL1704000053',NULL,'',NULL,NULL,0,1,NULL,NULL,NULL,NULL,NULL,NULL,0,NULL,NULL,'','','','','','','',NULL,0,NULL,NULL,NULL,NULL,2,0,NULL,NULL,0,NULL,0,0,0,2,2,0,NULL,NULL,NULL,NULL,1,NULL,'0.000',NULL,'0.000',NULL,0,NULL,NULL,NULL,'telechargement.jpg',NULL,NULL,NULL,NULL);
INSERT INTO `llx_societe` VALUES (61,'EURL Baumont','',1,NULL,NULL,0,NULL,'2017-04-02 21:49:18','2017-03-07 14:10:00',1,'CL-1704-000060',NULL,'411CL1704000060',NULL,'Le bois de la Touche',41160,'Brevainville',48,1,'0254826633',NULL,'www.baumont-eurl.com','baumont.daniel@wanadoo.fr',NULL,NULL,0,NULL,NULL,'','','','','','','',NULL,0,NULL,NULL,NULL,NULL,2,0,NULL,NULL,0,NULL,0,0,0,2,2,0,NULL,NULL,NULL,NULL,1,NULL,'0.000',NULL,'0.000',NULL,0,NULL,NULL,NULL,NULL,NULL,NULL,NULL,NULL);
INSERT INTO `llx_societe` VALUES (62,'Lécalier SARL','',1,NULL,NULL,0,NULL,'2017-03-07 16:07:17','2017-03-07 14:12:11',1,'CL-1703-000025',NULL,'411CL1703000025',NULL,'146 route du chateau',76430,'Sainnneville sur Seine',83,1,'0235303747',NULL,'www.lecalier.com',NULL,NULL,1,0,NULL,NULL,'','','','','','','',NULL,0,NULL,'Production de pomme de terre. Gros consommateur d\'électricité.<br />\nA contacter pour Groupement d\'chat<br />\n7000€/mois d\'électricité',NULL,NULL,2,0,NULL,NULL,0,NULL,0,0,0,2,2,0,NULL,NULL,NULL,NULL,1,NULL,'0.000',NULL,'0.000',NULL,0,NULL,NULL,NULL,NULL,NULL,NULL,NULL,NULL);
INSERT INTO `llx_societe` VALUES (63,'Flandres Oignons','',1,NULL,NULL,0,NULL,'2017-03-07 14:26:02','2017-03-07 14:22:23',1,'CL-1703-000026',NULL,'411CL1703000026',NULL,'3405 RD 916',59380,'Quadypre',66,1,NULL,NULL,'www.flandresoignons.fr',NULL,NULL,NULL,0,NULL,NULL,'','','','','','','',NULL,0,NULL,'<div>Basée dans le Nord de la France, Flandres Oignons produit et transforme principalement des oignons jaunes et rouges ainsi que des échalotes.<br />\nUne marchandise destinée à l’industrie agro-alimentaire<br />\n<br />\n150 k€/ an tarif jaune</div>\n',NULL,NULL,2,0,NULL,NULL,0,NULL,0,0,0,2,2,0,NULL,NULL,NULL,NULL,1,NULL,'0.000',NULL,'0.000',NULL,0,NULL,NULL,NULL,NULL,NULL,NULL,NULL,NULL);
INSERT INTO `llx_societe` VALUES (64,'Ekylibre','',1,NULL,NULL,0,NULL,'2017-03-07 14:40:46','2017-03-07 14:40:46',1,NULL,NULL,NULL,NULL,'',NULL,NULL,0,1,NULL,NULL,'www.ekylibre.com',NULL,NULL,NULL,0,NULL,NULL,'','','','','','','',NULL,0,NULL,NULL,NULL,NULL,0,0,NULL,NULL,0,NULL,0,0,0,2,2,0,NULL,NULL,NULL,NULL,1,NULL,'0.000',NULL,'0.000',NULL,0,NULL,NULL,NULL,NULL,NULL,NULL,NULL,NULL);
INSERT INTO `llx_societe` VALUES (65,'Arnaud Targat','',1,NULL,NULL,0,NULL,'2017-03-07 15:04:04','2017-03-07 14:52:09',1,'CL-1703-000027',NULL,'411CL1703000027',NULL,'',NULL,NULL,0,1,'0662397452',NULL,NULL,'arnaudtargat@yahoo.fr',NULL,1,8,NULL,NULL,'','','','','','','',NULL,0,NULL,'Contacter la marie de loriol sur drème de sa part<br />\nrenovation de piscine et projet de métha',NULL,NULL,2,0,NULL,NULL,0,NULL,0,0,0,2,2,0,NULL,NULL,NULL,NULL,1,NULL,'0.000',NULL,'0.000',NULL,0,NULL,NULL,NULL,NULL,NULL,NULL,NULL,NULL);
INSERT INTO `llx_societe` VALUES (66,'BERTRAND DUBOIS','',1,NULL,NULL,0,NULL,'2017-04-10 15:13:33','2017-03-07 15:15:49',1,'CL-1703-000028',NULL,'411CL1703000028',NULL,'10 RUE DU 11 NOVEMBRE',62580,'FARBUS',69,1,NULL,NULL,NULL,NULL,NULL,1,8,NULL,NULL,'','','','','','','',NULL,1,NULL,'600ha de PDT<br />\nConnais francois avec les carottes<br />\nContacter pour groupement d\'achat',NULL,NULL,2,0,NULL,NULL,0,NULL,0,0,0,2,2,0,NULL,NULL,NULL,NULL,1,NULL,'0.000',NULL,'0.000',NULL,0,NULL,NULL,NULL,NULL,NULL,NULL,NULL,NULL);
INSERT INTO `llx_societe` VALUES (68,'SCEA DE THEUVY','',1,NULL,NULL,0,NULL,'2017-05-15 08:26:54','2017-03-07 15:22:31',1,'CL-1703-000030',NULL,'411CL1703000030',NULL,'41 RUE DU PRIEURE',28170,'TREMBLAY LES VILLAGES',35,1,NULL,NULL,NULL,NULL,NULL,NULL,0,NULL,NULL,'','','','','','','',NULL,3,NULL,'rencontré au sima 2017\n<table border=\"0\" cellpadding=\"0\" cellspacing=\"0\" style=\"border-collapse:collapse; width:165pt\">\n	<tbody>\n		<tr>\n			<td style=\"height:15.0pt; width:165pt\">irrigant dans l eure et loire contacter groupement d\'achat avec deux voisin va les contacter pour nous</td>\n		</tr>\n	</tbody>\n</table>\n<br />\n<br />\nSigné avec gédia sur 2 ou 3 ans service de proximité ',NULL,NULL,2,0,NULL,NULL,0,NULL,0,0,0,2,2,0,NULL,NULL,NULL,NULL,1,NULL,'0.000',NULL,'0.000',NULL,0,NULL,NULL,NULL,NULL,NULL,NULL,NULL,NULL);
INSERT INTO `llx_societe` VALUES (69,'GAEC DE LA BESNARDAIS','',1,NULL,NULL,0,NULL,'2017-04-13 18:10:38','2017-03-07 15:28:29',1,'CL-1703-000031',NULL,'411CL1703000031',NULL,'LA BESNARDAIS',53300,'SOUCE',60,1,NULL,NULL,NULL,NULL,NULL,NULL,0,NULL,NULL,'','','','','','','',NULL,2,NULL,'Eleveur de porc<br />\nContacter pour groupement d\'achat<br />\n2 appels de constructeur (inovia et un autre en mayenne)<br />\nA un voisin avec un tournesol en autoconsomation doit aller voir début mai 2017<br />\n ',NULL,NULL,2,0,NULL,NULL,0,NULL,0,0,0,2,2,0,NULL,NULL,NULL,NULL,1,NULL,'0.000',NULL,'0.000',NULL,0,NULL,NULL,NULL,NULL,NULL,NULL,NULL,NULL);
INSERT INTO `llx_societe` VALUES (70,'EARL ZINS DUTHOIT','',1,NULL,NULL,0,NULL,'2017-04-10 15:15:57','2017-03-07 15:36:11',1,'CL-1704-000052',NULL,'411CL1704000052',NULL,'24 CHAUSSEE BRUNEHAUT',59570,'BERMERIES',66,1,NULL,NULL,NULL,NULL,NULL,NULL,0,NULL,NULL,'','','','','','','',NULL,3,NULL,'Projet de spiruline<br />\nDimensionnement thermique',NULL,NULL,2,0,NULL,NULL,0,NULL,0,0,0,2,2,0,NULL,NULL,NULL,NULL,1,NULL,'0.000',NULL,'0.000',NULL,0,NULL,NULL,NULL,NULL,NULL,NULL,NULL,NULL);
INSERT INTO `llx_societe` VALUES (72,'Méthalac','',1,NULL,NULL,0,NULL,'2017-03-07 15:52:10','2017-03-07 15:51:40',1,NULL,NULL,NULL,NULL,'3 cours charlemagne',69217,'Lyon',76,1,NULL,NULL,NULL,NULL,NULL,NULL,0,NULL,NULL,'','','','','','','',NULL,0,NULL,'Constructeur unité de métha<br />\nVoir pour optim d\'existant et acceptation social',NULL,NULL,0,0,NULL,NULL,0,NULL,0,0,0,2,2,0,NULL,NULL,NULL,NULL,1,NULL,'0.000',NULL,'0.000',NULL,0,NULL,NULL,NULL,NULL,NULL,NULL,NULL,NULL);
INSERT INTO `llx_societe` VALUES (73,'SARL DES CAPPES','',1,NULL,NULL,0,NULL,'2017-03-07 16:01:40','2017-03-07 16:00:43',1,'CL-1703-000032',NULL,'411CL1703000032',NULL,'1025 RUE DES CAPPES',62730,'LES ATTAQUES',69,1,NULL,NULL,NULL,NULL,NULL,NULL,0,NULL,NULL,'','','','','','','',NULL,0,NULL,'Gros producteur de PDT.<br />\nAller voir pour groupement d\'achat',NULL,NULL,2,0,NULL,NULL,0,NULL,0,0,0,2,2,0,NULL,NULL,NULL,NULL,1,NULL,'0.000',NULL,'0.000',NULL,0,NULL,NULL,NULL,NULL,NULL,NULL,NULL,NULL);
INSERT INTO `llx_societe` VALUES (74,'SYNDICAT VIGNERONS INDEPENDANTS DE FRANCE','',1,NULL,NULL,0,NULL,'2017-04-02 21:51:59','2017-03-07 16:05:22',1,'CL-1704-000062',NULL,'411CL1704000062',NULL,'',NULL,NULL,0,1,NULL,NULL,NULL,NULL,NULL,NULL,0,NULL,NULL,'','','','','','','',NULL,0,NULL,'Represente 7000 vignerons',NULL,NULL,2,0,NULL,NULL,0,NULL,0,0,0,2,2,0,NULL,NULL,NULL,NULL,1,NULL,'0.000',NULL,'0.000',NULL,0,NULL,NULL,NULL,NULL,NULL,NULL,NULL,NULL);
INSERT INTO `llx_societe` VALUES (75,'EARL HUGUES DEBLOCK','',1,NULL,NULL,0,NULL,'2017-04-10 15:15:48','2017-03-07 16:10:53',1,'CL-1703-000033',NULL,'411CL1703000033',NULL,'1143 RUE DE CHAULNES',80400,'BROUCHY',87,1,NULL,NULL,NULL,NULL,NULL,NULL,0,NULL,NULL,'','','','','','','',NULL,3,NULL,'Groupement d\'achat<br />\nProjet solaire<br />\nProducteur de PDT<br />\n<br />\nContrat proxelia se termine en 31/19/2019<br />\n<br />\n156MWh/an',NULL,NULL,2,0,NULL,NULL,0,NULL,0,0,0,2,2,0,NULL,NULL,NULL,NULL,1,NULL,'0.000',NULL,'0.000',NULL,0,NULL,NULL,NULL,NULL,NULL,NULL,NULL,NULL);
INSERT INTO `llx_societe` VALUES (76,'Groupe ADVITAM','',1,NULL,NULL,0,NULL,'2017-04-04 15:03:13','2017-03-07 16:17:26',1,'CL-1704-000069',NULL,'411CL1704000069',NULL,'',NULL,NULL,0,1,NULL,NULL,NULL,NULL,NULL,NULL,0,NULL,NULL,'','','','','','','',NULL,0,NULL,'<div>Acceptation sociale projet de métha</div>\n',NULL,NULL,2,0,NULL,NULL,0,NULL,0,0,0,2,2,0,NULL,NULL,NULL,NULL,1,NULL,'0.000',NULL,'0.000',NULL,0,NULL,NULL,NULL,NULL,NULL,NULL,NULL,NULL);
INSERT INTO `llx_societe` VALUES (77,'EARL DEBLOCK FLORENCE ET STEPHANE','',1,NULL,NULL,0,NULL,'2017-03-13 16:02:42','2017-03-07 16:36:35',1,'CL-1703-000034',NULL,'411CL1703000034',NULL,'4 RUE DES ETANGS',80200,'SAINT CHRIST BRIOST',87,1,NULL,NULL,NULL,NULL,NULL,NULL,0,NULL,NULL,'','','','','','','',NULL,0,NULL,'<table border=\"0\" cellpadding=\"0\" cellspacing=\"0\" style=\"border-collapse:collapse; width:165pt\">\n	<tbody>\n		<tr>\n			<td style=\"height:15.0pt; width:165pt\">patate peronne \\ producteur pv \\ interessé autoconso grpt audit metha<br />\n			A coté gare à bettrave</td>\n		</tr>\n	</tbody>\n</table>\n<br />\nA signé avec proxelia en Q2-Q3 (je connais pas la date exacte) 2016 pour 36 mois<br />\nrecontacter en mars 2019',NULL,NULL,2,0,NULL,NULL,0,NULL,0,0,0,2,2,0,NULL,NULL,NULL,NULL,1,NULL,'0.000',NULL,'0.000',NULL,0,NULL,NULL,NULL,NULL,NULL,NULL,NULL,NULL);
INSERT INTO `llx_societe` VALUES (78,'AGRIAL','',1,NULL,NULL,0,NULL,'2017-04-04 15:13:37','2017-03-07 16:41:56',1,'CL-1704-000076',NULL,'411CL1704000076',NULL,'4, rue des Roquemonts CS 35051',14050,'CAEN Cedex 4',20,1,NULL,NULL,'www.agrial.com/',NULL,NULL,NULL,0,NULL,NULL,'','','','','','','',NULL,0,NULL,'<div>coopérative élévage + stockage de fruit et légume<br />\nfont une partie de nos presta mais on va plus loin<br />\npartenariat possible</div>\n',NULL,NULL,2,0,NULL,NULL,0,NULL,0,0,0,2,2,0,NULL,NULL,NULL,NULL,1,NULL,'0.000',NULL,'0.000',NULL,0,NULL,NULL,NULL,NULL,NULL,NULL,NULL,NULL);
INSERT INTO `llx_societe` VALUES (80,'Agglo Saint Quentinois','',1,NULL,NULL,0,NULL,'2017-04-10 15:13:23','2017-03-07 16:48:58',1,'CL-1703-000035',NULL,'411CL1703000035',NULL,'Espace Créatis 6 av d\'Archimède BP80352','02108','Saint Quentin',8,1,NULL,NULL,NULL,NULL,NULL,NULL,0,NULL,NULL,'','','','','','','',NULL,-1,NULL,NULL,NULL,NULL,2,0,NULL,NULL,0,NULL,0,0,0,2,2,0,NULL,NULL,NULL,NULL,1,NULL,'0.000',NULL,'0.000',NULL,0,NULL,NULL,NULL,NULL,NULL,NULL,NULL,NULL);
INSERT INTO `llx_societe` VALUES (81,'Agglo de Creil','',1,NULL,NULL,0,NULL,'2017-04-10 15:13:20','2017-03-09 11:41:00',1,'CL-1704-000056',NULL,'411CL1704000056',NULL,'',NULL,NULL,0,1,NULL,NULL,NULL,NULL,NULL,NULL,0,NULL,NULL,'','','','','','','',NULL,-1,NULL,NULL,NULL,NULL,2,0,NULL,NULL,0,NULL,0,0,0,2,2,0,NULL,NULL,NULL,NULL,1,NULL,'0.000',NULL,'0.000',NULL,0,NULL,NULL,NULL,NULL,NULL,NULL,NULL,NULL);
INSERT INTO `llx_societe` VALUES (82,'Agglo de Beauvais','',1,NULL,NULL,0,NULL,'2017-04-10 15:13:18','2017-03-09 11:45:41',1,'CL-1704-000055',NULL,'411CL1704000055',NULL,'',NULL,NULL,0,1,NULL,NULL,NULL,NULL,NULL,NULL,0,NULL,NULL,'','','','','','','',NULL,-1,NULL,NULL,NULL,NULL,2,0,NULL,NULL,0,NULL,0,0,0,2,2,0,NULL,NULL,NULL,NULL,1,NULL,'0.000',NULL,'0.000',NULL,0,NULL,NULL,NULL,NULL,NULL,NULL,NULL,NULL);
INSERT INTO `llx_societe` VALUES (83,'PRIMAGAZ','',1,NULL,NULL,0,NULL,'2017-03-09 11:54:33','2017-03-09 11:54:33',1,NULL,'FO-1703-000026',NULL,'401FO1703000026','77 esplanande du général de Gaulle CS 20031',92917,'Paris la Défense',99,1,NULL,NULL,NULL,NULL,NULL,NULL,0,NULL,NULL,'','','','','','','',NULL,0,NULL,NULL,NULL,NULL,0,1,NULL,NULL,0,NULL,0,0,0,2,2,0,NULL,NULL,NULL,NULL,1,NULL,'0.000',NULL,'0.000',NULL,0,NULL,NULL,NULL,NULL,NULL,NULL,NULL,NULL);
INSERT INTO `llx_societe` VALUES (84,'EARL DE COSDON','',1,NULL,NULL,0,NULL,'2017-03-09 12:03:18','2017-03-09 11:59:27',1,'CL-1703-000036',NULL,'411CL1703000036',NULL,'FERME DE COSDON',10160,'PAISY COSDON',16,1,NULL,NULL,NULL,NULL,NULL,NULL,0,NULL,NULL,354035701,'','','','','','',NULL,0,NULL,'Mec super intéressant<br />\nTCS, agriculture raisoné, réduction de phyto etc<br />\nPorte un projet de métha mais pas d\'élevage, ua début de réflexion<br />\nprojet collectif<br />\nConnais Francois Arnouts<br />\n ',NULL,NULL,2,0,NULL,NULL,0,NULL,0,0,0,2,2,0,NULL,NULL,NULL,NULL,1,NULL,'0.000',NULL,'0.000',NULL,0,NULL,NULL,NULL,NULL,NULL,NULL,NULL,NULL);
INSERT INTO `llx_societe` VALUES (85,'ENTRAID','',1,NULL,NULL,0,NULL,'2017-03-09 12:05:53','2017-03-09 12:05:53',1,NULL,NULL,NULL,NULL,'',NULL,NULL,0,1,NULL,NULL,'www.entraid.com',NULL,NULL,NULL,0,NULL,NULL,'','','','','','','',NULL,0,NULL,NULL,NULL,NULL,0,0,NULL,NULL,0,NULL,0,0,0,2,2,0,NULL,NULL,NULL,NULL,1,NULL,'0.000',NULL,'0.000',NULL,0,NULL,NULL,NULL,NULL,NULL,NULL,NULL,NULL);
INSERT INTO `llx_societe` VALUES (86,'NEXXTEP Technologies','',1,NULL,NULL,0,NULL,'2017-03-09 12:11:59','2017-03-09 12:11:59',1,NULL,'FO-1703-000027',NULL,'401FO1703000027','11 rue du Four',51000,'Châlons en Champagne',58,1,NULL,NULL,'www.nexxtep-technologies.com',NULL,NULL,NULL,0,NULL,NULL,'','','','','','','',NULL,0,NULL,NULL,NULL,NULL,0,1,NULL,NULL,0,NULL,0,0,0,2,2,0,NULL,NULL,NULL,NULL,1,NULL,'0.000',NULL,'0.000',NULL,0,NULL,NULL,NULL,NULL,NULL,NULL,NULL,NULL);
INSERT INTO `llx_societe` VALUES (88,'FDSEA 51','',1,NULL,NULL,0,NULL,'2017-04-02 21:49:42','2017-03-09 12:18:33',1,'CL-1704-000061',NULL,'411CL1704000061',NULL,'Maison des Agriculteurs - 2 rue Léon Patoux - CS 50001',51664,'Reims',58,1,NULL,NULL,'www.fdsea51.fr',NULL,NULL,NULL,0,NULL,NULL,'','','','','','','',NULL,0,NULL,'Veut faire un AO pour les bleux sur la marne<br />\npossibilitées de dupliquer aux autres départements7<br />\naudits',NULL,NULL,2,0,NULL,NULL,0,NULL,0,0,0,2,2,0,NULL,NULL,NULL,NULL,1,NULL,'0.000',NULL,'0.000',NULL,0,NULL,NULL,NULL,NULL,NULL,NULL,NULL,NULL);
INSERT INTO `llx_societe` VALUES (89,'Ferme Rettemoy','',1,NULL,NULL,0,NULL,'2017-03-09 12:25:12','2017-03-09 12:24:37',1,'CL-1703-000037',NULL,'411CL1703000037',NULL,'',62116,'Bucquoy',69,1,NULL,NULL,NULL,NULL,NULL,NULL,0,NULL,NULL,'','','','','','','',NULL,0,NULL,'Projet solaire<br />\nrappeler debut avril<br />\nconsulte les constructeur de de batiments',NULL,NULL,2,0,NULL,NULL,0,NULL,0,0,0,2,2,0,NULL,NULL,NULL,NULL,1,NULL,'0.000',NULL,'0.000',NULL,0,NULL,NULL,NULL,NULL,NULL,NULL,NULL,NULL);
INSERT INTO `llx_societe` VALUES (90,'UNPT','Union Nationale des Producteurs de pommes de terre',1,NULL,NULL,0,NULL,'2017-04-04 14:58:27','2017-03-09 12:35:14',1,'CL-1704-000067',NULL,'411CL1704000067',NULL,'43-45 rue de Naples',75008,'Paris',82,1,NULL,NULL,'www.producteursdepommesdeterre.org',NULL,NULL,NULL,0,NULL,NULL,'','','','','','','',NULL,0,NULL,'Syndicat de PDT<br />\npartenariat groupment d\'achat<br />\nintervention collectivité  / assemblé',NULL,NULL,2,0,NULL,NULL,0,NULL,0,0,0,2,2,0,NULL,NULL,NULL,NULL,1,NULL,'0.000',NULL,'0.000',NULL,0,NULL,NULL,NULL,NULL,NULL,NULL,NULL,NULL);
INSERT INTO `llx_societe` VALUES (91,'EARL DE BONNEUIL','',1,NULL,NULL,0,NULL,'2017-03-09 12:44:03','2017-03-09 12:43:05',1,'CL-1703-000038',NULL,'411CL1703000038',NULL,'FERME DE BONNEUIL',80400,'ESMERY HALLON',87,1,NULL,NULL,NULL,NULL,NULL,NULL,0,NULL,NULL,'','','','','','','',NULL,0,NULL,'Producteur de PDT<br />\nAdresse donnée de la part de Bastien Langlet<br />\nGroupement d\'achat',NULL,NULL,2,0,NULL,NULL,0,NULL,0,0,0,2,2,0,NULL,NULL,NULL,NULL,1,NULL,'0.000',NULL,'0.000',NULL,0,NULL,NULL,NULL,NULL,NULL,NULL,NULL,NULL);
INSERT INTO `llx_societe` VALUES (92,'AGRANET','le portail des agriculteurs',1,NULL,NULL,0,NULL,'2017-03-09 12:47:00','2017-03-09 12:46:29',1,NULL,NULL,NULL,NULL,'7 bd Nominoë - BP 74118',34741,'Pacé',41,1,NULL,NULL,'www.agranet.fr',NULL,NULL,NULL,0,NULL,NULL,'','','','','','','',NULL,0,NULL,'Portail de saisies indispensible pour le suivi des troupeux<br />\non un service presse',NULL,NULL,0,0,NULL,NULL,0,NULL,0,0,0,2,2,0,NULL,NULL,NULL,NULL,1,NULL,'0.000',NULL,'0.000',NULL,0,NULL,NULL,NULL,NULL,NULL,NULL,NULL,NULL);
INSERT INTO `llx_societe` VALUES (93,'L\'Observateur de Beauvais','',1,NULL,NULL,0,NULL,'2017-04-02 21:50:29','2017-03-09 12:55:15',1,'CL-1703-000039',NULL,'411CL1703000039',NULL,'1 bis rue Colbert',60005,'Beauvais CEDEX',67,1,NULL,NULL,NULL,NULL,NULL,NULL,0,NULL,NULL,'','','','','','','',NULL,0,NULL,NULL,NULL,NULL,2,0,NULL,NULL,0,NULL,0,0,0,2,2,0,NULL,NULL,NULL,NULL,1,NULL,'0.000',NULL,'0.000',NULL,0,NULL,NULL,NULL,NULL,NULL,NULL,NULL,NULL);
INSERT INTO `llx_societe` VALUES (94,'La France Agricole','',1,NULL,NULL,0,NULL,'2017-04-02 21:51:01','2017-03-09 13:10:04',1,'CL-1703-000040',NULL,'411CL1703000040',NULL,'8, cité Paradis',75493,'Paris Cedex 10',0,1,NULL,NULL,NULL,NULL,NULL,NULL,0,NULL,NULL,'','','','','','','',NULL,0,NULL,'<p>journaliste france agricole spécialisée dans la production de vin - à contacter lorsqu\'on fera une intervention dans un vignoble, coopérative viticole etc. elle veut faire un reportage sur nous !</p>\n',NULL,NULL,2,0,NULL,NULL,0,NULL,0,0,0,2,2,0,NULL,NULL,NULL,NULL,1,NULL,'0.000',NULL,'0.000',NULL,0,NULL,NULL,NULL,NULL,NULL,NULL,NULL,NULL);
INSERT INTO `llx_societe` VALUES (95,'Terre - Net','',1,NULL,NULL,0,NULL,'2017-04-02 21:52:36','2017-03-09 13:16:38',1,'CL-1704-000063',NULL,'411CL1704000063',NULL,'Avenue des Censives Tillé BP 50333',60026,'Beauvais',67,1,NULL,NULL,NULL,NULL,NULL,NULL,0,NULL,NULL,'','','','','','','',NULL,0,NULL,NULL,NULL,NULL,2,0,NULL,NULL,0,NULL,0,0,0,2,2,0,NULL,NULL,NULL,NULL,1,NULL,'0.000',NULL,'0.000',NULL,0,NULL,NULL,NULL,NULL,NULL,NULL,NULL,NULL);
INSERT INTO `llx_societe` VALUES (96,'Conseil départemental de l\'Oise','',1,NULL,NULL,0,NULL,'2017-04-10 15:14:43','2017-03-09 13:19:01',1,'CL-1704-000057',NULL,'411CL1704000057',NULL,'',NULL,NULL,0,1,NULL,NULL,NULL,NULL,NULL,NULL,0,NULL,NULL,'','','','','','','',NULL,-1,NULL,NULL,NULL,NULL,2,0,NULL,NULL,0,NULL,0,0,0,2,2,0,NULL,NULL,NULL,NULL,1,NULL,'0.000',NULL,'0.000',NULL,0,NULL,NULL,NULL,NULL,NULL,NULL,NULL,NULL);
INSERT INTO `llx_societe` VALUES (97,'Entreprise60','',1,NULL,NULL,0,NULL,'2017-04-02 21:48:28','2017-03-09 13:21:21',1,'CL-1704-000059',NULL,'411CL1704000059',NULL,'',NULL,NULL,67,1,NULL,NULL,NULL,NULL,NULL,NULL,0,NULL,NULL,'','','','','','','',NULL,0,NULL,NULL,NULL,NULL,2,0,NULL,NULL,0,NULL,0,0,0,2,2,0,NULL,NULL,NULL,NULL,1,NULL,'0.000',NULL,'0.000',NULL,0,NULL,NULL,NULL,NULL,NULL,NULL,NULL,NULL);
INSERT INTO `llx_societe` VALUES (98,'Courrier Picard','',1,NULL,NULL,0,NULL,'2017-04-04 15:24:40','2017-03-09 13:23:25',1,'CL-1704-000058',NULL,'411CL1704000058',NULL,'',NULL,NULL,0,1,NULL,NULL,NULL,NULL,NULL,NULL,0,NULL,NULL,'','','','','','','',NULL,-1,NULL,NULL,NULL,NULL,2,0,NULL,NULL,0,NULL,0,0,0,2,2,0,NULL,NULL,NULL,NULL,1,NULL,'0.000',NULL,'0.000',NULL,0,NULL,NULL,NULL,NULL,NULL,NULL,NULL,NULL);
INSERT INTO `llx_societe` VALUES (99,'APASEC','Agence Presse Agricole Sud Est Centre',1,NULL,NULL,0,NULL,'2017-04-02 21:44:56','2017-03-09 13:29:41',1,'CL-1704-000054',NULL,'411CL1704000054',NULL,'23 rue baldassini',69364,'Lyon',76,1,NULL,NULL,'www.presse-agricole.net',NULL,NULL,NULL,0,NULL,NULL,'','','','','','','',NULL,0,NULL,NULL,NULL,NULL,2,0,NULL,NULL,0,NULL,0,0,0,2,2,0,NULL,NULL,NULL,NULL,1,NULL,'0.000',NULL,'0.000',NULL,0,NULL,NULL,NULL,NULL,NULL,NULL,NULL,NULL);
INSERT INTO `llx_societe` VALUES (100,'Enerbioflex','',1,NULL,NULL,0,NULL,'2017-03-10 17:23:42','2017-03-10 17:22:59',1,NULL,NULL,NULL,NULL,'',NULL,NULL,0,1,NULL,NULL,NULL,NULL,NULL,NULL,0,NULL,NULL,'','','','','','','',NULL,0,NULL,'Tiers pour test emailing',NULL,NULL,0,0,NULL,NULL,0,NULL,0,0,0,2,2,0,NULL,NULL,NULL,NULL,1,NULL,'0.000',NULL,'0.000',NULL,0,NULL,NULL,NULL,NULL,NULL,NULL,NULL,NULL);
INSERT INTO `llx_societe` VALUES (101,'Virginie Kubatko','',1,NULL,NULL,0,NULL,'2017-04-04 14:56:46','2017-03-13 15:44:40',1,'CL-1704-000066',NULL,'411CL1704000066',NULL,'',80000,'Amiens',87,1,'0689994475',NULL,NULL,'virginie.kubatko@gmail.com',NULL,1,8,NULL,NULL,'','','','','','','',NULL,0,NULL,NULL,NULL,NULL,2,0,NULL,NULL,0,NULL,0,0,0,2,2,0,NULL,NULL,NULL,NULL,1,NULL,'0.000',NULL,'0.000',NULL,0,NULL,NULL,NULL,NULL,NULL,NULL,NULL,NULL);
INSERT INTO `llx_societe` VALUES (102,'Laposte','',1,NULL,NULL,0,NULL,'2017-03-14 12:22:46','2017-03-14 12:22:35',1,NULL,'FO-1703-000028',NULL,'401FO1703000028','',NULL,NULL,0,1,NULL,NULL,NULL,NULL,NULL,NULL,0,NULL,NULL,'','','','','','','',NULL,0,NULL,NULL,NULL,NULL,0,1,NULL,NULL,0,NULL,0,0,0,2,2,0,NULL,NULL,NULL,NULL,1,NULL,'0.000',NULL,'0.000',NULL,0,NULL,NULL,NULL,NULL,NULL,NULL,NULL,NULL);
INSERT INTO `llx_societe` VALUES (103,'Guillaume Hazouard','',1,NULL,NULL,0,NULL,'2017-03-14 12:28:30','2017-03-14 12:28:30',1,NULL,'FO-1703-000029',NULL,'401FO1703000029','',NULL,NULL,98,1,NULL,NULL,NULL,NULL,NULL,1,8,NULL,NULL,'','','','','','','',NULL,0,NULL,NULL,NULL,NULL,0,1,NULL,NULL,0,NULL,0,0,0,2,2,0,NULL,NULL,NULL,NULL,0,NULL,'0.000',NULL,'0.000',NULL,0,NULL,NULL,NULL,NULL,NULL,NULL,NULL,NULL);
INSERT INTO `llx_societe` VALUES (104,'INPI','Institut National de la Propriété Industrielle',1,NULL,NULL,0,NULL,'2017-03-14 12:45:16','2017-03-14 12:45:04',1,NULL,'FO-1703-000030',NULL,'401FO1703000030','CENTRE INNOVATION UTC\n34 AVENUE DE LANDSHUT \nINST NAT DE LA PROPRIETE INDUSTRIELLE',60200,'COMPIEGNE',67,1,NULL,NULL,NULL,NULL,NULL,NULL,0,NULL,NULL,'','','','','','','',NULL,0,NULL,NULL,NULL,NULL,0,1,NULL,NULL,0,NULL,0,0,0,2,2,0,NULL,NULL,NULL,NULL,1,NULL,'0.000',NULL,'0.000',NULL,0,NULL,NULL,NULL,NULL,NULL,NULL,NULL,NULL);
INSERT INTO `llx_societe` VALUES (106,'GAEC DES ALOUETTES','',1,NULL,NULL,0,NULL,'2017-03-20 18:05:27','2017-03-17 15:07:23',1,'CL-1703-000042',NULL,'411CL1703000042',NULL,'7 RUE DE L EGLISE','02420','HARGICOURT',8,1,NULL,NULL,NULL,NULL,NULL,1,0,NULL,NULL,'','','','','','','',NULL,0,NULL,'100 VL<br />\n2 robots de traite',NULL,NULL,2,0,NULL,NULL,0,NULL,0,0,0,2,2,0,NULL,NULL,NULL,NULL,1,NULL,'0.000',NULL,'0.000',NULL,0,NULL,NULL,NULL,NULL,NULL,NULL,NULL,NULL);
INSERT INTO `llx_societe` VALUES (107,'Chambre agriculture Calvados','',1,NULL,NULL,0,NULL,'2017-04-10 15:13:44','2017-03-21 12:31:46',1,'CL-1703-000043',NULL,'411CL1703000043',NULL,'',NULL,NULL,0,1,NULL,NULL,NULL,NULL,NULL,NULL,0,NULL,NULL,'','','','','','','',NULL,2,NULL,NULL,NULL,NULL,2,0,NULL,NULL,0,NULL,0,0,0,1,2,0,NULL,NULL,NULL,NULL,1,NULL,'0.000',NULL,'0.000',NULL,0,NULL,NULL,NULL,NULL,NULL,NULL,NULL,NULL);
INSERT INTO `llx_societe` VALUES (108,'Chambre agriculture Haute Marne','',1,NULL,NULL,0,NULL,'2017-04-10 15:13:48','2017-03-21 12:35:13',1,'CL-1703-000044',NULL,'411CL1703000044',NULL,'',NULL,NULL,0,1,NULL,NULL,NULL,NULL,NULL,NULL,0,NULL,NULL,'','','','','','','',NULL,2,NULL,NULL,NULL,NULL,2,0,NULL,NULL,0,NULL,0,0,0,1,2,0,NULL,NULL,NULL,NULL,1,NULL,'0.000',NULL,'0.000',NULL,0,NULL,NULL,NULL,NULL,NULL,NULL,NULL,NULL);
INSERT INTO `llx_societe` VALUES (109,'Chambre agriculture Loiret','',1,NULL,NULL,0,NULL,'2017-04-10 15:14:10','2017-03-21 12:35:49',1,'CL-1703-000045',NULL,'411CL1703000045',NULL,'',NULL,NULL,0,1,NULL,NULL,NULL,NULL,NULL,NULL,0,NULL,NULL,'','','','','','','',NULL,2,NULL,NULL,NULL,NULL,2,0,NULL,NULL,0,NULL,0,0,0,1,2,0,NULL,NULL,NULL,NULL,1,NULL,'0.000',NULL,'0.000',NULL,0,NULL,NULL,NULL,NULL,NULL,NULL,NULL,NULL);
INSERT INTO `llx_societe` VALUES (110,'Chambre agriculture Indre','',1,NULL,NULL,0,NULL,'2017-04-10 15:14:02','2017-03-21 12:36:55',1,'CL-1703-000046',NULL,'411CL1703000046',NULL,'',NULL,NULL,0,1,'0254616188',NULL,NULL,NULL,NULL,NULL,0,NULL,NULL,'','','','','','','',NULL,2,NULL,NULL,NULL,NULL,2,0,NULL,NULL,0,NULL,0,0,0,1,2,0,NULL,NULL,NULL,NULL,1,NULL,'0.000',NULL,'0.000',NULL,0,NULL,NULL,NULL,NULL,NULL,NULL,NULL,NULL);
INSERT INTO `llx_societe` VALUES (111,'Web-agri.fr','',1,NULL,NULL,0,NULL,'2017-04-02 21:53:13','2017-03-21 22:20:24',1,'CL-1704-000064',NULL,'411CL1704000064',NULL,'Terre-net Média – Avenue des Censives – Tillé\nBP 50333',60026,'Beauvais',0,1,NULL,NULL,NULL,NULL,NULL,NULL,0,NULL,NULL,'','','','','','','',NULL,0,NULL,NULL,NULL,NULL,2,0,NULL,NULL,0,NULL,0,0,0,2,2,0,NULL,NULL,NULL,NULL,1,NULL,'0.000',NULL,'0.000',NULL,0,NULL,NULL,NULL,NULL,NULL,NULL,NULL,NULL);
INSERT INTO `llx_societe` VALUES (112,'Unilasalle','',1,NULL,NULL,0,NULL,'2017-03-21 22:47:17','2017-03-21 22:47:17',1,'CL-1703-000047',NULL,'411CL1703000047',NULL,'19 Rue Pierre Waguet',60000,'Beauvais',67,1,NULL,NULL,NULL,NULL,NULL,NULL,0,NULL,NULL,'','','','','','','',NULL,0,NULL,NULL,NULL,NULL,2,0,NULL,NULL,0,NULL,0,0,0,2,2,0,NULL,NULL,NULL,NULL,1,NULL,'0.000',NULL,'0.000',NULL,0,NULL,NULL,NULL,NULL,NULL,NULL,NULL,NULL);
INSERT INTO `llx_societe` VALUES (113,'Groupe PubliHebdos','',1,NULL,NULL,0,NULL,'2017-04-04 15:22:55','2017-03-29 16:51:31',1,'CL-1703-000048',NULL,'411CL1703000048',NULL,'',NULL,NULL,0,1,NULL,NULL,NULL,NULL,NULL,NULL,0,NULL,NULL,'','','','','','','',NULL,0,NULL,'<div>l\'éclaireur<br />\nJournal d\'abbeville<br />\netc</div>\n',NULL,NULL,2,0,NULL,NULL,0,NULL,0,0,0,2,2,0,NULL,NULL,NULL,NULL,1,NULL,'0.000',NULL,'0.000',NULL,0,NULL,NULL,NULL,NULL,NULL,NULL,NULL,NULL);
INSERT INTO `llx_societe` VALUES (119,'Oise Hebdo','',1,NULL,NULL,0,NULL,'2017-04-04 15:22:03','2017-03-29 17:00:28',1,'CL-1703-000050',NULL,'411CL1703000050',NULL,'5, boulevard Saint-Jean',60000,'Beauvais',0,1,'0360176822',NULL,NULL,'bvs@oisehebdo.com',NULL,NULL,0,NULL,NULL,'','','','','','','',NULL,0,NULL,NULL,NULL,NULL,2,0,NULL,NULL,0,NULL,0,0,0,2,2,0,NULL,NULL,NULL,NULL,1,NULL,'0.000',NULL,'0.000',NULL,0,NULL,NULL,NULL,NULL,NULL,NULL,NULL,NULL);
INSERT INTO `llx_societe` VALUES (120,'Picardie Gazette','',1,NULL,NULL,0,NULL,'2017-04-04 15:20:04','2017-03-29 17:06:50',1,'CL-1703-000051',NULL,'411CL1703000051',NULL,'3, place d’Aguesseau',80000,'Amiens',87,1,'0322920175',NULL,NULL,NULL,NULL,NULL,0,NULL,NULL,'','','','','','','',NULL,0,NULL,NULL,NULL,NULL,2,0,NULL,NULL,0,NULL,0,0,0,2,2,0,NULL,NULL,NULL,NULL,1,NULL,'0.000',NULL,'0.000',NULL,0,NULL,NULL,NULL,NULL,NULL,NULL,NULL,NULL);
INSERT INTO `llx_societe` VALUES (121,'EARL DU MOULIN DE COMTE','Ferme de Violaine',1,NULL,NULL,0,NULL,'2017-04-04 15:23:03','2017-04-04 11:38:15',1,'CL-1704-000065',NULL,'411CL1704000065',NULL,'1 RUE DU TILLEUL','02600','LOUATRE',8,1,NULL,NULL,NULL,NULL,NULL,NULL,3,NULL,NULL,492071899,'','','','','','',NULL,3,NULL,'Groupemtn d\'achat<br />\n<br />\n3 compteurs électriques<br />\nIrrigation 84kVA été et 0 hiver (pondéré 26kVA)<br />\nBatiment 18kVA en EJP<br />\nMAison + ferme 36kVA en Bleu<br />\nPour projet un 4eme<br />\n<br />\nPossède des collocations sur compiègne avec des amis (20ene de logements)',NULL,NULL,2,0,NULL,NULL,0,NULL,0,0,0,2,2,0,NULL,NULL,NULL,NULL,1,NULL,'0.000',NULL,'0.000',NULL,0,NULL,NULL,NULL,NULL,NULL,NULL,NULL,NULL);
INSERT INTO `llx_societe` VALUES (122,'CDISCOUNT','',1,NULL,NULL,0,NULL,'2017-04-04 15:52:49','2017-04-04 15:52:49',1,NULL,'FO-1704-000031',NULL,'401FO1704000031','',NULL,NULL,0,1,NULL,NULL,NULL,NULL,NULL,NULL,0,NULL,NULL,'','','','','','','',NULL,0,NULL,NULL,NULL,NULL,0,1,NULL,NULL,0,NULL,0,0,0,2,2,0,NULL,NULL,NULL,NULL,1,NULL,'0.000',NULL,'0.000',NULL,0,NULL,NULL,NULL,NULL,NULL,NULL,NULL,NULL);
INSERT INTO `llx_societe` VALUES (124,'Chambre d\'agriculture de Moselle','',1,NULL,NULL,0,NULL,'2017-04-10 15:13:51','2017-04-07 08:50:53',1,'CL-1704-000078',NULL,'411CL1704000078',NULL,'',NULL,NULL,0,1,NULL,NULL,NULL,NULL,NULL,NULL,0,NULL,NULL,'','','','','','','',NULL,2,NULL,NULL,NULL,NULL,2,0,NULL,NULL,0,NULL,0,0,0,1,2,0,NULL,NULL,NULL,NULL,1,NULL,'0.000',NULL,'0.000',NULL,0,NULL,NULL,NULL,NULL,NULL,NULL,NULL,NULL);
INSERT INTO `llx_societe` VALUES (125,'Chambre d\'agriculture de meurthe et moselle','',1,NULL,NULL,0,NULL,'2017-04-10 15:13:55','2017-04-07 08:55:40',1,'CL-1704-000079',NULL,'411CL1704000079',NULL,'',NULL,NULL,0,1,NULL,NULL,NULL,NULL,NULL,NULL,0,NULL,NULL,'','','','','','','',NULL,2,NULL,NULL,NULL,NULL,2,0,NULL,NULL,0,NULL,0,0,0,1,2,0,NULL,NULL,NULL,NULL,1,NULL,'0.000',NULL,'0.000',NULL,0,NULL,NULL,NULL,NULL,NULL,NULL,NULL,NULL);
INSERT INTO `llx_societe` VALUES (126,'Chambre d\'agriculture des vosges','',1,NULL,NULL,0,NULL,'2017-04-10 15:14:29','2017-04-07 09:00:41',1,'CL-1704-000080',NULL,'411CL1704000080',NULL,'',NULL,NULL,0,1,NULL,NULL,NULL,NULL,NULL,NULL,0,NULL,NULL,'','','','','','','',NULL,2,NULL,NULL,NULL,NULL,2,0,NULL,NULL,0,NULL,0,0,0,1,2,0,NULL,NULL,NULL,NULL,1,NULL,'0.000',NULL,'0.000',NULL,0,NULL,NULL,NULL,NULL,NULL,NULL,NULL,NULL);
INSERT INTO `llx_societe` VALUES (127,'Chambre d\'agriculture du nord-pas-de-calais','',1,NULL,NULL,0,NULL,'2017-04-10 15:14:32','2017-04-07 09:08:47',1,'CL-1704-000081',NULL,'411CL1704000081',NULL,'',NULL,NULL,0,1,NULL,NULL,NULL,NULL,NULL,NULL,0,NULL,NULL,'','','','','','','',NULL,2,NULL,NULL,NULL,NULL,2,0,NULL,NULL,0,NULL,0,0,0,1,2,0,NULL,NULL,NULL,NULL,1,NULL,'0.000',NULL,'0.000',NULL,0,NULL,NULL,NULL,NULL,NULL,NULL,NULL,NULL);
INSERT INTO `llx_societe` VALUES (128,'Chambre d\'agriculture de la Somme','',1,NULL,NULL,0,NULL,'2017-04-10 15:14:25','2017-04-07 09:15:02',1,'CL-1704-000082',NULL,'411CL1704000082',NULL,'',NULL,NULL,0,1,NULL,NULL,NULL,NULL,NULL,NULL,0,NULL,NULL,'','','','','','','',NULL,2,NULL,NULL,NULL,NULL,2,0,NULL,NULL,0,NULL,0,0,0,1,2,0,NULL,NULL,NULL,NULL,1,NULL,'0.000',NULL,'0.000',NULL,0,NULL,NULL,NULL,NULL,NULL,NULL,NULL,NULL);
INSERT INTO `llx_societe` VALUES (129,'Chambre d\'agriculture de la Seine-Maritime','',1,NULL,NULL,0,NULL,'2017-04-10 15:14:21','2017-04-07 09:20:39',1,'CL-1704-000083',NULL,'411CL1704000083',NULL,'',NULL,NULL,0,1,NULL,NULL,NULL,NULL,NULL,NULL,0,NULL,NULL,'','','','','','','',NULL,2,NULL,NULL,NULL,NULL,2,0,NULL,NULL,0,NULL,0,0,0,1,2,0,NULL,NULL,NULL,NULL,1,NULL,'0.000',NULL,'0.000',NULL,0,NULL,NULL,NULL,NULL,NULL,NULL,NULL,NULL);
INSERT INTO `llx_societe` VALUES (130,'Chambre d\'agriculture de l\'Eure','',1,NULL,NULL,0,NULL,'2017-04-10 15:14:14','2017-04-07 09:36:28',1,'CL-1704-000084',NULL,'411CL1704000084',NULL,'',NULL,NULL,0,1,NULL,NULL,NULL,NULL,NULL,NULL,0,NULL,NULL,'','','','','','','',NULL,2,NULL,NULL,NULL,NULL,2,0,NULL,NULL,0,NULL,0,0,0,1,2,0,NULL,NULL,NULL,NULL,1,NULL,'0.000',NULL,'0.000',NULL,0,NULL,NULL,NULL,NULL,NULL,NULL,NULL,NULL);
INSERT INTO `llx_societe` VALUES (131,'Chambre d\'agriculture d\'Ile-de-France','',1,NULL,NULL,0,NULL,'2017-04-10 15:14:05','2017-04-07 09:46:03',1,'CL-1704-000085',NULL,'411CL1704000085',NULL,'',NULL,NULL,0,1,NULL,NULL,NULL,NULL,NULL,NULL,0,NULL,NULL,'','','','','','','',NULL,2,NULL,NULL,NULL,NULL,2,0,NULL,NULL,0,NULL,0,0,0,1,2,0,NULL,NULL,NULL,NULL,1,NULL,'0.000',NULL,'0.000',NULL,0,NULL,NULL,NULL,NULL,NULL,NULL,NULL,NULL);
INSERT INTO `llx_societe` VALUES (156,'EARL DE LA COURTE CROIX','',1,NULL,NULL,0,NULL,'2017-04-11 20:11:24',NULL,1,'CL-1704-000086',NULL,'411CL1704000086',NULL,'203 RUE DE LA COURTE CROIX ',59270,'FLETRE',66,1,NULL,NULL,NULL,NULL,NULL,NULL,0,NULL,NULL,'','','','','','','',NULL,0,NULL,'Courrier envoyé le 9/04/2017 dans campahgne d\'emailing groupemtn d\'achat',NULL,NULL,2,0,NULL,NULL,0,NULL,0,0,0,2,2,0,NULL,NULL,NULL,NULL,1,NULL,'0.000',NULL,'0.000',NULL,0,NULL,NULL,NULL,NULL,NULL,20170410141442,NULL,NULL);
INSERT INTO `llx_societe` VALUES (157,'SCEA DU ZANDBERG','',1,NULL,NULL,0,NULL,'2017-04-25 13:05:47',NULL,1,'CL-1704-000087',NULL,'411CL1704000087',NULL,'2515 ROUTE DE GODEWAERSVELDE',59270,'FLETRE',66,1,NULL,NULL,NULL,NULL,NULL,NULL,0,NULL,NULL,'','','','','','','',NULL,3,NULL,'Courrier envoyé le 9/04/2017 dans campahgne d\'emailing groupemtn d\'achat<br />\nA contacter avec son associé, entre midi et 2<br />\ngros con, m\'a mis un gros rateau',NULL,NULL,2,0,NULL,NULL,0,NULL,0,0,0,2,2,0,NULL,NULL,NULL,NULL,1,NULL,'0.000',NULL,'0.000',NULL,0,NULL,NULL,NULL,NULL,NULL,20170410141442,NULL,NULL);
INSERT INTO `llx_societe` VALUES (158,'MONSIEUR XAVIER DEBAVELAERE','',1,NULL,NULL,0,NULL,'2017-04-11 20:12:16',NULL,1,'CL-1704-000088',NULL,'411CL1704000088',NULL,'1 RUE DU CYGNE',59285,'ARNEKE',66,1,NULL,NULL,NULL,NULL,NULL,NULL,0,NULL,NULL,'','','','','','','',NULL,0,NULL,'Courrier envoyé le 9/04/2017 dans campahgne d\'emailing groupemtn d\'achat',NULL,NULL,2,0,NULL,NULL,0,NULL,0,0,0,2,2,0,NULL,NULL,NULL,NULL,1,NULL,'0.000',NULL,'0.000',NULL,0,NULL,NULL,NULL,NULL,NULL,20170410141442,NULL,NULL);
INSERT INTO `llx_societe` VALUES (159,'EARL VIDRIL','',1,NULL,NULL,0,NULL,'2017-04-11 19:41:11',NULL,1,'CL-1704-000089',NULL,'411CL1704000089',NULL,'53 ROUTE DE CASSEL',59285,'ARNEKE',66,1,NULL,NULL,NULL,NULL,NULL,NULL,0,NULL,NULL,'','','','','','','',NULL,2,NULL,'Courrier envoyé le 9/04/2017 dans campahgne d\'emailing groupemtn d\'achat',NULL,NULL,2,0,NULL,NULL,0,NULL,0,0,0,2,2,0,NULL,NULL,NULL,NULL,1,NULL,'0.000',NULL,'0.000',NULL,0,NULL,NULL,NULL,NULL,NULL,20170410141442,NULL,NULL);
INSERT INTO `llx_societe` VALUES (160,'SARL DEQUIDT','',1,NULL,NULL,0,NULL,'2017-04-24 12:20:29',NULL,1,'CL-1704-000090',NULL,'411CL1704000090',NULL,'56 RUE DE BOURBOURG',59285,'ARNEKE',66,1,NULL,NULL,NULL,NULL,NULL,NULL,0,NULL,NULL,'','','','','','','',NULL,0,NULL,'Courrier envoyé le 9/04/2017 dans campahgne d\'emailing groupemtn d\'achat<br />\nsigné à edf en 2016 pour 3 ans compteur jaune<br />\ngroupement d\'achat fdsea<br />\nà contacter en 2019',NULL,NULL,2,0,NULL,NULL,0,NULL,0,0,0,2,2,0,NULL,NULL,NULL,NULL,1,NULL,'0.000',NULL,'0.000',NULL,0,NULL,NULL,NULL,NULL,NULL,20170410141442,NULL,NULL);
INSERT INTO `llx_societe` VALUES (161,'CAZEEL','',1,NULL,NULL,0,NULL,'2017-04-11 20:12:53',NULL,1,'CL-1704-000091',NULL,'411CL1704000091',NULL,'103 RUE DE LA SEYNE',59285,'ARNEKE',66,1,NULL,NULL,NULL,NULL,NULL,NULL,0,NULL,NULL,'','','','','','','',NULL,0,NULL,'Courrier envoyé le 9/04/2017 dans campahgne d\'emailing groupemtn d\'achat',NULL,NULL,2,0,NULL,NULL,0,NULL,0,0,0,2,2,0,NULL,NULL,NULL,NULL,1,NULL,'0.000',NULL,'0.000',NULL,0,NULL,NULL,NULL,NULL,NULL,20170410141442,NULL,NULL);
INSERT INTO `llx_societe` VALUES (162,'EARL DU GRAND BOIS','',1,NULL,NULL,0,NULL,'2017-04-11 20:11:54',NULL,1,'CL-1704-000092',NULL,'411CL1704000092',NULL,'484 RUE DU GRAND BOIS',59940,'LE DOULIEU',66,1,NULL,NULL,NULL,NULL,NULL,NULL,0,NULL,NULL,'','','','','','','',NULL,0,NULL,'Courrier envoyé le 9/04/2017 dans campahgne d\'emailing groupemtn d\'achat',NULL,NULL,2,0,NULL,NULL,0,NULL,0,0,0,2,2,0,NULL,NULL,NULL,NULL,1,NULL,'0.000',NULL,'0.000',NULL,0,NULL,NULL,NULL,NULL,NULL,20170410141442,NULL,NULL);
INSERT INTO `llx_societe` VALUES (163,'GAEC RECONNU DU BOIS CHIVET','',1,NULL,NULL,0,NULL,'2017-04-24 11:11:22',NULL,1,'CL-1704-000093',NULL,'411CL1704000093',NULL,'2 CHEMIN DE LA HAUTE LIANE',62142,'ALINCTHUN',69,1,NULL,NULL,NULL,NULL,NULL,NULL,0,NULL,NULL,'','','','','','','',NULL,0,NULL,'Courrier envoyé le 9/04/2017 dans campahgne d\'emailing groupemtn d\'achat<br />\nVu en physique.<br />\n<br />\n<br />\n130vl roto + prérefroidisseur<br />\n1000-1500€/mois d\'électricité 36kVA chez edf.<br />\ncontacter en mai 2017',NULL,NULL,2,0,NULL,NULL,0,NULL,0,0,0,2,2,0,NULL,NULL,NULL,NULL,1,NULL,'0.000',NULL,'0.000',NULL,0,NULL,NULL,NULL,NULL,NULL,20170410141442,NULL,NULL);
INSERT INTO `llx_societe` VALUES (164,'EARL DU GAL','',1,NULL,NULL,0,NULL,'2017-04-24 17:10:18',NULL,1,'CL-1704-000094',NULL,'411CL1704000094',NULL,'848 CHAUSSEE BRUNEHAUT',62150,'GAUCHIN LEGAL',69,1,NULL,NULL,NULL,NULL,NULL,NULL,0,NULL,NULL,'','','','','','','',NULL,1,NULL,'Courrier envoyé le 9/04/2017 dans campahgne d\'emailing groupemtn d\'achat<br />\ngros eleveur de porcs',NULL,NULL,2,0,NULL,'PL_HIGH',0,NULL,0,0,0,2,2,0,NULL,NULL,NULL,NULL,1,NULL,'0.000',NULL,'0.000',NULL,0,NULL,NULL,NULL,NULL,NULL,20170410141442,NULL,NULL);
INSERT INTO `llx_societe` VALUES (165,'GAEC DU BOIS','',1,NULL,NULL,0,NULL,'2017-04-24 17:09:30',NULL,1,'CL-1704-000095',NULL,'411CL1704000095',NULL,'273 CHAUSSEE BRUNEHAU',62150,'GAUCHIN LEGAL',69,1,NULL,NULL,NULL,NULL,NULL,NULL,0,NULL,NULL,'','','','','','','',NULL,3,NULL,'Courrier envoyé le 9/04/2017 dans campahgne d\'emailing groupemtn d\'achat<br />\nProche retraite<br />\n300-400€/mois, rien à faire avec ',NULL,NULL,2,0,NULL,'PL_NONE',0,NULL,0,0,0,2,2,0,NULL,NULL,NULL,NULL,1,NULL,'0.000',NULL,'0.000',NULL,0,NULL,NULL,NULL,NULL,NULL,20170410141442,NULL,NULL);
INSERT INTO `llx_societe` VALUES (166,'EARL DES COLLEY D HERIPRE','',1,NULL,NULL,0,NULL,'2017-04-11 20:17:29',NULL,1,'CL-1704-000096',NULL,'411CL1704000096',NULL,'CHEMIN D HERIPRE',62150,'GAUCHIN LEGAL',69,1,NULL,NULL,NULL,NULL,NULL,NULL,0,NULL,NULL,'','','','','','','',NULL,0,NULL,'Courrier envoyé le 9/04/2017 dans campahgne d\'emailing groupemtn d\'achat',NULL,NULL,2,0,NULL,NULL,0,NULL,0,0,0,2,2,0,NULL,NULL,NULL,NULL,1,NULL,'0.000',NULL,'0.000',NULL,0,NULL,NULL,NULL,NULL,NULL,20170410141442,NULL,NULL);
INSERT INTO `llx_societe` VALUES (167,'MONSIEUR CAMILLE DELMOTTE','',1,NULL,NULL,0,NULL,'2017-04-11 20:18:41',NULL,1,'CL-1704-000097',NULL,'411CL1704000097',NULL,'21 RUE BOCQUET',62150,'GAUCHIN LEGAL',69,1,NULL,NULL,NULL,NULL,NULL,NULL,0,NULL,NULL,'','','','','','','',NULL,0,NULL,'Courrier envoyé le 9/04/2017 dans campahgne d\'emailing groupemtn d\'achat',NULL,NULL,2,0,NULL,NULL,0,NULL,0,0,0,2,2,0,NULL,NULL,NULL,NULL,1,NULL,'0.000',NULL,'0.000',NULL,0,NULL,NULL,NULL,NULL,NULL,20170410141442,NULL,NULL);
INSERT INTO `llx_societe` VALUES (168,'STEF POTTIEZ FRERES','',1,NULL,NULL,0,NULL,'2017-04-11 20:19:19',NULL,1,'CL-1704-000098',NULL,'411CL1704000098',NULL,'239 RUE DE L ECLEME',62350,'ROBECQ',69,1,NULL,NULL,NULL,NULL,NULL,NULL,0,NULL,NULL,'','','','','','','',NULL,0,NULL,'Courrier envoyé le 9/04/2017 dans campahgne d\'emailing groupemtn d\'achat',NULL,NULL,2,0,NULL,NULL,0,NULL,0,0,0,2,2,0,NULL,NULL,NULL,NULL,1,NULL,'0.000',NULL,'0.000',NULL,0,NULL,NULL,NULL,NULL,NULL,20170410141442,NULL,NULL);
INSERT INTO `llx_societe` VALUES (169,'SARL AU BOUT DU CHEMIN','',1,NULL,NULL,0,NULL,'2017-04-11 20:18:51',NULL,1,'CL-1704-000099',NULL,'411CL1704000099',NULL,'2540 RUE DELALLEAU',62350,'ROBECQ',69,1,NULL,NULL,NULL,NULL,NULL,NULL,0,NULL,NULL,'','','','','','','',NULL,0,NULL,'Courrier envoyé le 9/04/2017 dans campahgne d\'emailing groupemtn d\'achat',NULL,NULL,2,0,NULL,NULL,0,NULL,0,0,0,2,2,0,NULL,NULL,NULL,NULL,1,NULL,'0.000',NULL,'0.000',NULL,0,NULL,NULL,NULL,NULL,NULL,20170410141442,NULL,NULL);
INSERT INTO `llx_societe` VALUES (170,'SCEA LEMAITRE YVES ET NICOLAS','',1,NULL,NULL,0,NULL,'2017-04-25 11:00:12',NULL,1,'CL-1704-000100',NULL,'411CL1704000100',NULL,'14 RUE DU FAY',62560,'THIEMBRONNE',69,1,NULL,NULL,NULL,NULL,NULL,NULL,0,NULL,NULL,'','','','','','','',NULL,3,NULL,'Courrier envoyé le 9/04/2017 dans campahgne d\'emailing groupemtn d\'achat<br />\nM\'a mis un rateau au telephone. Pas facile à convaicre',NULL,NULL,2,0,NULL,'PL_LOW',0,NULL,0,0,0,2,2,0,NULL,NULL,NULL,NULL,1,NULL,'0.000',NULL,'0.000',NULL,0,NULL,NULL,NULL,NULL,NULL,20170410141442,NULL,NULL);
INSERT INTO `llx_societe` VALUES (171,'EARL POUPART','',1,NULL,NULL,0,NULL,'2017-04-24 13:03:32',NULL,1,'CL-1704-000101',NULL,'411CL1704000101',NULL,'402 IMPASSE DU HOULET',62730,'MARCK',69,1,NULL,NULL,NULL,NULL,NULL,NULL,0,NULL,NULL,'','','','','','','',NULL,3,NULL,'Courrier envoyé le 9/04/2017 dans campahgne d\'emailing groupement d\'achat<br />\n<br />\nContacter en avril 2017, a souscrit un contrat edf via groupement fdsea 59.<br />\nSon contrat termine en 2018. <br />\na contacter en début novembre 2017',NULL,NULL,2,0,NULL,'PL_MEDIUM',0,NULL,0,0,0,2,2,0,NULL,NULL,NULL,NULL,1,NULL,'0.000',NULL,'0.000',NULL,0,NULL,NULL,NULL,NULL,NULL,20170410141442,NULL,NULL);
INSERT INTO `llx_societe` VALUES (172,'EARL DES ROSES D OR','',1,NULL,NULL,0,NULL,'2017-04-11 20:17:43',NULL,1,'CL-1704-000102',NULL,'411CL1704000102',NULL,'CANCHY',62850,'LICQUES',69,1,NULL,NULL,NULL,NULL,NULL,NULL,0,NULL,NULL,'','','','','','','',NULL,0,NULL,'Courrier envoyé le 9/04/2017 dans campahgne d\'emailing groupemtn d\'achat',NULL,NULL,2,0,NULL,NULL,0,NULL,0,0,0,2,2,0,NULL,NULL,NULL,NULL,1,NULL,'0.000',NULL,'0.000',NULL,0,NULL,NULL,NULL,NULL,NULL,20170410141442,NULL,NULL);
INSERT INTO `llx_societe` VALUES (173,'SCEA GARENAUX','',1,NULL,NULL,0,NULL,'2017-04-11 20:19:00',NULL,1,'CL-1704-000103',NULL,'411CL1704000103',NULL,'966 RUE DE CAHEN',62850,'LICQUES',69,1,NULL,NULL,NULL,NULL,NULL,NULL,0,NULL,NULL,'','','','','','','',NULL,0,NULL,'Courrier envoyé le 9/04/2017 dans campahgne d\'emailing groupemtn d\'achat',NULL,NULL,2,0,NULL,NULL,0,NULL,0,0,0,2,2,0,NULL,NULL,NULL,NULL,1,NULL,'0.000',NULL,'0.000',NULL,0,NULL,NULL,NULL,NULL,NULL,20170410141442,NULL,NULL);
INSERT INTO `llx_societe` VALUES (174,'EARL LA BOISERAIE','',1,NULL,NULL,0,NULL,'2017-04-24 18:02:21',NULL,1,'CL-1704-000104',NULL,'411CL1704000104',NULL,'LIEU DIT LA BOISERAIE',80110,'MOREUIL',87,1,NULL,NULL,NULL,NULL,NULL,NULL,0,NULL,NULL,'','','','','','','',NULL,2,NULL,'Courrier envoyé le 9/04/2017 dans campahgne d\'emailing groupemtn d\'achat<br />\nchez direct energie<br />\nà un ticket jaune pour de l\'irragation<br />\nm\'a donné le contact de GERMA',NULL,NULL,2,0,NULL,NULL,0,NULL,0,0,0,2,2,0,NULL,NULL,NULL,NULL,1,NULL,'0.000',NULL,'0.000',NULL,0,NULL,NULL,NULL,NULL,NULL,20170410141442,NULL,NULL);
INSERT INTO `llx_societe` VALUES (175,'MADAME FRANCOISE DUPREZ','',1,NULL,NULL,0,NULL,'2017-04-11 20:20:49',NULL,1,'CL-1704-000105',NULL,'411CL1704000105',NULL,'CASTEL, 19 RUE DE MOREUIL',80110,'MOREUIL',87,1,NULL,NULL,NULL,NULL,NULL,NULL,0,NULL,NULL,'','','','','','','',NULL,0,NULL,'Courrier envoyé le 9/04/2017 dans campahgne d\'emailing groupemtn d\'achat',NULL,NULL,2,0,NULL,NULL,0,NULL,0,0,0,2,2,0,NULL,NULL,NULL,NULL,1,NULL,'0.000',NULL,'0.000',NULL,0,NULL,NULL,NULL,NULL,NULL,20170410141442,NULL,NULL);
INSERT INTO `llx_societe` VALUES (176,'MONSIEUR JEAN LEROY','',1,NULL,NULL,0,NULL,'2017-04-11 20:21:26',NULL,1,'CL-1704-000106',NULL,'411CL1704000106',NULL,'Cavillon',80310,'CAVILLON',87,1,NULL,NULL,NULL,NULL,NULL,NULL,0,NULL,NULL,'','','','','','','',NULL,0,NULL,'Courrier envoyé le 9/04/2017 dans campahgne d\'emailing groupemtn d\'achat',NULL,NULL,2,0,NULL,NULL,0,NULL,0,0,0,2,2,0,NULL,NULL,NULL,NULL,1,NULL,'0.000',NULL,'0.000',NULL,0,NULL,NULL,NULL,NULL,NULL,20170410141442,NULL,NULL);
INSERT INTO `llx_societe` VALUES (177,'SCEA DE LA MARETTE','',1,NULL,NULL,0,NULL,'2017-04-24 13:04:56',NULL,1,'CL-1704-000107',NULL,'411CL1704000107',NULL,'15 RUE DE BRIQUEMESNIL',80310,'CAVILLON',87,1,NULL,NULL,NULL,NULL,NULL,NULL,0,NULL,NULL,'','','','','','','',NULL,1,NULL,'Courrier envoyé le 9/04/2017 dans campahgne d\'emailing groupemtn d\'achat',NULL,NULL,2,0,NULL,NULL,0,NULL,0,0,0,2,2,0,NULL,NULL,NULL,NULL,1,NULL,'0.000',NULL,'0.000',NULL,0,NULL,NULL,NULL,NULL,NULL,20170410141442,NULL,NULL);
INSERT INTO `llx_societe` VALUES (178,'GAEC ROUCOU FRERES',NULL,1,NULL,NULL,0,NULL,'2017-04-24 13:25:07',NULL,1,'CL-1704-000108',NULL,NULL,NULL,NULL,80310,'CAVILLON',80,1,NULL,NULL,NULL,NULL,NULL,NULL,NULL,NULL,NULL,NULL,NULL,NULL,NULL,NULL,NULL,NULL,NULL,0,NULL,'Courrier envoyé le 9/04/2017 dans campahgne d\'emailing groupemtn d\'achat<br />\nREcontacter par tel. Tombé sur la tante, m\'a donné le 06 de son neveu.',NULL,NULL,2,0,NULL,NULL,NULL,NULL,0,0,0,2,NULL,0,NULL,NULL,NULL,NULL,1,0,NULL,0,NULL,NULL,0,NULL,NULL,NULL,NULL,NULL,20170410141442,NULL,NULL);
INSERT INTO `llx_societe` VALUES (179,'MONSIEUR EDOUARD LESUEUR','',1,NULL,NULL,0,NULL,'2017-04-24 13:21:51',NULL,1,'CL-1704-000109',NULL,'411CL1704000109',NULL,'5 rue de Oissy',80310,'CAVILLON',87,1,NULL,NULL,NULL,NULL,NULL,NULL,0,NULL,NULL,'','','','','','','',NULL,0,NULL,'Courrier envoyé le 9/04/2017 dans campahgne d\'emailing groupemtn d\'achat<br />\n<br />\nMere et fils,<br />\nbosses sur un projet annexe (prends du temps)<br />\nrecontacter mi mai 2017',NULL,NULL,2,0,NULL,NULL,0,NULL,0,0,0,2,2,0,NULL,NULL,NULL,NULL,1,NULL,'0.000',NULL,'0.000',NULL,0,NULL,NULL,NULL,NULL,NULL,20170410141442,NULL,NULL);
INSERT INTO `llx_societe` VALUES (194,'MARMOUZET PERE ET FILS','',1,NULL,NULL,0,NULL,'2017-04-24 14:59:00',NULL,1,'CL-1704-000110','FO-1704-000032','411CL1704000110',NULL,'1 CHEMIN SOUPIRS',59169,'CANTIN',66,1,'0327896411',NULL,NULL,'contact@leporcduvaldelasensee.fr',NULL,NULL,0,NULL,NULL,'','','','','','','',NULL,1,NULL,'<br />\ncampgane d\'emailing du 07/04/2017',NULL,NULL,2,0,NULL,'PL_MEDIUM',0,NULL,0,0,0,2,2,0,NULL,NULL,NULL,NULL,1,NULL,'0.000',NULL,'0.000',NULL,0,NULL,NULL,NULL,NULL,NULL,20170413182925,NULL,NULL);
INSERT INTO `llx_societe` VALUES (195,'B ET S DEMOL','',1,NULL,NULL,0,NULL,'2017-04-24 15:01:44',NULL,1,'CL-1704-000111','FO-1704-000033','411CL1704000111',NULL,'541 RUE SCHOOTERIE',59190,'STAPLE',66,1,'0328400254',NULL,NULL,'yves-demol@wanadoo.fr',NULL,NULL,0,NULL,NULL,'','','','','','','',NULL,1,NULL,'<div>\n<div>campgane d\'emailing du 07/04/2017</div>\n</div>\n\n<div> </div>\n',NULL,NULL,2,0,NULL,'PL_MEDIUM',0,NULL,0,0,0,2,2,0,NULL,NULL,NULL,NULL,1,NULL,'0.000',NULL,'0.000',NULL,0,NULL,NULL,NULL,NULL,NULL,20170413182925,NULL,NULL);
INSERT INTO `llx_societe` VALUES (196,'GAEC DE LA BARRIERE VINCENT','',1,NULL,NULL,0,NULL,'2017-04-24 15:04:48',NULL,1,'CL-1704-000112','FO-1704-000034','411CL1704000112',NULL,'CHEMIN VINCENT',59270,'BAILLEUL',66,1,'0328404001',NULL,NULL,'dominique.moreau0938@orange.fr',NULL,NULL,0,NULL,NULL,'','','','','','','',NULL,1,NULL,'campgane d\'emailing du 07/04/2017<br />\n',NULL,NULL,2,0,NULL,'PL_MEDIUM',0,NULL,0,0,0,2,2,0,NULL,NULL,NULL,NULL,1,NULL,'0.000',NULL,'0.000',NULL,0,NULL,NULL,NULL,NULL,NULL,20170413182925,NULL,NULL);
INSERT INTO `llx_societe` VALUES (198,'BEYAERT SMEE HERVE','',1,NULL,NULL,0,NULL,'2017-04-24 15:07:17',NULL,1,'CL-1704-000114','FO-1704-000036','411CL1704000114',NULL,'8 Bis ROUTE SPREY',59284,'PITGAM',66,1,'0328621823',NULL,NULL,'fermebeyaert@orange.fr',NULL,NULL,0,NULL,NULL,'','','','','','','',NULL,1,NULL,'campgane d\'emailing du 07/04/2017<br />\n',NULL,NULL,2,0,NULL,'PL_MEDIUM',0,NULL,0,0,0,2,2,0,NULL,NULL,NULL,NULL,1,NULL,'0.000',NULL,'0.000',NULL,0,NULL,NULL,NULL,NULL,NULL,20170413182925,NULL,NULL);
INSERT INTO `llx_societe` VALUES (199,'PLANCKE BERNARD','',1,NULL,NULL,0,NULL,'2017-04-24 15:07:58',NULL,1,'CL-1704-000115','FO-1704-000037','411CL1704000115',NULL,'2 ROUTE CYGNE',59285,'ARNEKE',59,1,680654855,NULL,NULL,'oplancke@nordnet.fr',NULL,NULL,0,NULL,NULL,'','','','','','','',NULL,1,NULL,'campgane d\'emailing du 07/04/2017<br />\n',NULL,NULL,2,0,NULL,'PL_MEDIUM',0,NULL,0,0,0,2,2,0,NULL,NULL,NULL,NULL,1,NULL,'0.000',NULL,'0.000',NULL,0,NULL,NULL,NULL,NULL,NULL,20170413182925,NULL,NULL);
INSERT INTO `llx_societe` VALUES (200,'FIGOUREUX ANDRE','',1,NULL,NULL,0,NULL,'2017-04-13 18:31:51',NULL,1,'CL-1704-000116','FO-1704-000038','411CL1704000116',NULL,'236 ROUTE HELLE',59380,'WEST CAPPEL',66,1,'0618553153',NULL,NULL,'figoureuxa@yahoo.fr',NULL,NULL,0,NULL,NULL,'','','','','','','',NULL,1,NULL,NULL,NULL,NULL,2,0,NULL,'PL_MEDIUM',0,NULL,0,0,0,2,2,0,NULL,NULL,NULL,NULL,1,NULL,'0.000',NULL,'0.000',NULL,0,NULL,NULL,NULL,NULL,NULL,20170413182925,NULL,NULL);
INSERT INTO `llx_societe` VALUES (201,'SCEA FERME DE MONTAGNY','',1,NULL,NULL,0,NULL,'2017-05-05 16:00:25','2017-04-19 11:34:52',1,'CL-1704-000117',NULL,'411CL1704000117',NULL,'1 CHEMIN DE FLY',60850,'SAINT GERMER DE FLY',67,1,NULL,NULL,NULL,NULL,NULL,1,3,NULL,NULL,487476285,'','','','','','',NULL,0,NULL,'optimisation contrats et consommations présents et à venir: j\'ai actuellement un tempo bleu et un jaune à 200 m l\'un de l\'autre<br />\n1 jaune de 60 kVA et un bleu <br />\na donné sur mdp de edf entreprise<br />\n<br />\n?un à projet de transformation de lait à la ferme<br />\nen attentes des directives de son be.<br />\ndoit nous donner les infos d\'energie et de puissance de sa nouvelle instal<br />\n<br />\na faire pour lui :<br />\nsynthèse conso sur ces deux compteurs<br />\nsimuler le gain de fusionner les deux compteurs (puissance et energie)<br />\ndéterminer puissance et conso de son instalation actuel et nouvelle et faire un appel d\'offre de souscription.<br />\n ',NULL,NULL,2,0,NULL,NULL,0,NULL,0,0,0,2,2,0,NULL,NULL,NULL,NULL,1,NULL,'0.000',NULL,'0.000',NULL,0,NULL,NULL,NULL,NULL,NULL,NULL,NULL,NULL);
INSERT INTO `llx_societe` VALUES (202,'GAEC REMY','',1,NULL,NULL,0,NULL,'2017-04-20 15:25:56','2017-04-20 15:23:20',1,'CL-1704-000118',NULL,'411CL1704000118',NULL,'24 rue de Barrieux','02820','Saint Erme',8,1,NULL,NULL,NULL,NULL,NULL,NULL,3,NULL,NULL,'','','','','','','',NULL,0,NULL,'Rencontrer à la formation de la chambre de l\'aisne<br />\ninterresé GA. 2 compteurs jaunes,<br />\n96kVA batiment stockage légume<br />\nl\'autre pour l\'irragation<br />\nchez EDF<br />\n ',NULL,NULL,2,0,NULL,NULL,0,NULL,0,0,0,2,2,0,NULL,NULL,NULL,NULL,1,NULL,'0.000',NULL,'0.000',NULL,0,NULL,NULL,NULL,NULL,NULL,NULL,NULL,NULL);
INSERT INTO `llx_societe` VALUES (203,'GAEC DES 3 CHATAIGNIERS','',1,NULL,NULL,0,NULL,'2017-04-24 16:17:28','2017-04-24 15:52:27',1,'CL-1704-000119',NULL,'411CL1704000119',NULL,'15 RUE ST JACQUES',80500,'VILLERS TOURNELLE',87,1,NULL,NULL,'https://www.lafermedes3chataigniers.com',NULL,NULL,NULL,0,NULL,NULL,'','','','','','','',NULL,0,NULL,'mail envoyé le 24/04/2017',NULL,NULL,2,0,NULL,NULL,0,NULL,0,0,0,2,2,0,NULL,NULL,NULL,NULL,1,NULL,'0.000',NULL,'0.000',NULL,0,NULL,NULL,NULL,NULL,NULL,NULL,NULL,NULL);
INSERT INTO `llx_societe` VALUES (204,'EARL DUBAN','',1,NULL,NULL,0,NULL,'2017-04-24 16:29:47','2017-04-24 16:18:30',1,'CL-1704-000120',NULL,'411CL1704000120',NULL,'FERME RACINEUSE',80680,'SAINS EN AMIENOIS',87,1,NULL,NULL,NULL,'bcdphersin@cegetel.net',NULL,NULL,0,NULL,NULL,'','','','','','','',NULL,0,NULL,'email envoyé le 24/04/2017',NULL,NULL,2,0,NULL,NULL,0,NULL,0,0,0,2,2,0,NULL,NULL,NULL,NULL,1,NULL,'0.000',NULL,'0.000',NULL,0,NULL,NULL,NULL,NULL,NULL,NULL,NULL,NULL);
INSERT INTO `llx_societe` VALUES (205,'GERMA','',1,NULL,NULL,0,NULL,'2017-04-24 18:06:32','2017-04-24 18:06:32',1,'CL-1704-000121','FO-1704-000039','411CL1704000121','401FO1704000039','516 rue Saint Fuscien',80090,'Amiens',87,1,'0322723737',NULL,'www.germa.fr','germa@germa.fr',NULL,NULL,0,NULL,NULL,'','','','','','','',NULL,0,NULL,NULL,NULL,NULL,2,1,NULL,NULL,0,NULL,0,0,0,2,2,0,NULL,NULL,NULL,NULL,1,NULL,'0.000',NULL,'0.000',NULL,0,NULL,NULL,NULL,'logo-germa-grand.png',NULL,NULL,NULL,NULL);
INSERT INTO `llx_societe` VALUES (206,'GAEC DU MOULIN DE LA ROOME','',1,NULL,NULL,0,NULL,'2017-04-25 15:13:19','2017-04-25 15:13:11',1,'CL-1704-000122',NULL,'411CL1704000122',NULL,'480 TAERTE STRAETE',59114,'TERDEGHEM',66,1,NULL,NULL,NULL,NULL,NULL,NULL,0,NULL,NULL,'','','','','','','',NULL,0,NULL,NULL,NULL,NULL,2,0,NULL,'PL_HIGH',0,NULL,0,0,0,2,2,0,NULL,NULL,NULL,NULL,1,NULL,'0.000',NULL,'0.000',NULL,0,NULL,NULL,NULL,NULL,NULL,NULL,NULL,NULL);
INSERT INTO `llx_societe` VALUES (207,'EARL DEQUIDT GUY','',1,NULL,NULL,0,NULL,'2017-04-25 15:23:05','2017-04-25 15:21:09',1,'CL-1704-000123',NULL,'411CL1704000123',NULL,'1560 D OUDE STRAETE',59470,'WORMHOUT',66,1,NULL,NULL,NULL,NULL,NULL,NULL,0,NULL,NULL,'','','','','','','',NULL,0,NULL,NULL,NULL,NULL,2,0,NULL,'PL_HIGH',0,NULL,0,0,0,2,2,0,NULL,NULL,NULL,NULL,1,NULL,'0.000',NULL,'0.000',NULL,0,NULL,NULL,NULL,NULL,NULL,NULL,NULL,NULL);
INSERT INTO `llx_societe` VALUES (208,'Bitable','',1,NULL,NULL,0,NULL,'2017-05-05 15:19:42','2017-05-05 15:19:42',1,NULL,'FO-1705-000040',NULL,'401FO1705000040','',NULL,NULL,0,1,NULL,NULL,NULL,NULL,NULL,NULL,0,NULL,NULL,'','','','','','','',NULL,0,NULL,NULL,NULL,NULL,0,1,NULL,NULL,0,NULL,0,0,0,2,2,0,NULL,NULL,NULL,NULL,1,NULL,'0.000',NULL,'0.000',NULL,0,NULL,NULL,NULL,NULL,NULL,NULL,NULL,NULL);
INSERT INTO `llx_societe` VALUES (209,'GAEC DES CLARINES','',1,NULL,NULL,0,NULL,'2017-05-05 15:54:21','2017-05-05 15:51:21',1,'CL-1705-000124',NULL,'411CL1705000124',NULL,'LIEU DIT GACHAT',42550,'APINAC',49,1,NULL,NULL,NULL,NULL,NULL,NULL,0,NULL,NULL,'','','','','','','',NULL,0,NULL,'Info sur la production et l\'autoconsommation d\'électricité<br />\n45 km de saint etienne, intéressé par ATC, en cours de reflexion.<br />\nJ\'ai donné mes coordonnées, à relancer dans 2 mois si pas de news',NULL,NULL,2,0,NULL,NULL,0,NULL,0,0,0,2,2,0,NULL,NULL,NULL,NULL,1,NULL,'0.000',NULL,'0.000',NULL,0,NULL,NULL,NULL,NULL,NULL,NULL,NULL,NULL);
INSERT INTO `llx_societe` VALUES (210,'Groupe Carré','',1,NULL,NULL,0,NULL,'2017-05-05 16:08:02','2017-05-05 16:08:02',1,'CL-1705-000125',NULL,'411CL1705000125',NULL,'',NULL,NULL,0,1,NULL,NULL,'www.groupe-carre.fr/',NULL,NULL,NULL,0,NULL,NULL,'','','','','','','',NULL,0,NULL,NULL,NULL,NULL,2,0,NULL,NULL,0,NULL,0,0,0,2,2,0,NULL,NULL,NULL,NULL,1,NULL,'0.000',NULL,'0.000',NULL,0,NULL,NULL,NULL,NULL,NULL,NULL,NULL,NULL);
INSERT INTO `llx_societe` VALUES (211,'GAEC DE LA BRUMAGNE','',1,NULL,NULL,0,NULL,'2017-05-11 12:17:05','2017-05-11 12:13:23',1,'CL-1705-000126',NULL,'411CL1705000126',NULL,'LIEU DIT L ANZIEUX',42140,'CHAZELLES SUR LYON',49,1,NULL,NULL,'www.societe.com/societe/gaec-de-la-brumagne-482111366.html',NULL,NULL,NULL,0,NULL,NULL,'','','','','','','',NULL,0,NULL,'produteur bio pas loin de st etienne.<br />\nRencontré au sima<br />\nA<span style=\"font-family:calibri,sans-serif; font-size:11pt\">un projet de photovoltaïque pour de l’autoconsommation 20kVA + chauffe eau thermodynamique 270l avec revente du surplus.<br />\n<br />\nNous a envoyé un devis pour analyse.</span><br />\n<br />\n ',NULL,NULL,2,0,NULL,NULL,0,NULL,0,0,0,2,2,0,NULL,NULL,NULL,NULL,1,NULL,'0.000',NULL,'0.000',NULL,0,NULL,NULL,NULL,NULL,NULL,NULL,NULL,NULL);
INSERT INTO `llx_societe` VALUES (212,'GERMA','',1,NULL,NULL,0,NULL,'2017-05-11 13:35:04','2017-05-11 13:30:03',1,'CL-1705-000127','FO-1705-000041','411CL1705000127','401FO1705000041','516 rue Saint Fuscien',80090,'Amiens',87,1,NULL,NULL,'www.germa.fr','germa@germa.fr',NULL,NULL,0,NULL,NULL,'','','','','','','',NULL,0,NULL,NULL,NULL,NULL,2,1,NULL,NULL,0,NULL,0,0,0,2,2,0,NULL,NULL,NULL,NULL,1,NULL,'0.000',NULL,'0.000',NULL,0,NULL,NULL,NULL,'logo-germa-grand.png',NULL,NULL,NULL,NULL);
INSERT INTO `llx_societe` VALUES (218,'EARL D\'HEM','',1,NULL,NULL,0,NULL,'2017-05-22 10:59:05','2017-05-22 00:00:00',1,'CL-1705-000128',NULL,'411CL1705000128',NULL,'CHE DU PONT DE WYLDER',59470,'WORMHOUT',66,1,NULL,NULL,NULL,NULL,NULL,NULL,0,NULL,NULL,'','','','','','','',NULL,0,'élevage de volailles campagne de mailing du 11-05-2017, à contacter',NULL,NULL,NULL,2,0,NULL,'PL_MEDIUM',0,NULL,0,0,0,2,3,0,NULL,NULL,NULL,NULL,1,NULL,'0.000',NULL,'0.000',NULL,0,NULL,NULL,NULL,NULL,NULL,20170522101314,NULL,NULL);
INSERT INTO `llx_societe` VALUES (249,'EARL LACONTE CHRISTOPHE','',1,NULL,NULL,0,NULL,'2017-05-22 14:04:22','2017-05-23 00:00:00',1,'CL-1705-000129',NULL,'411CL1705000129',NULL,'1 R KROM STRAETE',59143,'LEDERZEELE',66,1,NULL,NULL,NULL,NULL,NULL,NULL,0,NULL,NULL,'','','','','','','',NULL,0,NULL,'élevage porcin campagne de mailing du 11-05-2017<br />\nedf<br />\n42kVA<br />\na rappler et fixer un rdv en physique<br />\npas convaincu mais presque, bien expliquer qui fait quoi',NULL,NULL,2,0,NULL,'PL_MEDIUM',0,NULL,0,0,0,2,3,0,NULL,NULL,NULL,NULL,1,NULL,'0.000',NULL,'0.000',NULL,0,NULL,NULL,NULL,NULL,NULL,20170522102140,NULL,NULL);
INSERT INTO `llx_societe` VALUES (250,'MONSIEUR GILLES  DECOSTER',NULL,1,NULL,NULL,0,NULL,'2017-05-22 10:21:40','2017-05-24 00:00:00',1,'CL-1705-000130',NULL,NULL,NULL,'VOIE ROMAINE STEEN STRAETE',59470,'WORMHOUT',66,1,NULL,NULL,NULL,NULL,NULL,NULL,NULL,NULL,NULL,NULL,NULL,NULL,NULL,NULL,NULL,NULL,NULL,0,NULL,'élevage de volailles campagne de mailing du 11-05-2017, à contacter',NULL,NULL,2,0,NULL,'PL_MEDIUM',NULL,NULL,0,0,0,2,NULL,0,NULL,NULL,NULL,NULL,1,0,NULL,0,NULL,NULL,0,NULL,NULL,NULL,NULL,NULL,20170522102140,NULL,NULL);
INSERT INTO `llx_societe` VALUES (251,'MONSIEUR JEAN LOUIS DEMOL',NULL,1,NULL,NULL,0,NULL,'2017-05-22 10:21:40','2017-05-25 00:00:00',1,'CL-1705-000131',NULL,NULL,NULL,'1251 ROUTE D OCHTEZEELE',59285,'ROUBROUCK',66,1,NULL,NULL,NULL,NULL,NULL,NULL,NULL,NULL,NULL,NULL,NULL,NULL,NULL,NULL,NULL,NULL,NULL,0,NULL,'élavage de volailles campagne de mailing du 11-05-2017, à contacter',NULL,NULL,2,0,NULL,'PL_MEDIUM',NULL,NULL,0,0,0,2,NULL,0,NULL,NULL,NULL,NULL,1,0,NULL,0,NULL,NULL,0,NULL,NULL,NULL,NULL,NULL,20170522102140,NULL,NULL);
INSERT INTO `llx_societe` VALUES (252,'MONSIEUR STEPHANE BELLENGIER',NULL,1,NULL,NULL,0,NULL,'2017-05-22 10:21:40','2017-05-26 00:00:00',1,'CL-1705-000132',NULL,NULL,NULL,'1372 RUE NAEGEL STRAETE',59285,'RUBROUCK',66,1,NULL,NULL,NULL,NULL,NULL,NULL,NULL,NULL,NULL,NULL,NULL,NULL,NULL,NULL,NULL,NULL,NULL,0,NULL,'élevage de volailles campagne de mailing du 11-05-2017, à contacter',NULL,NULL,2,0,NULL,'PL_MEDIUM',NULL,NULL,0,0,0,2,NULL,0,NULL,NULL,NULL,NULL,1,0,NULL,0,NULL,NULL,0,NULL,NULL,NULL,NULL,NULL,20170522102140,NULL,NULL);
INSERT INTO `llx_societe` VALUES (253,'MONSIEUR ALAIN COSTENOBLE',NULL,1,NULL,NULL,0,NULL,'2017-05-22 10:21:40','2017-05-27 00:00:00',1,'CL-1705-000133',NULL,NULL,NULL,'14 RUE DE LA PHILIPPOTERIE',59181,'STEENWERCK',66,1,NULL,NULL,NULL,NULL,NULL,NULL,NULL,NULL,NULL,NULL,NULL,NULL,NULL,NULL,NULL,NULL,NULL,0,NULL,'élevage porcin campagne de mailing du 11-05-2017, à contacter',NULL,NULL,2,0,NULL,'PL_MEDIUM',NULL,NULL,0,0,0,2,NULL,0,NULL,NULL,NULL,NULL,1,0,NULL,0,NULL,NULL,0,NULL,NULL,NULL,NULL,NULL,20170522102140,NULL,NULL);
INSERT INTO `llx_societe` VALUES (254,'EARL HAVIEZ',NULL,1,NULL,NULL,0,NULL,'2017-05-22 12:56:19','2017-05-28 00:00:00',1,'CL-1705-000134',NULL,NULL,NULL,'16 RUE DU SEQUENTEAU',59181,'STEENWERCK',66,1,NULL,NULL,NULL,NULL,NULL,NULL,NULL,NULL,NULL,NULL,NULL,NULL,NULL,NULL,NULL,NULL,NULL,0,NULL,'élevage de volailles + site internet : www.haviez.fr campagne de mailing du 11-05-2017, à contacter<br />\neu au tel, semble intéressée, etait receptive<br />\n<br />\ndoit en rediscuter avec son mari et rappeler, <br />\nje note de rappeler une semaine plus tard si pas de news',NULL,NULL,2,0,NULL,'PL_MEDIUM',NULL,NULL,0,0,0,2,NULL,0,NULL,NULL,NULL,NULL,1,0,NULL,0,NULL,NULL,0,NULL,NULL,NULL,NULL,NULL,20170522102140,NULL,NULL);
INSERT INTO `llx_societe` VALUES (255,'WAREMBOURG ET FILS',NULL,1,NULL,NULL,0,NULL,'2017-05-22 10:21:40','2017-05-29 00:00:00',1,'CL-1705-000135',NULL,NULL,NULL,'13 RUE DE L\'EPINETTE',59181,'STEENWERCK',66,1,NULL,NULL,NULL,NULL,NULL,NULL,NULL,NULL,NULL,NULL,NULL,NULL,NULL,NULL,NULL,NULL,NULL,0,NULL,'élevage de volailles campagne de mailing du 11-05-2017, à contacter',NULL,NULL,2,0,NULL,'PL_MEDIUM',NULL,NULL,0,0,0,2,NULL,0,NULL,NULL,NULL,NULL,1,0,NULL,0,NULL,NULL,0,NULL,NULL,NULL,NULL,NULL,20170522102140,NULL,NULL);
INSERT INTO `llx_societe` VALUES (256,'GAEC CADET',NULL,1,NULL,NULL,0,NULL,'2017-05-22 10:21:40','2017-05-30 00:00:00',1,'CL-1705-000136',NULL,NULL,NULL,'RUE DU FROID NID',59181,'STEENWERCK',66,1,NULL,NULL,NULL,NULL,NULL,NULL,NULL,NULL,NULL,NULL,NULL,NULL,NULL,NULL,NULL,NULL,NULL,0,NULL,'élevage de volailles campagne de mailing du 11-05-2017, à contacter',NULL,NULL,2,0,NULL,'PL_MEDIUM',NULL,NULL,0,0,0,2,NULL,0,NULL,NULL,NULL,NULL,1,0,NULL,0,NULL,NULL,0,NULL,NULL,NULL,NULL,NULL,20170522102140,NULL,NULL);
INSERT INTO `llx_societe` VALUES (257,'SCEA HUYGHE',NULL,1,NULL,NULL,0,NULL,'2017-05-22 10:21:40','2017-05-31 00:00:00',1,'CL-1705-000137',NULL,NULL,NULL,'1195 RUE DU PONT BELGE',59190,'HAZEBROUCK',66,1,NULL,NULL,NULL,NULL,NULL,NULL,NULL,NULL,NULL,NULL,NULL,NULL,NULL,NULL,NULL,NULL,NULL,0,NULL,'élevage porcin campagne de mailing du 11-05-2017, à contacter',NULL,NULL,2,0,NULL,'PL_MEDIUM',NULL,NULL,0,0,0,2,NULL,0,NULL,NULL,NULL,NULL,1,0,NULL,0,NULL,NULL,0,NULL,NULL,NULL,NULL,NULL,20170522102140,NULL,NULL);
INSERT INTO `llx_societe` VALUES (258,'DELPLUME',NULL,1,NULL,NULL,0,NULL,'2017-05-22 11:34:32','0000-00-00 00:00:00',1,'CL-1705-000138',NULL,NULL,NULL,'636 CHEMIN DES CHAMPS',59190,'HAZEBROUCK',66,1,NULL,NULL,NULL,NULL,NULL,NULL,NULL,NULL,NULL,NULL,NULL,NULL,NULL,NULL,NULL,NULL,NULL,0,NULL,'élevage de volailles campagne de mailing du 11-05-2017, à contacter<br />\n<br />\n1 compteur 60 kVA mais en ejp donc pas intéressant mais un autre compteur (pas d\'infos dessus)<br />\nN\'a pas vu le courrier, rappeler quand il aura vu le courrier, lui demander par rapport à son autre compteur.<br />\n ',NULL,NULL,2,0,NULL,'PL_MEDIUM',NULL,NULL,0,0,0,2,NULL,0,NULL,NULL,NULL,NULL,1,0,NULL,0,NULL,NULL,0,NULL,NULL,NULL,NULL,NULL,20170522102140,NULL,NULL);
INSERT INTO `llx_societe` VALUES (259,'GAEC BARRIERE VINCENT',NULL,1,NULL,NULL,0,NULL,'2017-05-22 10:21:40','0000-00-00 00:00:00',1,'CL-1705-000139',NULL,NULL,NULL,'LA CRECHE 1345 CHEMIN VINCENT',59270,'BAILLEUL',66,1,NULL,NULL,NULL,NULL,NULL,NULL,NULL,NULL,NULL,NULL,NULL,NULL,NULL,NULL,NULL,NULL,NULL,0,NULL,'élevage porcin campagne de mailing du 11-05-2017, à contacter',NULL,NULL,2,0,NULL,'PL_MEDIUM',NULL,NULL,0,0,0,2,NULL,0,NULL,NULL,NULL,NULL,1,0,NULL,0,NULL,NULL,0,NULL,NULL,NULL,NULL,NULL,20170522102140,NULL,NULL);
INSERT INTO `llx_societe` VALUES (260,'GAEC AMMEUX FRERES',NULL,1,NULL,NULL,0,NULL,'2017-05-22 10:21:40','0000-00-00 00:00:00',1,'CL-1705-000140',NULL,NULL,NULL,'RUE DE WATTOU',59470,'HOUTKERQUE',66,1,NULL,NULL,NULL,NULL,NULL,NULL,NULL,NULL,NULL,NULL,NULL,NULL,NULL,NULL,NULL,NULL,NULL,0,NULL,'élevage porcin campagne de mailing du 11-05-2017, à contacter',NULL,NULL,2,0,NULL,'PL_MEDIUM',NULL,NULL,0,0,0,2,NULL,0,NULL,NULL,NULL,NULL,1,0,NULL,0,NULL,NULL,0,NULL,NULL,NULL,NULL,NULL,20170522102140,NULL,NULL);
INSERT INTO `llx_societe` VALUES (261,'SARL DES MARRONNIERS',NULL,1,NULL,NULL,0,NULL,'2017-05-22 10:21:40','0000-00-00 00:00:00',1,'CL-1705-000141',NULL,NULL,NULL,'4 RUE VERTE',59470,'HOUTKERQUE',66,1,NULL,NULL,NULL,NULL,NULL,NULL,NULL,NULL,NULL,NULL,NULL,NULL,NULL,NULL,NULL,NULL,NULL,0,NULL,'élevage porcin campagne de mailing du 11-05-2017, à contacter',NULL,NULL,2,0,NULL,'PL_MEDIUM',NULL,NULL,0,0,0,2,NULL,0,NULL,NULL,NULL,NULL,1,0,NULL,0,NULL,NULL,0,NULL,NULL,NULL,NULL,NULL,20170522102140,NULL,NULL);
INSERT INTO `llx_societe` VALUES (262,'EARL PEEL',NULL,1,NULL,NULL,0,NULL,'2017-05-22 10:21:40','0000-00-00 00:00:00',1,'CL-1705-000142',NULL,NULL,NULL,'2 RUE DES PRÉS',59470,'HOUTKERQUE',66,1,NULL,NULL,NULL,NULL,NULL,NULL,NULL,NULL,NULL,NULL,NULL,NULL,NULL,NULL,NULL,NULL,NULL,0,NULL,'élevage de volailles campagne de mailing du 11-05-2017, à contacter',NULL,NULL,2,0,NULL,'PL_MEDIUM',NULL,NULL,0,0,0,2,NULL,0,NULL,NULL,NULL,NULL,1,0,NULL,0,NULL,NULL,0,NULL,NULL,NULL,NULL,NULL,20170522102140,NULL,NULL);
INSERT INTO `llx_societe` VALUES (263,'LUC EARL THORIS','',1,NULL,NULL,0,NULL,'2017-05-22 13:22:47','0000-00-00 00:00:00',1,'CL-1705-000143',NULL,'411CL1705000143',NULL,'877 ROUTE D\'HOUTKERQUE',59670,'WINNEZEELE',66,1,NULL,NULL,NULL,NULL,NULL,NULL,0,NULL,NULL,'','','','','','','',NULL,3,NULL,'élevage porcin campagne de mailing du 11-05-2017,<br />\neu au tel, intéréssé mais besoin d\'être rassuré, sur les fournisseur, les services, et la rentabilité<br />\n144kVA paye 40 k€ /an d\'élec<br />\nventilotion, faf,<br />\nsouhaite du service<br />\nchez EDF<br />\n <br />\n ',NULL,NULL,2,0,NULL,'PL_MEDIUM',0,NULL,0,0,0,2,3,0,NULL,NULL,NULL,NULL,1,NULL,'0.000',NULL,'0.000',NULL,0,NULL,NULL,NULL,NULL,NULL,20170522102140,NULL,NULL);
INSERT INTO `llx_societe` VALUES (264,'MONSIEUR OLIVIER SEPIETER',NULL,1,NULL,NULL,0,NULL,'2017-05-22 10:21:40','0000-00-00 00:00:00',1,'CL-1705-000144',NULL,NULL,NULL,'987 ROUTE D HOUTKERQUE',59670,'WINNEZEELE',66,1,NULL,NULL,NULL,NULL,NULL,NULL,NULL,NULL,NULL,NULL,NULL,NULL,NULL,NULL,NULL,NULL,NULL,0,NULL,'élevage porcin campagne de mailing du 11-05-2017, à contacter',NULL,NULL,2,0,NULL,'PL_MEDIUM',NULL,NULL,0,0,0,2,NULL,0,NULL,NULL,NULL,NULL,1,0,NULL,0,NULL,NULL,0,NULL,NULL,NULL,NULL,NULL,20170522102140,NULL,NULL);
INSERT INTO `llx_societe` VALUES (265,'MONSIEUR GILBERT PROVO/ PROVO ET FILS',NULL,1,NULL,NULL,0,NULL,'2017-05-22 10:21:40','0000-00-00 00:00:00',1,'CL-1705-000145',NULL,NULL,NULL,'1550 ROUTE D HERZEELE',59670,'WINNEZEELE',66,1,NULL,NULL,NULL,NULL,NULL,NULL,NULL,NULL,NULL,NULL,NULL,NULL,NULL,NULL,NULL,NULL,NULL,0,NULL,'élevage de volailles campagne de mailing du 11-05-2017, à contacter',NULL,NULL,2,0,NULL,'PL_MEDIUM',NULL,NULL,0,0,0,2,NULL,0,NULL,NULL,NULL,NULL,1,0,NULL,0,NULL,NULL,0,NULL,NULL,NULL,NULL,NULL,20170522102140,NULL,NULL);
INSERT INTO `llx_societe` VALUES (266,'SCEA GESQUIERE',NULL,1,NULL,NULL,0,NULL,'2017-05-22 10:21:40','0000-00-00 00:00:00',1,'CL-1705-000146',NULL,NULL,NULL,'1211 RUE DE LA CHAPELLE',59670,'WINNEZEELE',66,1,NULL,NULL,NULL,NULL,NULL,NULL,NULL,NULL,NULL,NULL,NULL,NULL,NULL,NULL,NULL,NULL,NULL,0,NULL,'élevage de volailles campagne de mailing du 11-05-2017, à contacter',NULL,NULL,2,0,NULL,'PL_MEDIUM',NULL,NULL,0,0,0,2,NULL,0,NULL,NULL,NULL,NULL,1,0,NULL,0,NULL,NULL,0,NULL,NULL,NULL,NULL,NULL,20170522102140,NULL,NULL);
INSERT INTO `llx_societe` VALUES (267,'EARL MARCANT BEUN',NULL,1,NULL,NULL,0,NULL,'2017-05-22 10:21:40','0000-00-00 00:00:00',1,'CL-1705-000147',NULL,NULL,NULL,'1347 RTE DE STEENVOORDE',59670,'WINNEZEELE',66,1,NULL,NULL,NULL,NULL,NULL,NULL,NULL,NULL,NULL,NULL,NULL,NULL,NULL,NULL,NULL,NULL,NULL,0,NULL,'élevage de volailles campagne de mailing du 11-05-2017, à contacter',NULL,NULL,2,0,NULL,'PL_MEDIUM',NULL,NULL,0,0,0,2,NULL,0,NULL,NULL,NULL,NULL,1,0,NULL,0,NULL,NULL,0,NULL,NULL,NULL,NULL,NULL,20170522102140,NULL,NULL);
INSERT INTO `llx_societe` VALUES (268,'VANPEENE',NULL,1,NULL,NULL,0,NULL,'2017-05-22 10:21:40','0000-00-00 00:00:00',1,'CL-1705-000148',NULL,NULL,NULL,'495 ROUTE DE LA CHAPELLE',59670,'WINNEZEELE',66,1,NULL,NULL,NULL,NULL,NULL,NULL,NULL,NULL,NULL,NULL,NULL,NULL,NULL,NULL,NULL,NULL,NULL,0,NULL,'élevage de volailles campagne de mailing du 11-05-2017, à contacter',NULL,NULL,2,0,NULL,'PL_MEDIUM',NULL,NULL,0,0,0,2,NULL,0,NULL,NULL,NULL,NULL,1,0,NULL,0,NULL,NULL,0,NULL,NULL,NULL,NULL,NULL,20170522102140,NULL,NULL);
INSERT INTO `llx_societe` VALUES (269,'MADAME CAROLINE FOORT',NULL,1,NULL,NULL,0,NULL,'2017-05-22 10:21:40','0000-00-00 00:00:00',1,'CL-1705-000149',NULL,NULL,NULL,'27 RUE DES 3 ROIS',59122,'HONDSCHOOTE',66,1,NULL,NULL,NULL,NULL,NULL,NULL,NULL,NULL,NULL,NULL,NULL,NULL,NULL,NULL,NULL,NULL,NULL,0,NULL,'élevage porcin campagne de mailing du 11-05-2017, à contacter',NULL,NULL,2,0,NULL,'PL_MEDIUM',NULL,NULL,0,0,0,2,NULL,0,NULL,NULL,NULL,NULL,1,0,NULL,0,NULL,NULL,0,NULL,NULL,NULL,NULL,NULL,20170522102140,NULL,NULL);
INSERT INTO `llx_societe` VALUES (270,'MONSIEUR LUC BLANCKAERT','',1,NULL,NULL,0,NULL,'2017-05-22 11:53:50','0000-00-00 00:00:00',1,'CL-1705-000150',NULL,'411CL1705000150',NULL,'700 CHEMIN DE REGARDICK',59122,'HONDSCHOOTE',66,1,NULL,NULL,NULL,NULL,NULL,NULL,0,NULL,NULL,'','','','','','','',NULL,0,NULL,'élevage porcin campagne de mailing du 11-05-2017, à contacter<br />\nbleu 24 kva<br />\n5-6000€/an',NULL,NULL,2,0,NULL,'PL_MEDIUM',0,NULL,0,0,0,2,3,0,NULL,NULL,NULL,NULL,1,NULL,'0.000',NULL,'0.000',NULL,0,NULL,NULL,NULL,NULL,NULL,20170522102140,NULL,NULL);
INSERT INTO `llx_societe` VALUES (271,'COUVOIR DE L ETOILE','',1,NULL,NULL,0,NULL,'2017-05-22 11:59:46','0000-00-00 00:00:00',1,'CL-1705-000151',NULL,'411CL1705000151',NULL,'1703 CHEMIN DÉPARTEMENTAL WARMOESTRAETE',59122,'HONDSCHOOTE',66,1,NULL,NULL,NULL,NULL,NULL,NULL,0,NULL,NULL,'','','','','','','',NULL,3,NULL,'élevage de volailles campagne de mailing du 11-05-2017, à contacter<br />\non deja fait, pas intéressé<br />\ngros truc suremment , car secretaire au standard<br />\n ',NULL,NULL,2,0,NULL,'PL_LOW',0,NULL,0,0,0,2,3,0,NULL,NULL,NULL,NULL,1,NULL,'0.000',NULL,'0.000',NULL,0,NULL,NULL,NULL,NULL,NULL,20170522102140,NULL,NULL);
INSERT INTO `llx_societe` VALUES (272,'MONSIEUR ALAIN FAUQUET','',1,NULL,NULL,0,NULL,'2017-05-22 13:09:16','0000-00-00 00:00:00',1,'CL-1705-000152',NULL,'411CL1705000152',NULL,'1001 ROUTE DE LA COLME',59122,'HONDSCHOOTE',66,1,NULL,NULL,NULL,NULL,NULL,NULL,0,NULL,NULL,'','','','','','','',NULL,3,NULL,'élevage de volailles campagne de mailing du 11-05-2017, à contacter<br />\neu au tel, a des panneaux solaire, <br />\nembeté avec enedis pour le raccordement<br />\nne veux rien changer',NULL,NULL,2,0,NULL,'PL_MEDIUM',0,NULL,0,0,0,2,3,0,NULL,NULL,NULL,NULL,1,NULL,'0.000',NULL,'0.000',NULL,0,NULL,NULL,NULL,NULL,NULL,20170522102140,NULL,NULL);
INSERT INTO `llx_societe` VALUES (273,'SARL NUTRI GEN ELEVAGE',NULL,1,NULL,NULL,0,NULL,'2017-05-22 10:21:40','0000-00-00 00:00:00',1,'CL-1705-000153',NULL,NULL,NULL,'3087 RUE DE LA GARE',59299,'BOESCHEPE',66,1,NULL,NULL,NULL,NULL,NULL,NULL,NULL,NULL,NULL,NULL,NULL,NULL,NULL,NULL,NULL,NULL,NULL,0,NULL,'élevage porcin campagne de mailing du 11-05-2017, à contacter',NULL,NULL,2,0,NULL,'PL_MEDIUM',NULL,NULL,0,0,0,2,NULL,0,NULL,NULL,NULL,NULL,1,0,NULL,0,NULL,NULL,0,NULL,NULL,NULL,NULL,NULL,20170522102140,NULL,NULL);
INSERT INTO `llx_societe` VALUES (274,'SCEA VERSTAEN',NULL,1,NULL,NULL,0,NULL,'2017-05-22 10:21:40','0000-00-00 00:00:00',1,'CL-1705-000154',NULL,NULL,NULL,'CHEMIN CHAPELLE DE FER',59114,'Steenvoorde',66,1,NULL,NULL,NULL,NULL,NULL,NULL,NULL,NULL,NULL,NULL,NULL,NULL,NULL,NULL,NULL,NULL,NULL,0,NULL,'élevage porcin campagne de mailing du 11-05-2017, à contacter',NULL,NULL,2,0,NULL,'PL_MEDIUM',NULL,NULL,0,0,0,2,NULL,0,NULL,NULL,NULL,NULL,1,0,NULL,0,NULL,NULL,0,NULL,NULL,NULL,NULL,NULL,20170522102140,NULL,NULL);
INSERT INTO `llx_societe` VALUES (275,'EARL STERCKEMAN',NULL,1,NULL,NULL,0,NULL,'2017-05-22 10:21:40','0000-00-00 00:00:00',1,'CL-1705-000155',NULL,NULL,NULL,'R GODEWAERSVELDE',59114,'Steenvoorde',66,1,NULL,NULL,NULL,NULL,NULL,NULL,NULL,NULL,NULL,NULL,NULL,NULL,NULL,NULL,NULL,NULL,NULL,0,NULL,'élevage porcin campagne de mailing du 11-05-2017, à contacter',NULL,NULL,2,0,NULL,'PL_MEDIUM',NULL,NULL,0,0,0,2,NULL,0,NULL,NULL,NULL,NULL,1,0,NULL,0,NULL,NULL,0,NULL,NULL,NULL,NULL,NULL,20170522102140,NULL,NULL);
INSERT INTO `llx_societe` VALUES (276,'MONSIEUR DAVID GOUSSEN',NULL,1,NULL,NULL,0,NULL,'2017-05-22 10:21:40','0000-00-00 00:00:00',1,'CL-1705-000156',NULL,NULL,NULL,'47 RTE D HONDSCHOOTE',59114,'Steenvoorde',66,1,NULL,NULL,NULL,NULL,NULL,NULL,NULL,NULL,NULL,NULL,NULL,NULL,NULL,NULL,NULL,NULL,NULL,0,NULL,'élevage porcin campagne de mailing du 11-05-2017, à contacter',NULL,NULL,2,0,NULL,'PL_MEDIUM',NULL,NULL,0,0,0,2,NULL,0,NULL,NULL,NULL,NULL,1,0,NULL,0,NULL,NULL,0,NULL,NULL,NULL,NULL,NULL,20170522102140,NULL,NULL);
INSERT INTO `llx_societe` VALUES (277,'VANDENCASTEELE JOEL EARL',NULL,1,NULL,NULL,0,NULL,'2017-05-22 10:21:40','0000-00-00 00:00:00',1,'CL-1705-000157',NULL,NULL,NULL,'LIEU DIT LA WARANDE',59114,'Steenvoorde',66,1,NULL,NULL,NULL,NULL,NULL,NULL,NULL,NULL,NULL,NULL,NULL,NULL,NULL,NULL,NULL,NULL,NULL,0,NULL,'élevage de volailles campagne de mailing du 11-05-2017, à contacter',NULL,NULL,2,0,NULL,'PL_MEDIUM',NULL,NULL,0,0,0,2,NULL,0,NULL,NULL,NULL,NULL,1,0,NULL,0,NULL,NULL,0,NULL,NULL,NULL,NULL,NULL,20170522102140,NULL,NULL);
INSERT INTO `llx_societe` VALUES (278,'MONSIEUR JEAN PHILIPPE TEUF',NULL,1,NULL,NULL,0,NULL,'2017-05-22 10:21:40','0000-00-00 00:00:00',1,'CL-1705-000158',NULL,NULL,NULL,'88 SWARTE STRAETE',59114,'Steenvoorde',66,1,NULL,NULL,NULL,NULL,NULL,NULL,NULL,NULL,NULL,NULL,NULL,NULL,NULL,NULL,NULL,NULL,NULL,0,NULL,'élevage de volailles campagne de mailing du 11-05-2017, à contacter',NULL,NULL,2,0,NULL,'PL_MEDIUM',NULL,NULL,0,0,0,2,NULL,0,NULL,NULL,NULL,NULL,1,0,NULL,0,NULL,NULL,0,NULL,NULL,NULL,NULL,NULL,20170522102140,NULL,NULL);
ALTER TABLE `llx_societe` ENABLE KEYS;
UNLOCK TABLES;




--
-- Table structure for table `llx_societe_address`
--
DROP TABLE IF EXISTS `llx_societe_address`;
CREATE TABLE `llx_societe_address` (
  `rowid` int(11) NOT NULL AUTO_INCREMENT,
  `datec` datetime DEFAULT NULL,
  `tms` timestamp NOT NULL DEFAULT CURRENT_TIMESTAMP ON UPDATE CURRENT_TIMESTAMP,
  `label` varchar(30) COLLATE latin1_general_ci DEFAULT NULL,
  `fk_soc` int(11) DEFAULT '0',
  `name` varchar(60) COLLATE latin1_general_ci DEFAULT NULL,
  `address` varchar(255) COLLATE latin1_general_ci DEFAULT NULL,
  `zip` varchar(10) COLLATE latin1_general_ci DEFAULT NULL,
  `town` varchar(50) COLLATE latin1_general_ci DEFAULT NULL,
  `fk_pays` int(11) DEFAULT '0',
  `phone` varchar(20) COLLATE latin1_general_ci DEFAULT NULL,
  `fax` varchar(20) COLLATE latin1_general_ci DEFAULT NULL,
  `note` text COLLATE latin1_general_ci,
  `fk_user_creat` int(11) DEFAULT NULL,
  `fk_user_modif` int(11) DEFAULT NULL,
  PRIMARY KEY (`rowid`)
) ENGINE=InnoDB DEFAULT CHARSET=latin1 COLLATE=latin1_general_ci;

--
-- Dumping data for table `llx_societe_address`
--
LOCK TABLES `llx_societe_address` WRITE;
ALTER TABLE `llx_societe_address` DISABLE KEYS;
ALTER TABLE `llx_societe_address` ENABLE KEYS;
UNLOCK TABLES;




--
-- Table structure for table `llx_societe_commerciaux`
--
DROP TABLE IF EXISTS `llx_societe_commerciaux`;
CREATE TABLE `llx_societe_commerciaux` (
  `rowid` int(11) NOT NULL AUTO_INCREMENT,
  `fk_soc` int(11) DEFAULT NULL,
  `fk_user` int(11) DEFAULT NULL,
  `import_key` varchar(14) COLLATE latin1_general_ci DEFAULT NULL,
  PRIMARY KEY (`rowid`),
  UNIQUE KEY `uk_societe_commerciaux` (`fk_soc`,`fk_user`)
) ENGINE=InnoDB AUTO_INCREMENT=151 DEFAULT CHARSET=latin1 COLLATE=latin1_general_ci;

--
-- Dumping data for table `llx_societe_commerciaux`
--
LOCK TABLES `llx_societe_commerciaux` WRITE;
ALTER TABLE `llx_societe_commerciaux` DISABLE KEYS;
INSERT INTO `llx_societe_commerciaux` VALUES (1,1,2,NULL);
INSERT INTO `llx_societe_commerciaux` VALUES (2,2,1,NULL);
INSERT INTO `llx_societe_commerciaux` VALUES (4,4,2,NULL);
INSERT INTO `llx_societe_commerciaux` VALUES (5,5,2,NULL);
INSERT INTO `llx_societe_commerciaux` VALUES (6,6,2,NULL);
INSERT INTO `llx_societe_commerciaux` VALUES (7,7,2,NULL);
INSERT INTO `llx_societe_commerciaux` VALUES (8,8,2,NULL);
INSERT INTO `llx_societe_commerciaux` VALUES (10,10,2,NULL);
INSERT INTO `llx_societe_commerciaux` VALUES (12,3,1,NULL);
INSERT INTO `llx_societe_commerciaux` VALUES (15,11,1,NULL);
INSERT INTO `llx_societe_commerciaux` VALUES (16,12,1,NULL);
INSERT INTO `llx_societe_commerciaux` VALUES (17,13,1,NULL);
INSERT INTO `llx_societe_commerciaux` VALUES (18,14,2,NULL);
INSERT INTO `llx_societe_commerciaux` VALUES (19,15,1,NULL);
INSERT INTO `llx_societe_commerciaux` VALUES (20,16,1,NULL);
INSERT INTO `llx_societe_commerciaux` VALUES (21,17,1,NULL);
INSERT INTO `llx_societe_commerciaux` VALUES (22,18,1,NULL);
INSERT INTO `llx_societe_commerciaux` VALUES (23,19,1,NULL);
INSERT INTO `llx_societe_commerciaux` VALUES (24,20,1,NULL);
INSERT INTO `llx_societe_commerciaux` VALUES (25,21,1,NULL);
INSERT INTO `llx_societe_commerciaux` VALUES (26,22,2,NULL);
INSERT INTO `llx_societe_commerciaux` VALUES (27,23,2,NULL);
INSERT INTO `llx_societe_commerciaux` VALUES (28,24,2,NULL);
INSERT INTO `llx_societe_commerciaux` VALUES (29,25,2,NULL);
INSERT INTO `llx_societe_commerciaux` VALUES (30,26,2,NULL);
INSERT INTO `llx_societe_commerciaux` VALUES (31,27,2,NULL);
INSERT INTO `llx_societe_commerciaux` VALUES (32,28,2,NULL);
INSERT INTO `llx_societe_commerciaux` VALUES (33,29,2,NULL);
INSERT INTO `llx_societe_commerciaux` VALUES (34,30,2,NULL);
INSERT INTO `llx_societe_commerciaux` VALUES (35,31,2,NULL);
INSERT INTO `llx_societe_commerciaux` VALUES (36,32,2,NULL);
INSERT INTO `llx_societe_commerciaux` VALUES (37,33,2,NULL);
INSERT INTO `llx_societe_commerciaux` VALUES (38,34,2,NULL);
INSERT INTO `llx_societe_commerciaux` VALUES (39,35,1,NULL);
INSERT INTO `llx_societe_commerciaux` VALUES (40,36,2,NULL);
INSERT INTO `llx_societe_commerciaux` VALUES (41,37,2,NULL);
INSERT INTO `llx_societe_commerciaux` VALUES (42,38,2,NULL);
INSERT INTO `llx_societe_commerciaux` VALUES (43,39,2,NULL);
INSERT INTO `llx_societe_commerciaux` VALUES (44,40,2,NULL);
INSERT INTO `llx_societe_commerciaux` VALUES (45,41,2,NULL);
INSERT INTO `llx_societe_commerciaux` VALUES (46,42,2,NULL);
INSERT INTO `llx_societe_commerciaux` VALUES (47,43,1,NULL);
INSERT INTO `llx_societe_commerciaux` VALUES (48,44,1,NULL);
INSERT INTO `llx_societe_commerciaux` VALUES (49,45,2,NULL);
INSERT INTO `llx_societe_commerciaux` VALUES (50,46,2,NULL);
INSERT INTO `llx_societe_commerciaux` VALUES (51,47,2,NULL);
INSERT INTO `llx_societe_commerciaux` VALUES (52,48,1,NULL);
INSERT INTO `llx_societe_commerciaux` VALUES (53,49,1,NULL);
INSERT INTO `llx_societe_commerciaux` VALUES (54,50,1,NULL);
INSERT INTO `llx_societe_commerciaux` VALUES (55,51,1,NULL);
INSERT INTO `llx_societe_commerciaux` VALUES (56,52,1,NULL);
INSERT INTO `llx_societe_commerciaux` VALUES (58,54,1,NULL);
INSERT INTO `llx_societe_commerciaux` VALUES (59,55,2,NULL);
INSERT INTO `llx_societe_commerciaux` VALUES (60,56,2,NULL);
INSERT INTO `llx_societe_commerciaux` VALUES (61,57,2,NULL);
INSERT INTO `llx_societe_commerciaux` VALUES (62,58,2,NULL);
INSERT INTO `llx_societe_commerciaux` VALUES (63,59,2,NULL);
INSERT INTO `llx_societe_commerciaux` VALUES (64,60,2,NULL);
INSERT INTO `llx_societe_commerciaux` VALUES (65,61,2,NULL);
INSERT INTO `llx_societe_commerciaux` VALUES (66,62,2,NULL);
INSERT INTO `llx_societe_commerciaux` VALUES (67,63,2,NULL);
INSERT INTO `llx_societe_commerciaux` VALUES (68,64,2,NULL);
INSERT INTO `llx_societe_commerciaux` VALUES (69,65,2,NULL);
INSERT INTO `llx_societe_commerciaux` VALUES (70,66,2,NULL);
INSERT INTO `llx_societe_commerciaux` VALUES (72,68,2,NULL);
INSERT INTO `llx_societe_commerciaux` VALUES (73,69,2,NULL);
INSERT INTO `llx_societe_commerciaux` VALUES (74,70,2,NULL);
INSERT INTO `llx_societe_commerciaux` VALUES (76,72,2,NULL);
INSERT INTO `llx_societe_commerciaux` VALUES (77,73,2,NULL);
INSERT INTO `llx_societe_commerciaux` VALUES (78,74,2,NULL);
INSERT INTO `llx_societe_commerciaux` VALUES (79,75,2,NULL);
INSERT INTO `llx_societe_commerciaux` VALUES (80,76,2,NULL);
INSERT INTO `llx_societe_commerciaux` VALUES (81,77,2,NULL);
INSERT INTO `llx_societe_commerciaux` VALUES (82,78,2,NULL);
INSERT INTO `llx_societe_commerciaux` VALUES (84,80,2,NULL);
INSERT INTO `llx_societe_commerciaux` VALUES (85,81,2,NULL);
INSERT INTO `llx_societe_commerciaux` VALUES (86,82,2,NULL);
INSERT INTO `llx_societe_commerciaux` VALUES (87,83,2,NULL);
INSERT INTO `llx_societe_commerciaux` VALUES (88,84,2,NULL);
INSERT INTO `llx_societe_commerciaux` VALUES (89,85,2,NULL);
INSERT INTO `llx_societe_commerciaux` VALUES (90,86,2,NULL);
INSERT INTO `llx_societe_commerciaux` VALUES (92,88,2,NULL);
INSERT INTO `llx_societe_commerciaux` VALUES (93,89,2,NULL);
INSERT INTO `llx_societe_commerciaux` VALUES (94,90,2,NULL);
INSERT INTO `llx_societe_commerciaux` VALUES (95,91,2,NULL);
INSERT INTO `llx_societe_commerciaux` VALUES (96,92,2,NULL);
INSERT INTO `llx_societe_commerciaux` VALUES (97,93,2,NULL);
INSERT INTO `llx_societe_commerciaux` VALUES (98,94,2,NULL);
INSERT INTO `llx_societe_commerciaux` VALUES (99,95,2,NULL);
INSERT INTO `llx_societe_commerciaux` VALUES (100,96,2,NULL);
INSERT INTO `llx_societe_commerciaux` VALUES (101,97,2,NULL);
INSERT INTO `llx_societe_commerciaux` VALUES (102,98,2,NULL);
INSERT INTO `llx_societe_commerciaux` VALUES (103,99,2,NULL);
INSERT INTO `llx_societe_commerciaux` VALUES (104,100,2,NULL);
INSERT INTO `llx_societe_commerciaux` VALUES (105,101,2,NULL);
INSERT INTO `llx_societe_commerciaux` VALUES (106,102,2,NULL);
INSERT INTO `llx_societe_commerciaux` VALUES (107,103,2,NULL);
INSERT INTO `llx_societe_commerciaux` VALUES (108,104,2,NULL);
INSERT INTO `llx_societe_commerciaux` VALUES (110,106,2,NULL);
INSERT INTO `llx_societe_commerciaux` VALUES (111,107,1,NULL);
INSERT INTO `llx_societe_commerciaux` VALUES (112,108,1,NULL);
INSERT INTO `llx_societe_commerciaux` VALUES (113,109,1,NULL);
INSERT INTO `llx_societe_commerciaux` VALUES (114,110,1,NULL);
INSERT INTO `llx_societe_commerciaux` VALUES (115,111,2,NULL);
INSERT INTO `llx_societe_commerciaux` VALUES (116,112,2,NULL);
INSERT INTO `llx_societe_commerciaux` VALUES (117,113,2,NULL);
INSERT INTO `llx_societe_commerciaux` VALUES (123,119,2,NULL);
INSERT INTO `llx_societe_commerciaux` VALUES (124,120,2,NULL);
INSERT INTO `llx_societe_commerciaux` VALUES (125,121,2,NULL);
INSERT INTO `llx_societe_commerciaux` VALUES (126,122,2,NULL);
INSERT INTO `llx_societe_commerciaux` VALUES (128,124,1,NULL);
INSERT INTO `llx_societe_commerciaux` VALUES (129,125,1,NULL);
INSERT INTO `llx_societe_commerciaux` VALUES (130,126,1,NULL);
INSERT INTO `llx_societe_commerciaux` VALUES (131,127,1,NULL);
INSERT INTO `llx_societe_commerciaux` VALUES (132,128,1,NULL);
INSERT INTO `llx_societe_commerciaux` VALUES (133,129,1,NULL);
INSERT INTO `llx_societe_commerciaux` VALUES (134,130,1,NULL);
INSERT INTO `llx_societe_commerciaux` VALUES (135,131,1,NULL);
INSERT INTO `llx_societe_commerciaux` VALUES (136,201,2,NULL);
INSERT INTO `llx_societe_commerciaux` VALUES (137,202,2,NULL);
INSERT INTO `llx_societe_commerciaux` VALUES (138,203,2,NULL);
INSERT INTO `llx_societe_commerciaux` VALUES (139,204,2,NULL);
INSERT INTO `llx_societe_commerciaux` VALUES (140,165,2,NULL);
INSERT INTO `llx_societe_commerciaux` VALUES (141,205,2,NULL);
INSERT INTO `llx_societe_commerciaux` VALUES (142,206,2,NULL);
INSERT INTO `llx_societe_commerciaux` VALUES (143,207,2,NULL);
INSERT INTO `llx_societe_commerciaux` VALUES (144,208,2,NULL);
INSERT INTO `llx_societe_commerciaux` VALUES (145,209,2,NULL);
INSERT INTO `llx_societe_commerciaux` VALUES (146,210,2,NULL);
INSERT INTO `llx_societe_commerciaux` VALUES (147,211,2,NULL);
INSERT INTO `llx_societe_commerciaux` VALUES (148,212,2,NULL);
INSERT INTO `llx_societe_commerciaux` VALUES (149,218,3,NULL);
INSERT INTO `llx_societe_commerciaux` VALUES (150,251,3,NULL);
ALTER TABLE `llx_societe_commerciaux` ENABLE KEYS;
UNLOCK TABLES;




--
-- Table structure for table `llx_societe_extrafields`
--
DROP TABLE IF EXISTS `llx_societe_extrafields`;
CREATE TABLE `llx_societe_extrafields` (
  `rowid` int(11) NOT NULL AUTO_INCREMENT,
  `tms` timestamp NOT NULL DEFAULT CURRENT_TIMESTAMP ON UPDATE CURRENT_TIMESTAMP,
  `fk_object` int(11) NOT NULL,
  `import_key` varchar(14) COLLATE latin1_general_ci DEFAULT NULL,
  PRIMARY KEY (`rowid`),
  UNIQUE KEY `uk_societe_extrafields` (`fk_object`)
) ENGINE=InnoDB DEFAULT CHARSET=latin1 COLLATE=latin1_general_ci;

--
-- Dumping data for table `llx_societe_extrafields`
--
LOCK TABLES `llx_societe_extrafields` WRITE;
ALTER TABLE `llx_societe_extrafields` DISABLE KEYS;
ALTER TABLE `llx_societe_extrafields` ENABLE KEYS;
UNLOCK TABLES;




--
-- Table structure for table `llx_societe_log`
--
DROP TABLE IF EXISTS `llx_societe_log`;
CREATE TABLE `llx_societe_log` (
  `id` int(11) NOT NULL AUTO_INCREMENT,
  `datel` datetime DEFAULT NULL,
  `fk_soc` int(11) DEFAULT NULL,
  `fk_statut` int(11) DEFAULT NULL,
  `fk_user` int(11) DEFAULT NULL,
  `author` varchar(30) COLLATE latin1_general_ci DEFAULT NULL,
  `label` varchar(128) COLLATE latin1_general_ci DEFAULT NULL,
  PRIMARY KEY (`id`)
) ENGINE=InnoDB DEFAULT CHARSET=latin1 COLLATE=latin1_general_ci;

--
-- Dumping data for table `llx_societe_log`
--
LOCK TABLES `llx_societe_log` WRITE;
ALTER TABLE `llx_societe_log` DISABLE KEYS;
ALTER TABLE `llx_societe_log` ENABLE KEYS;
UNLOCK TABLES;




--
-- Table structure for table `llx_societe_prices`
--
DROP TABLE IF EXISTS `llx_societe_prices`;
CREATE TABLE `llx_societe_prices` (
  `rowid` int(11) NOT NULL AUTO_INCREMENT,
  `fk_soc` int(11) DEFAULT '0',
  `tms` timestamp NOT NULL DEFAULT CURRENT_TIMESTAMP ON UPDATE CURRENT_TIMESTAMP,
  `datec` datetime DEFAULT NULL,
  `fk_user_author` int(11) DEFAULT NULL,
  `price_level` tinyint(4) DEFAULT '1',
  PRIMARY KEY (`rowid`)
) ENGINE=InnoDB DEFAULT CHARSET=latin1 COLLATE=latin1_general_ci;

--
-- Dumping data for table `llx_societe_prices`
--
LOCK TABLES `llx_societe_prices` WRITE;
ALTER TABLE `llx_societe_prices` DISABLE KEYS;
ALTER TABLE `llx_societe_prices` ENABLE KEYS;
UNLOCK TABLES;




--
-- Table structure for table `llx_societe_remise`
--
DROP TABLE IF EXISTS `llx_societe_remise`;
CREATE TABLE `llx_societe_remise` (
  `rowid` int(11) NOT NULL AUTO_INCREMENT,
  `fk_soc` int(11) NOT NULL,
  `tms` timestamp NOT NULL DEFAULT CURRENT_TIMESTAMP ON UPDATE CURRENT_TIMESTAMP,
  `datec` datetime DEFAULT NULL,
  `fk_user_author` int(11) DEFAULT NULL,
  `remise_client` double(6,3) NOT NULL DEFAULT '0.000',
  `note` text COLLATE latin1_general_ci,
  PRIMARY KEY (`rowid`)
) ENGINE=InnoDB DEFAULT CHARSET=latin1 COLLATE=latin1_general_ci;

--
-- Dumping data for table `llx_societe_remise`
--
LOCK TABLES `llx_societe_remise` WRITE;
ALTER TABLE `llx_societe_remise` DISABLE KEYS;
ALTER TABLE `llx_societe_remise` ENABLE KEYS;
UNLOCK TABLES;




--
-- Table structure for table `llx_societe_remise_except`
--
DROP TABLE IF EXISTS `llx_societe_remise_except`;
CREATE TABLE `llx_societe_remise_except` (
  `rowid` int(11) NOT NULL AUTO_INCREMENT,
  `fk_soc` int(11) NOT NULL,
  `datec` datetime DEFAULT NULL,
  `amount_ht` double(24,8) NOT NULL,
  `amount_tva` double(24,8) NOT NULL DEFAULT '0.00000000',
  `amount_ttc` double(24,8) NOT NULL DEFAULT '0.00000000',
  `tva_tx` double(6,3) NOT NULL DEFAULT '0.000',
  `fk_user` int(11) NOT NULL,
  `fk_facture_line` int(11) DEFAULT NULL,
  `fk_facture` int(11) DEFAULT NULL,
  `fk_facture_source` int(11) DEFAULT NULL,
  `description` text COLLATE latin1_general_ci NOT NULL,
  PRIMARY KEY (`rowid`),
  KEY `idx_societe_remise_except_fk_user` (`fk_user`),
  KEY `idx_societe_remise_except_fk_soc` (`fk_soc`),
  KEY `idx_societe_remise_except_fk_facture_line` (`fk_facture_line`),
  KEY `idx_societe_remise_except_fk_facture` (`fk_facture`),
  KEY `idx_societe_remise_except_fk_facture_source` (`fk_facture_source`),
  CONSTRAINT `fk_societe_remise_fk_facture` FOREIGN KEY (`fk_facture`) REFERENCES `llx_facture` (`rowid`),
  CONSTRAINT `fk_societe_remise_fk_facture_source` FOREIGN KEY (`fk_facture_source`) REFERENCES `llx_facture` (`rowid`),
  CONSTRAINT `fk_societe_remise_fk_user` FOREIGN KEY (`fk_user`) REFERENCES `llx_user` (`rowid`),
  CONSTRAINT `fk_soc_remise_fk_facture_line` FOREIGN KEY (`fk_facture_line`) REFERENCES `llx_facturedet` (`rowid`),
  CONSTRAINT `fk_soc_remise_fk_soc` FOREIGN KEY (`fk_soc`) REFERENCES `llx_societe` (`rowid`)
) ENGINE=InnoDB AUTO_INCREMENT=2 DEFAULT CHARSET=latin1 COLLATE=latin1_general_ci;

--
-- Dumping data for table `llx_societe_remise_except`
--
LOCK TABLES `llx_societe_remise_except` WRITE;
ALTER TABLE `llx_societe_remise_except` DISABLE KEYS;
INSERT INTO `llx_societe_remise_except` VALUES (1,10,'2017-02-09 13:03:33','2025.00000000','0.00000000','2025.00000000','0.000',2,NULL,NULL,9,'(CREDIT_NOTE)');
ALTER TABLE `llx_societe_remise_except` ENABLE KEYS;
UNLOCK TABLES;




--
-- Table structure for table `llx_societe_rib`
--
DROP TABLE IF EXISTS `llx_societe_rib`;
CREATE TABLE `llx_societe_rib` (
  `rowid` int(11) NOT NULL AUTO_INCREMENT,
  `fk_soc` int(11) NOT NULL,
  `datec` datetime DEFAULT NULL,
  `tms` timestamp NOT NULL DEFAULT CURRENT_TIMESTAMP ON UPDATE CURRENT_TIMESTAMP,
  `label` varchar(30) COLLATE latin1_general_ci DEFAULT NULL,
  `bank` varchar(255) COLLATE latin1_general_ci DEFAULT NULL,
  `code_banque` varchar(128) COLLATE latin1_general_ci DEFAULT NULL,
  `code_guichet` varchar(6) COLLATE latin1_general_ci DEFAULT NULL,
  `number` varchar(255) COLLATE latin1_general_ci DEFAULT NULL,
  `cle_rib` varchar(5) COLLATE latin1_general_ci DEFAULT NULL,
  `bic` varchar(20) COLLATE latin1_general_ci DEFAULT NULL,
  `iban_prefix` varchar(34) COLLATE latin1_general_ci DEFAULT NULL,
  `domiciliation` varchar(255) COLLATE latin1_general_ci DEFAULT NULL,
  `proprio` varchar(60) COLLATE latin1_general_ci DEFAULT NULL,
  `owner_address` varchar(255) COLLATE latin1_general_ci DEFAULT NULL,
  `default_rib` smallint(6) NOT NULL DEFAULT '0',
  `rum` varchar(32) COLLATE latin1_general_ci DEFAULT NULL,
  `frstrecur` varchar(16) COLLATE latin1_general_ci DEFAULT 'FRST',
  `import_key` varchar(14) COLLATE latin1_general_ci DEFAULT NULL,
  PRIMARY KEY (`rowid`)
) ENGINE=InnoDB DEFAULT CHARSET=latin1 COLLATE=latin1_general_ci;

--
-- Dumping data for table `llx_societe_rib`
--
LOCK TABLES `llx_societe_rib` WRITE;
ALTER TABLE `llx_societe_rib` DISABLE KEYS;
ALTER TABLE `llx_societe_rib` ENABLE KEYS;
UNLOCK TABLES;




--
-- Table structure for table `llx_socpeople`
--
DROP TABLE IF EXISTS `llx_socpeople`;
CREATE TABLE `llx_socpeople` (
  `rowid` int(11) NOT NULL AUTO_INCREMENT,
  `datec` datetime DEFAULT NULL,
  `tms` timestamp NOT NULL DEFAULT CURRENT_TIMESTAMP ON UPDATE CURRENT_TIMESTAMP,
  `fk_soc` int(11) DEFAULT NULL,
  `entity` int(11) NOT NULL DEFAULT '1',
  `ref_ext` varchar(128) COLLATE latin1_general_ci DEFAULT NULL,
  `civility` varchar(6) COLLATE latin1_general_ci DEFAULT NULL,
  `lastname` varchar(50) COLLATE latin1_general_ci DEFAULT NULL,
  `firstname` varchar(50) COLLATE latin1_general_ci DEFAULT NULL,
  `address` varchar(255) COLLATE latin1_general_ci DEFAULT NULL,
  `zip` varchar(25) COLLATE latin1_general_ci DEFAULT NULL,
  `town` varchar(255) COLLATE latin1_general_ci DEFAULT NULL,
  `fk_departement` int(11) DEFAULT NULL,
  `fk_pays` int(11) DEFAULT '0',
  `birthday` date DEFAULT NULL,
  `poste` varchar(80) COLLATE latin1_general_ci DEFAULT NULL,
  `phone` varchar(30) COLLATE latin1_general_ci DEFAULT NULL,
  `phone_perso` varchar(30) COLLATE latin1_general_ci DEFAULT NULL,
  `phone_mobile` varchar(30) COLLATE latin1_general_ci DEFAULT NULL,
  `fax` varchar(30) COLLATE latin1_general_ci DEFAULT NULL,
  `email` varchar(255) COLLATE latin1_general_ci DEFAULT NULL,
  `jabberid` varchar(255) COLLATE latin1_general_ci DEFAULT NULL,
  `skype` varchar(255) COLLATE latin1_general_ci DEFAULT NULL,
  `photo` varchar(255) COLLATE latin1_general_ci DEFAULT NULL,
  `no_email` smallint(6) NOT NULL DEFAULT '0',
  `priv` smallint(6) NOT NULL DEFAULT '0',
  `fk_user_creat` int(11) DEFAULT '0',
  `fk_user_modif` int(11) DEFAULT NULL,
  `note_private` text COLLATE latin1_general_ci,
  `note_public` text COLLATE latin1_general_ci,
  `default_lang` varchar(6) COLLATE latin1_general_ci DEFAULT NULL,
  `canvas` varchar(32) COLLATE latin1_general_ci DEFAULT NULL,
  `import_key` varchar(14) COLLATE latin1_general_ci DEFAULT NULL,
  `statut` tinyint(4) NOT NULL DEFAULT '1',
  PRIMARY KEY (`rowid`),
  KEY `idx_socpeople_fk_soc` (`fk_soc`),
  KEY `idx_socpeople_fk_user_creat` (`fk_user_creat`),
  CONSTRAINT `fk_socpeople_fk_soc` FOREIGN KEY (`fk_soc`) REFERENCES `llx_societe` (`rowid`),
  CONSTRAINT `fk_socpeople_user_creat_user_rowid` FOREIGN KEY (`fk_user_creat`) REFERENCES `llx_user` (`rowid`)
) ENGINE=InnoDB AUTO_INCREMENT=213 DEFAULT CHARSET=latin1 COLLATE=latin1_general_ci;

--
-- Dumping data for table `llx_socpeople`
--
LOCK TABLES `llx_socpeople` WRITE;
ALTER TABLE `llx_socpeople` DISABLE KEYS;
INSERT INTO `llx_socpeople` VALUES (1,'2016-09-06 11:53:08','2016-09-06 11:53:08',3,1,'','MR','DARREYE','Jean Francois','43 rue Principale, ',57220,'VARIZE',64,1,NULL,'Président','0686372595','','','','','','','',0,0,2,2,'','',NULL,NULL,NULL,1);
INSERT INTO `llx_socpeople` VALUES (2,'2016-10-01 21:03:22','2016-10-03 16:30:03',4,1,'','MR','Thibaut','François','GAEC d’Anjou',80470,'Ailly sur Somme',87,1,NULL,'Chef d\'exploitation','','','0646301821','','if.thibaut@orange.fr','','','',0,0,2,2,'','',NULL,NULL,NULL,1);
INSERT INTO `llx_socpeople` VALUES (3,'2016-10-01 21:41:18','2016-10-01 21:45:00',5,1,'','MR','LEHMANN','Damien','2, place du Pontiffroy - BP 20129',57014,'METZ CEDEX 01',NULL,1,NULL,'Service Accueil et Ventes – Animateur chargé d’affaires commerciales ','0387344439','','0678032893','0387169360','d-lehmann@uem-metz.fr','','','',0,0,2,2,'','Bon ami de Julien D.',NULL,NULL,NULL,1);
INSERT INTO `llx_socpeople` VALUES (4,'2016-10-01 21:44:20','2016-10-01 21:44:20',5,1,'','MR','SEMIN','Pierre','2, place du Pontiffroy - BP 20129',57014,'METZ CEDEX 01',NULL,1,NULL,'Service Accueil et Ventes – Chargé d’Affaires Commerciales','0387543502','','0637040252','','p-semin@uem-metz.fr','','','',0,0,2,2,'','',NULL,NULL,NULL,1);
INSERT INTO `llx_socpeople` VALUES (5,'2016-10-01 21:54:45','2016-10-01 21:54:45',6,1,'','MR','BUGEON','Geoffroy','78 avenue Jacques Coeur',86068,'POITIERS',93,1,NULL,'Conseiller Commercial Entreprises & Industries','0549447953','','0613091872','','geoffroy.bugeon@alterna-energie.fr','','','',0,0,2,2,'','',NULL,NULL,NULL,1);
INSERT INTO `llx_socpeople` VALUES (6,'2016-10-01 22:00:11','2016-10-01 22:00:11',7,1,'','MME','BENOIT','Anne-Sophie','2 bis, rue Louis Armand \nCS 51518',75725,'Paris Cedex 15',82,1,NULL,'Coordinatrice des ventes réseau','0173038031','','0761944482','','anne-sophie.benoit@direct-energie.com','','','',0,0,2,2,'','',NULL,NULL,NULL,1);
INSERT INTO `llx_socpeople` VALUES (7,'2016-10-01 22:12:35','2016-10-01 22:12:35',8,1,'','MR','GUT','Johan','235 Boulevard Paul Painlevé',59000,'Lille',66,1,NULL,'Responsable commercial / communication','0362279752','','','','johan.gut@enercoop.fr','','','',0,0,2,2,'','',NULL,NULL,NULL,1);
INSERT INTO `llx_socpeople` VALUES (8,'2016-10-03 14:04:13','2016-10-03 14:04:13',5,1,'','MME','Schmisser','Laure-Anne','2, place du Pontiffroy - BP 20129',57014,'METZ CEDEX 01',64,1,NULL,'Cadre Commercial','0387543474','','0682314529','0387169360','l-schmisser@uem-metz.fr','','','',0,0,2,2,'','',NULL,NULL,NULL,1);
INSERT INTO `llx_socpeople` VALUES (10,'2016-10-14 13:24:35','2016-10-14 13:24:35',10,1,'','MR','Henrion','Gilles','36, rue Marcellin Gaudefroy',62452,'BAPAUME',69,1,NULL,'Directeur','0321603551','','','0321249375','gilles.henrion@cneap.fr','','','',0,0,2,2,'','',NULL,NULL,NULL,1);
INSERT INTO `llx_socpeople` VALUES (11,'2016-10-20 18:38:48','2016-11-08 12:07:12',11,1,'','MR','Hennuyer','Nicolas','198 rue de Parmentier',62850,'Licques',69,1,NULL,'Gérant','','','0612213893','','gaechennuyer@live.fr','','','',0,0,2,2,'','',NULL,NULL,NULL,1);
INSERT INTO `llx_socpeople` VALUES (12,'2016-10-25 16:39:56','2016-10-25 16:39:56',2,1,'','MR','Gouge','Jean Marc','Ferme de l\'Eglise, 11 rue de l\'Eglise',77133,'Féricy.',84,1,NULL,'Chef d\'exploitation','','','0619427948','','earl.gouge@wanadoo.fr','','','',0,0,2,2,'','',NULL,NULL,NULL,1);
INSERT INTO `llx_socpeople` VALUES (13,'2016-11-02 16:39:20','2016-11-02 16:39:20',14,1,'','MR','BETTENS','Eric','51 rue Sully\nCS 81604',80016,'AMIENS CEDEX 1',87,1,NULL,'Directeur','03 22 51 53 05','','06 22 82 15 98','','directeur@cobevial.fr','','','',0,0,2,2,'','',NULL,NULL,NULL,1);
INSERT INTO `llx_socpeople` VALUES (14,'2016-11-03 10:57:13','2016-11-03 10:59:33',NULL,1,'','MME','DORMOY','Camille','',80000,'Amiens',87,1,NULL,'','','','','','camille.dormoy@hotmail.fr','','','',0,0,2,2,'','Rencontr&eacute;e Pepite Amiens<br />\nSociologue de formation, et rudologue.<br />\nVent des prestations de reduction de d&eacute;chet &agrave; l&#39;IUT d&#39;Amiens et 0 m&eacute;go &agrave; la ville d&#39;amiens.',NULL,NULL,NULL,1);
INSERT INTO `llx_socpeople` VALUES (15,'2016-11-03 11:22:09','2016-11-03 11:22:09',22,1,'','MME','CROIZE','Catherine','7 rue du Musée',60000,'BEAUVAIS',67,1,NULL,'Expert comptable-Commissaire aux comptes','0344484454','','','0344483902','catherine.croize@secobjectifs.com','','','',0,0,2,2,'','',NULL,NULL,NULL,1);
INSERT INTO `llx_socpeople` VALUES (16,'2016-11-03 11:35:12','2016-11-03 11:35:12',23,1,'','MR','VITEL','Stéphane','3 RUE DESGROUX BOITE POSTALE 80439',60004,'BEAUVAIS',67,1,NULL,'Agent général MMA','0344480421','','','0344484831','stephane.vitel@mma.fr','','','',0,0,2,2,'','',NULL,NULL,NULL,1);
INSERT INTO `llx_socpeople` VALUES (17,'2016-11-03 11:49:38','2016-11-03 11:49:38',24,1,'','MME','PEREON','Caroline','15 PLACE HOTEL DE VILLE',60110,'MERU',67,1,NULL,'CONSEILLER AGRI PRO','0344526105','0666501458','0787410662','','Caroline.PEREON@ca-briepicardie.fr','','','',0,0,2,2,'','',NULL,NULL,NULL,1);
INSERT INTO `llx_socpeople` VALUES (18,'2016-11-08 11:00:00','2016-11-08 11:02:37',25,1,'','MR','DEGROOTE','Sylvain','1 bis rue des croisettes',80135,'Bussus Bussuel',87,1,'1968-01-30','Gérant','','','','','','','','',0,0,2,2,'','<span style=\"font-family:arial,helvetica,sans-serif; font-size:12.996px\">Actionnaire à 50 % avec sa femme Patricia.<br />\nConseiller municipal et FDSEA.</span><br />\n ',NULL,NULL,NULL,1);
INSERT INTO `llx_socpeople` VALUES (19,'2016-11-08 11:13:43','2016-11-08 11:14:46',26,1,'','MR','Herbet','Francis','23 Grande Rue',80300,'Grandcourt',87,1,'1968-10-12','Gérant','','','','','','','','',0,0,2,2,'','Prend 5 jours de formation par an',NULL,NULL,NULL,1);
INSERT INTO `llx_socpeople` VALUES (20,'2016-11-08 11:30:53','2016-11-08 11:32:55',27,1,'','MME','Ledent','Philippe','13, Rue des Poissonniers',80190,'Nesles',87,1,NULL,'Gérant','','','','','','','','',0,0,2,2,'','Sa femme Marie<br />\nIls ont 3 enfants: 2 filles (de 2000 et 1998) et 1 garcons (de 1996)<br />\n ',NULL,NULL,NULL,1);
INSERT INTO `llx_socpeople` VALUES (21,'2016-11-08 11:36:38','2016-11-08 11:36:38',28,1,'','MR','Ambeza','Benoit','18 rue principale',62760,'Coin',69,1,NULL,'Gérant','','','','','','','','',0,0,2,2,'','',NULL,NULL,NULL,1);
INSERT INTO `llx_socpeople` VALUES (22,'2016-11-08 11:44:20','2016-11-08 12:08:18',29,1,'','MR','Planchon','Michel','Rue De Molliens',80540,'Camps-en-Amiénois',87,1,NULL,'Gérant','','','','','','','','',0,0,2,2,'','',NULL,NULL,NULL,1);
INSERT INTO `llx_socpeople` VALUES (23,'2016-11-08 11:58:01','2016-11-08 12:07:56',30,1,'','MR','Lescoutre','Pierre','','','',NULL,1,NULL,'Gérant','','','','','','','','',0,0,2,2,'','D&eacute;cideur<br />\nCo g&eacute;rance avec son &eacute;pouse Virginie<br />\nP.Lescoutre 50% des parts<br />\nVirginie Lescoutre 49%&nbsp;des parts<br />\nAlain Pecqeur 1% des parts<br />\n<br />\n2 enfants Baptiste (2013)<br />\nEmilie (2005)<br />\n<br />\n175 ha<br />\n110 VL soit 1 035 000L /an de lait',NULL,NULL,NULL,1);
INSERT INTO `llx_socpeople` VALUES (24,'2016-11-08 12:26:54','2016-11-08 12:26:54',31,1,'','MR','Corbel','Régis','LA PIERRE BLANCHE',22170,'PLELO',29,1,NULL,'Gérant','','','0611018967','','regisetcelinecorbel@orange.fr','','','',0,0,2,2,'','',NULL,NULL,NULL,1);
INSERT INTO `llx_socpeople` VALUES (25,'2016-11-08 14:31:18','2016-11-08 14:31:18',32,1,'','MR','ARQUEY','Cyril','21 rue des Cordeliers',60200,'COMPIEGNE',67,1,NULL,'Conseiller Commercial','03 65 52 00 33','','06 78 85 99 90','','c.arquey@proxelia.fr','','','',0,0,2,2,'','',NULL,NULL,NULL,1);
INSERT INTO `llx_socpeople` VALUES (26,'2016-11-27 19:01:28','2016-11-27 19:01:28',33,1,'','MR','Hennuyer','Nicolas','198 rue de Parmentier',62850,'Licques',69,1,NULL,'Vice président','','','0612213893','','gaechennuyer@live.fr','','','',0,0,2,2,'','',NULL,NULL,NULL,1);
INSERT INTO `llx_socpeople` VALUES (27,'2016-11-27 19:15:12','2016-11-27 19:15:12',34,1,'','MR','Teterel','Xavier','Rue Frère Gagne – BP 40463',60000,'BEAUVAIS Cedex',67,1,NULL,'Conseiller spécialisé','','','0682808431','','xavier.teterel@agri60.fr','','','',0,0,2,2,'','',NULL,NULL,NULL,1);
INSERT INTO `llx_socpeople` VALUES (28,'2016-12-08 14:47:05','2016-12-08 14:47:29',37,1,'','MME','VILLAIN','Marion','9 rue du Débarcadère',92700,'Colombes',99,1,NULL,'Responsable Multi-Sites et Référencements','014463 965','','0640656355','0144633918','marion.villain@uniper.energy','','','',0,0,2,2,'','En cas d’appels d’offres ayant un nombre de site/RAE supérieur à 10 :',NULL,NULL,NULL,1);
INSERT INTO `llx_socpeople` VALUES (29,'2016-12-08 15:06:59','2016-12-08 15:07:29',37,1,'','MME','METAIRIE','Carole','9 rue du Débarcadère',92700,'Colombes',99,1,NULL,'Assistante Commerciale','0144633960','','','0144633918','carole.metairie@uniper.energy','','','',0,0,2,2,'','En cas d’appels d’offres ayant un nombre de site/RAE inférieur à 10',NULL,NULL,NULL,1);
INSERT INTO `llx_socpeople` VALUES (30,'2016-12-08 15:09:21','2016-12-08 15:09:43',37,1,'','MR','Mezrari','Kamel','9 rue du Débarcadère',92700,'Colombes',99,1,NULL,'Responsable des Ventes Professionnelles','0144634031','','0689203223','0144633918','kamel.mezrari@uniper.energy','','','',0,0,2,2,'','En cas d’appels d’offres ayant un nombre de site/RAE inférieur à 10',NULL,NULL,NULL,1);
INSERT INTO `llx_socpeople` VALUES (31,'2016-12-08 15:13:23','2016-12-08 15:13:23',37,1,'','MR','Chassot','Maxime','9 rue du Débarcadère',92700,'Colombes',99,1,NULL,'Chargé d’affaires junior','0144633915','','','0144633918','maxime.chassot@uniper.energy','','','',0,0,2,2,'','',NULL,NULL,NULL,1);
INSERT INTO `llx_socpeople` VALUES (32,'2016-12-09 11:31:58','2016-12-09 11:31:58',36,1,'','MR','Dekindt','alexis','190 rue championnet',75876,'Paris',82,1,NULL,'','','','','','alexis.dekindt@chauvin-arnoux.com','','','',0,0,2,2,'','',NULL,NULL,NULL,1);
INSERT INTO `llx_socpeople` VALUES (33,'2016-12-09 11:32:23','2016-12-09 11:32:23',36,1,'','','Decarpentry','Karine','190 rue championnet',75876,'Paris',82,1,NULL,'','','','','','karine.decarpentry@chauvin-arnoux.com','','','',0,0,2,2,'','',NULL,NULL,NULL,1);
INSERT INTO `llx_socpeople` VALUES (34,'2016-12-12 16:22:02','2017-01-10 22:26:23',38,1,'','MR','Mascaux','Hubert','FERME DU QUESNOY HAVRINCOURT',62147,'HERMIES',69,1,NULL,'Chef d\'exploitation','','','0681046094','','h.mascaux@orange.fr','','','',0,0,2,2,'4 enfants<br />\n<br />\nElodie la plus vielle, commerciale &agrave; la CASA, peut relayer notre offre aup&egrave;s de ces clients<br />\n1 garcon fou d&#39;agriculture<br />\n2 autre garcon plus jeune dont 1 en Tle STI (2017) avec des soucis de sant&eacute;','<br />\n&nbsp;',NULL,NULL,NULL,1);
INSERT INTO `llx_socpeople` VALUES (35,'2016-12-12 16:26:18','2016-12-12 16:26:18',39,1,'','MR','Dennequin','Benjamin','2156 LOON STRAETE',59270,'MERRIS',66,1,NULL,'Gérant','','','0680992908','','','','','',0,0,2,2,'','',NULL,NULL,NULL,1);
INSERT INTO `llx_socpeople` VALUES (36,'2016-12-13 15:06:58','2016-12-13 15:06:58',40,1,'','MME','LEAL','Elise','Immeuble L’Oisans\n81 rue du 1er mars 1943',69100,'Villeurbanne',76,1,NULL,'Président','','','0665245082','','elise.leal@scaraconseil.fr','','','',0,0,2,2,'','',NULL,NULL,NULL,1);
INSERT INTO `llx_socpeople` VALUES (37,'2017-01-06 18:13:33','2017-03-07 13:34:00',60,1,'','MME','Dahan','Elia','','','',NULL,1,NULL,'Journaliste – Le Parisien 60','0344153136','','0344153136','','','','','',0,0,2,2,'','',NULL,NULL,NULL,1);
INSERT INTO `llx_socpeople` VALUES (38,'2017-01-06 18:22:46','2017-01-06 18:22:46',45,1,'','MR','Rautureau','Guillaume','1 rue René Blondelle','02007','LAON CEDEX',8,1,NULL,'Conseillé énergie','03 23 22 50 20','','','','guillaume.rautureau@ma02.org','','','',0,0,2,2,'','',NULL,NULL,NULL,1);
INSERT INTO `llx_socpeople` VALUES (39,'2017-02-09 13:01:23','2017-02-09 13:01:23',10,1,'','MME','Lequette','Cécile','36, rue Marcellin Gaudefroy',62452,'BAPAUME',69,1,NULL,'Comptable','','','','','cecile.lequette@cneap.fr','','','',0,0,2,2,'','',NULL,NULL,NULL,1);
INSERT INTO `llx_socpeople` VALUES (40,'2017-03-07 14:13:12','2017-03-07 14:13:12',62,1,'','MR','Lecalier','David','146 route du chateau',76430,'Sainnneville sur Seine',83,1,NULL,'Gérant','','','0613506736','','david.lecalier@orange.fr','','','',0,0,2,2,'','',NULL,NULL,NULL,1);
INSERT INTO `llx_socpeople` VALUES (41,'2017-03-07 14:24:02','2017-03-07 14:24:02',63,1,'','MR','Dekeister','Mathieu','3405 RD 916',59380,'Quadypre',66,1,NULL,'','0328687132','','0662482526','0328682572','dekeister@neuf.fr','','','',0,0,2,2,'','',NULL,NULL,NULL,1);
INSERT INTO `llx_socpeople` VALUES (42,'2017-03-07 14:42:30','2017-03-07 14:42:30',64,1,'','MR','De Reynal','Martin','','','',NULL,1,NULL,'Directeur Commercial','0950772110','','0669102972','','mdereynal@ekylibre.com','','','',0,0,2,2,'','',NULL,NULL,NULL,1);
INSERT INTO `llx_socpeople` VALUES (43,'2017-03-07 14:52:09','2017-03-07 14:52:09',65,1,'','MR','Targat','Arnaud','','','',NULL,1,NULL,'','0662397452','','','','arnaudtargat@yahoo.fr','','','',0,0,2,2,NULL,NULL,NULL,NULL,NULL,1);
INSERT INTO `llx_socpeople` VALUES (44,'2017-03-07 15:15:50','2017-03-07 15:15:50',66,1,'','MR','DUBOIS','BERTRAND','10 RUE DU 11 NOVEMBRE',62580,'FARBUS',69,1,NULL,'','','','','','','','','',0,0,2,2,NULL,NULL,NULL,NULL,NULL,1);
INSERT INTO `llx_socpeople` VALUES (46,'2017-03-07 15:23:45','2017-03-07 15:23:45',68,1,'','MR','Minard','Antoine','41 RUE DU PRIEURE',28170,'TREMBLAY LES VILLAGES',35,1,NULL,'Gérant','','','0607684136','','theuvy@gmail.com','','','',0,0,2,2,'','',NULL,NULL,NULL,1);
INSERT INTO `llx_socpeople` VALUES (47,'2017-03-07 15:29:55','2017-03-07 15:29:55',69,1,'','MR','Lecherbault','Antoine','LA BESNARDAIS',53300,'SOUCE',60,1,NULL,'Gérant','','','0616742536','','gaec-la-besnardais@orange.fr','','','',0,0,2,2,'','',NULL,NULL,NULL,1);
INSERT INTO `llx_socpeople` VALUES (48,'2017-03-07 15:36:53','2017-03-07 15:36:53',70,1,'','MME','Zins','Florine','','','',NULL,1,NULL,'','','','0650781565','','','','','',0,0,2,2,'','',NULL,NULL,NULL,1);
INSERT INTO `llx_socpeople` VALUES (49,'2017-03-07 15:53:11','2017-03-07 15:53:11',72,1,'','MR','Pauchard','Laurent','3 cours charlemagne',69217,'Lyon',76,1,NULL,'Directeur Commercial','','','0677582947','','lpauchard@méthalac.com','','','',0,0,2,2,'','',NULL,NULL,NULL,1);
INSERT INTO `llx_socpeople` VALUES (50,'2017-03-07 15:54:47','2017-03-07 15:54:59',NULL,1,'','MR','Bahu','Stephane','','','',NULL,1,NULL,'','','','0616432109','','stephane.bahu@neuf.fr','','','',0,0,2,2,'','<table border=\"0\" cellpadding=\"0\" cellspacing=\"0\" style=\"border-collapse:collapse; width:165pt\">\n	<tbody>\n		<tr>\n			<td style=\"height:15.0pt; width:165pt\">reflexion metha oise sud</td>\n		</tr>\n	</tbody>\n</table>\n',NULL,NULL,NULL,1);
INSERT INTO `llx_socpeople` VALUES (51,'2017-03-07 16:01:16','2017-03-07 16:01:17',73,1,'','MR','Rivenet','Alexandre','1025 RUE DES CAPPES',62730,'LES ATTAQUES',69,1,NULL,'','','','','','','','','',0,0,2,2,'','',NULL,NULL,NULL,1);
INSERT INTO `llx_socpeople` VALUES (52,'2017-03-07 16:05:35','2017-03-07 16:05:35',74,1,'','','Boucher','Pierre','','','',NULL,1,NULL,'','','','','','','','','',0,0,2,2,'','',NULL,NULL,NULL,1);
INSERT INTO `llx_socpeople` VALUES (53,'2017-03-07 16:12:27','2017-04-04 11:45:55',75,1,'','MR','Deblock','Hugues','1143 RUE DE CHAUNY',80400,'BROUCHY',87,1,NULL,'Gérant','','','0677070479','','deblock.earl@orange.fr','','','',0,0,2,2,'','<table border=\"0\" cellpadding=\"0\" cellspacing=\"0\" style=\"border-collapse:collapse; width:165pt\">\n	<tbody>\n		<tr>\n			<td style=\"height:15.0pt; width:165pt\">President de credit agricole somme</td>\n		</tr>\n	</tbody>\n</table>\n',NULL,NULL,NULL,1);
INSERT INTO `llx_socpeople` VALUES (54,'2017-03-07 16:17:50','2017-03-07 16:17:50',76,1,'','MR','Lemoine','Guy','','','',NULL,1,NULL,'','','','','','','','','',0,0,2,2,'','',NULL,NULL,NULL,1);
INSERT INTO `llx_socpeople` VALUES (55,'2017-03-07 16:20:59','2017-03-07 16:21:07',NULL,1,'','MR','Lambard','Pierre','','','',83,1,NULL,'','','','0625553518','','','','','',0,0,2,2,'','<table border=\"0\" cellpadding=\"0\" cellspacing=\"0\" style=\"border-collapse:collapse; width:165pt\">\n	<tbody>\n		<tr>\n			<td style=\"height:15.0pt; width:165pt\">construction batiment pomme de terre \\ comparaison frigo isolation</td>\n		</tr>\n	</tbody>\n</table>\n',NULL,NULL,NULL,1);
INSERT INTO `llx_socpeople` VALUES (56,'2017-03-07 16:26:14','2017-03-07 16:26:21',NULL,1,'','MR','Didier','Colin','','','',8,1,NULL,'','','','0686073474','','gitesdelatombelle@orange.fr','','','',0,0,2,2,'','<table border=\"0\" cellpadding=\"0\" cellspacing=\"0\" style=\"border-collapse:collapse; width:165pt\">\n	<tbody>\n		<tr>\n			<td style=\"height:15.0pt; width:165pt\">autoconsommation elec sur gite appeler quand cadre mieux defini</td>\n		</tr>\n	</tbody>\n</table>\n',NULL,NULL,NULL,1);
INSERT INTO `llx_socpeople` VALUES (57,'2017-03-07 16:32:26','2017-03-07 16:32:48',NULL,1,'','MR','Gaillet','Xavier','','','Saint Just en Chaussée',67,1,NULL,'','','','0660787666','','','','','',0,0,2,2,'','Projet de métha<br />\nDe la part de Youri Van Bladel',NULL,NULL,NULL,1);
INSERT INTO `llx_socpeople` VALUES (58,'2017-03-07 16:37:50','2017-03-07 16:37:50',77,1,'','MR','Deblock','Stéphane','4 RUE DES ETANGS',80200,'SAINT CHRIST BRIOST',87,1,NULL,'Gérant','','','0613304972','','deblocks@orange.fr','','','',0,0,2,2,'','',NULL,NULL,NULL,1);
INSERT INTO `llx_socpeople` VALUES (59,'2017-03-07 16:42:42','2017-03-07 16:42:42',78,1,'','MME','Lanos','Ophélie','4, rue des Roquemonts CS 35051',14050,'CAEN Cedex 4',20,1,NULL,'Chef de projet innovation','','','0608519547','','','','','',0,0,2,2,'','',NULL,NULL,NULL,1);
INSERT INTO `llx_socpeople` VALUES (60,'2017-03-07 16:49:59','2017-03-09 11:39:12',80,1,'','MR','Dauvin','Bertrand','Espace Créatis 6 av d\'Archimède BP80352','02108','Saint Quentin',8,1,NULL,'','','','0643812100','','bertrand.dauvin@casq.fr','','','',0,0,2,2,'','embauché en février 2017 à l\'agglo de st quentin pour créer un pôle autour de l\'agro / ambition de xavier bertrand<br />\nParticipation eventuel de petits dej proposé entant que expert <br />\nveut nous mettre en relation avec les école et coopératives locales<br />\nne pas hésiter àle contactacter pour une mise en relation',NULL,NULL,NULL,1);
INSERT INTO `llx_socpeople` VALUES (61,'2017-03-09 11:41:58','2017-03-09 11:41:58',81,1,'','MR','Coudiere','Hervé','','','',NULL,1,NULL,'Développement économique','','','','','h.coudiere@creilsudoise.fr','','','',0,0,2,2,'','',NULL,NULL,NULL,1);
INSERT INTO `llx_socpeople` VALUES (62,'2017-03-09 11:47:44','2017-03-09 11:47:44',82,1,'','MR','Zuterek','Vincent','48 rue desgroux BP 90508',60000,'BEAUVAIS',67,1,NULL,'Directeur de l\'économie','','','0671450943','','v.zuterek@beauvaisis.fr','','','',0,0,2,2,'','',NULL,NULL,NULL,1);
INSERT INTO `llx_socpeople` VALUES (63,'2017-03-09 11:55:46','2017-03-09 11:55:46',83,1,'','MME','Buvat Derollez','Véronique','77 esplanande du général de Gaulle CS 20031',92917,'Paris la Défense',99,1,NULL,'Responsable secteur marchés profesionnels','','','0669640447','','vbuvat@primagaz.fr','','','',0,0,2,2,'','',NULL,NULL,NULL,1);
INSERT INTO `llx_socpeople` VALUES (64,'2017-03-09 12:01:39','2017-03-09 12:01:39',84,1,'','MR','Marteau','Hugues','FERME DE COSDON',10160,'PAISY COSDON',16,1,NULL,'Gérant','0680502666','','','','h.marteau@wanadoo.fr','','','',0,0,2,2,'','',NULL,NULL,NULL,1);
INSERT INTO `llx_socpeople` VALUES (65,'2017-03-09 12:07:09','2017-03-09 12:09:40',85,1,'','MR','Delorme','Pierre-Joseph','MAs de Piquet - Chemin rural du Mas de piquet ',13200,'Arles',19,1,NULL,'Chef edition Sud-Est','0670204163','','','','pj.delorme@entraid.com','','','',0,0,2,2,'','',NULL,NULL,NULL,1);
INSERT INTO `llx_socpeople` VALUES (66,'2017-03-09 12:09:12','2017-03-09 12:09:12',85,1,'','MME','Bourdois','Pauline','43 rue sedaine CS 91115',75538,'Paris CEDEX 11',82,1,NULL,'Chef Edition Nord Est','0144175781','','0670204173','','p.bourgeois@entraid.com','','','',0,0,2,2,'','',NULL,NULL,NULL,1);
INSERT INTO `llx_socpeople` VALUES (67,'2017-03-09 12:13:22','2017-03-09 12:13:22',86,1,'','MR','Hureaux','Gabriel','11 rue du Four',51000,'Châlons en Champagne',58,1,NULL,'Responsable objets connectés','0351308167','','0786542457','','gabriel.hureaux@nexxtep-technologies.com','','','',0,0,2,2,'','',NULL,NULL,NULL,1);
INSERT INTO `llx_socpeople` VALUES (68,'2017-03-09 12:19:52','2017-03-09 12:19:52',88,1,'','MME','DAPAZ','Caroline','Maison des Agriculteurs - 2 rue Léon Patoux - CS 50001',51664,'Reims',58,1,NULL,'Responsable carte moisson','0326047485','','0624624309','0326047777','cdapaz@fdsea51.fr','','','',0,0,2,2,'','',NULL,NULL,NULL,1);
INSERT INTO `llx_socpeople` VALUES (69,'2017-03-09 12:26:06','2017-03-09 12:26:06',89,1,'','MR','Guilbert','Benoit','',62116,'Bucquoy',69,1,NULL,'Gérant','','','0630548951','','info@rettemoy.com','','','',0,0,2,2,'','',NULL,NULL,NULL,1);
INSERT INTO `llx_socpeople` VALUES (70,'2017-03-09 12:36:35','2017-03-09 12:36:35',90,1,'','MR','MAscré','Martin','43-45 rue de Naples',75008,'Paris',82,1,NULL,'Directeur','0144694245','','0626163609','0144694246','m.mascré@producteursdepommesdeterre.org','','','',0,0,2,2,'','',NULL,NULL,NULL,1);
INSERT INTO `llx_socpeople` VALUES (71,'2017-03-09 12:48:04','2017-03-09 12:48:04',92,1,'','MR','Gille','Arnaud','7 bd Nominoë - BP 74118',34741,'Pacé',41,1,NULL,'Responsable Publicité','0299601011','','0637796083','','agille@agranet.fr','','','',0,0,2,2,'','',NULL,NULL,NULL,1);
INSERT INTO `llx_socpeople` VALUES (72,'2017-03-09 12:52:38','2017-03-09 12:52:38',72,1,'','MR','Douay','Jean','3 cours charlemagne',69217,'Lyon',76,1,NULL,'Chargé d\'affaires','0784187623','','','0478034001','jdouay@methalac.com','','','',0,0,2,2,'','',NULL,NULL,NULL,1);
INSERT INTO `llx_socpeople` VALUES (73,'2017-03-09 12:56:46','2017-03-09 12:56:46',93,1,'','MR','Meunier','Joffrey','1 bis rue Colbert',60005,'Beauvais CEDEX',67,1,NULL,'Journaliste','0344457968','','0632229115','0344486405','joffrey.menier@lobservateurdebeauvais.fr','','','',0,0,2,2,'','',NULL,NULL,NULL,1);
INSERT INTO `llx_socpeople` VALUES (74,'2017-03-09 13:12:50','2017-03-09 13:12:50',94,1,'','MME','Marné','Lucie','','','',NULL,1,NULL,'Journaliste spécialisée dans la production de vin ','0140227051','','0619837482','','l.marne@gfa.fr','','','',0,0,2,2,'','',NULL,NULL,NULL,1);
INSERT INTO `llx_socpeople` VALUES (75,'2017-03-09 13:17:29','2017-03-09 13:17:29',95,1,'','MR','EGON','Benoit','Avenue des Censives Tillé BP 50333',60026,'Beauvais',67,1,NULL,'','','','0608487344','','begon@terre-net-media.fr','','','',0,0,2,2,'','',NULL,NULL,NULL,1);
INSERT INTO `llx_socpeople` VALUES (76,'2017-03-09 13:20:21','2017-03-09 13:20:21',96,1,'','MME','GASTECLOU','Gwendoline','','','',67,1,NULL,'Chargée de communication intranet/éditoriale – Service communication digitale','0344104188','','','','Gwendoline.GASTECLOU@oise.fr','','','',0,0,2,2,'','',NULL,NULL,NULL,1);
INSERT INTO `llx_socpeople` VALUES (77,'2017-03-09 13:22:17','2017-03-09 13:22:17',97,1,'','MR','BERTIN','Kévin','','','',67,1,NULL,'','','','0682390695','','entreprises60@gmail.com','','','',0,0,2,2,'','',NULL,NULL,NULL,1);
INSERT INTO `llx_socpeople` VALUES (78,'2017-03-09 13:24:25','2017-03-09 13:24:25',98,1,'','MR','VERKEST','Christophe','','','',87,1,NULL,'Journaliste Amiens','','','0680992491','','','','','',0,0,2,2,'','',NULL,NULL,NULL,1);
INSERT INTO `llx_socpeople` VALUES (79,'2017-03-09 13:31:01','2017-03-09 13:31:01',99,1,'','MME','Pelotier','Alison','23 rue baldassini',69364,'Lyon',76,1,NULL,'Journaliste multimédia','0427861376','','','','apelotier@gmail.com','','','',0,0,2,2,'','',NULL,NULL,NULL,1);
INSERT INTO `llx_socpeople` VALUES (80,'2017-03-10 14:53:19','2017-03-10 14:55:34',NULL,1,'','','Ducrocq','Christophe','','','',NULL,1,NULL,'','','','0603292368','','','','','',0,0,2,2,'','De la part de rachelle delgove<br />\nFait dans la pdt',NULL,NULL,NULL,1);
INSERT INTO `llx_socpeople` VALUES (81,'2017-03-10 16:57:39','2017-03-10 16:57:39',94,1,'','MR','Gobert','Vincent','8, cité Paradis',75493,'Paris Cedex 10',82,1,NULL,'Journaliste Machinisme, agroéquipements, énergies renouvelables','0140227921','','0609072880','','v.gobert@gfa.fr','','','',0,0,2,2,'','',NULL,NULL,NULL,1);
INSERT INTO `llx_socpeople` VALUES (82,'2017-03-10 17:23:28','2017-03-10 17:23:28',100,1,'','','Demeiller','Etienne','','','',NULL,1,NULL,'','','','','','etienne.demeiller@enerbioflex.fr','','','',0,0,2,2,'','',NULL,NULL,NULL,1);
INSERT INTO `llx_socpeople` VALUES (83,'2017-03-13 15:44:40','2017-03-13 15:49:24',101,1,'','MME','Kubatko','Virginie','',80000,'Amiens',87,1,NULL,'','0689994475','','','','virginie.kubatko@gmail.com','','','',0,0,2,2,NULL,'Journaliste indépendante<br />\nTravail pour des presses locales, économique, nationale<br />\nBon felling, fille cool, de notre age.<br />\nA quitté le monde et aujourd\'hui en france car manque d\'indépendance de sa presse.<br />\nA bcp insister sur l\'indépendance de notre société (valeur qui semble lui etre chère).<br />\nA de bons reseau en presse, ne pas hésiter à la contacter si besoin.<br />\n ',NULL,NULL,NULL,1);
INSERT INTO `llx_socpeople` VALUES (84,'2017-03-14 12:28:30','2017-03-14 12:28:30',103,1,'','MR','Hazouard','Guillaume','','','',98,1,NULL,'','','','','','','','','',0,0,2,2,NULL,NULL,NULL,NULL,NULL,1);
INSERT INTO `llx_socpeople` VALUES (85,'2017-03-17 15:11:57','2017-04-13 17:58:19',106,1,'','MME','MOREAUX','Marie-Helene','7 RUE DE L EGLISE','02420','HARGICOURT',8,1,NULL,'Co-gérante','','','0679434819','','mhmoreaux@terre-net.fr','','','',0,0,2,2,'','',NULL,NULL,NULL,1);
INSERT INTO `llx_socpeople` VALUES (86,'2017-03-21 12:40:21','2017-03-21 12:40:50',108,1,'','MR','DUFRESNOY','Bertrand','','','',NULL,1,NULL,'','03 25 87 60 20','','06 23 70 33 23','','bdufresnoy@haute-marne.chambagri.fr','','','',0,0,1,1,'','',NULL,NULL,NULL,1);
INSERT INTO `llx_socpeople` VALUES (87,'2017-03-21 22:22:41','2017-03-21 22:22:41',111,1,'','MR','','','Terre-net Média – Avenue des Censives – Tillé\nBP 50333',60026,'Beauvais',67,1,NULL,'Contact communiqués de presse ','','','','','redaction@web-agri.fr','','','',0,0,2,2,'','',NULL,NULL,NULL,1);
INSERT INTO `llx_socpeople` VALUES (88,'2017-03-21 22:48:31','2017-03-21 22:48:31',112,1,'','MR','Bellenguez','Ludovic','19 Rue Pierre Waguet',60000,'Beauvais',67,1,NULL,'Enseignant Chercheur en GRH','0344067595','','','','ludovic.bellenguez@lasalle-beauvais.fr','','','',0,0,2,2,'','',NULL,NULL,NULL,1);
INSERT INTO `llx_socpeople` VALUES (89,'2017-03-21 22:52:32','2017-03-21 22:52:32',112,1,'','MME','Vuillemenot','Agathe','19 Rue Pierre Waguet',60000,'Beauvais',67,1,NULL,'Enseignant-chercheur en entrepreneuriat','','','0688877924','','agathe.vuillemenot@unilasalle.fr','','','',0,0,2,2,'','',NULL,NULL,NULL,1);
INSERT INTO `llx_socpeople` VALUES (90,'2017-03-22 15:34:32','2017-03-22 15:34:32',110,1,'','MME','GRESSIER','Aude','','','',NULL,1,NULL,'Reponsable diagnostic énergétique','','','','','aude.gressier@indre.chambagri.fr','','','',0,0,1,1,'','',NULL,NULL,NULL,1);
INSERT INTO `llx_socpeople` VALUES (91,'2017-03-22 15:35:03','2017-03-22 15:35:03',110,1,'','MR','CULAN','Benjamin','','','',NULL,1,NULL,'Responsable bois','','','','','benjamin.culan@indre.chambagri.fr','','','',0,0,1,1,'','',NULL,NULL,NULL,1);
INSERT INTO `llx_socpeople` VALUES (92,'2017-03-22 15:36:08','2017-03-22 15:36:08',110,1,'','MR','GLEIZES','Christian','','','',NULL,1,NULL,'Responsable méthanisation','','','','','environnement.territoires@indre.chambagri.fr','','','',0,0,1,1,'','',NULL,NULL,NULL,1);
INSERT INTO `llx_socpeople` VALUES (93,'2017-03-22 15:39:52','2017-03-22 15:40:25',109,1,'','MME','SERVANT','Valérie','','','',NULL,1,NULL,'Responsable formation','02 38 71 90 50','','','','','','','',0,0,1,1,'','',NULL,NULL,NULL,1);
INSERT INTO `llx_socpeople` VALUES (94,'2017-03-22 15:42:30','2017-03-22 15:42:30',108,1,'','MME','CROENNE','Audry','','','',NULL,1,NULL,'Méthanisation','03.25.43.72.72','','','','','','','',0,0,1,1,'','',NULL,NULL,NULL,1);
INSERT INTO `llx_socpeople` VALUES (95,'2017-03-22 15:44:14','2017-03-22 15:44:42',108,1,'','MME','CONTOU','Cerise','','','',NULL,1,NULL,'Mission Energie en Agriculture (Troyes)','03 25 43 72 72','','','','cerise.contou@aube.chambagri.fr','','','',0,0,1,1,'','',NULL,NULL,NULL,1);
INSERT INTO `llx_socpeople` VALUES (96,'2017-03-22 15:57:38','2017-03-22 15:57:38',107,1,'','','KIENTZ','Sylvain','','','',NULL,1,NULL,'Responsable d\'équipe','02 31 70 25 69','','','','s.kientz@calvados.chambagri.fr','','','',0,0,1,1,'','',NULL,NULL,NULL,1);
INSERT INTO `llx_socpeople` VALUES (97,'2017-03-28 15:02:03','2017-03-28 15:02:03',112,1,'','MME','Chauveau','Véronique','19 Rue Pierre Waguet',60000,'Beauvais',67,1,NULL,'Enseignante chercheur Contrôle de gestion & finance','0344063823','','','','veronique.chauveau@unilasalle.fr','','','',0,0,2,2,'','',NULL,NULL,NULL,1);
INSERT INTO `llx_socpeople` VALUES (98,'2017-03-29 16:48:21','2017-03-29 16:48:21',60,1,'','MR','BACOUEL','Jean Yves','','','',NULL,1,NULL,'','','','','','JYBACOUEL@leparisien.fr','','','',0,0,2,2,'','',NULL,NULL,NULL,1);
INSERT INTO `llx_socpeople` VALUES (99,'2017-03-29 16:54:39','2017-03-29 16:54:39',113,1,'','MME','GIROT','Yolande','','','',NULL,1,NULL,'','','','','','Yolande.GIROT@publihebdos.fr','','','',0,0,2,2,'','',NULL,NULL,NULL,1);
INSERT INTO `llx_socpeople` VALUES (100,'2017-03-29 16:55:38','2017-03-29 16:55:39',98,1,'','MME','CACHELIEVRE','Brigitte','','','',67,1,NULL,'','','','','','bcache@Courrier-Picard.fr','','','',0,0,2,2,'','',NULL,NULL,NULL,1);
INSERT INTO `llx_socpeople` VALUES (101,'2017-03-29 16:56:38','2017-03-29 16:56:38',93,1,'','MR','Clay','Francois','','','',67,1,NULL,'','','','','','francois.clay@lobservateurdebeauvais.fr','','','',0,0,2,2,'','',NULL,NULL,NULL,1);
INSERT INTO `llx_socpeople` VALUES (102,'2017-03-29 17:03:58','2017-03-29 17:03:58',119,1,'','MR','SH','','','','',NULL,1,NULL,'','','','','','sh.oisehebdo@gmail.com','','','',0,0,2,2,'','',NULL,NULL,NULL,1);
INSERT INTO `llx_socpeople` VALUES (103,'2017-03-29 17:05:05','2017-03-29 17:05:05',60,1,'','MR','Forestier','','','','',NULL,1,NULL,'','','','','','sforestier@leparisien.fr','','','',0,0,2,2,'','',NULL,NULL,NULL,1);
INSERT INTO `llx_socpeople` VALUES (104,'2017-03-29 17:07:26','2017-03-29 17:07:26',120,1,'','MME','Peroz','Amelie','','','',NULL,1,NULL,'','','','','','amelie.peroz@picardiegazette.fr','','','',0,0,2,2,'','',NULL,NULL,NULL,1);
INSERT INTO `llx_socpeople` VALUES (105,'2017-04-04 11:42:21','2017-04-04 11:42:21',121,1,'','MR','Maurice','Anselme','1 RUE DU TILLEUL','02600','LOUATRE',8,1,'1985-01-01','Gérant','','','0628302252','','anselmemaurice@yahoo.fr','','','',0,0,2,2,'','',NULL,NULL,NULL,1);
INSERT INTO `llx_socpeople` VALUES (106,'2017-04-07 08:52:40','2017-04-07 08:52:40',124,1,'','MR','Leroy','Hervé','','','',NULL,1,NULL,'','','','','','herve.leroy@moselle.chambagri.fr','','','',0,0,1,1,'','',NULL,NULL,NULL,1);
INSERT INTO `llx_socpeople` VALUES (107,'2017-04-07 08:57:11','2017-04-07 08:57:11',125,1,'','MR','Rol','Pascal','','','',NULL,1,NULL,'Conseiller énergie','','','06.46.21.45.61','','pascal.rol@meurthe-et-moselle.chambagri.fr','','','',0,0,1,1,'','',NULL,NULL,NULL,1);
INSERT INTO `llx_socpeople` VALUES (108,'2017-04-07 09:03:01','2017-04-07 09:03:01',126,1,'','MR','Prevost','Thierry','','','',NULL,1,NULL,'','','','06 83 80 94 31','','thierry.prevost@vosges.chambagri.fr','','','',0,0,1,1,'','',NULL,NULL,NULL,1);
INSERT INTO `llx_socpeople` VALUES (109,'2017-04-07 09:10:23','2017-04-07 09:10:23',127,1,'','MR','Blarel','Jacques','','','',NULL,1,NULL,'Energie, irrigation, machinisme, agro-équipement','03 21 60 48 56','','','','jacques.blarel@agriculture-npdc.fr','','','',0,0,1,1,'','',NULL,NULL,NULL,1);
INSERT INTO `llx_socpeople` VALUES (110,'2017-04-07 09:16:40','2017-04-07 09:16:40',128,1,'','MR','Deceuninck','Aurélien','','','',NULL,1,NULL,'','03 22 33 69 78','','','','a.deceuninck@somme.chambagri.fr','','','',0,0,1,1,'','',NULL,NULL,NULL,1);
INSERT INTO `llx_socpeople` VALUES (111,'2017-04-07 09:25:53','2017-04-07 09:25:53',129,1,'','MME','Rouzaut','Emilie','','','',NULL,1,NULL,'Conseillère traite','02 35 59 47 71','','','','emilie.rouzaut@seine-maritime.chambagri.fr','','','',0,0,1,1,'','',NULL,NULL,NULL,1);
INSERT INTO `llx_socpeople` VALUES (112,'2017-04-07 09:37:31','2017-04-07 09:37:31',130,1,'','MR','Poitou','Hervé','','','',NULL,1,NULL,'Chargé de mission','+33 (0)2 32 78 80 45','','','','herve.poitou@agri-eure.com','','','',0,0,1,1,'','',NULL,NULL,NULL,1);
INSERT INTO `llx_socpeople` VALUES (113,'2017-04-07 09:43:12','2017-04-07 09:43:12',128,1,'','MR','Six','Romain','','','',NULL,1,NULL,'','03 22 33 69 13','','','','r.six@somme.chambagri.fr','','','',0,0,1,1,'','',NULL,NULL,NULL,1);
INSERT INTO `llx_socpeople` VALUES (114,'2017-04-11 11:26:35','2017-04-11 11:26:35',23,1,'','MME','Noel','Christine','3 RUE DESGROUX BOITE POSTALE 80439',60004,'BEAUVAIS',67,1,NULL,'Conseiler santé','','','','','christine.noel@mma.fr','','','',0,0,2,2,'','',NULL,NULL,NULL,1);
INSERT INTO `llx_socpeople` VALUES (115,'2017-04-11 11:27:26','2017-04-11 11:27:26',23,1,'','MME','Achache','Mathilde','3 RUE DESGROUX BOITE POSTALE 80439',60004,'BEAUVAIS',67,1,NULL,'Conseiller assurance véhicule ','','','','','mathilde.achache@mma.fr','','','',0,0,2,2,'','',NULL,NULL,NULL,1);
INSERT INTO `llx_socpeople` VALUES (116,'2017-04-19 11:36:06','2017-04-19 11:38:47',201,1,'','MR','BRUYELLES','Jean-Marie','1 CHEMIN DE FLY',60850,'SAINT GERMER DE FLY',67,1,'1965-12-25','Gérant','0624333134','','','','jmbruyelles@gmail.com','','','',0,0,2,2,'','',NULL,NULL,NULL,1);
INSERT INTO `llx_socpeople` VALUES (117,'2017-04-20 15:24:27','2017-05-15 16:28:22',202,1,'','MR','REMY','Yves','24 rue de Barrieux','02820','Saint Erme',8,1,NULL,'Gérant','0681788226','','','','lafermeremy@orange.fr','','','',0,0,2,2,'','',NULL,NULL,NULL,1);
INSERT INTO `llx_socpeople` VALUES (118,'2017-04-24 11:12:56','2017-04-24 11:12:56',163,1,'','MR','LECLERCQ','Freddy','2 CHEMIN DE LA HAUTE LIANE',62142,'ALINCTHUN',69,1,NULL,'Gérant','','','','','','','','',0,0,2,2,'','',NULL,NULL,NULL,1);
INSERT INTO `llx_socpeople` VALUES (119,'2017-04-24 11:15:33','2017-04-24 12:02:22',157,1,'','MR','DEBOUDT','Gilles','2515 ROUTE DE GODEWAERSVELDE',59270,'FLETRE',66,1,NULL,'Gérant','0328401965','','0660590575','','','','','',0,0,2,2,'','',NULL,NULL,NULL,1);
INSERT INTO `llx_socpeople` VALUES (120,'2017-04-24 11:55:45','2017-04-24 11:56:08',156,1,'','MR','HUYGHE','','203 RUE DE LA COURTE CROIX ',59270,'FLETRE',NULL,1,NULL,'','0328402138','','','','','','','',0,0,2,2,'','',NULL,NULL,NULL,1);
INSERT INTO `llx_socpeople` VALUES (121,'2017-04-24 12:08:06','2017-04-24 12:08:06',158,1,'','MR','DEBAVELAERE','Xavier','1 RUE DU CYGNE',59285,'ARNEKE',66,1,NULL,'Gérant','0328424438','','','','','','','',0,0,2,2,'','',NULL,NULL,NULL,1);
INSERT INTO `llx_socpeople` VALUES (122,'2017-04-24 12:16:06','2017-04-24 12:16:46',160,1,'','MR','DEQUIDT','Roland','56 RUE DE BOURBOURG',59285,'ARNEKE',66,1,NULL,'Gérant','0328423053','0328437911','','','','','','',0,0,2,2,'','',NULL,NULL,NULL,1);
INSERT INTO `llx_socpeople` VALUES (123,'2017-04-24 12:36:21','2017-04-24 14:46:48',164,1,'','MR','BAYART','Philippe','848 CHAUSSEE BRUNEHAUT',62150,'GAUCHIN LEGAL',69,1,NULL,'Gérant','0321553743','','','','','','','',0,0,2,2,'','',NULL,NULL,NULL,1);
INSERT INTO `llx_socpeople` VALUES (124,'2017-04-24 12:52:18','2017-04-24 12:52:18',171,1,'','MR','POUPART','','402 IMPASSE DU HOULET',62730,'MARCK',69,1,NULL,'Gérant','0626410269','','','','','','','',0,0,2,2,'','',NULL,NULL,NULL,1);
INSERT INTO `llx_socpeople` VALUES (125,'2017-04-24 13:20:21','2017-04-24 13:20:21',179,1,'','MR','LESUEUR','François','5 rue de Oissy',80310,'CAVILLON',87,1,NULL,'','0322514187','','','','','','','',0,0,2,2,'','',NULL,NULL,NULL,1);
INSERT INTO `llx_socpeople` VALUES (126,'2017-04-24 13:22:57','2017-04-24 13:22:57',178,1,'','','ROUCOU','Bertrand','',80310,'CAVILLON',80,1,NULL,'','','','0634165136','','','','','',0,0,2,2,'','',NULL,NULL,NULL,1);
INSERT INTO `llx_socpeople` VALUES (127,'2017-04-24 14:45:12','2017-04-24 14:45:12',159,1,'','MR','VIDRIL','Jérôme','53 ROUTE DE CASSEL',59285,'ARNEKE',66,1,NULL,'Gérant','03 28 43 12 73','','','','','','','',0,0,2,2,'','',NULL,NULL,NULL,1);
INSERT INTO `llx_socpeople` VALUES (128,'2017-04-24 14:45:40','2017-04-24 14:45:40',161,1,'','MR','CAZEEL','Régis','','','',NULL,1,NULL,'','03 28 42 37 89','','','','','','','',0,0,2,2,'','',NULL,NULL,NULL,1);
INSERT INTO `llx_socpeople` VALUES (129,'2017-04-24 14:46:22','2017-04-24 14:46:22',162,1,'','MR','DELASSUS','Julien','484 RUE DU GRAND BOIS',59940,'LE DOULIEU',66,1,NULL,'','03 28 43 10 91 ','','','','','','','',0,0,2,2,'','',NULL,NULL,NULL,1);
INSERT INTO `llx_socpeople` VALUES (130,'2017-04-24 14:47:21','2017-04-24 17:08:42',165,1,'','','CAPET ','','273 CHAUSSEE BRUNEHAU',62150,'GAUCHIN LEGAL',69,1,NULL,'','0677989028','','','','','','','',0,0,2,2,'','',NULL,NULL,NULL,1);
INSERT INTO `llx_socpeople` VALUES (131,'2017-04-24 14:48:26','2017-04-24 14:48:26',169,1,'','MR','BLONDIAUX','Jean','2540 RUE DELALLEAU',62350,'ROBECQ',69,1,NULL,'','03 21 66 07 09 ','','','','','','','',0,0,2,2,'','',NULL,NULL,NULL,1);
INSERT INTO `llx_socpeople` VALUES (132,'2017-04-24 14:49:08','2017-04-24 15:30:24',170,1,'','MR','LEMAITRE','Yves et Nicolas','14 RUE DU FAY',62560,'THIEMBRONNE',69,1,NULL,'','03 21 39 52 71','','','','nicolas.lemaitre62@orange.fr','','','',0,0,2,2,'','',NULL,NULL,NULL,1);
INSERT INTO `llx_socpeople` VALUES (133,'2017-04-24 14:49:44','2017-04-24 14:49:44',173,1,'','MR','GARENAUX','Aymeric','966 RUE DE CAHEN',62850,'LICQUES',69,1,NULL,'','03 21 35 03 41','','','','','','','',0,0,2,2,'','',NULL,NULL,NULL,1);
INSERT INTO `llx_socpeople` VALUES (134,'2017-04-24 14:50:25','2017-04-24 17:16:17',174,1,'','MR','BOUFFLERS','Ludovic','LIEU DIT LA BOISERAIE',80110,'MOREUIL',87,1,NULL,'','','','','','','','','',0,0,2,2,'','',NULL,NULL,NULL,1);
INSERT INTO `llx_socpeople` VALUES (135,'2017-04-24 14:50:53','2017-04-24 14:50:53',176,1,'','MR','LEROY','Jean','','','',NULL,1,NULL,'','03 22 51 25 26 ','','','','','','','',0,0,2,2,'','',NULL,NULL,NULL,1);
INSERT INTO `llx_socpeople` VALUES (136,'2017-04-24 14:51:29','2017-04-24 14:51:30',177,1,'','MR','CAFFIN','Benoît','15 RUE DE BRIQUEMESNIL',80310,'CAVILLON',87,1,NULL,'','03 22 51 45 25','','','','','','','',0,0,2,2,'','',NULL,NULL,NULL,1);
INSERT INTO `llx_socpeople` VALUES (137,'2017-04-24 15:54:49','2017-04-24 15:56:22',203,1,'','MR','POPPE',' Jean-Michel','15 RUE ST JACQUES',80500,'VILLERS TOURNELLE',NULL,1,NULL,'','03 22 37 26 73','','06 26 34 48 68','','lafermedes3chataigniers@gmail.com','','','',0,0,2,2,'','',NULL,NULL,NULL,1);
INSERT INTO `llx_socpeople` VALUES (138,'2017-04-24 15:56:12','2017-04-24 15:56:12',203,1,'','MR','FREMAUX','Emmanuel','15 RUE ST JACQUES',80500,'VILLERS TOURNELLE',87,1,NULL,'','','','0672025642','','efremaux@sfr.fr','','','',0,0,2,2,'','',NULL,NULL,NULL,1);
INSERT INTO `llx_socpeople` VALUES (139,'2017-04-24 16:20:40','2017-04-24 16:20:40',204,1,'','MR','DUBAN','Jean-Luc','FERME RACINEUSE',80680,'SAINS EN AMIENOIS',87,1,NULL,'Gérant','0322095101','','','','e.duban@orange.fr','','','',0,0,2,2,'','',NULL,NULL,NULL,1);
INSERT INTO `llx_socpeople` VALUES (140,'2017-04-24 17:15:52','2017-04-24 17:15:52',174,1,'','MR','MAQUIGNY','Jean-Francois','LIEU DIT LA BOISERAIE',80110,'MOREUIL',87,1,NULL,'Gérant','','','0699775053','','','','','',0,0,2,2,'','',NULL,NULL,NULL,1);
INSERT INTO `llx_socpeople` VALUES (141,'2017-04-24 18:08:29','2017-04-24 18:08:29',205,1,'','MR','LEWANDOWSKI','Laurent','516 rue Saint Fuscien',80090,'Amiens',87,1,NULL,'Gérant','','','0634044340','','','','','',0,0,2,2,'','',NULL,NULL,NULL,1);
INSERT INTO `llx_socpeople` VALUES (142,'2017-04-25 15:14:26','2017-04-25 15:14:26',206,1,'','MR','CAILLIAU','Ludovic','480 TAERTE STRAETE',59114,'TERDEGHEM',66,1,NULL,'Gérant','0671221062','','','','','','','',0,0,2,2,'','',NULL,NULL,NULL,1);
INSERT INTO `llx_socpeople` VALUES (143,'2017-04-25 15:22:33','2017-04-25 15:22:33',207,1,'','MR','DEQUIDT','Jean-Guy','1560 D OUDE STRAETE',59470,'WORMHOUT',66,1,NULL,'Gérant','0622822327','','','','','','','',0,0,2,2,'','',NULL,NULL,NULL,1);
INSERT INTO `llx_socpeople` VALUES (144,'2017-05-05 15:52:49','2017-05-05 15:52:49',209,1,'','MR','BRANSIET','Vincent','LIEU DIT GACHAT',42550,'APINAC',49,1,NULL,'','','','0671797022','','vincent.bransiet@wanadoo.fr','','','',0,0,2,2,'','',NULL,NULL,NULL,1);
INSERT INTO `llx_socpeople` VALUES (145,'2017-05-05 16:09:12','2017-05-05 16:09:12',210,1,'','MR','LECLERCQ','PHILIPPE','	\n18 rue du calvaire\n','62112 ','Gouy-sous-Bellonne',69,1,NULL,'Directeur Développement','0688052359','','','','philippe.leclercq@groupe-carre.fr','','','',0,0,2,2,'','',NULL,NULL,NULL,1);
INSERT INTO `llx_socpeople` VALUES (146,'2017-05-11 11:22:53','2017-05-11 11:22:53',102,1,'','MME','Delarue','Odile','','','',67,1,NULL,'Commerciale','0762375065','','','','','','','',0,0,2,2,'','',NULL,NULL,NULL,1);
INSERT INTO `llx_socpeople` VALUES (147,'2017-05-11 13:36:10','2017-05-11 13:36:10',212,1,'','MR','LEWANDOSKI','Laurent','516 rue Saint Fuscien',80090,'Amiens',87,1,NULL,'Gérant','0322723737','','','0322720044','germa@germa.fr','','','',0,0,2,2,'','',NULL,NULL,NULL,1);
INSERT INTO `llx_socpeople` VALUES (182,'2017-05-22 00:00:00','2017-05-22 11:02:35',218,1,NULL,'MR','D\'HEM','Christophe','CHE DU PONT DE WYLDER',59470,'WORMHOUT',NULL,1,NULL,'Gérant','0971385408','','','','','','','',0,0,2,3,'','',NULL,NULL,20170522104348,1);
INSERT INTO `llx_socpeople` VALUES (183,'2017-05-23 00:00:00','2017-05-22 10:43:48',249,1,NULL,'MR','LACONTE','Christophe','1 R KROM STRAETE',59143,'LEDERZEELE',NULL,1,NULL,'Gérant',328624042,NULL,NULL,NULL,NULL,NULL,NULL,NULL,0,0,2,NULL,NULL,NULL,NULL,NULL,20170522104348,1);
INSERT INTO `llx_socpeople` VALUES (184,'2017-05-24 00:00:00','2017-05-22 10:43:48',250,1,NULL,'MR','DECOSTER','Gilles','VOIE ROMAINE STEEN STRAETE',59470,'WORMHOUT',NULL,1,NULL,'Gérant',328629989,NULL,NULL,NULL,NULL,NULL,NULL,NULL,0,0,2,NULL,NULL,NULL,NULL,NULL,20170522104348,1);
INSERT INTO `llx_socpeople` VALUES (185,'2017-05-25 00:00:00','2017-05-22 10:44:24',251,1,NULL,'MR','DEMOL','Jean louis','1251 ROUTE D OCHTEZEELE',59285,'ROUBROUCK',NULL,1,NULL,'Gérant','0321938938','','','','','','','',0,0,2,2,'','',NULL,NULL,20170522104348,1);
INSERT INTO `llx_socpeople` VALUES (186,'2017-05-26 00:00:00','2017-05-22 10:43:48',252,1,NULL,'MR','BELLENGIER','Stephane','1372 RUE NAEGEL STRAETE',59285,'RUBROUCK',NULL,1,NULL,'Gérant',328423179,NULL,NULL,NULL,NULL,NULL,NULL,NULL,0,0,2,NULL,NULL,NULL,NULL,NULL,20170522104348,1);
INSERT INTO `llx_socpeople` VALUES (187,'2017-05-27 00:00:00','2017-05-22 10:43:48',253,1,NULL,'MR','COSTENOBLE','Alain','14 RUE DE LA PHILIPPOTERIE',59181,'STEENWERCK',NULL,1,NULL,'Gérant',328404295,NULL,NULL,NULL,NULL,NULL,NULL,NULL,0,0,2,NULL,NULL,NULL,NULL,NULL,20170522104348,1);
INSERT INTO `llx_socpeople` VALUES (188,'2017-05-28 00:00:00','2017-05-22 10:43:48',254,1,NULL,'MR',' HAVIEZ','Arnaud ','16 RUE DU SEQUENTEAU',59181,'STEENWERCK',NULL,1,NULL,'Gérant',328404103,NULL,NULL,NULL,NULL,NULL,NULL,NULL,0,0,2,NULL,NULL,NULL,NULL,NULL,20170522104348,1);
INSERT INTO `llx_socpeople` VALUES (189,'2017-05-29 00:00:00','2017-05-22 13:46:39',255,1,NULL,'MR','WAREMBOURG','','13 RUE DE L\'EPINETTE',59181,'STEENWERCK',NULL,1,NULL,'Gérant','','','0603848587','','','','','',0,0,2,3,'','',NULL,NULL,20170522104348,1);
INSERT INTO `llx_socpeople` VALUES (190,'2017-05-30 00:00:00','2017-05-22 10:43:48',256,1,NULL,'MR','CADET','Alexandre ','RUE DU FROID NID',59181,'STEENWERCK',NULL,1,NULL,'Gérant',328488387,NULL,NULL,NULL,NULL,NULL,NULL,NULL,0,0,2,NULL,NULL,NULL,NULL,NULL,20170522104348,1);
INSERT INTO `llx_socpeople` VALUES (191,'2017-05-31 00:00:00','2017-05-22 10:43:48',257,1,NULL,'MME','HUYGHE','Edith ','1195 RUE DU PONT BELGE',59190,'HAZEBROUCK',NULL,1,NULL,'Gérant',961078474,NULL,NULL,NULL,NULL,NULL,NULL,NULL,0,0,2,NULL,NULL,NULL,NULL,NULL,20170522104348,1);
INSERT INTO `llx_socpeople` VALUES (192,'0000-00-00 00:00:00','2017-05-22 10:43:49',258,1,NULL,'MR','DELANNOYE','Brigitte et Guillaume','636 CHEMIN DES CHAMPS',59190,'HAZEBROUCK',NULL,1,NULL,'Gérant',328419632,608478236,NULL,NULL,NULL,NULL,NULL,NULL,0,0,2,NULL,NULL,NULL,NULL,NULL,20170522104348,1);
INSERT INTO `llx_socpeople` VALUES (193,'0000-00-00 00:00:00','2017-05-22 10:43:49',259,1,NULL,'MR','MOREAU','Dominique et Stephane','LA CRECHE 1345 CHEMIN VINCENT',59270,'BAILLEUL',NULL,1,NULL,'Gérant',328404001,NULL,NULL,NULL,NULL,NULL,NULL,NULL,0,0,2,NULL,NULL,NULL,NULL,NULL,20170522104348,1);
INSERT INTO `llx_socpeople` VALUES (194,'0000-00-00 00:00:00','2017-05-22 10:43:49',260,1,NULL,'MR','AMMEUX','Philippe','RUE DE WATTOU',59470,'HOUTKERQUE',NULL,1,NULL,'Gérant',328409024,NULL,NULL,NULL,NULL,NULL,NULL,NULL,0,0,2,NULL,NULL,NULL,NULL,NULL,20170522104348,1);
INSERT INTO `llx_socpeople` VALUES (195,'0000-00-00 00:00:00','2017-05-22 10:43:49',261,1,NULL,'MR','DEMASSIET','Martine et sébastien','4 RUE VERTE',59470,'HOUTKERQUE',NULL,1,NULL,'Gérant',328500160,NULL,NULL,NULL,NULL,NULL,NULL,NULL,0,0,2,NULL,NULL,NULL,NULL,NULL,20170522104348,1);
INSERT INTO `llx_socpeople` VALUES (196,'0000-00-00 00:00:00','2017-05-22 10:43:49',262,1,NULL,'MR','PEEL','Eric','2 RUE DES PRÉS',59470,'HOUTKERQUE',NULL,1,NULL,'Gérant',328409077,NULL,NULL,NULL,NULL,NULL,NULL,NULL,0,0,2,NULL,NULL,NULL,NULL,NULL,20170522104348,1);
INSERT INTO `llx_socpeople` VALUES (197,'0000-00-00 00:00:00','2017-05-22 10:43:49',263,1,NULL,'MR','THORIS','Luc','877 ROUTE D\'HOUTKERQUE',59670,'WINNEZEELE',NULL,1,NULL,'Gérant',328409287,NULL,NULL,NULL,NULL,NULL,NULL,NULL,0,0,2,NULL,NULL,NULL,NULL,NULL,20170522104348,1);
INSERT INTO `llx_socpeople` VALUES (198,'0000-00-00 00:00:00','2017-05-22 10:43:49',264,1,NULL,'MR','SEPIETER','Olivier','987 ROUTE D HOUTKERQUE',59670,'WINNEZEELE',NULL,1,NULL,'Gérant',328409061,NULL,NULL,NULL,NULL,NULL,NULL,NULL,0,0,2,NULL,NULL,NULL,NULL,NULL,20170522104348,1);
INSERT INTO `llx_socpeople` VALUES (199,'0000-00-00 00:00:00','2017-05-22 10:43:49',265,1,NULL,'MR','PROVO','Gilbert ','1550 ROUTE D HERZEELE',59670,'WINNEZEELE',NULL,1,NULL,'Gérant',328628673,NULL,NULL,NULL,NULL,NULL,NULL,NULL,0,0,2,NULL,NULL,NULL,NULL,NULL,20170522104348,1);
INSERT INTO `llx_socpeople` VALUES (200,'0000-00-00 00:00:00','2017-05-22 10:43:49',266,1,NULL,'MR','WEXSTEEN','Clément','1211 RUE DE LA CHAPELLE',59670,'WINNEZEELE',NULL,1,NULL,'Gérant',963687235,NULL,NULL,NULL,NULL,NULL,NULL,NULL,0,0,2,NULL,NULL,NULL,NULL,NULL,20170522104348,1);
INSERT INTO `llx_socpeople` VALUES (201,'0000-00-00 00:00:00','2017-05-22 10:43:49',267,1,NULL,'MR','MARCANT','Philippe','1347 RTE DE STEENVOORDE',59670,'WINNEZEELE',NULL,1,NULL,'Gérant',328433428,NULL,NULL,NULL,NULL,NULL,NULL,NULL,0,0,2,NULL,NULL,NULL,NULL,NULL,20170522104348,1);
INSERT INTO `llx_socpeople` VALUES (202,'0000-00-00 00:00:00','2017-05-22 10:43:49',268,1,NULL,'MR','VANPEENE','Jean ','495 ROUTE DE LA CHAPELLE',59670,'WINNEZEELE',NULL,1,NULL,'Gérant',328489059,NULL,NULL,NULL,NULL,NULL,NULL,NULL,0,0,2,NULL,NULL,NULL,NULL,NULL,20170522104348,1);
INSERT INTO `llx_socpeople` VALUES (203,'0000-00-00 00:00:00','2017-05-22 10:43:49',269,1,NULL,'MR','FOORT','Caroline','27 RUE DES 3 ROIS',59122,'HONDSCHOOTE',NULL,1,NULL,'Gérant',328683895,NULL,NULL,NULL,NULL,NULL,NULL,NULL,0,0,2,NULL,NULL,NULL,NULL,NULL,20170522104348,1);
INSERT INTO `llx_socpeople` VALUES (204,'0000-00-00 00:00:00','2017-05-22 10:43:49',270,1,NULL,'MR','BLANCKAERT','Luc','700 CHEMIN DE REGARDICK',59122,'HONDSCHOOTE',NULL,1,NULL,'Gérant',328625376,NULL,NULL,NULL,NULL,NULL,NULL,NULL,0,0,2,NULL,NULL,NULL,NULL,NULL,20170522104348,1);
INSERT INTO `llx_socpeople` VALUES (205,'0000-00-00 00:00:00','2017-05-22 10:43:49',271,1,NULL,'MR','LAFAUT','Koen ','1703 CHEMIN DÉPARTEMENTAL WARMOESTRAETE',59122,'HONDSCHOOTE',NULL,1,NULL,'Gérant',328683350,NULL,NULL,NULL,NULL,NULL,NULL,NULL,0,0,2,NULL,NULL,NULL,NULL,NULL,20170522104348,1);
INSERT INTO `llx_socpeople` VALUES (206,'0000-00-00 00:00:00','2017-05-22 10:43:49',272,1,NULL,'MR','FAUQUET','Alain','1001 ROUTE DE LA COLME',59122,'HONDSCHOOTE',NULL,1,NULL,'Gérant',359279053,970981688,NULL,NULL,NULL,NULL,NULL,NULL,0,0,2,NULL,NULL,NULL,NULL,NULL,20170522104348,1);
INSERT INTO `llx_socpeople` VALUES (207,'0000-00-00 00:00:00','2017-05-22 10:43:49',273,1,NULL,'MR','DEBAEKE','Ivan','3087 RUE DE LA GARE',59299,'BOESCHEPE',NULL,1,NULL,'Gérant',328430776,NULL,NULL,NULL,NULL,NULL,NULL,NULL,0,0,2,NULL,'attention numéro des aliments DEBAEKE',NULL,NULL,NULL,20170522104348,1);
INSERT INTO `llx_socpeople` VALUES (208,'0000-00-00 00:00:00','2017-05-22 10:43:49',274,1,NULL,'MME','VERSTAEN','Armelle','CHEMIN CHAPELLE DE FER',59114,'Steenvoorde',NULL,1,NULL,'Gérant',361451440,NULL,NULL,NULL,NULL,NULL,NULL,NULL,0,0,2,NULL,NULL,NULL,NULL,NULL,20170522104348,1);
INSERT INTO `llx_socpeople` VALUES (209,'0000-00-00 00:00:00','2017-05-22 10:43:49',275,1,NULL,'MR','STERCKEMAN','Isabelle et Michael','R GODEWAERSVELDE',59114,'Steenvoorde',NULL,1,NULL,'Gérant',328433173,NULL,NULL,NULL,NULL,NULL,NULL,NULL,0,0,2,NULL,NULL,NULL,NULL,NULL,20170522104348,1);
INSERT INTO `llx_socpeople` VALUES (210,'0000-00-00 00:00:00','2017-05-22 10:43:49',276,1,NULL,'MR','GOUSSEN','David','47 RTE D HONDSCHOOTE',59114,'Steenvoorde',NULL,1,NULL,'Gérant',328430908,NULL,NULL,NULL,NULL,NULL,NULL,NULL,0,0,2,NULL,NULL,NULL,NULL,NULL,20170522104348,1);
INSERT INTO `llx_socpeople` VALUES (211,'0000-00-00 00:00:00','2017-05-22 10:43:49',277,1,NULL,'MR','VANDENCASTEELE','Sébastien','LIEU DIT LA WARANDE',59114,'Steenvoorde',NULL,1,NULL,'Gérant',328433059,NULL,NULL,NULL,NULL,NULL,NULL,NULL,0,0,2,NULL,NULL,NULL,NULL,NULL,20170522104348,1);
INSERT INTO `llx_socpeople` VALUES (212,'0000-00-00 00:00:00','2017-05-22 10:43:49',278,1,NULL,'MR','TEUF','Jean Philippe ','88 SWARTE STRAETE',59114,'Steenvoorde',NULL,1,NULL,'Gérant',328483410,NULL,NULL,NULL,NULL,NULL,NULL,NULL,0,0,2,NULL,NULL,NULL,NULL,NULL,20170522104348,1);
ALTER TABLE `llx_socpeople` ENABLE KEYS;
UNLOCK TABLES;




--
-- Table structure for table `llx_socpeople_extrafields`
--
DROP TABLE IF EXISTS `llx_socpeople_extrafields`;
CREATE TABLE `llx_socpeople_extrafields` (
  `rowid` int(11) NOT NULL AUTO_INCREMENT,
  `tms` timestamp NOT NULL DEFAULT CURRENT_TIMESTAMP ON UPDATE CURRENT_TIMESTAMP,
  `fk_object` int(11) NOT NULL,
  `import_key` varchar(14) COLLATE latin1_general_ci DEFAULT NULL,
  PRIMARY KEY (`rowid`),
  KEY `idx_socpeople_extrafields` (`fk_object`)
) ENGINE=InnoDB DEFAULT CHARSET=latin1 COLLATE=latin1_general_ci;

--
-- Dumping data for table `llx_socpeople_extrafields`
--
LOCK TABLES `llx_socpeople_extrafields` WRITE;
ALTER TABLE `llx_socpeople_extrafields` DISABLE KEYS;
ALTER TABLE `llx_socpeople_extrafields` ENABLE KEYS;
UNLOCK TABLES;




--
-- Table structure for table `llx_stock_lotserial`
--
DROP TABLE IF EXISTS `llx_stock_lotserial`;
CREATE TABLE `llx_stock_lotserial` (
  `rowid` int(11) NOT NULL AUTO_INCREMENT,
  `entity` int(11) DEFAULT NULL,
  `fk_product` int(11) NOT NULL,
  `batch` varchar(30) COLLATE latin1_general_ci DEFAULT NULL,
  `eatby` date DEFAULT NULL,
  `sellby` date DEFAULT NULL,
  `datec` datetime DEFAULT NULL,
  `tms` timestamp NOT NULL DEFAULT CURRENT_TIMESTAMP ON UPDATE CURRENT_TIMESTAMP,
  `fk_user_creat` int(11) DEFAULT NULL,
  `fk_user_modif` int(11) DEFAULT NULL,
  `import_key` int(11) DEFAULT NULL,
  PRIMARY KEY (`rowid`)
) ENGINE=InnoDB DEFAULT CHARSET=latin1 COLLATE=latin1_general_ci;

--
-- Dumping data for table `llx_stock_lotserial`
--
LOCK TABLES `llx_stock_lotserial` WRITE;
ALTER TABLE `llx_stock_lotserial` DISABLE KEYS;
ALTER TABLE `llx_stock_lotserial` ENABLE KEYS;
UNLOCK TABLES;




--
-- Table structure for table `llx_stock_mouvement`
--
DROP TABLE IF EXISTS `llx_stock_mouvement`;
CREATE TABLE `llx_stock_mouvement` (
  `rowid` int(11) NOT NULL AUTO_INCREMENT,
  `tms` timestamp NOT NULL DEFAULT CURRENT_TIMESTAMP ON UPDATE CURRENT_TIMESTAMP,
  `datem` datetime DEFAULT NULL,
  `fk_product` int(11) NOT NULL,
  `batch` varchar(30) COLLATE latin1_general_ci DEFAULT NULL,
  `eatby` date DEFAULT NULL,
  `sellby` date DEFAULT NULL,
  `fk_entrepot` int(11) NOT NULL,
  `value` double DEFAULT NULL,
  `price` double(24,8) DEFAULT '0.00000000',
  `type_mouvement` smallint(6) DEFAULT NULL,
  `fk_user_author` int(11) DEFAULT NULL,
  `label` varchar(255) COLLATE latin1_general_ci DEFAULT NULL,
  `inventorycode` varchar(128) COLLATE latin1_general_ci DEFAULT NULL,
  `fk_origin` int(11) DEFAULT NULL,
  `origintype` varchar(32) COLLATE latin1_general_ci DEFAULT NULL,
  PRIMARY KEY (`rowid`),
  KEY `idx_stock_mouvement_fk_product` (`fk_product`),
  KEY `idx_stock_mouvement_fk_entrepot` (`fk_entrepot`)
) ENGINE=InnoDB DEFAULT CHARSET=latin1 COLLATE=latin1_general_ci;

--
-- Dumping data for table `llx_stock_mouvement`
--
LOCK TABLES `llx_stock_mouvement` WRITE;
ALTER TABLE `llx_stock_mouvement` DISABLE KEYS;
ALTER TABLE `llx_stock_mouvement` ENABLE KEYS;
UNLOCK TABLES;




--
-- Table structure for table `llx_supplier_proposal`
--
DROP TABLE IF EXISTS `llx_supplier_proposal`;
CREATE TABLE `llx_supplier_proposal` (
  `rowid` int(11) NOT NULL AUTO_INCREMENT,
  `ref` varchar(30) COLLATE latin1_general_ci NOT NULL,
  `entity` int(11) NOT NULL DEFAULT '1',
  `ref_ext` varchar(255) COLLATE latin1_general_ci DEFAULT NULL,
  `ref_int` varchar(255) COLLATE latin1_general_ci DEFAULT NULL,
  `fk_soc` int(11) DEFAULT NULL,
  `fk_projet` int(11) DEFAULT NULL,
  `tms` timestamp NOT NULL DEFAULT CURRENT_TIMESTAMP ON UPDATE CURRENT_TIMESTAMP,
  `datec` datetime DEFAULT NULL,
  `date_valid` datetime DEFAULT NULL,
  `date_cloture` datetime DEFAULT NULL,
  `fk_user_author` int(11) DEFAULT NULL,
  `fk_user_modif` int(11) DEFAULT NULL,
  `fk_user_valid` int(11) DEFAULT NULL,
  `fk_user_cloture` int(11) DEFAULT NULL,
  `fk_statut` smallint(6) NOT NULL DEFAULT '0',
  `price` double DEFAULT '0',
  `remise_percent` double DEFAULT '0',
  `remise_absolue` double DEFAULT '0',
  `remise` double DEFAULT '0',
  `total_ht` double(24,8) DEFAULT '0.00000000',
  `tva` double(24,8) DEFAULT '0.00000000',
  `localtax1` double(24,8) DEFAULT '0.00000000',
  `localtax2` double(24,8) DEFAULT '0.00000000',
  `total` double(24,8) DEFAULT '0.00000000',
  `fk_account` int(11) DEFAULT NULL,
  `fk_currency` varchar(3) COLLATE latin1_general_ci DEFAULT NULL,
  `fk_cond_reglement` int(11) DEFAULT NULL,
  `fk_mode_reglement` int(11) DEFAULT NULL,
  `note_private` text COLLATE latin1_general_ci,
  `note_public` text COLLATE latin1_general_ci,
  `model_pdf` varchar(255) COLLATE latin1_general_ci DEFAULT NULL,
  `date_livraison` date DEFAULT NULL,
  `fk_shipping_method` int(11) DEFAULT NULL,
  `import_key` varchar(14) COLLATE latin1_general_ci DEFAULT NULL,
  `extraparams` varchar(255) COLLATE latin1_general_ci DEFAULT NULL,
  PRIMARY KEY (`rowid`)
) ENGINE=InnoDB DEFAULT CHARSET=latin1 COLLATE=latin1_general_ci;

--
-- Dumping data for table `llx_supplier_proposal`
--
LOCK TABLES `llx_supplier_proposal` WRITE;
ALTER TABLE `llx_supplier_proposal` DISABLE KEYS;
ALTER TABLE `llx_supplier_proposal` ENABLE KEYS;
UNLOCK TABLES;




--
-- Table structure for table `llx_supplier_proposal_extrafields`
--
DROP TABLE IF EXISTS `llx_supplier_proposal_extrafields`;
CREATE TABLE `llx_supplier_proposal_extrafields` (
  `rowid` int(11) NOT NULL AUTO_INCREMENT,
  `tms` timestamp NOT NULL DEFAULT CURRENT_TIMESTAMP ON UPDATE CURRENT_TIMESTAMP,
  `fk_object` int(11) NOT NULL,
  `import_key` varchar(14) COLLATE latin1_general_ci DEFAULT NULL,
  PRIMARY KEY (`rowid`)
) ENGINE=InnoDB DEFAULT CHARSET=latin1 COLLATE=latin1_general_ci;

--
-- Dumping data for table `llx_supplier_proposal_extrafields`
--
LOCK TABLES `llx_supplier_proposal_extrafields` WRITE;
ALTER TABLE `llx_supplier_proposal_extrafields` DISABLE KEYS;
ALTER TABLE `llx_supplier_proposal_extrafields` ENABLE KEYS;
UNLOCK TABLES;




--
-- Table structure for table `llx_supplier_proposaldet`
--
DROP TABLE IF EXISTS `llx_supplier_proposaldet`;
CREATE TABLE `llx_supplier_proposaldet` (
  `rowid` int(11) NOT NULL AUTO_INCREMENT,
  `fk_supplier_proposal` int(11) NOT NULL,
  `fk_parent_line` int(11) DEFAULT NULL,
  `fk_product` int(11) DEFAULT NULL,
  `label` varchar(255) COLLATE latin1_general_ci DEFAULT NULL,
  `description` text COLLATE latin1_general_ci,
  `fk_remise_except` int(11) DEFAULT NULL,
  `tva_tx` double(6,3) DEFAULT '0.000',
  `localtax1_tx` double(6,3) DEFAULT '0.000',
  `localtax1_type` varchar(10) COLLATE latin1_general_ci DEFAULT NULL,
  `localtax2_tx` double(6,3) DEFAULT '0.000',
  `localtax2_type` varchar(10) COLLATE latin1_general_ci DEFAULT NULL,
  `qty` double DEFAULT NULL,
  `remise_percent` double DEFAULT '0',
  `remise` double DEFAULT '0',
  `price` double DEFAULT NULL,
  `subprice` double(24,8) DEFAULT '0.00000000',
  `total_ht` double(24,8) DEFAULT '0.00000000',
  `total_tva` double(24,8) DEFAULT '0.00000000',
  `total_localtax1` double(24,8) DEFAULT '0.00000000',
  `total_localtax2` double(24,8) DEFAULT '0.00000000',
  `total_ttc` double(24,8) DEFAULT '0.00000000',
  `product_type` int(11) DEFAULT '0',
  `info_bits` int(11) DEFAULT '0',
  `buy_price_ht` double(24,8) DEFAULT '0.00000000',
  `fk_product_fournisseur_price` int(11) DEFAULT NULL,
  `special_code` int(11) DEFAULT '0',
  `rang` int(11) DEFAULT '0',
  `ref_fourn` varchar(30) COLLATE latin1_general_ci DEFAULT NULL,
  PRIMARY KEY (`rowid`)
) ENGINE=InnoDB DEFAULT CHARSET=latin1 COLLATE=latin1_general_ci;

--
-- Dumping data for table `llx_supplier_proposaldet`
--
LOCK TABLES `llx_supplier_proposaldet` WRITE;
ALTER TABLE `llx_supplier_proposaldet` DISABLE KEYS;
ALTER TABLE `llx_supplier_proposaldet` ENABLE KEYS;
UNLOCK TABLES;




--
-- Table structure for table `llx_supplier_proposaldet_extrafields`
--
DROP TABLE IF EXISTS `llx_supplier_proposaldet_extrafields`;
CREATE TABLE `llx_supplier_proposaldet_extrafields` (
  `rowid` int(11) NOT NULL AUTO_INCREMENT,
  `tms` timestamp NOT NULL DEFAULT CURRENT_TIMESTAMP ON UPDATE CURRENT_TIMESTAMP,
  `fk_object` int(11) NOT NULL,
  `import_key` varchar(14) COLLATE latin1_general_ci DEFAULT NULL,
  PRIMARY KEY (`rowid`)
) ENGINE=InnoDB DEFAULT CHARSET=latin1 COLLATE=latin1_general_ci;

--
-- Dumping data for table `llx_supplier_proposaldet_extrafields`
--
LOCK TABLES `llx_supplier_proposaldet_extrafields` WRITE;
ALTER TABLE `llx_supplier_proposaldet_extrafields` DISABLE KEYS;
ALTER TABLE `llx_supplier_proposaldet_extrafields` ENABLE KEYS;
UNLOCK TABLES;




--
-- Table structure for table `llx_timesheet_user`
--
DROP TABLE IF EXISTS `llx_timesheet_user`;
CREATE TABLE `llx_timesheet_user` (
  `rowid` int(11) NOT NULL AUTO_INCREMENT,
  `fk_userid` int(11) NOT NULL,
  `year_week_date` date NOT NULL,
  `status` enum('DRAFT','SUBMITTED','APPROVED','CANCELLED','REJECTED','CHALLENGED') COLLATE latin1_general_ci DEFAULT 'DRAFT',
  `target` enum('team','project','customer','provider','other') COLLATE latin1_general_ci DEFAULT 'team',
  `fk_project_tasktime_list` varchar(512) COLLATE latin1_general_ci DEFAULT NULL,
  `fk_user_approval` int(11) DEFAULT NULL,
  `date_creation` datetime NOT NULL,
  `date_modification` timestamp NOT NULL DEFAULT CURRENT_TIMESTAMP ON UPDATE CURRENT_TIMESTAMP,
  `fk_user_creation` int(11) DEFAULT NULL,
  `fk_user_modification` int(11) DEFAULT NULL,
  `fk_timesheet_user` int(11) DEFAULT NULL,
  `fk_task` int(11) DEFAULT NULL,
  `note` varchar(1024) COLLATE latin1_general_ci DEFAULT NULL,
  PRIMARY KEY (`rowid`)
) ENGINE=InnoDB AUTO_INCREMENT=6 DEFAULT CHARSET=latin1 COLLATE=latin1_general_ci;

--
-- Dumping data for table `llx_timesheet_user`
--
LOCK TABLES `llx_timesheet_user` WRITE;
ALTER TABLE `llx_timesheet_user` DISABLE KEYS;
INSERT INTO `llx_timesheet_user` VALUES (4,2,'2017-03-06','DRAFT','team',NULL,NULL,'2017-03-07 13:25:20','2017-03-07 13:25:20',2,NULL,NULL,NULL,NULL);
INSERT INTO `llx_timesheet_user` VALUES (5,2,'2017-05-01','DRAFT','team',NULL,NULL,'2017-05-02 17:08:33','2017-05-02 17:08:33',2,NULL,NULL,NULL,NULL);
ALTER TABLE `llx_timesheet_user` ENABLE KEYS;
UNLOCK TABLES;




--
-- Table structure for table `llx_timesheet_whitelist`
--
DROP TABLE IF EXISTS `llx_timesheet_whitelist`;
CREATE TABLE `llx_timesheet_whitelist` (
  `rowid` int(11) NOT NULL AUTO_INCREMENT,
  `fk_user` int(11) NOT NULL,
  `fk_project` int(11) NOT NULL,
  `fk_project_task` int(11) DEFAULT NULL,
  `subtask` tinyint(1) DEFAULT '0',
  `date_start` date DEFAULT NULL,
  `date_end` date DEFAULT NULL,
  PRIMARY KEY (`rowid`)
) ENGINE=InnoDB DEFAULT CHARSET=latin1 COLLATE=latin1_general_ci;

--
-- Dumping data for table `llx_timesheet_whitelist`
--
LOCK TABLES `llx_timesheet_whitelist` WRITE;
ALTER TABLE `llx_timesheet_whitelist` DISABLE KEYS;
ALTER TABLE `llx_timesheet_whitelist` ENABLE KEYS;
UNLOCK TABLES;




--
-- Table structure for table `llx_tva`
--
DROP TABLE IF EXISTS `llx_tva`;
CREATE TABLE `llx_tva` (
  `rowid` int(11) NOT NULL AUTO_INCREMENT,
  `tms` timestamp NOT NULL DEFAULT CURRENT_TIMESTAMP ON UPDATE CURRENT_TIMESTAMP,
  `datep` date DEFAULT NULL,
  `datev` date DEFAULT NULL,
  `amount` double NOT NULL DEFAULT '0',
  `fk_typepayment` int(11) DEFAULT NULL,
  `num_payment` varchar(50) COLLATE latin1_general_ci DEFAULT NULL,
  `label` varchar(255) COLLATE latin1_general_ci DEFAULT NULL,
  `entity` int(11) NOT NULL DEFAULT '1',
  `note` text COLLATE latin1_general_ci,
  `fk_bank` int(11) DEFAULT NULL,
  `fk_user_creat` int(11) DEFAULT NULL,
  `fk_user_modif` int(11) DEFAULT NULL,
  PRIMARY KEY (`rowid`)
) ENGINE=InnoDB DEFAULT CHARSET=latin1 COLLATE=latin1_general_ci;

--
-- Dumping data for table `llx_tva`
--
LOCK TABLES `llx_tva` WRITE;
ALTER TABLE `llx_tva` DISABLE KEYS;
ALTER TABLE `llx_tva` ENABLE KEYS;
UNLOCK TABLES;




--
-- Table structure for table `llx_user`
--
DROP TABLE IF EXISTS `llx_user`;
CREATE TABLE `llx_user` (
  `rowid` int(11) NOT NULL AUTO_INCREMENT,
  `entity` int(11) NOT NULL DEFAULT '1',
  `ref_ext` varchar(50) COLLATE latin1_general_ci DEFAULT NULL,
  `ref_int` varchar(50) COLLATE latin1_general_ci DEFAULT NULL,
  `employee` tinyint(4) DEFAULT '1',
  `fk_establishment` int(11) DEFAULT '0',
  `datec` datetime DEFAULT NULL,
  `tms` timestamp NOT NULL DEFAULT CURRENT_TIMESTAMP ON UPDATE CURRENT_TIMESTAMP,
  `fk_user_creat` int(11) DEFAULT NULL,
  `fk_user_modif` int(11) DEFAULT NULL,
  `login` varchar(24) COLLATE latin1_general_ci NOT NULL,
  `pass` varchar(128) COLLATE latin1_general_ci DEFAULT NULL,
  `pass_crypted` varchar(128) COLLATE latin1_general_ci DEFAULT NULL,
  `pass_temp` varchar(128) COLLATE latin1_general_ci DEFAULT NULL,
  `api_key` varchar(128) COLLATE latin1_general_ci DEFAULT NULL,
  `gender` varchar(10) COLLATE latin1_general_ci DEFAULT NULL,
  `civility` varchar(6) COLLATE latin1_general_ci DEFAULT NULL,
  `lastname` varchar(50) COLLATE latin1_general_ci DEFAULT NULL,
  `firstname` varchar(50) COLLATE latin1_general_ci DEFAULT NULL,
  `address` varchar(255) COLLATE latin1_general_ci DEFAULT NULL,
  `zip` varchar(25) COLLATE latin1_general_ci DEFAULT NULL,
  `town` varchar(50) COLLATE latin1_general_ci DEFAULT NULL,
  `fk_state` int(11) DEFAULT '0',
  `fk_country` int(11) DEFAULT '0',
  `job` varchar(128) COLLATE latin1_general_ci DEFAULT NULL,
  `skype` varchar(255) COLLATE latin1_general_ci DEFAULT NULL,
  `office_phone` varchar(20) COLLATE latin1_general_ci DEFAULT NULL,
  `office_fax` varchar(20) COLLATE latin1_general_ci DEFAULT NULL,
  `user_mobile` varchar(20) COLLATE latin1_general_ci DEFAULT NULL,
  `email` varchar(255) COLLATE latin1_general_ci DEFAULT NULL,
  `signature` text COLLATE latin1_general_ci,
  `admin` smallint(6) DEFAULT '0',
  `module_comm` smallint(6) DEFAULT '1',
  `module_compta` smallint(6) DEFAULT '1',
  `fk_soc` int(11) DEFAULT NULL,
  `fk_socpeople` int(11) DEFAULT NULL,
  `fk_member` int(11) DEFAULT NULL,
  `fk_user` int(11) DEFAULT NULL,
  `note` text COLLATE latin1_general_ci,
  `datelastlogin` datetime DEFAULT NULL,
  `datepreviouslogin` datetime DEFAULT NULL,
  `egroupware_id` int(11) DEFAULT NULL,
  `ldap_sid` varchar(255) COLLATE latin1_general_ci DEFAULT NULL,
  `openid` varchar(255) COLLATE latin1_general_ci DEFAULT NULL,
  `statut` tinyint(4) DEFAULT '1',
  `photo` varchar(255) COLLATE latin1_general_ci DEFAULT NULL,
  `lang` varchar(6) COLLATE latin1_general_ci DEFAULT NULL,
  `color` varchar(6) COLLATE latin1_general_ci DEFAULT NULL,
  `barcode` varchar(255) COLLATE latin1_general_ci DEFAULT NULL,
  `fk_barcode_type` int(11) DEFAULT '0',
  `accountancy_code` varchar(32) COLLATE latin1_general_ci DEFAULT NULL,
  `nb_holiday` int(11) DEFAULT '0',
  `thm` double(24,8) DEFAULT NULL,
  `tjm` double(24,8) DEFAULT NULL,
  `salary` double(24,8) DEFAULT NULL,
  `salaryextra` double(24,8) DEFAULT NULL,
  `weeklyhours` double(16,8) DEFAULT NULL,
  PRIMARY KEY (`rowid`),
  UNIQUE KEY `uk_user_login` (`login`,`entity`),
  UNIQUE KEY `uk_user_fk_socpeople` (`fk_socpeople`),
  UNIQUE KEY `uk_user_fk_member` (`fk_member`),
  UNIQUE KEY `uk_user_api_key` (`api_key`),
  KEY `idx_user_fk_societe` (`fk_soc`)
) ENGINE=InnoDB AUTO_INCREMENT=5 DEFAULT CHARSET=latin1 COLLATE=latin1_general_ci;

--
-- Dumping data for table `llx_user`
--
LOCK TABLES `llx_user` WRITE;
ALTER TABLE `llx_user` DISABLE KEYS;
INSERT INTO `llx_user` VALUES (1,0,NULL,NULL,1,0,'2016-08-07 15:31:26','2016-10-11 11:20:03',NULL,NULL,'JDelgove',NULL,'2566b0286c17a41104730ac1d2096a36',NULL,NULL,'man',NULL,'Delgove','Julien','','','',NULL,NULL,'Président','','','','','julien.delgove@enerbioflex.fr','',1,1,1,NULL,NULL,NULL,NULL,'','2017-05-24 11:46:33','2017-05-23 14:00:24',NULL,'',NULL,1,NULL,NULL,'',NULL,0,'',0,'55.00000000','450.00000000',NULL,NULL,NULL);
INSERT INTO `llx_user` VALUES (2,0,NULL,NULL,1,0,'2016-08-07 15:35:16','2017-04-21 16:08:11',NULL,NULL,'EDemeiller',NULL,'68fce443cd722b655c99111b52771337',NULL,'96xs3tyr','man',NULL,'DEMEILLER','Etienne','9 rue de la prairie',60650,'Saint Paul',67,1,'Cofondateur','','','','','etienne.demeiller@enerbioflex.fr','<strong>Etienne DEMEILLER</strong><br />\nSp&eacute;cialiste &eacute;nerg&eacute;tique agricole<br />\n06.80.45.39.59<br />\n&nbsp;',1,1,1,NULL,NULL,NULL,NULL,'','2017-05-23 09:03:22','2017-05-22 11:27:08',NULL,'',NULL,1,'Etienne.jpg',NULL,'',NULL,0,'',0,NULL,NULL,NULL,NULL,NULL);
INSERT INTO `llx_user` VALUES (3,1,NULL,NULL,0,0,'2017-04-10 16:51:07','2017-04-10 17:39:06',NULL,NULL,'MVoriot',NULL,'03e40b5fd663c9b6c5ecb1e0b02f308c',NULL,'93adf7abb3a5c13f045bb64c7cc8576a','woman',NULL,'Voriot','Marie','94, rue Martainville',76000,'ROUEN',83,1,'Stagiaire Business Developpement','','','','0632544440','marie.voriot@enerbioflex.fr','',0,1,1,NULL,NULL,NULL,2,'','2017-05-22 11:27:49','2017-05-22 11:26:45',NULL,'',NULL,1,NULL,NULL,'',NULL,0,'',0,'3.60000000','25.60000000','655.20000000',NULL,'35.00000000');
INSERT INTO `llx_user` VALUES (4,1,NULL,NULL,1,0,'2017-05-05 14:59:46','2017-05-05 15:36:41',NULL,NULL,'BBA',NULL,'00ea3babe51fea93ba98ae72cdd9435b',NULL,'422440c9261691aff0730d853fe6f3ec','man',NULL,'BA','Badara','8 rue de palerme',67000,'Strasbourg',NULL,1,'Stagiaire','','','','','ba.badu@yahoo.fr','',0,1,1,NULL,NULL,NULL,1,'','2017-05-05 15:42:30',NULL,NULL,'',NULL,1,NULL,NULL,'',NULL,0,'',0,'3.60000000','25.20000000','543.60000000',NULL,'35.00000000');
ALTER TABLE `llx_user` ENABLE KEYS;
UNLOCK TABLES;




--
-- Table structure for table `llx_user_alert`
--
DROP TABLE IF EXISTS `llx_user_alert`;
CREATE TABLE `llx_user_alert` (
  `rowid` int(11) NOT NULL AUTO_INCREMENT,
  `type` int(11) DEFAULT NULL,
  `fk_contact` int(11) DEFAULT NULL,
  `fk_user` int(11) DEFAULT NULL,
  PRIMARY KEY (`rowid`)
) ENGINE=InnoDB AUTO_INCREMENT=3 DEFAULT CHARSET=latin1 COLLATE=latin1_general_ci;

--
-- Dumping data for table `llx_user_alert`
--
LOCK TABLES `llx_user_alert` WRITE;
ALTER TABLE `llx_user_alert` DISABLE KEYS;
INSERT INTO `llx_user_alert` VALUES (1,1,19,2);
INSERT INTO `llx_user_alert` VALUES (2,1,116,2);
ALTER TABLE `llx_user_alert` ENABLE KEYS;
UNLOCK TABLES;




--
-- Table structure for table `llx_user_clicktodial`
--
DROP TABLE IF EXISTS `llx_user_clicktodial`;
CREATE TABLE `llx_user_clicktodial` (
  `fk_user` int(11) NOT NULL,
  `url` varchar(255) COLLATE latin1_general_ci DEFAULT NULL,
  `login` varchar(32) COLLATE latin1_general_ci DEFAULT NULL,
  `pass` varchar(64) COLLATE latin1_general_ci DEFAULT NULL,
  `poste` varchar(20) COLLATE latin1_general_ci DEFAULT NULL,
  PRIMARY KEY (`fk_user`)
) ENGINE=InnoDB DEFAULT CHARSET=latin1 COLLATE=latin1_general_ci;

--
-- Dumping data for table `llx_user_clicktodial`
--
LOCK TABLES `llx_user_clicktodial` WRITE;
ALTER TABLE `llx_user_clicktodial` DISABLE KEYS;
ALTER TABLE `llx_user_clicktodial` ENABLE KEYS;
UNLOCK TABLES;




--
-- Table structure for table `llx_user_extrafields`
--
DROP TABLE IF EXISTS `llx_user_extrafields`;
CREATE TABLE `llx_user_extrafields` (
  `rowid` int(11) NOT NULL AUTO_INCREMENT,
  `tms` timestamp NOT NULL DEFAULT CURRENT_TIMESTAMP ON UPDATE CURRENT_TIMESTAMP,
  `fk_object` int(11) NOT NULL,
  `import_key` varchar(14) COLLATE latin1_general_ci DEFAULT NULL,
  PRIMARY KEY (`rowid`),
  KEY `idx_user_extrafields` (`fk_object`)
) ENGINE=InnoDB DEFAULT CHARSET=latin1 COLLATE=latin1_general_ci;

--
-- Dumping data for table `llx_user_extrafields`
--
LOCK TABLES `llx_user_extrafields` WRITE;
ALTER TABLE `llx_user_extrafields` DISABLE KEYS;
ALTER TABLE `llx_user_extrafields` ENABLE KEYS;
UNLOCK TABLES;




--
-- Table structure for table `llx_user_param`
--
DROP TABLE IF EXISTS `llx_user_param`;
CREATE TABLE `llx_user_param` (
  `fk_user` int(11) NOT NULL,
  `entity` int(11) NOT NULL DEFAULT '1',
  `param` varchar(255) COLLATE latin1_general_ci NOT NULL,
  `value` text COLLATE latin1_general_ci NOT NULL,
  UNIQUE KEY `uk_user_param` (`fk_user`,`param`,`entity`)
) ENGINE=InnoDB DEFAULT CHARSET=latin1 COLLATE=latin1_general_ci;

--
-- Dumping data for table `llx_user_param`
--
LOCK TABLES `llx_user_param` WRITE;
ALTER TABLE `llx_user_param` DISABLE KEYS;
INSERT INTO `llx_user_param` VALUES (1,1,'MAIN_BOXES_0',1);
INSERT INTO `llx_user_param` VALUES (2,1,'MAIN_SELECTEDFIELDS_prospectlist','s.datec,s.nom,s.code_client,s.town,s.zip,typent.code,s.fk_prospectlevel,s.fk_stcomm,s.status,');
INSERT INTO `llx_user_param` VALUES (2,1,'MAIN_SELECTEDFIELDS_thirdpartylist','s.nom,s.town,s.zip,typent.code,');
ALTER TABLE `llx_user_param` ENABLE KEYS;
UNLOCK TABLES;




--
-- Table structure for table `llx_user_rib`
--
DROP TABLE IF EXISTS `llx_user_rib`;
CREATE TABLE `llx_user_rib` (
  `rowid` int(11) NOT NULL AUTO_INCREMENT,
  `fk_user` int(11) NOT NULL,
  `entity` int(11) NOT NULL DEFAULT '1',
  `datec` datetime DEFAULT NULL,
  `tms` timestamp NOT NULL DEFAULT CURRENT_TIMESTAMP ON UPDATE CURRENT_TIMESTAMP,
  `label` varchar(30) COLLATE latin1_general_ci DEFAULT NULL,
  `bank` varchar(255) COLLATE latin1_general_ci DEFAULT NULL,
  `code_banque` varchar(128) COLLATE latin1_general_ci DEFAULT NULL,
  `code_guichet` varchar(6) COLLATE latin1_general_ci DEFAULT NULL,
  `number` varchar(255) COLLATE latin1_general_ci DEFAULT NULL,
  `cle_rib` varchar(5) COLLATE latin1_general_ci DEFAULT NULL,
  `bic` varchar(11) COLLATE latin1_general_ci DEFAULT NULL,
  `iban_prefix` varchar(34) COLLATE latin1_general_ci DEFAULT NULL,
  `domiciliation` varchar(255) COLLATE latin1_general_ci DEFAULT NULL,
  `proprio` varchar(60) COLLATE latin1_general_ci DEFAULT NULL,
  `owner_address` varchar(255) COLLATE latin1_general_ci DEFAULT NULL,
  PRIMARY KEY (`rowid`)
) ENGINE=InnoDB DEFAULT CHARSET=latin1 COLLATE=latin1_general_ci;

--
-- Dumping data for table `llx_user_rib`
--
LOCK TABLES `llx_user_rib` WRITE;
ALTER TABLE `llx_user_rib` DISABLE KEYS;
ALTER TABLE `llx_user_rib` ENABLE KEYS;
UNLOCK TABLES;




--
-- Table structure for table `llx_user_rights`
--
DROP TABLE IF EXISTS `llx_user_rights`;
CREATE TABLE `llx_user_rights` (
  `rowid` int(11) NOT NULL AUTO_INCREMENT,
  `fk_user` int(11) NOT NULL,
  `fk_id` int(11) NOT NULL,
  PRIMARY KEY (`rowid`),
  UNIQUE KEY `uk_user_rights` (`fk_user`,`fk_id`),
  CONSTRAINT `fk_user_rights_fk_user_user` FOREIGN KEY (`fk_user`) REFERENCES `llx_user` (`rowid`)
) ENGINE=InnoDB AUTO_INCREMENT=1235 DEFAULT CHARSET=latin1 COLLATE=latin1_general_ci;

--
-- Dumping data for table `llx_user_rights`
--
LOCK TABLES `llx_user_rights` WRITE;
ALTER TABLE `llx_user_rights` DISABLE KEYS;
INSERT INTO `llx_user_rights` VALUES (657,1,11);
INSERT INTO `llx_user_rights` VALUES (644,1,12);
INSERT INTO `llx_user_rights` VALUES (647,1,13);
INSERT INTO `llx_user_rights` VALUES (649,1,14);
INSERT INTO `llx_user_rights` VALUES (651,1,15);
INSERT INTO `llx_user_rights` VALUES (654,1,16);
INSERT INTO `llx_user_rights` VALUES (658,1,19);
INSERT INTO `llx_user_rights` VALUES (591,1,21);
INSERT INTO `llx_user_rights` VALUES (576,1,22);
INSERT INTO `llx_user_rights` VALUES (579,1,24);
INSERT INTO `llx_user_rights` VALUES (581,1,25);
INSERT INTO `llx_user_rights` VALUES (584,1,26);
INSERT INTO `llx_user_rights` VALUES (588,1,27);
INSERT INTO `llx_user_rights` VALUES (592,1,28);
INSERT INTO `llx_user_rights` VALUES (839,1,31);
INSERT INTO `llx_user_rights` VALUES (832,1,32);
INSERT INTO `llx_user_rights` VALUES (836,1,34);
INSERT INTO `llx_user_rights` VALUES (840,1,38);
INSERT INTO `llx_user_rights` VALUES (1101,1,41);
INSERT INTO `llx_user_rights` VALUES (1094,1,42);
INSERT INTO `llx_user_rights` VALUES (1098,1,44);
INSERT INTO `llx_user_rights` VALUES (1102,1,45);
INSERT INTO `llx_user_rights` VALUES (347,1,61);
INSERT INTO `llx_user_rights` VALUES (340,1,62);
INSERT INTO `llx_user_rights` VALUES (344,1,64);
INSERT INTO `llx_user_rights` VALUES (348,1,67);
INSERT INTO `llx_user_rights` VALUES (351,1,68);
INSERT INTO `llx_user_rights` VALUES (979,1,71);
INSERT INTO `llx_user_rights` VALUES (968,1,72);
INSERT INTO `llx_user_rights` VALUES (972,1,74);
INSERT INTO `llx_user_rights` VALUES (980,1,75);
INSERT INTO `llx_user_rights` VALUES (976,1,76);
INSERT INTO `llx_user_rights` VALUES (985,1,78);
INSERT INTO `llx_user_rights` VALUES (986,1,79);
INSERT INTO `llx_user_rights` VALUES (249,1,81);
INSERT INTO `llx_user_rights` VALUES (236,1,82);
INSERT INTO `llx_user_rights` VALUES (239,1,84);
INSERT INTO `llx_user_rights` VALUES (241,1,86);
INSERT INTO `llx_user_rights` VALUES (244,1,87);
INSERT INTO `llx_user_rights` VALUES (247,1,88);
INSERT INTO `llx_user_rights` VALUES (250,1,89);
INSERT INTO `llx_user_rights` VALUES (445,1,91);
INSERT INTO `llx_user_rights` VALUES (438,1,92);
INSERT INTO `llx_user_rights` VALUES (442,1,93);
INSERT INTO `llx_user_rights` VALUES (446,1,94);
INSERT INTO `llx_user_rights` VALUES (639,1,95);
INSERT INTO `llx_user_rights` VALUES (217,1,101);
INSERT INTO `llx_user_rights` VALUES (208,1,102);
INSERT INTO `llx_user_rights` VALUES (211,1,104);
INSERT INTO `llx_user_rights` VALUES (213,1,105);
INSERT INTO `llx_user_rights` VALUES (215,1,106);
INSERT INTO `llx_user_rights` VALUES (218,1,109);
INSERT INTO `llx_user_rights` VALUES (715,1,111);
INSERT INTO `llx_user_rights` VALUES (696,1,112);
INSERT INTO `llx_user_rights` VALUES (700,1,113);
INSERT INTO `llx_user_rights` VALUES (704,1,114);
INSERT INTO `llx_user_rights` VALUES (708,1,115);
INSERT INTO `llx_user_rights` VALUES (712,1,116);
INSERT INTO `llx_user_rights` VALUES (716,1,117);
INSERT INTO `llx_user_rights` VALUES (1005,1,121);
INSERT INTO `llx_user_rights` VALUES (998,1,122);
INSERT INTO `llx_user_rights` VALUES (1002,1,125);
INSERT INTO `llx_user_rights` VALUES (1006,1,126);
INSERT INTO `llx_user_rights` VALUES (1111,1,141);
INSERT INTO `llx_user_rights` VALUES (1108,1,142);
INSERT INTO `llx_user_rights` VALUES (1112,1,144);
INSERT INTO `llx_user_rights` VALUES (485,1,151);
INSERT INTO `llx_user_rights` VALUES (478,1,152);
INSERT INTO `llx_user_rights` VALUES (482,1,153);
INSERT INTO `llx_user_rights` VALUES (486,1,154);
INSERT INTO `llx_user_rights` VALUES (303,1,161);
INSERT INTO `llx_user_rights` VALUES (288,1,162);
INSERT INTO `llx_user_rights` VALUES (292,1,163);
INSERT INTO `llx_user_rights` VALUES (296,1,164);
INSERT INTO `llx_user_rights` VALUES (300,1,165);
INSERT INTO `llx_user_rights` VALUES (304,1,167);
INSERT INTO `llx_user_rights` VALUES (933,1,221);
INSERT INTO `llx_user_rights` VALUES (926,1,222);
INSERT INTO `llx_user_rights` VALUES (930,1,223);
INSERT INTO `llx_user_rights` VALUES (934,1,229);
INSERT INTO `llx_user_rights` VALUES (937,1,237);
INSERT INTO `llx_user_rights` VALUES (939,1,238);
INSERT INTO `llx_user_rights` VALUES (941,1,239);
INSERT INTO `llx_user_rights` VALUES (919,1,241);
INSERT INTO `llx_user_rights` VALUES (916,1,242);
INSERT INTO `llx_user_rights` VALUES (920,1,243);
INSERT INTO `llx_user_rights` VALUES (1081,1,251);
INSERT INTO `llx_user_rights` VALUES (1043,1,252);
INSERT INTO `llx_user_rights` VALUES (1046,1,253);
INSERT INTO `llx_user_rights` VALUES (1049,1,254);
INSERT INTO `llx_user_rights` VALUES (1052,1,255);
INSERT INTO `llx_user_rights` VALUES (1056,1,256);
INSERT INTO `llx_user_rights` VALUES (1009,1,262);
INSERT INTO `llx_user_rights` VALUES (1021,1,281);
INSERT INTO `llx_user_rights` VALUES (1014,1,282);
INSERT INTO `llx_user_rights` VALUES (1018,1,283);
INSERT INTO `llx_user_rights` VALUES (1022,1,286);
INSERT INTO `llx_user_rights` VALUES (961,1,300);
INSERT INTO `llx_user_rights` VALUES (963,1,301);
INSERT INTO `llx_user_rights` VALUES (957,1,331);
INSERT INTO `llx_user_rights` VALUES (954,1,332);
INSERT INTO `llx_user_rights` VALUES (958,1,333);
INSERT INTO `llx_user_rights` VALUES (1059,1,341);
INSERT INTO `llx_user_rights` VALUES (1061,1,342);
INSERT INTO `llx_user_rights` VALUES (1063,1,343);
INSERT INTO `llx_user_rights` VALUES (1065,1,344);
INSERT INTO `llx_user_rights` VALUES (1077,1,351);
INSERT INTO `llx_user_rights` VALUES (1070,1,352);
INSERT INTO `llx_user_rights` VALUES (1074,1,353);
INSERT INTO `llx_user_rights` VALUES (1078,1,354);
INSERT INTO `llx_user_rights` VALUES (1082,1,358);
INSERT INTO `llx_user_rights` VALUES (67,1,510);
INSERT INTO `llx_user_rights` VALUES (60,1,512);
INSERT INTO `llx_user_rights` VALUES (64,1,514);
INSERT INTO `llx_user_rights` VALUES (68,1,517);
INSERT INTO `llx_user_rights` VALUES (809,1,531);
INSERT INTO `llx_user_rights` VALUES (802,1,532);
INSERT INTO `llx_user_rights` VALUES (806,1,534);
INSERT INTO `llx_user_rights` VALUES (810,1,538);
INSERT INTO `llx_user_rights` VALUES (1181,1,701);
INSERT INTO `llx_user_rights` VALUES (1178,1,702);
INSERT INTO `llx_user_rights` VALUES (1182,1,703);
INSERT INTO `llx_user_rights` VALUES (53,1,771);
INSERT INTO `llx_user_rights` VALUES (34,1,772);
INSERT INTO `llx_user_rights` VALUES (38,1,773);
INSERT INTO `llx_user_rights` VALUES (42,1,774);
INSERT INTO `llx_user_rights` VALUES (46,1,775);
INSERT INTO `llx_user_rights` VALUES (50,1,776);
INSERT INTO `llx_user_rights` VALUES (54,1,779);
INSERT INTO `llx_user_rights` VALUES (819,1,1001);
INSERT INTO `llx_user_rights` VALUES (816,1,1002);
INSERT INTO `llx_user_rights` VALUES (820,1,1003);
INSERT INTO `llx_user_rights` VALUES (825,1,1004);
INSERT INTO `llx_user_rights` VALUES (826,1,1005);
INSERT INTO `llx_user_rights` VALUES (229,1,1101);
INSERT INTO `llx_user_rights` VALUES (224,1,1102);
INSERT INTO `llx_user_rights` VALUES (227,1,1104);
INSERT INTO `llx_user_rights` VALUES (230,1,1109);
INSERT INTO `llx_user_rights` VALUES (719,1,1181);
INSERT INTO `llx_user_rights` VALUES (765,1,1182);
INSERT INTO `llx_user_rights` VALUES (724,1,1183);
INSERT INTO `llx_user_rights` VALUES (727,1,1184);
INSERT INTO `llx_user_rights` VALUES (730,1,1185);
INSERT INTO `llx_user_rights` VALUES (734,1,1186);
INSERT INTO `llx_user_rights` VALUES (738,1,1187);
INSERT INTO `llx_user_rights` VALUES (744,1,1188);
INSERT INTO `llx_user_rights` VALUES (741,1,1189);
INSERT INTO `llx_user_rights` VALUES (945,1,1201);
INSERT INTO `llx_user_rights` VALUES (946,1,1202);
INSERT INTO `llx_user_rights` VALUES (761,1,1231);
INSERT INTO `llx_user_rights` VALUES (750,1,1232);
INSERT INTO `llx_user_rights` VALUES (753,1,1233);
INSERT INTO `llx_user_rights` VALUES (756,1,1234);
INSERT INTO `llx_user_rights` VALUES (759,1,1235);
INSERT INTO `llx_user_rights` VALUES (762,1,1236);
INSERT INTO `llx_user_rights` VALUES (766,1,1237);
INSERT INTO `llx_user_rights` VALUES (949,1,1251);
INSERT INTO `llx_user_rights` VALUES (661,1,1321);
INSERT INTO `llx_user_rights` VALUES (253,1,1421);
INSERT INTO `llx_user_rights` VALUES (873,1,2401);
INSERT INTO `llx_user_rights` VALUES (870,1,2402);
INSERT INTO `llx_user_rights` VALUES (874,1,2403);
INSERT INTO `llx_user_rights` VALUES (883,1,2411);
INSERT INTO `llx_user_rights` VALUES (880,1,2412);
INSERT INTO `llx_user_rights` VALUES (884,1,2413);
INSERT INTO `llx_user_rights` VALUES (887,1,2414);
INSERT INTO `llx_user_rights` VALUES (909,1,2501);
INSERT INTO `llx_user_rights` VALUES (906,1,2503);
INSERT INTO `llx_user_rights` VALUES (910,1,2515);
INSERT INTO `llx_user_rights` VALUES (991,1,2801);
INSERT INTO `llx_user_rights` VALUES (992,1,2802);
INSERT INTO `llx_user_rights` VALUES (27,1,20001);
INSERT INTO `llx_user_rights` VALUES (12,1,20002);
INSERT INTO `llx_user_rights` VALUES (16,1,20003);
INSERT INTO `llx_user_rights` VALUES (20,1,20004);
INSERT INTO `llx_user_rights` VALUES (24,1,20005);
INSERT INTO `llx_user_rights` VALUES (28,1,20006);
INSERT INTO `llx_user_rights` VALUES (1037,1,23001);
INSERT INTO `llx_user_rights` VALUES (1030,1,23002);
INSERT INTO `llx_user_rights` VALUES (1034,1,23003);
INSERT INTO `llx_user_rights` VALUES (1038,1,23004);
INSERT INTO `llx_user_rights` VALUES (567,1,59001);
INSERT INTO `llx_user_rights` VALUES (569,1,59002);
INSERT INTO `llx_user_rights` VALUES (571,1,59003);
INSERT INTO `llx_user_rights` VALUES (899,1,63001);
INSERT INTO `llx_user_rights` VALUES (892,1,63002);
INSERT INTO `llx_user_rights` VALUES (896,1,63003);
INSERT INTO `llx_user_rights` VALUES (900,1,63004);
INSERT INTO `llx_user_rights` VALUES (1025,1,64001);
INSERT INTO `llx_user_rights` VALUES (1085,1,577777);
INSERT INTO `llx_user_rights` VALUES (1087,1,86100201);
INSERT INTO `llx_user_rights` VALUES (1089,1,86100202);
INSERT INTO `llx_user_rights` VALUES (659,2,11);
INSERT INTO `llx_user_rights` VALUES (646,2,12);
INSERT INTO `llx_user_rights` VALUES (648,2,13);
INSERT INTO `llx_user_rights` VALUES (650,2,14);
INSERT INTO `llx_user_rights` VALUES (652,2,15);
INSERT INTO `llx_user_rights` VALUES (656,2,16);
INSERT INTO `llx_user_rights` VALUES (660,2,19);
INSERT INTO `llx_user_rights` VALUES (593,2,21);
INSERT INTO `llx_user_rights` VALUES (578,2,22);
INSERT INTO `llx_user_rights` VALUES (580,2,24);
INSERT INTO `llx_user_rights` VALUES (582,2,25);
INSERT INTO `llx_user_rights` VALUES (586,2,26);
INSERT INTO `llx_user_rights` VALUES (590,2,27);
INSERT INTO `llx_user_rights` VALUES (594,2,28);
INSERT INTO `llx_user_rights` VALUES (841,2,31);
INSERT INTO `llx_user_rights` VALUES (834,2,32);
INSERT INTO `llx_user_rights` VALUES (838,2,34);
INSERT INTO `llx_user_rights` VALUES (842,2,38);
INSERT INTO `llx_user_rights` VALUES (1103,2,41);
INSERT INTO `llx_user_rights` VALUES (1096,2,42);
INSERT INTO `llx_user_rights` VALUES (1100,2,44);
INSERT INTO `llx_user_rights` VALUES (1104,2,45);
INSERT INTO `llx_user_rights` VALUES (349,2,61);
INSERT INTO `llx_user_rights` VALUES (342,2,62);
INSERT INTO `llx_user_rights` VALUES (346,2,64);
INSERT INTO `llx_user_rights` VALUES (350,2,67);
INSERT INTO `llx_user_rights` VALUES (352,2,68);
INSERT INTO `llx_user_rights` VALUES (981,2,71);
INSERT INTO `llx_user_rights` VALUES (970,2,72);
INSERT INTO `llx_user_rights` VALUES (974,2,74);
INSERT INTO `llx_user_rights` VALUES (982,2,75);
INSERT INTO `llx_user_rights` VALUES (978,2,76);
INSERT INTO `llx_user_rights` VALUES (987,2,78);
INSERT INTO `llx_user_rights` VALUES (988,2,79);
INSERT INTO `llx_user_rights` VALUES (251,2,81);
INSERT INTO `llx_user_rights` VALUES (238,2,82);
INSERT INTO `llx_user_rights` VALUES (240,2,84);
INSERT INTO `llx_user_rights` VALUES (242,2,86);
INSERT INTO `llx_user_rights` VALUES (246,2,87);
INSERT INTO `llx_user_rights` VALUES (248,2,88);
INSERT INTO `llx_user_rights` VALUES (252,2,89);
INSERT INTO `llx_user_rights` VALUES (447,2,91);
INSERT INTO `llx_user_rights` VALUES (440,2,92);
INSERT INTO `llx_user_rights` VALUES (444,2,93);
INSERT INTO `llx_user_rights` VALUES (448,2,94);
INSERT INTO `llx_user_rights` VALUES (640,2,95);
INSERT INTO `llx_user_rights` VALUES (219,2,101);
INSERT INTO `llx_user_rights` VALUES (210,2,102);
INSERT INTO `llx_user_rights` VALUES (212,2,104);
INSERT INTO `llx_user_rights` VALUES (214,2,105);
INSERT INTO `llx_user_rights` VALUES (216,2,106);
INSERT INTO `llx_user_rights` VALUES (220,2,109);
INSERT INTO `llx_user_rights` VALUES (717,2,111);
INSERT INTO `llx_user_rights` VALUES (698,2,112);
INSERT INTO `llx_user_rights` VALUES (702,2,113);
INSERT INTO `llx_user_rights` VALUES (706,2,114);
INSERT INTO `llx_user_rights` VALUES (710,2,115);
INSERT INTO `llx_user_rights` VALUES (714,2,116);
INSERT INTO `llx_user_rights` VALUES (718,2,117);
INSERT INTO `llx_user_rights` VALUES (1007,2,121);
INSERT INTO `llx_user_rights` VALUES (1000,2,122);
INSERT INTO `llx_user_rights` VALUES (1004,2,125);
INSERT INTO `llx_user_rights` VALUES (1008,2,126);
INSERT INTO `llx_user_rights` VALUES (1113,2,141);
INSERT INTO `llx_user_rights` VALUES (1110,2,142);
INSERT INTO `llx_user_rights` VALUES (1114,2,144);
INSERT INTO `llx_user_rights` VALUES (487,2,151);
INSERT INTO `llx_user_rights` VALUES (480,2,152);
INSERT INTO `llx_user_rights` VALUES (484,2,153);
INSERT INTO `llx_user_rights` VALUES (488,2,154);
INSERT INTO `llx_user_rights` VALUES (305,2,161);
INSERT INTO `llx_user_rights` VALUES (290,2,162);
INSERT INTO `llx_user_rights` VALUES (294,2,163);
INSERT INTO `llx_user_rights` VALUES (298,2,164);
INSERT INTO `llx_user_rights` VALUES (302,2,165);
INSERT INTO `llx_user_rights` VALUES (306,2,167);
INSERT INTO `llx_user_rights` VALUES (935,2,221);
INSERT INTO `llx_user_rights` VALUES (928,2,222);
INSERT INTO `llx_user_rights` VALUES (932,2,223);
INSERT INTO `llx_user_rights` VALUES (936,2,229);
INSERT INTO `llx_user_rights` VALUES (938,2,237);
INSERT INTO `llx_user_rights` VALUES (940,2,238);
INSERT INTO `llx_user_rights` VALUES (942,2,239);
INSERT INTO `llx_user_rights` VALUES (921,2,241);
INSERT INTO `llx_user_rights` VALUES (918,2,242);
INSERT INTO `llx_user_rights` VALUES (922,2,243);
INSERT INTO `llx_user_rights` VALUES (1083,2,251);
INSERT INTO `llx_user_rights` VALUES (1044,2,252);
INSERT INTO `llx_user_rights` VALUES (1048,2,253);
INSERT INTO `llx_user_rights` VALUES (1050,2,254);
INSERT INTO `llx_user_rights` VALUES (1054,2,255);
INSERT INTO `llx_user_rights` VALUES (1058,2,256);
INSERT INTO `llx_user_rights` VALUES (1010,2,262);
INSERT INTO `llx_user_rights` VALUES (1023,2,281);
INSERT INTO `llx_user_rights` VALUES (1016,2,282);
INSERT INTO `llx_user_rights` VALUES (1020,2,283);
INSERT INTO `llx_user_rights` VALUES (1024,2,286);
INSERT INTO `llx_user_rights` VALUES (962,2,300);
INSERT INTO `llx_user_rights` VALUES (964,2,301);
INSERT INTO `llx_user_rights` VALUES (959,2,331);
INSERT INTO `llx_user_rights` VALUES (956,2,332);
INSERT INTO `llx_user_rights` VALUES (960,2,333);
INSERT INTO `llx_user_rights` VALUES (1060,2,341);
INSERT INTO `llx_user_rights` VALUES (1062,2,342);
INSERT INTO `llx_user_rights` VALUES (1064,2,343);
INSERT INTO `llx_user_rights` VALUES (1066,2,344);
INSERT INTO `llx_user_rights` VALUES (1079,2,351);
INSERT INTO `llx_user_rights` VALUES (1072,2,352);
INSERT INTO `llx_user_rights` VALUES (1076,2,353);
INSERT INTO `llx_user_rights` VALUES (1080,2,354);
INSERT INTO `llx_user_rights` VALUES (1084,2,358);
INSERT INTO `llx_user_rights` VALUES (69,2,510);
INSERT INTO `llx_user_rights` VALUES (62,2,512);
INSERT INTO `llx_user_rights` VALUES (66,2,514);
INSERT INTO `llx_user_rights` VALUES (70,2,517);
INSERT INTO `llx_user_rights` VALUES (811,2,531);
INSERT INTO `llx_user_rights` VALUES (804,2,532);
INSERT INTO `llx_user_rights` VALUES (808,2,534);
INSERT INTO `llx_user_rights` VALUES (812,2,538);
INSERT INTO `llx_user_rights` VALUES (1183,2,701);
INSERT INTO `llx_user_rights` VALUES (1180,2,702);
INSERT INTO `llx_user_rights` VALUES (1184,2,703);
INSERT INTO `llx_user_rights` VALUES (55,2,771);
INSERT INTO `llx_user_rights` VALUES (36,2,772);
INSERT INTO `llx_user_rights` VALUES (40,2,773);
INSERT INTO `llx_user_rights` VALUES (44,2,774);
INSERT INTO `llx_user_rights` VALUES (48,2,775);
INSERT INTO `llx_user_rights` VALUES (52,2,776);
INSERT INTO `llx_user_rights` VALUES (56,2,779);
INSERT INTO `llx_user_rights` VALUES (821,2,1001);
INSERT INTO `llx_user_rights` VALUES (818,2,1002);
INSERT INTO `llx_user_rights` VALUES (822,2,1003);
INSERT INTO `llx_user_rights` VALUES (827,2,1004);
INSERT INTO `llx_user_rights` VALUES (828,2,1005);
INSERT INTO `llx_user_rights` VALUES (231,2,1101);
INSERT INTO `llx_user_rights` VALUES (226,2,1102);
INSERT INTO `llx_user_rights` VALUES (228,2,1104);
INSERT INTO `llx_user_rights` VALUES (232,2,1109);
INSERT INTO `llx_user_rights` VALUES (720,2,1181);
INSERT INTO `llx_user_rights` VALUES (767,2,1182);
INSERT INTO `llx_user_rights` VALUES (726,2,1183);
INSERT INTO `llx_user_rights` VALUES (728,2,1184);
INSERT INTO `llx_user_rights` VALUES (732,2,1185);
INSERT INTO `llx_user_rights` VALUES (736,2,1186);
INSERT INTO `llx_user_rights` VALUES (740,2,1187);
INSERT INTO `llx_user_rights` VALUES (746,2,1188);
INSERT INTO `llx_user_rights` VALUES (742,2,1189);
INSERT INTO `llx_user_rights` VALUES (947,2,1201);
INSERT INTO `llx_user_rights` VALUES (948,2,1202);
INSERT INTO `llx_user_rights` VALUES (763,2,1231);
INSERT INTO `llx_user_rights` VALUES (752,2,1232);
INSERT INTO `llx_user_rights` VALUES (754,2,1233);
INSERT INTO `llx_user_rights` VALUES (758,2,1234);
INSERT INTO `llx_user_rights` VALUES (760,2,1235);
INSERT INTO `llx_user_rights` VALUES (764,2,1236);
INSERT INTO `llx_user_rights` VALUES (768,2,1237);
INSERT INTO `llx_user_rights` VALUES (950,2,1251);
INSERT INTO `llx_user_rights` VALUES (662,2,1321);
INSERT INTO `llx_user_rights` VALUES (254,2,1421);
INSERT INTO `llx_user_rights` VALUES (875,2,2401);
INSERT INTO `llx_user_rights` VALUES (872,2,2402);
INSERT INTO `llx_user_rights` VALUES (876,2,2403);
INSERT INTO `llx_user_rights` VALUES (885,2,2411);
INSERT INTO `llx_user_rights` VALUES (882,2,2412);
INSERT INTO `llx_user_rights` VALUES (886,2,2413);
INSERT INTO `llx_user_rights` VALUES (888,2,2414);
INSERT INTO `llx_user_rights` VALUES (911,2,2501);
INSERT INTO `llx_user_rights` VALUES (908,2,2503);
INSERT INTO `llx_user_rights` VALUES (912,2,2515);
INSERT INTO `llx_user_rights` VALUES (993,2,2801);
INSERT INTO `llx_user_rights` VALUES (994,2,2802);
INSERT INTO `llx_user_rights` VALUES (29,2,20001);
INSERT INTO `llx_user_rights` VALUES (14,2,20002);
INSERT INTO `llx_user_rights` VALUES (18,2,20003);
INSERT INTO `llx_user_rights` VALUES (22,2,20004);
INSERT INTO `llx_user_rights` VALUES (26,2,20005);
INSERT INTO `llx_user_rights` VALUES (30,2,20006);
INSERT INTO `llx_user_rights` VALUES (1039,2,23001);
INSERT INTO `llx_user_rights` VALUES (1032,2,23002);
INSERT INTO `llx_user_rights` VALUES (1036,2,23003);
INSERT INTO `llx_user_rights` VALUES (1040,2,23004);
INSERT INTO `llx_user_rights` VALUES (568,2,59001);
INSERT INTO `llx_user_rights` VALUES (570,2,59002);
INSERT INTO `llx_user_rights` VALUES (572,2,59003);
INSERT INTO `llx_user_rights` VALUES (901,2,63001);
INSERT INTO `llx_user_rights` VALUES (894,2,63002);
INSERT INTO `llx_user_rights` VALUES (898,2,63003);
INSERT INTO `llx_user_rights` VALUES (902,2,63004);
INSERT INTO `llx_user_rights` VALUES (1026,2,64001);
INSERT INTO `llx_user_rights` VALUES (1086,2,577777);
INSERT INTO `llx_user_rights` VALUES (1088,2,86100201);
INSERT INTO `llx_user_rights` VALUES (1090,2,86100202);
INSERT INTO `llx_user_rights` VALUES (1162,3,21);
INSERT INTO `llx_user_rights` VALUES (1117,3,41);
INSERT INTO `llx_user_rights` VALUES (1119,3,71);
INSERT INTO `llx_user_rights` VALUES (1120,3,78);
INSERT INTO `llx_user_rights` VALUES (1154,3,121);
INSERT INTO `llx_user_rights` VALUES (1155,3,122);
INSERT INTO `llx_user_rights` VALUES (1168,3,221);
INSERT INTO `llx_user_rights` VALUES (1165,3,222);
INSERT INTO `llx_user_rights` VALUES (1169,3,223);
INSERT INTO `llx_user_rights` VALUES (1173,3,241);
INSERT INTO `llx_user_rights` VALUES (1174,3,242);
INSERT INTO `llx_user_rights` VALUES (1129,3,262);
INSERT INTO `llx_user_rights` VALUES (1158,3,281);
INSERT INTO `llx_user_rights` VALUES (1157,3,282);
INSERT INTO `llx_user_rights` VALUES (1159,3,283);
INSERT INTO `llx_user_rights` VALUES (1131,3,331);
INSERT INTO `llx_user_rights` VALUES (1132,3,332);
INSERT INTO `llx_user_rights` VALUES (1133,3,333);
INSERT INTO `llx_user_rights` VALUES (1134,3,341);
INSERT INTO `llx_user_rights` VALUES (1135,3,342);
INSERT INTO `llx_user_rights` VALUES (1136,3,343);
INSERT INTO `llx_user_rights` VALUES (1137,3,344);
INSERT INTO `llx_user_rights` VALUES (1138,3,531);
INSERT INTO `llx_user_rights` VALUES (1229,3,771);
INSERT INTO `llx_user_rights` VALUES (1230,3,772);
INSERT INTO `llx_user_rights` VALUES (1140,3,774);
INSERT INTO `llx_user_rights` VALUES (1141,3,1181);
INSERT INTO `llx_user_rights` VALUES (1170,3,1251);
INSERT INTO `llx_user_rights` VALUES (1231,3,2401);
INSERT INTO `llx_user_rights` VALUES (1232,3,2402);
INSERT INTO `llx_user_rights` VALUES (1233,3,2411);
INSERT INTO `llx_user_rights` VALUES (1234,3,2412);
INSERT INTO `llx_user_rights` VALUES (1146,3,2501);
INSERT INTO `llx_user_rights` VALUES (1147,3,2503);
INSERT INTO `llx_user_rights` VALUES (1148,3,2515);
INSERT INTO `llx_user_rights` VALUES (1149,3,2801);
INSERT INTO `llx_user_rights` VALUES (1150,3,23001);
INSERT INTO `llx_user_rights` VALUES (1151,3,59001);
INSERT INTO `llx_user_rights` VALUES (1152,3,64001);
INSERT INTO `llx_user_rights` VALUES (1153,3,577777);
INSERT INTO `llx_user_rights` VALUES (1204,4,341);
INSERT INTO `llx_user_rights` VALUES (1205,4,342);
INSERT INTO `llx_user_rights` VALUES (1206,4,343);
INSERT INTO `llx_user_rights` VALUES (1207,4,344);
INSERT INTO `llx_user_rights` VALUES (1208,4,531);
INSERT INTO `llx_user_rights` VALUES (1227,4,771);
INSERT INTO `llx_user_rights` VALUES (1228,4,772);
ALTER TABLE `llx_user_rights` ENABLE KEYS;
UNLOCK TABLES;




--
-- Table structure for table `llx_usergroup`
--
DROP TABLE IF EXISTS `llx_usergroup`;
CREATE TABLE `llx_usergroup` (
  `rowid` int(11) NOT NULL AUTO_INCREMENT,
  `nom` varchar(255) COLLATE latin1_general_ci NOT NULL,
  `entity` int(11) NOT NULL DEFAULT '1',
  `datec` datetime DEFAULT NULL,
  `tms` timestamp NOT NULL DEFAULT CURRENT_TIMESTAMP ON UPDATE CURRENT_TIMESTAMP,
  `note` text COLLATE latin1_general_ci,
  PRIMARY KEY (`rowid`),
  UNIQUE KEY `uk_usergroup_name` (`nom`,`entity`)
) ENGINE=InnoDB DEFAULT CHARSET=latin1 COLLATE=latin1_general_ci;

--
-- Dumping data for table `llx_usergroup`
--
LOCK TABLES `llx_usergroup` WRITE;
ALTER TABLE `llx_usergroup` DISABLE KEYS;
ALTER TABLE `llx_usergroup` ENABLE KEYS;
UNLOCK TABLES;




--
-- Table structure for table `llx_usergroup_extrafields`
--
DROP TABLE IF EXISTS `llx_usergroup_extrafields`;
CREATE TABLE `llx_usergroup_extrafields` (
  `rowid` int(11) NOT NULL AUTO_INCREMENT,
  `tms` timestamp NOT NULL DEFAULT CURRENT_TIMESTAMP ON UPDATE CURRENT_TIMESTAMP,
  `fk_object` int(11) NOT NULL,
  `import_key` varchar(14) COLLATE latin1_general_ci DEFAULT NULL,
  PRIMARY KEY (`rowid`),
  KEY `idx_usergroup_extrafields` (`fk_object`)
) ENGINE=InnoDB DEFAULT CHARSET=latin1 COLLATE=latin1_general_ci;

--
-- Dumping data for table `llx_usergroup_extrafields`
--
LOCK TABLES `llx_usergroup_extrafields` WRITE;
ALTER TABLE `llx_usergroup_extrafields` DISABLE KEYS;
ALTER TABLE `llx_usergroup_extrafields` ENABLE KEYS;
UNLOCK TABLES;




--
-- Table structure for table `llx_usergroup_rights`
--
DROP TABLE IF EXISTS `llx_usergroup_rights`;
CREATE TABLE `llx_usergroup_rights` (
  `rowid` int(11) NOT NULL AUTO_INCREMENT,
  `fk_usergroup` int(11) NOT NULL,
  `fk_id` int(11) NOT NULL,
  PRIMARY KEY (`rowid`),
  UNIQUE KEY `fk_usergroup` (`fk_usergroup`,`fk_id`),
  CONSTRAINT `fk_usergroup_rights_fk_usergroup` FOREIGN KEY (`fk_usergroup`) REFERENCES `llx_usergroup` (`rowid`)
) ENGINE=InnoDB DEFAULT CHARSET=latin1 COLLATE=latin1_general_ci;

--
-- Dumping data for table `llx_usergroup_rights`
--
LOCK TABLES `llx_usergroup_rights` WRITE;
ALTER TABLE `llx_usergroup_rights` DISABLE KEYS;
ALTER TABLE `llx_usergroup_rights` ENABLE KEYS;
UNLOCK TABLES;




--
-- Table structure for table `llx_usergroup_user`
--
DROP TABLE IF EXISTS `llx_usergroup_user`;
CREATE TABLE `llx_usergroup_user` (
  `rowid` int(11) NOT NULL AUTO_INCREMENT,
  `entity` int(11) NOT NULL DEFAULT '1',
  `fk_user` int(11) NOT NULL,
  `fk_usergroup` int(11) NOT NULL,
  PRIMARY KEY (`rowid`),
  UNIQUE KEY `uk_usergroup_user` (`entity`,`fk_user`,`fk_usergroup`),
  KEY `fk_usergroup_user_fk_user` (`fk_user`),
  KEY `fk_usergroup_user_fk_usergroup` (`fk_usergroup`),
  CONSTRAINT `fk_usergroup_user_fk_user` FOREIGN KEY (`fk_user`) REFERENCES `llx_user` (`rowid`),
  CONSTRAINT `fk_usergroup_user_fk_usergroup` FOREIGN KEY (`fk_usergroup`) REFERENCES `llx_usergroup` (`rowid`)
) ENGINE=InnoDB DEFAULT CHARSET=latin1 COLLATE=latin1_general_ci;

--
-- Dumping data for table `llx_usergroup_user`
--
LOCK TABLES `llx_usergroup_user` WRITE;
ALTER TABLE `llx_usergroup_user` DISABLE KEYS;
ALTER TABLE `llx_usergroup_user` ENABLE KEYS;
UNLOCK TABLES;





SET FOREIGN_KEY_CHECKS=1;


-- Dump completed on 2017-05-24 11-48-01