"Nom* (s.nom)","État (s.status)","Client* (s.client)","Fournisseur* (s.fournisseur)","Code client (s.code_client)","Code fournisseur (s.code_fournisseur)","CustomerAccountancyCode (s.code_compta)","SupplierAccountancyCode (s.code_compta_fournisseur)","Adresse (s.address)","Code postal (s.zip)","Ville (s.town)","StateId (s.fk_departement)","Code pays (s.fk_pays)","Téléphone (s.phone)","Fax (s.fax)","Url (s.url)","Email (s.email)","Identifiant professionnel 1 (s.siren)","Identifiant professionnel 2 (s.siret)","Identifiant professionnel 3 (s.ape)","Identifiant professionnel 4 (s.idprof4)","Identifiant professionnel 5 (s.idprof5)","Identifiant professionnel 6 (s.idprof6)","Num. TVA (s.tva_intra)","Capital (s.capital)","Note (privée) (s.note_private)","Note (publique) (s.note_public)","Type du tiers (s.fk_typent)","Effectif (s.fk_effectif)","Forme juridique (s.fk_forme_juridique)","Potentiel du prospect (s.fk_prospectlevel)","Statut prospect (s.fk_stcomm)","DefaultLanguage (s.default_lang)","BarCode (s.barcode)","Date création (s.datec)"
"MARMOUZET PERE ET FILS",1,2,0,"auto","empty",,,"1 CHEMIN SOUPIRS",59169,"CANTIN",59,"FR",327896411,,,"contact@leporcduvaldelasensee.fr",,,,,,,,,,,,,,"PL_MEDIUM",1,,,
"B ET S DEMOL",1,2,0,"auto","empty",,,"541 RUE SCHOOTERIE",59190,"STAPLE",59,"FR",328400254,,,"yves-demol@wanadoo.fr",,,,,,,,,,,,,,"PL_MEDIUM",1,,,
"GAEC DE LA BARRIERE VINCENT",1,2,0,"auto","empty",,,"CHEMIN VINCENT",59270,"BAILLEUL",59,"FR",328404001,,,"dominique.moreau0938@orange.fr",,,,,,,,,,,,,,"PL_MEDIUM",1,,,
"BEYAERT SMEE HERVE",1,2,0,"auto","empty",,,"8 Bis ROUTE SPREY",59284,"PITGAM",59,"FR",328621823,,,"fermebeyaert@wanadoo.fr",,,,,,,,,,,,,,"PL_MEDIUM",1,,,
"BEYAERT SMEE HERVE",1,2,0,"auto","empty",,,"8 Bis ROUTE SPREY",59284,"PITGAM",59,"FR",328621823,,,"fermebeyaert@orange.fr",,,,,,,,,,,,,,"PL_MEDIUM",1,,,
"PLANCKE BERNARD",1,2,0,"auto","empty",,,"2 ROUTE CYGNE",59285,"ARNEKE",59,"FR",680654855,,,"oplancke@nordnet.fr",,,,,,,,,,,,,,"PL_MEDIUM",1,,,
"FIGOUREUX ANDRE",1,2,0,"auto","empty",,,"236 ROUTE HELLE",59380,"WEST CAPPEL",59,"FR",618553153,,,"figoureuxa@yahoo.fr",,,,,,,,,,,,,,"PL_MEDIUM",1,,,
